apt_id,project,neighbourhood,cohort_month,apt_status,is_registered,is_subscriber,is_recurring,is_ondemand
15,Azrieli TLV,Unknown,2023-05,CHURN,false,false,false,false
8,Azrieli TLV,Unknown,2023-05,CHURN,false,false,false,false
4,Azrieli TLV,Unknown,2023-05,CHURN,false,false,false,false
34,Azrieli TLV,Unknown,2023-05,TRIAL,false,false,false,false
36,Azrieli TLV,Unknown,2023-05,CHURN,false,false,false,false
37,Azrieli TLV,Unknown,2023-05,COLD_LEAD,false,false,false,false
33,Azrieli TLV,Unknown,2023-05,COLD_LEAD,false,false,false,false
9,Azrieli TLV,Unknown,2023-05,COLD_LEAD,false,false,false,false
21,Azrieli TLV,Unknown,2023-05,CHURN,false,false,false,false
5,Azrieli TLV,Unknown,2023-05,CHURN,false,false,false,false
18,Azrieli TLV,Unknown,2023-05,TRIAL,false,false,false,false
14,Azrieli TLV,Unknown,2023-05,CHURN,false,false,false,false
10,Azrieli TLV,Unknown,2023-05,CHURN,false,false,false,false
35,Azrieli TLV,Unknown,2023-05,CHURN,false,false,false,false
17,Azrieli TLV,Unknown,2023-05,CHURN,false,false,false,false
11,Azrieli TLV,Unknown,2023-05,TRIAL,false,false,false,false
22,Azrieli TLV,Unknown,2023-05,ON_DEMAND_SUBSCRIPTION,true,true,false,true
12,Azrieli TLV,Unknown,2023-05,CHURN,false,false,false,false
19,Azrieli TLV,Unknown,2023-05,CHURN,false,false,false,false
30,Azrieli TLV,Unknown,2023-06,TRIAL,false,false,false,false
24,Azrieli TLV,Unknown,2023-06,CHURN,false,false,false,false
47,Azrieli TLV,Unknown,2023-06,TRIAL,false,false,false,false
16,Azrieli TLV,Unknown,2023-06,CHURN,true,false,false,false
28,Azrieli TLV,Unknown,2023-06,TRIAL,false,false,false,false
23,Azrieli TLV,Unknown,2023-06,CHURN,false,false,false,false
27,Azrieli TLV,Unknown,2023-06,TRIAL,false,false,false,false
48,Azrieli TLV,Unknown,2023-06,CHURN,false,false,false,false
26,Azrieli TLV,Unknown,2023-06,TRIAL,false,false,false,false
25,Azrieli TLV,Unknown,2023-06,CHURN,false,false,false,false
29,Azrieli TLV,Unknown,2023-06,TRIAL,false,false,false,false
46,Azrieli TLV,Unknown,2023-06,TRIAL,false,false,false,false
67,Gindi 1,Unknown,2023-06,CHURN,false,false,false,false
61,Gindi 1,Unknown,2023-06,COLD_LEAD,false,false,false,false
63,Gindi 1,Unknown,2023-06,FROZEN,false,false,false,false
66,Gindi 1,Unknown,2023-06,CHURN,true,false,false,false
74,Gindi 1,Unknown,2023-06,ON_DEMAND_SUBSCRIPTION,false,true,false,true
74,Gindi 1,Unknown,2023-06,ON_DEMAND_SUBSCRIPTION,false,true,false,true
73,Gindi 1,Unknown,2023-06,CHURN,false,false,false,false
70,Gindi 1,Unknown,2023-06,COLD_LEAD,false,false,false,false
69,Gindi 1,Unknown,2023-06,COLD_LEAD,false,false,false,false
78,Gindi 1,Unknown,2023-06,COLD_LEAD,false,false,false,false
76,Gindi 1,Unknown,2023-06,COLD_LEAD,false,false,false,false
68,Gindi 1,Unknown,2023-06,CHURN,false,false,false,false
65,Gindi 1,Unknown,2023-06,CHURN,false,false,false,false
77,Gindi 1,Unknown,2023-06,CHURN,false,false,false,false
75,Gindi 1,Unknown,2023-06,TRIAL,false,false,false,false
62,Gindi 1,Unknown,2023-06,CHURN,false,false,false,false
71,Gindi 1,Unknown,2023-06,CHURN,false,false,false,false
72,Gindi 1,Unknown,2023-06,CHURN,false,false,false,false
95,100 House,Hoboken Polygon,2023-07,ON_DEMAND_SUBSCRIPTION,true,true,false,true
99,100 House,Hoboken Polygon,2023-07,ON_DEMAND_SUBSCRIPTION,true,true,false,true
104,100 House,Hoboken Polygon,2023-07,FREEMIUM,false,false,false,false
100,100 House,Hoboken Polygon,2023-07,CHURN,true,false,false,false
97,100 House,Hoboken Polygon,2023-07,FREEMIUM,false,false,false,false
750,100 House,Hoboken Polygon,2023-07,CHURN,true,false,false,false
135,100 House,Hoboken Polygon,2023-07,FREEMIUM,true,false,false,false
131,100 House,Hoboken Polygon,2023-07,FREEMIUM,false,false,false,false
105,100 House,Hoboken Polygon,2023-07,FREEMIUM,false,false,false,false
106,100 House,Hoboken Polygon,2023-07,FREEMIUM,false,false,false,false
107,100 House,Hoboken Polygon,2023-07,FREEMIUM,false,false,false,false
108,100 House,Hoboken Polygon,2023-07,FREEMIUM,false,false,false,false
109,100 House,Hoboken Polygon,2023-07,FREEMIUM,false,false,false,false
98,100 House,Hoboken Polygon,2023-07,FREEMIUM,true,false,false,false
114,100 House,Hoboken Polygon,2023-07,CHURN,true,false,false,false
132,829 Garfield,Floating Jersey,2023-07,COLD_LEAD,false,false,false,false
116,Azrieli TLV,Unknown,2023-07,CHURN,false,false,false,false
122,Azrieli TLV,Unknown,2023-07,ON_DEMAND_SUBSCRIPTION,false,true,false,true
133,Azrieli TLV,Unknown,2023-07,CHURN,false,false,false,false
96,Azrieli TLV,Unknown,2023-07,CHURN,false,false,false,false
83,Gindi 1,Unknown,2023-07,COLD_LEAD,false,false,false,false
73,Gindi 1,Unknown,2023-07,CHURN,false,false,false,false
88,Gindi 1,Unknown,2023-07,CHURN,false,false,false,false
75,Gindi 1,Unknown,2023-07,TRIAL,false,false,false,false
65,Gindi 1,Unknown,2023-07,CHURN,false,false,false,false
124,Gindi 1,Unknown,2023-07,CHURN,false,false,false,false
81,Gindi 1,Unknown,2023-07,CHURN,false,false,false,false
86,Gindi 1,Unknown,2023-07,COLD_LEAD,false,false,false,false
84,Gindi 1,Unknown,2023-07,CHURN,false,false,false,false
66,Gindi 1,Unknown,2023-07,CHURN,true,false,false,false
86,Gindi 1,Unknown,2023-07,COLD_LEAD,false,false,false,false
90,Gindi 1,Unknown,2023-07,TRIAL,false,false,false,false
127,Gindi 1,Unknown,2023-07,CHURN,false,false,false,false
91,Gindi 1,Unknown,2023-07,CHURN,false,false,false,false
88,Gindi 1,Unknown,2023-07,CHURN,false,false,false,false
80,Gindi 1,Unknown,2023-07,CHURN,false,false,false,false
115,Gindi 1,Unknown,2023-07,CHURN,false,false,false,false
89,Gindi 1,Unknown,2023-07,TRIAL,false,false,false,false
93,Gindi 1,Unknown,2023-07,CHURN,false,false,false,false
93,Gindi 1,Unknown,2023-07,CHURN,false,false,false,false
87,Gindi 1,Unknown,2023-07,FROZEN,false,false,false,false
92,Gindi 1,Unknown,2023-07,CHURN,false,false,false,false
86,Gindi 1,Unknown,2023-07,COLD_LEAD,false,false,false,false
88,Gindi 1,Unknown,2023-07,CHURN,false,false,false,false
85,Gindi 1,Unknown,2023-07,TRIAL,false,false,false,false
82,Gindi 1,Unknown,2023-07,ON_DEMAND_SUBSCRIPTION,false,true,false,true
130,Gindi 1,Unknown,2023-07,CHURN,false,false,false,false
79,Gindi 1,Unknown,2023-07,CHURN,false,false,false,false
81,Gindi 1,Unknown,2023-07,CHURN,false,false,false,false
93,Gindi 1,Unknown,2023-07,CHURN,false,false,false,false
75,Gindi 1,Unknown,2023-07,TRIAL,false,false,false,false
125,Gindi 1,Unknown,2023-07,TRIAL,true,false,false,false
88,Gindi 1,Unknown,2023-07,CHURN,false,false,false,false
126,Gindi 1,Unknown,2023-07,TRIAL,false,false,false,false
128,Gindi 1,Unknown,2023-07,ON_DEMAND_SUBSCRIPTION,false,true,false,true
129,Gindi 1,Unknown,2023-07,COLD_LEAD,false,false,false,false
134,Gindi 1,Unknown,2023-07,COLD_LEAD,false,false,false,false
136,Gindi 1,Unknown,2023-07,ON_DEMAND_SUBSCRIPTION,false,true,false,true
137,Gindi 1,Unknown,2023-07,COLD_LEAD,false,false,false,false
137,Gindi 1,Unknown,2023-07,COLD_LEAD,false,false,false,false
84,Gindi 1,Unknown,2023-07,CHURN,false,false,false,false
71,Gindi 1,Unknown,2023-07,CHURN,false,false,false,false
141,100 House,Hoboken Polygon,2023-08,FREEMIUM,false,false,false,false
237,100 House,Hoboken Polygon,2023-08,ON_DEMAND_SUBSCRIPTION,false,true,false,true
161,100 House,Hoboken Polygon,2023-08,FREEMIUM,false,false,false,false
195,100 House,Hoboken Polygon,2023-08,FREEMIUM,true,false,false,false
154,100 House,Hoboken Polygon,2023-08,FREEMIUM,false,false,false,false
142,100 House,Hoboken Polygon,2023-08,ON_DEMAND_SUBSCRIPTION,true,true,false,true
219,100 House,Hoboken Polygon,2023-08,FREEMIUM,false,false,false,false
140,100 House,Hoboken Polygon,2023-08,FREEMIUM,true,false,false,false
213,100 House,Hoboken Polygon,2023-08,CHURN,false,false,false,false
157,100 House,Hoboken Polygon,2023-08,FREEMIUM,false,false,false,false
160,100 House,Hoboken Polygon,2023-08,FREEMIUM,false,false,false,false
162,100 House,Hoboken Polygon,2023-08,FREEMIUM,false,false,false,false
190,Azrieli TLV,Unknown,2023-08,CHURN,false,false,false,false
248,Azrieli TLV,Unknown,2023-08,ON_DEMAND_SUBSCRIPTION,false,true,false,true
199,Gindi 1,Unknown,2023-08,TRIAL,false,false,false,false
235,Gindi 1,Unknown,2023-08,TRIAL,false,false,false,false
249,Gindi 1,Unknown,2023-08,COLD_LEAD,false,false,false,false
138,Gindi 1,Unknown,2023-08,ON_DEMAND_SUBSCRIPTION,false,true,false,true
212,Gindi 1,Unknown,2023-08,TRIAL,true,false,false,false
138,Gindi 1,Unknown,2023-08,ON_DEMAND_SUBSCRIPTION,false,true,false,true
214,Gindi 1,Unknown,2023-08,TRIAL,false,false,false,false
220,Gindi 1,Unknown,2023-08,COLD_LEAD,false,false,false,false
199,Gindi 1,Unknown,2023-08,TRIAL,false,false,false,false
200,Gindi 1,Unknown,2023-08,COLD_LEAD,false,false,false,false
62,Gindi 1,Unknown,2023-08,CHURN,false,false,false,false
201,Gindi 1,Unknown,2023-08,CHURN,false,false,false,false
75,Gindi 1,Unknown,2023-08,TRIAL,false,false,false,false
233,Gindi 1,Unknown,2023-08,CHURN,false,false,false,false
254,Gindi 1,Unknown,2023-08,CHURN,false,false,false,false
246,Gindi 1,Unknown,2023-08,CHURN,false,false,false,false
257,Gindi 1,Unknown,2023-08,COLD_LEAD,false,false,false,false
137,Gindi 1,Unknown,2023-08,COLD_LEAD,false,false,false,false
250,Gindi 1,Unknown,2023-08,COLD_LEAD,false,false,false,false
186,Gindi 2,Unknown,2023-08,TRIAL,false,false,false,false
171,Gindi 2,Unknown,2023-08,TRIAL,false,false,false,false
209,Gindi 2,Unknown,2023-08,ON_DEMAND_SUBSCRIPTION,true,true,false,true
189,Gindi 2,Unknown,2023-08,CHURN,false,false,false,false
217,Gindi 2,Unknown,2023-08,CHURN,false,false,false,false
165,Gindi 2,Unknown,2023-08,COLD_LEAD,false,false,false,false
166,Gindi 2,Unknown,2023-08,TRIAL,false,false,false,false
227,Gindi 2,Unknown,2023-08,TRIAL,false,false,false,false
143,Gindi 2,Unknown,2023-08,CHURN,false,false,false,false
164,Gindi 2,Unknown,2023-08,CHURN,false,false,false,false
172,Gindi 2,Unknown,2023-08,CHURN,true,false,false,false
144,Gindi 2,Unknown,2023-08,COLD_LEAD,false,false,false,false
175,Gindi 2,Unknown,2023-08,COLD_LEAD,true,false,false,false
177,Gindi 2,Unknown,2023-08,COLD_LEAD,false,false,false,false
178,Gindi 2,Unknown,2023-08,LEAD,false,false,false,false
180,Gindi 2,Unknown,2023-08,COLD_LEAD,false,false,false,false
185,Gindi 2,Unknown,2023-08,CHURN,false,false,false,false
188,Gindi 2,Unknown,2023-08,COLD_LEAD,false,false,false,false
192,Gindi 2,Unknown,2023-08,COLD_LEAD,false,false,false,false
192,Gindi 2,Unknown,2023-08,COLD_LEAD,false,false,false,false
180,Gindi 2,Unknown,2023-08,COLD_LEAD,false,false,false,false
197,Gindi 2,Unknown,2023-08,COLD_LEAD,false,false,false,false
193,Gindi 2,Unknown,2023-08,COLD_LEAD,true,false,false,false
187,Gindi 2,Unknown,2023-08,TRIAL,false,false,false,false
177,Gindi 2,Unknown,2023-08,COLD_LEAD,false,false,false,false
170,Gindi 2,Unknown,2023-08,CHURN,false,false,false,false
192,Gindi 2,Unknown,2023-08,COLD_LEAD,false,false,false,false
185,Gindi 2,Unknown,2023-08,CHURN,false,false,false,false
180,Gindi 2,Unknown,2023-08,COLD_LEAD,false,false,false,false
202,Gindi 2,Unknown,2023-08,COLD_LEAD,false,false,false,false
202,Gindi 2,Unknown,2023-08,COLD_LEAD,false,false,false,false
203,Gindi 2,Unknown,2023-08,COLD_LEAD,false,false,false,false
205,Gindi 2,Unknown,2023-08,COLD_LEAD,false,false,false,false
208,Gindi 2,Unknown,2023-08,CHURN,false,false,false,false
223,Gindi 2,Unknown,2023-08,ON_DEMAND_SUBSCRIPTION,false,true,false,true
210,Gindi 2,Unknown,2023-08,COLD_LEAD,false,false,false,false
181,Gindi 2,Unknown,2023-08,CHURN,true,false,false,false
215,Gindi 2,Unknown,2023-08,COLD_LEAD,false,false,false,false
208,Gindi 2,Unknown,2023-08,CHURN,false,false,false,false
207,Gindi 2,Unknown,2023-08,CHURN,false,false,false,false
216,Gindi 2,Unknown,2023-08,COLD_LEAD,false,false,false,false
222,Gindi 2,Unknown,2023-08,COLD_LEAD,true,false,false,false
173,Gindi 2,Unknown,2023-08,ON_DEMAND_SUBSCRIPTION,true,true,false,true
143,Gindi 2,Unknown,2023-08,CHURN,false,false,false,false
169,Gindi 2,Unknown,2023-08,CHURN,false,false,false,false
167,Gindi 2,Unknown,2023-08,CHURN,false,false,false,false
247,Gindi 2,Unknown,2023-08,COLD_LEAD,false,false,false,false
204,Gindi 2,Unknown,2023-08,TRIAL,false,false,false,false
251,Gindi 2,Unknown,2023-08,COLD_LEAD,false,false,false,false
179,Gindi 2,Unknown,2023-08,COLD_LEAD,false,false,false,false
206,Gindi 2,Unknown,2023-08,CHURN,false,false,false,false
218,Gindi 2,Unknown,2023-08,CHURN,false,false,false,false
209,Gindi 2,Unknown,2023-08,ON_DEMAND_SUBSCRIPTION,true,true,false,true
181,Gindi 2,Unknown,2023-08,CHURN,true,false,false,false
171,Gindi 2,Unknown,2023-08,TRIAL,false,false,false,false
196,Gindi 2,Unknown,2023-08,ON_DEMAND_SUBSCRIPTION,true,true,false,true
153,Gindi 2,Unknown,2023-08,COLD_LEAD,false,false,false,false
167,Gindi 2,Unknown,2023-08,CHURN,false,false,false,false
164,Gindi 2,Unknown,2023-08,CHURN,false,false,false,false
179,Gindi 2,Unknown,2023-08,COLD_LEAD,false,false,false,false
168,Gindi 2,Unknown,2023-08,ON_DEMAND_SUBSCRIPTION,false,true,false,true
168,Gindi 2,Unknown,2023-08,ON_DEMAND_SUBSCRIPTION,false,true,false,true
255,Gindi 3,Unknown,2023-08,TRIAL,false,false,false,false
239,Gindi 3,Unknown,2023-08,CHURN,false,false,false,false
226,Gindi 3,Unknown,2023-08,COLD_LEAD,false,false,false,false
241,Gindi 3,Unknown,2023-08,COLD_LEAD,true,false,false,false
245,Gindi 3,Unknown,2023-08,COLD_LEAD,false,false,false,false
244,Gindi 3,Unknown,2023-08,COLD_LEAD,false,false,false,false
231,Gindi 3,Unknown,2023-08,CHURN,false,false,false,false
240,Gindi 3,Unknown,2023-08,COLD_LEAD,false,false,false,false
229,Gindi 3,Unknown,2023-08,COLD_LEAD,false,false,false,false
236,Gindi 3,Unknown,2023-08,TRIAL,false,false,false,false
238,Gindi 3,Unknown,2023-08,COLD_LEAD,false,false,false,false
234,Gindi 3,Unknown,2023-08,TRIAL,true,false,false,false
231,Gindi 3,Unknown,2023-08,CHURN,false,false,false,false
256,Gindi 3,Unknown,2023-08,COLD_LEAD,false,false,false,false
229,Gindi 3,Unknown,2023-08,COLD_LEAD,false,false,false,false
229,Gindi 3,Unknown,2023-08,COLD_LEAD,false,false,false,false
242,Gindi 3,Unknown,2023-08,COLD_LEAD,false,false,false,false
230,Gindi 3,Unknown,2023-08,ON_DEMAND_SUBSCRIPTION,false,true,false,true
228,Gindi 3,Unknown,2023-08,COLD_LEAD,false,false,false,false
253,Gindi 3,Unknown,2023-08,CHURN,false,false,false,false
240,Gindi 3,Unknown,2023-08,COLD_LEAD,false,false,false,false
232,Gindi 3,Unknown,2023-08,COLD_LEAD,false,false,false,false
252,Gindi 3,Unknown,2023-08,COLD_LEAD,false,false,false,false
256,Gindi 3,Unknown,2023-08,COLD_LEAD,false,false,false,false
211,Gindi 4,Unknown,2023-08,CHURN,true,false,false,false
191,Gindi 4,Unknown,2023-08,CHURN,false,false,false,false
211,Gindi 4,Unknown,2023-08,CHURN,true,false,false,false
145,One Ten,Hoboken Polygon,2023-08,FREEMIUM,false,false,false,false
156,One Ten,Hoboken Polygon,2023-08,FREEMIUM,false,false,false,false
183,One Ten,Hoboken Polygon,2023-08,FREEMIUM,false,false,false,false
158,One Ten,Hoboken Polygon,2023-08,FREEMIUM,false,false,false,false
152,One Ten,Hoboken Polygon,2023-08,FREEMIUM,false,false,false,false
151,One Ten,Hoboken Polygon,2023-08,FREEMIUM,false,false,false,false
150,One Ten,Hoboken Polygon,2023-08,FREEMIUM,false,false,false,false
198,One Ten,Hoboken Polygon,2023-08,FREEMIUM,false,false,false,false
176,One Ten,Hoboken Polygon,2023-08,FREEMIUM,false,false,false,false
163,One Ten,Hoboken Polygon,2023-08,FREEMIUM,false,false,false,false
221,One Ten,Hoboken Polygon,2023-08,RECURRING_SUBSCRIPTION,false,true,true,false
146,One Ten,Hoboken Polygon,2023-08,FREEMIUM,false,false,false,false
149,One Ten,Hoboken Polygon,2023-08,FREEMIUM,true,false,false,false
184,One Ten,Hoboken Polygon,2023-08,FREEMIUM,false,false,false,false
148,One Ten,Hoboken Polygon,2023-08,FREEMIUM,false,false,false,false
147,One Ten,Hoboken Polygon,2023-08,FREEMIUM,false,false,false,false
182,One Ten,Hoboken Polygon,2023-08,FREEMIUM,false,false,false,false
174,One Ten,Hoboken Polygon,2023-08,RECURRING_SUBSCRIPTION,false,true,true,false
159,One Ten,Hoboken Polygon,2023-08,FREEMIUM,false,false,false,false
243,One Ten,Hoboken Polygon,2023-08,CHURN,true,false,false,false
155,The Enclave,Hoboken Polygon,2023-08,CHURN,false,false,false,false
270,100 House,Hoboken Polygon,2023-09,FREEMIUM,true,false,false,false
341,100 House,Hoboken Polygon,2023-09,CHURN,true,false,false,false
307,100 House,Hoboken Polygon,2023-09,FREEMIUM,true,false,false,false
337,100 House,Hoboken Polygon,2023-09,FREEMIUM,true,false,false,false
269,100 House,Hoboken Polygon,2023-09,FREEMIUM,true,false,false,false
317,829 Garfield,Floating Jersey,2023-09,CHURN,true,false,false,false
322,829 Garfield,Floating Jersey,2023-09,COLD_LEAD,true,false,false,false
318,829 Garfield,Floating Jersey,2023-09,CHURN,true,false,false,false
342,829 Garfield,Floating Jersey,2023-09,TRIAL,true,false,false,false
293,829 Garfield,Floating Jersey,2023-09,CHURN,true,false,false,false
296,829 Garfield,Floating Jersey,2023-09,COLD_LEAD,true,false,false,false
336,829 Garfield,Floating Jersey,2023-09,CHURN,true,false,false,false
291,829 Garfield,Floating Jersey,2023-09,COLD_LEAD,true,false,false,false
300,829 Garfield,Floating Jersey,2023-09,CHURN,true,false,false,false
319,829 Garfield,Floating Jersey,2023-09,CHURN,true,false,false,false
301,829 Garfield,Floating Jersey,2023-09,COLD_LEAD,true,false,false,false
316,Azrieli TLV,Unknown,2023-09,CHURN,true,false,false,false
288,Azrieli TLV,Unknown,2023-09,FROZEN,true,false,false,false
321,Azrieli TLV,Unknown,2023-09,ON_DEMAND_SUBSCRIPTION,true,true,false,true
297,Azrieli TLV,Unknown,2023-09,TRIAL,true,false,false,false
315,Azrieli TLV,Unknown,2023-09,CHURN,true,false,false,false
295,Azrieli TLV,Unknown,2023-09,CHURN,true,false,false,false
330,Gindi 1,Unknown,2023-09,CHURN,true,false,false,false
326,Gindi 1,Unknown,2023-09,TRIAL,true,false,false,false
129,Gindi 1,Unknown,2023-09,COLD_LEAD,false,false,false,false
330,Gindi 1,Unknown,2023-09,CHURN,true,false,false,false
85,Gindi 1,Unknown,2023-09,TRIAL,false,false,false,false
324,Gindi 1,Unknown,2023-09,CHURN,true,false,false,false
246,Gindi 1,Unknown,2023-09,CHURN,false,false,false,false
260,Gindi 1,Unknown,2023-09,CHURN,false,false,false,false
298,Gindi 1,Unknown,2023-09,COLD_LEAD,true,false,false,false
278,Gindi 1,Unknown,2023-09,COLD_LEAD,false,false,false,false
258,Gindi 1,Unknown,2023-09,COLD_LEAD,false,false,false,false
283,Gindi 1,Unknown,2023-09,CHURN,true,false,false,false
282,Gindi 2,Unknown,2023-09,TRIAL,true,false,false,false
206,Gindi 2,Unknown,2023-09,CHURN,false,false,false,false
280,Gindi 2,Unknown,2023-09,CHURN,true,false,false,false
167,Gindi 2,Unknown,2023-09,CHURN,false,false,false,false
276,Gindi 2,Unknown,2023-09,CHURN,true,false,false,false
333,Gindi 2,Unknown,2023-09,COLD_LEAD,true,false,false,false
325,Gindi 2,Unknown,2023-09,ON_DEMAND_SUBSCRIPTION,true,true,false,true
325,Gindi 2,Unknown,2023-09,ON_DEMAND_SUBSCRIPTION,true,true,false,true
169,Gindi 2,Unknown,2023-09,CHURN,false,false,false,false
280,Gindi 2,Unknown,2023-09,CHURN,true,false,false,false
169,Gindi 2,Unknown,2023-09,CHURN,false,false,false,false
328,Gindi 3,Unknown,2023-09,CHURN,true,false,false,false
274,Gindi 3,Unknown,2023-09,COLD_LEAD,true,false,false,false
334,Gindi 3,Unknown,2023-09,CHURN,true,false,false,false
279,Gindi 3,Unknown,2023-09,TRIAL,true,false,false,false
279,Gindi 3,Unknown,2023-09,TRIAL,true,false,false,false
299,Gindi 3,Unknown,2023-09,ON_DEMAND_SUBSCRIPTION,true,true,false,true
275,Gindi 3,Unknown,2023-09,ON_DEMAND_SUBSCRIPTION,true,true,false,true
334,Gindi 3,Unknown,2023-09,CHURN,true,false,false,false
339,Gindi 3,Unknown,2023-09,CHURN,true,false,false,false
252,Gindi 3,Unknown,2023-09,COLD_LEAD,false,false,false,false
294,Gindi 3,Unknown,2023-09,CHURN,true,false,false,false
339,Gindi 3,Unknown,2023-09,CHURN,true,false,false,false
292,Gindi 3,Unknown,2023-09,ON_DEMAND_SUBSCRIPTION,true,true,false,true
335,Gindi 3,Unknown,2023-09,ON_DEMAND_SUBSCRIPTION,true,true,false,true
284,Gindi 3,Unknown,2023-09,CHURN,true,false,false,false
329,Gindi 3,Unknown,2023-09,CHURN,true,false,false,false
275,Gindi 3,Unknown,2023-09,ON_DEMAND_SUBSCRIPTION,true,true,false,true
327,Gindi 3,Unknown,2023-09,CHURN,true,false,false,false
329,Gindi 3,Unknown,2023-09,CHURN,true,false,false,false
338,Gindi 3,Unknown,2023-09,COLD_LEAD,true,false,false,false
339,Gindi 3,Unknown,2023-09,CHURN,true,false,false,false
340,Gindi 3,Unknown,2023-09,CHURN,true,false,false,false
340,Gindi 3,Unknown,2023-09,CHURN,true,false,false,false
284,Gindi 3,Unknown,2023-09,CHURN,true,false,false,false
338,Gindi 3,Unknown,2023-09,COLD_LEAD,true,false,false,false
277,Gindi 3,Unknown,2023-09,TRIAL,true,false,false,false
281,Gindi 3,Unknown,2023-09,TRIAL,true,false,false,false
281,Gindi 3,Unknown,2023-09,TRIAL,true,false,false,false
292,Gindi 3,Unknown,2023-09,ON_DEMAND_SUBSCRIPTION,true,true,false,true
303,Gindi 3,Unknown,2023-09,CHURN,true,false,false,false
272,Gindi 3,Unknown,2023-09,CHURN,true,false,false,false
259,One Ten,Hoboken Polygon,2023-09,FREEMIUM,false,false,false,false
302,One Ten,Hoboken Polygon,2023-09,FREEMIUM,true,false,false,false
290,One Ten,Hoboken Polygon,2023-09,FREEMIUM,true,false,false,false
305,One Ten,Hoboken Polygon,2023-09,CHURN,true,false,false,false
313,One Ten,Hoboken Polygon,2023-09,FREEMIUM,true,false,false,false
306,One Ten,Hoboken Polygon,2023-09,ON_DEMAND_SUBSCRIPTION,true,true,false,true
312,One Ten,Hoboken Polygon,2023-09,FREEMIUM,true,false,false,false
343,One Ten,Hoboken Polygon,2023-09,CHURN,true,false,false,false
311,One Ten,Hoboken Polygon,2023-09,FREEMIUM,true,false,false,false
304,One Ten,Hoboken Polygon,2023-09,FREEMIUM,true,false,false,false
309,One Ten,Hoboken Polygon,2023-09,FREEMIUM,true,false,false,false
308,One Ten,Hoboken Polygon,2023-09,CHURN,true,false,false,false
323,One Ten,Hoboken Polygon,2023-09,FREEMIUM,true,false,false,false
287,One Ten,Hoboken Polygon,2023-09,FREEMIUM,true,false,false,false
314,The Enclave,Hoboken Polygon,2023-09,RECURRING_SUBSCRIPTION,true,true,true,false
310,The Enclave,Hoboken Polygon,2023-09,CHURN,true,false,false,false
268,The Enclave,Hoboken Polygon,2023-09,FREEMIUM,true,false,false,false
273,The Enclave,Hoboken Polygon,2023-09,FREEMIUM,true,false,false,false
370,100 House,Hoboken Polygon,2023-10,FREEMIUM,true,false,false,false
384,100 House,Hoboken Polygon,2023-10,CHURN,true,false,false,false
353,829 Garfield,Floating Jersey,2023-10,CHURN,true,false,false,false
364,829 Garfield,Floating Jersey,2023-10,TRIAL,true,false,false,false
356,829 Garfield,Floating Jersey,2023-10,TRIAL,true,false,false,false
85,Gindi 1,Unknown,2023-10,TRIAL,false,false,false,false
344,Gindi 1,Unknown,2023-10,TRIAL,true,false,false,false
74,Gindi 1,Unknown,2023-10,ON_DEMAND_SUBSCRIPTION,false,true,false,true
382,Gindi 1,Unknown,2023-10,ON_DEMAND_SUBSCRIPTION,true,true,false,true
324,Gindi 1,Unknown,2023-10,CHURN,true,false,false,false
345,Gindi 1,Unknown,2023-10,CHURN,true,false,false,false
381,Gindi 1,Unknown,2023-10,CHURN,true,false,false,false
381,Gindi 1,Unknown,2023-10,CHURN,true,false,false,false
344,Gindi 1,Unknown,2023-10,TRIAL,true,false,false,false
71,Gindi 1,Unknown,2023-10,CHURN,false,false,false,false
130,Gindi 1,Unknown,2023-10,CHURN,false,false,false,false
357,Gindi 1,Unknown,2023-10,ON_DEMAND_SUBSCRIPTION,true,true,false,true
357,Gindi 1,Unknown,2023-10,ON_DEMAND_SUBSCRIPTION,true,true,false,true
138,Gindi 1,Unknown,2023-10,ON_DEMAND_SUBSCRIPTION,false,true,false,true
361,Gindi 1,Unknown,2023-10,CHURN,true,false,false,false
298,Gindi 1,Unknown,2023-10,COLD_LEAD,true,false,false,false
70,Gindi 1,Unknown,2023-10,COLD_LEAD,false,false,false,false
374,Gindi 1,Unknown,2023-10,CHURN,true,false,false,false
345,Gindi 1,Unknown,2023-10,CHURN,true,false,false,false
250,Gindi 1,Unknown,2023-10,COLD_LEAD,false,false,false,false
189,Gindi 2,Unknown,2023-10,CHURN,false,false,false,false
333,Gindi 2,Unknown,2023-10,COLD_LEAD,true,false,false,false
366,Gindi 2,Unknown,2023-10,TRIAL,true,false,false,false
333,Gindi 2,Unknown,2023-10,COLD_LEAD,true,false,false,false
369,Gindi 2,Unknown,2023-10,TRIAL,true,false,false,false
355,Gindi 2,Unknown,2023-10,ON_DEMAND_SUBSCRIPTION,true,true,false,true
346,Gindi 2,Unknown,2023-10,ON_DEMAND_SUBSCRIPTION,true,true,false,true
365,Gindi 3,Unknown,2023-10,CHURN,true,false,false,false
335,Gindi 3,Unknown,2023-10,ON_DEMAND_SUBSCRIPTION,true,true,false,true
328,Gindi 3,Unknown,2023-10,CHURN,true,false,false,false
226,Gindi 3,Unknown,2023-10,COLD_LEAD,false,false,false,false
284,Gindi 3,Unknown,2023-10,CHURN,true,false,false,false
245,Gindi 3,Unknown,2023-10,COLD_LEAD,false,false,false,false
256,Gindi 3,Unknown,2023-10,COLD_LEAD,false,false,false,false
349,Gindi 3,Unknown,2023-10,ON_DEMAND_SUBSCRIPTION,true,true,false,true
368,Gindi 3,Unknown,2023-10,ON_DEMAND_SUBSCRIPTION,true,true,false,true
229,Gindi 3,Unknown,2023-10,COLD_LEAD,false,false,false,false
338,Gindi 3,Unknown,2023-10,COLD_LEAD,true,false,false,false
359,One Ten,Hoboken Polygon,2023-10,FREEMIUM,true,false,false,false
350,One Ten,Hoboken Polygon,2023-10,ON_DEMAND_SUBSCRIPTION,true,true,false,true
354,One Ten,Hoboken Polygon,2023-10,FREEMIUM,true,false,false,false
363,One Ten,Hoboken Polygon,2023-10,FREEMIUM,true,false,false,false
373,One Ten,Hoboken Polygon,2023-10,FREEMIUM,true,false,false,false
377,One Ten,Hoboken Polygon,2023-10,FREEMIUM,true,false,false,false
352,One Ten,Hoboken Polygon,2023-10,FREEMIUM,true,false,false,false
379,One Ten,Hoboken Polygon,2023-10,RECURRING_SUBSCRIPTION,true,true,true,false
347,The Enclave,Hoboken Polygon,2023-10,CHURN,true,false,false,false
372,The Enclave,Hoboken Polygon,2023-10,FREEMIUM,true,false,false,false
383,The Enclave,Hoboken Polygon,2023-10,CHURN,true,false,false,false
360,The Enclave,Hoboken Polygon,2023-10,FREEMIUM,true,false,false,false
358,The Enclave,Hoboken Polygon,2023-10,CHURN,true,false,false,false
380,The Enclave,Hoboken Polygon,2023-10,FREEMIUM,true,false,false,false
378,The Enclave,Hoboken Polygon,2023-10,CHURN,true,false,false,false
413,100 House,Hoboken Polygon,2023-11,FREEMIUM,true,false,false,false
389,829 Garfield,Floating Jersey,2023-11,CHURN,true,false,false,false
393,829 Garfield,Floating Jersey,2023-11,COLD_LEAD,true,false,false,false
416,Azrieli TLV,Unknown,2023-11,COLD_LEAD,true,false,false,false
381,Gindi 1,Unknown,2023-11,CHURN,true,false,false,false
386,Gindi 1,Unknown,2023-11,CHURN,true,false,false,false
235,Gindi 1,Unknown,2023-11,TRIAL,false,false,false,false
235,Gindi 1,Unknown,2023-11,TRIAL,false,false,false,false
83,Gindi 1,Unknown,2023-11,COLD_LEAD,false,false,false,false
390,Gindi 1,Unknown,2023-11,CHURN,true,false,false,false
417,Gindi 1,Unknown,2023-11,TRIAL,true,false,false,false
395,Gindi 1,Unknown,2023-11,CHURN,true,false,false,false
125,Gindi 1,Unknown,2023-11,TRIAL,true,false,false,false
420,Gindi 1,Unknown,2023-11,CHURN,true,false,false,false
417,Gindi 1,Unknown,2023-11,TRIAL,true,false,false,false
254,Gindi 1,Unknown,2023-11,CHURN,false,false,false,false
417,Gindi 1,Unknown,2023-11,TRIAL,true,false,false,false
61,Gindi 1,Unknown,2023-11,COLD_LEAD,false,false,false,false
417,Gindi 1,Unknown,2023-11,TRIAL,true,false,false,false
408,Gindi 2,Unknown,2023-11,COLD_LEAD,true,false,false,false
387,Gindi 2,Unknown,2023-11,CHURN,true,false,false,false
421,Gindi 2,Unknown,2023-11,TRIAL,true,false,false,false
333,Gindi 2,Unknown,2023-11,COLD_LEAD,true,false,false,false
419,Gindi 2,Unknown,2023-11,TRIAL,true,false,false,false
387,Gindi 2,Unknown,2023-11,CHURN,true,false,false,false
276,Gindi 2,Unknown,2023-11,CHURN,true,false,false,false
355,Gindi 2,Unknown,2023-11,ON_DEMAND_SUBSCRIPTION,true,true,false,true
388,Gindi 3,Unknown,2023-11,CHURN,true,false,false,false
299,Gindi 3,Unknown,2023-11,ON_DEMAND_SUBSCRIPTION,true,true,false,true
255,Gindi 3,Unknown,2023-11,TRIAL,false,false,false,false
396,Gindi 3,Unknown,2023-11,CHURN,true,false,false,false
418,Gindi 3,Unknown,2023-11,CHURN,true,false,false,false
327,Gindi 3,Unknown,2023-11,CHURN,true,false,false,false
8691,Gindi 3,Unknown,2023-11,LEAD,false,false,false,false
240,Gindi 3,Unknown,2023-11,COLD_LEAD,false,false,false,false
255,Gindi 3,Unknown,2023-11,TRIAL,false,false,false,false
239,Gindi 3,Unknown,2023-11,CHURN,false,false,false,false
394,Gindi 3,Unknown,2023-11,TRIAL,true,false,false,false
272,Gindi 3,Unknown,2023-11,CHURN,true,false,false,false
400,Gindi 3,Unknown,2023-11,TRIAL,true,false,false,false
398,One Ten,Hoboken Polygon,2023-11,FREEMIUM,true,false,false,false
385,One Ten,Hoboken Polygon,2023-11,FREEMIUM,true,false,false,false
397,One Ten,Hoboken Polygon,2023-11,RECURRING_SUBSCRIPTION,true,true,true,false
493,100 House,Hoboken Polygon,2023-12,FREEMIUM,true,false,false,false
472,100 House,Hoboken Polygon,2023-12,CHURN,true,false,false,false
491,829 Garfield,Floating Jersey,2023-12,WARM_LEAD,true,false,false,false
423,829 Garfield,Floating Jersey,2023-12,COLD_LEAD,true,false,false,false
456,Azrieli TLV,Unknown,2023-12,CHURN,true,false,false,false
501,Gindi 1,Unknown,2023-12,TRIAL,true,false,false,false
395,Gindi 1,Unknown,2023-12,CHURN,true,false,false,false
67,Gindi 1,Unknown,2023-12,CHURN,false,false,false,false
127,Gindi 1,Unknown,2023-12,CHURN,false,false,false,false
498,Gindi 1,Unknown,2023-12,CHURN,true,false,false,false
68,Gindi 1,Unknown,2023-12,CHURN,false,false,false,false
82,Gindi 1,Unknown,2023-12,ON_DEMAND_SUBSCRIPTION,false,true,false,true
502,Gindi 1,Unknown,2023-12,TRIAL,true,false,false,false
435,Gindi 2,Unknown,2023-12,ON_DEMAND_SUBSCRIPTION,true,true,false,true
421,Gindi 2,Unknown,2023-12,TRIAL,true,false,false,false
462,Gindi 2,Unknown,2023-12,LEAD,true,false,false,false
455,Gindi 2,Unknown,2023-12,CHURN,true,false,false,false
218,Gindi 2,Unknown,2023-12,CHURN,false,false,false,false
419,Gindi 2,Unknown,2023-12,TRIAL,true,false,false,false
419,Gindi 2,Unknown,2023-12,TRIAL,true,false,false,false
497,Gindi 3,Unknown,2023-12,COLD_LEAD,true,false,false,false
463,Gindi 3,Unknown,2023-12,CHURN,true,false,false,false
500,Gindi 3,Unknown,2023-12,TRIAL,true,false,false,false
459,Gindi 3,Unknown,2023-12,TRIAL,true,false,false,false
388,Gindi 3,Unknown,2023-12,CHURN,true,false,false,false
510,Gindi 3,Unknown,2023-12,COLD_LEAD,true,false,false,false
463,Gindi 3,Unknown,2023-12,CHURN,true,false,false,false
426,One Ten,Hoboken Polygon,2023-12,FREEMIUM,true,false,false,false
499,One Ten,Hoboken Polygon,2023-12,FREEMIUM,true,false,false,false
496,River Place,Hell's Kitchen Polygon,2023-12,RECURRING_SUBSCRIPTION,true,true,true,false
496,River Place,Hell's Kitchen Polygon,2023-12,RECURRING_SUBSCRIPTION,true,true,true,false
447,River Place,Hell's Kitchen Polygon,2023-12,CHURN,true,false,false,false
451,Silver Towers,Hell's Kitchen Polygon,2023-12,RECURRING_SUBSCRIPTION,true,true,true,false
445,Silver Towers,Hell's Kitchen Polygon,2023-12,RECURRING_SUBSCRIPTION,true,true,true,false
476,Silver Towers,Hell's Kitchen Polygon,2023-12,FREEMIUM,true,false,false,false
486,Silver Towers,Hell's Kitchen Polygon,2023-12,FROZEN,true,false,false,false
450,Silver Towers,Hell's Kitchen Polygon,2023-12,RECURRING_SUBSCRIPTION,true,true,true,false
480,Silver Towers,Hell's Kitchen Polygon,2023-12,ON_DEMAND_SUBSCRIPTION,true,true,false,true
485,Silver Towers,Hell's Kitchen Polygon,2023-12,CHURN,true,false,false,false
483,Silver Towers,Hell's Kitchen Polygon,2023-12,RECURRING_SUBSCRIPTION,true,true,true,false
446,Silver Towers,Hell's Kitchen Polygon,2023-12,FREEMIUM,true,false,false,false
492,Silver Towers,Hell's Kitchen Polygon,2023-12,RECURRING_SUBSCRIPTION,true,true,true,false
449,Silver Towers,Hell's Kitchen Polygon,2023-12,RECURRING_SUBSCRIPTION,true,true,true,false
434,Silver Towers,Hell's Kitchen Polygon,2023-12,ON_DEMAND_SUBSCRIPTION,true,true,false,true
490,Silver Towers,Hell's Kitchen Polygon,2023-12,CHURN,true,false,false,false
477,Silver Towers,Hell's Kitchen Polygon,2023-12,RECURRING_SUBSCRIPTION,true,true,true,false
440,Silver Towers,Hell's Kitchen Polygon,2023-12,RECURRING_SUBSCRIPTION,true,true,true,false
494,Silver Towers,Hell's Kitchen Polygon,2023-12,ON_DEMAND_SUBSCRIPTION,true,true,false,true
457,Silver Towers,Hell's Kitchen Polygon,2023-12,TRIAL,true,false,false,false
479,Silver Towers,Hell's Kitchen Polygon,2023-12,CHURN,true,false,false,false
429,Silver Towers,Hell's Kitchen Polygon,2023-12,RECURRING_SUBSCRIPTION,true,true,true,false
485,Silver Towers,Hell's Kitchen Polygon,2023-12,CHURN,true,false,false,false
489,Silver Towers,Hell's Kitchen Polygon,2023-12,CHURN,true,false,false,false
481,Silver Towers,Hell's Kitchen Polygon,2023-12,CHURN,true,false,false,false
439,Silver Towers,Hell's Kitchen Polygon,2023-12,ON_DEMAND_SUBSCRIPTION,true,true,false,true
452,Silver Towers,Hell's Kitchen Polygon,2023-12,CHURN,true,false,false,false
443,Silver Towers,Hell's Kitchen Polygon,2023-12,RECURRING_SUBSCRIPTION,true,true,true,false
454,Silver Towers,Hell's Kitchen Polygon,2023-12,FREEMIUM,true,false,false,false
458,Silver Towers,Hell's Kitchen Polygon,2023-12,TRIAL,true,false,false,false
428,Silver Towers,Hell's Kitchen Polygon,2023-12,ON_DEMAND_SUBSCRIPTION,true,true,false,true
430,Silver Towers,Hell's Kitchen Polygon,2023-12,TRIAL,true,false,false,false
431,Silver Towers,Hell's Kitchen Polygon,2023-12,CHURN,true,false,false,false
448,Silver Towers,Hell's Kitchen Polygon,2023-12,FREEMIUM,true,false,false,false
468,Silver Towers,Hell's Kitchen Polygon,2023-12,FREEMIUM,true,false,false,false
482,Silver Towers,Hell's Kitchen Polygon,2023-12,ON_DEMAND_SUBSCRIPTION,true,true,false,true
461,Silver Towers,Hell's Kitchen Polygon,2023-12,FREEMIUM,true,false,false,false
444,Silver Towers,Hell's Kitchen Polygon,2023-12,FREEMIUM,true,false,false,false
453,Silver Towers,Hell's Kitchen Polygon,2023-12,CHURN,true,false,false,false
466,Silver Towers,Hell's Kitchen Polygon,2023-12,RECURRING_SUBSCRIPTION,true,true,true,false
441,Silver Towers,Hell's Kitchen Polygon,2023-12,TRIAL,true,false,false,false
438,Silver Towers,Hell's Kitchen Polygon,2023-12,CHURN,true,false,false,false
432,Silver Towers,Hell's Kitchen Polygon,2023-12,FREEMIUM,true,false,false,false
442,Silver Towers,Hell's Kitchen Polygon,2023-12,TRIAL,true,false,false,false
487,Silver Towers,Hell's Kitchen Polygon,2023-12,FREEMIUM,true,false,false,false
478,Silver Towers,Hell's Kitchen Polygon,2023-12,CHURN,true,false,false,false
467,Silver Towers,Hell's Kitchen Polygon,2023-12,FREEMIUM,true,false,false,false
470,Silver Towers,Hell's Kitchen Polygon,2023-12,RECURRING_SUBSCRIPTION,true,true,true,false
471,Silver Towers,Hell's Kitchen Polygon,2023-12,ON_DEMAND_SUBSCRIPTION,true,true,false,true
484,Silver Towers,Hell's Kitchen Polygon,2023-12,CHURN,true,false,false,false
469,Silver Towers,Hell's Kitchen Polygon,2023-12,FREEMIUM,true,false,false,false
464,Silver Towers,Hell's Kitchen Polygon,2023-12,FREEMIUM,true,false,false,false
436,Silver Towers,Hell's Kitchen Polygon,2023-12,FREEMIUM,true,false,false,false
460,Silver Towers,Hell's Kitchen Polygon,2023-12,TRIAL,true,false,false,false
509,Silver Towers,Hell's Kitchen Polygon,2023-12,CHURN,true,false,false,false
437,Silver Towers,Hell's Kitchen Polygon,2023-12,FREEMIUM,true,false,false,false
465,Silver Towers,Hell's Kitchen Polygon,2023-12,ON_DEMAND_SUBSCRIPTION,true,true,false,true
511,Silver Towers,Hell's Kitchen Polygon,2023-12,TRIAL,true,false,false,false
488,Silver Towers,Hell's Kitchen Polygon,2023-12,CHURN,true,false,false,false
34,Azrieli TLV,Unknown,2024-01,TRIAL,false,false,false,false
548,Azrieli TLV,Unknown,2024-01,CHURN,true,false,false,false
30,Azrieli TLV,Unknown,2024-01,TRIAL,false,false,false,false
288,Azrieli TLV,Unknown,2024-01,FROZEN,true,false,false,false
19,Azrieli TLV,Unknown,2024-01,CHURN,false,false,false,false
565,Azrieli TLV,Unknown,2024-01,ON_DEMAND_SUBSCRIPTION,true,true,false,true
26,Azrieli TLV,Unknown,2024-01,TRIAL,false,false,false,false
29,Azrieli TLV,Unknown,2024-01,TRIAL,false,false,false,false
16,Azrieli TLV,Unknown,2024-01,CHURN,true,false,false,false
17,Azrieli TLV,Unknown,2024-01,CHURN,false,false,false,false
521,Azrieli TLV,Unknown,2024-01,CHURN,true,false,false,false
17,Azrieli TLV,Unknown,2024-01,CHURN,false,false,false,false
74,Gindi 1,Unknown,2024-01,ON_DEMAND_SUBSCRIPTION,false,true,false,true
89,Gindi 1,Unknown,2024-01,TRIAL,false,false,false,false
502,Gindi 1,Unknown,2024-01,TRIAL,true,false,false,false
520,Gindi 2,Unknown,2024-01,TRIAL,true,false,false,false
421,Gindi 2,Unknown,2024-01,TRIAL,true,false,false,false
539,Gindi 2,Unknown,2024-01,COLD_LEAD,false,false,false,false
520,Gindi 2,Unknown,2024-01,TRIAL,true,false,false,false
222,Gindi 2,Unknown,2024-01,COLD_LEAD,true,false,false,false
419,Gindi 2,Unknown,2024-01,TRIAL,true,false,false,false
210,Gindi 2,Unknown,2024-01,COLD_LEAD,false,false,false,false
601,Gindi 3,Unknown,2024-01,CHURN,true,false,false,false
340,Gindi 3,Unknown,2024-01,CHURN,true,false,false,false
599,Gindi 3,Unknown,2024-01,FROZEN,false,false,false,false
599,Gindi 3,Unknown,2024-01,FROZEN,false,false,false,false
522,Gindi 3,Unknown,2024-01,TRIAL,true,false,false,false
553,Gindi 3,Unknown,2024-01,CHURN,true,false,false,false
611,Gindi 3,Unknown,2024-01,TRIAL,true,false,false,false
546,Gindi 3,Unknown,2024-01,TRIAL,true,false,false,false
610,Gindi 3,Unknown,2024-01,ON_DEMAND_SUBSCRIPTION,true,true,false,true
517,Gindi 3,Unknown,2024-01,TRIAL,true,false,false,false
577,Gindi 3,Unknown,2024-01,COLD_LEAD,true,false,false,false
550,Gindi 3,Unknown,2024-01,CHURN,true,false,false,false
549,Gindi 4,Unknown,2024-01,CHURN,true,false,false,false
537,One Ten,Hoboken Polygon,2024-01,FREEMIUM,true,false,false,false
578,One Ten,Hoboken Polygon,2024-01,CHURN,true,false,false,false
588,River Place,Hell's Kitchen Polygon,2024-01,FREEMIUM,true,false,false,false
557,River Place,Hell's Kitchen Polygon,2024-01,TRIAL,false,false,false,false
586,River Place,Hell's Kitchen Polygon,2024-01,CHURN,true,false,false,false
543,River Place,Hell's Kitchen Polygon,2024-01,FREEMIUM,true,false,false,false
580,River Place,Hell's Kitchen Polygon,2024-01,TRIAL,true,false,false,false
557,River Place,Hell's Kitchen Polygon,2024-01,TRIAL,false,false,false,false
513,River Place,Hell's Kitchen Polygon,2024-01,FREEMIUM,true,false,false,false
559,River Place,Hell's Kitchen Polygon,2024-01,TRIAL,false,false,false,false
622,River Place,Hell's Kitchen Polygon,2024-01,TRIAL,true,false,false,false
592,River Place,Hell's Kitchen Polygon,2024-01,ON_DEMAND_SUBSCRIPTION,true,true,false,true
582,River Place,Hell's Kitchen Polygon,2024-01,FREEMIUM,true,false,false,false
593,River Place,Hell's Kitchen Polygon,2024-01,FREEMIUM,true,false,false,false
524,River Place,Hell's Kitchen Polygon,2024-01,TRIAL,true,false,false,false
589,River Place,Hell's Kitchen Polygon,2024-01,ON_DEMAND_SUBSCRIPTION,true,true,false,true
606,River Place,Hell's Kitchen Polygon,2024-01,TRIAL,true,false,false,false
596,River Place,Hell's Kitchen Polygon,2024-01,FREEMIUM,true,false,false,false
587,River Place,Hell's Kitchen Polygon,2024-01,FREEMIUM,true,false,false,false
584,River Place,Hell's Kitchen Polygon,2024-01,FREEMIUM,false,false,false,false
532,River Place,Hell's Kitchen Polygon,2024-01,FREEMIUM,false,false,false,false
579,River Place,Hell's Kitchen Polygon,2024-01,FREEMIUM,true,false,false,false
583,River Place,Hell's Kitchen Polygon,2024-01,FREEMIUM,true,false,false,false
533,River Place,Hell's Kitchen Polygon,2024-01,WARM_LEAD,true,false,false,false
594,River Place,Hell's Kitchen Polygon,2024-01,CHURN,true,false,false,false
590,River Place,Hell's Kitchen Polygon,2024-01,FREEMIUM,false,false,false,false
591,River Place,Hell's Kitchen Polygon,2024-01,FREEMIUM,true,false,false,false
563,River Place,Hell's Kitchen Polygon,2024-01,FREEMIUM,false,false,false,false
595,River Place,Hell's Kitchen Polygon,2024-01,TRIAL,true,false,false,false
564,River Place,Hell's Kitchen Polygon,2024-01,FREEMIUM,false,false,false,false
593,River Place,Hell's Kitchen Polygon,2024-01,FREEMIUM,true,false,false,false
526,River Place,Hell's Kitchen Polygon,2024-01,ON_DEMAND_SUBSCRIPTION,true,true,false,true
531,River Place,Hell's Kitchen Polygon,2024-01,TRIAL,false,false,false,false
545,River Place,Hell's Kitchen Polygon,2024-01,TRIAL,false,false,false,false
614,River Place,Hell's Kitchen Polygon,2024-01,TRIAL,true,false,false,false
588,River Place,Hell's Kitchen Polygon,2024-01,FREEMIUM,true,false,false,false
542,River Place,Hell's Kitchen Polygon,2024-01,TRIAL,false,false,false,false
516,River Place,Hell's Kitchen Polygon,2024-01,RECURRING_SUBSCRIPTION,true,true,true,false
547,River Place,Hell's Kitchen Polygon,2024-01,TRIAL,false,false,false,false
585,River Place,Hell's Kitchen Polygon,2024-01,FREEMIUM,true,false,false,false
559,River Place,Hell's Kitchen Polygon,2024-01,TRIAL,false,false,false,false
585,River Place,Hell's Kitchen Polygon,2024-01,FREEMIUM,true,false,false,false
527,River Place,Hell's Kitchen Polygon,2024-01,FREEMIUM,true,false,false,false
523,River Place,Hell's Kitchen Polygon,2024-01,RECURRING_SUBSCRIPTION,true,true,true,false
581,River Place,Hell's Kitchen Polygon,2024-01,CHURN,true,false,false,false
608,Silver Towers,Hell's Kitchen Polygon,2024-01,FREEMIUM,true,false,false,false
556,Silver Towers,Hell's Kitchen Polygon,2024-01,TRIAL,false,false,false,false
598,Silver Towers,Hell's Kitchen Polygon,2024-01,RECURRING_SUBSCRIPTION,true,true,true,false
619,Silver Towers,Hell's Kitchen Polygon,2024-01,FREEMIUM,true,false,false,false
620,Silver Towers,Hell's Kitchen Polygon,2024-01,FREEMIUM,true,false,false,false
605,Silver Towers,Hell's Kitchen Polygon,2024-01,TRIAL,false,false,false,false
514,Silver Towers,Hell's Kitchen Polygon,2024-01,TRIAL,true,false,false,false
609,Silver Towers,Hell's Kitchen Polygon,2024-01,FREEMIUM,false,false,false,false
616,Silver Towers,Hell's Kitchen Polygon,2024-01,CHURN,true,false,false,false
597,Silver Towers,Hell's Kitchen Polygon,2024-01,TRIAL,false,false,false,false
512,Silver Towers,Hell's Kitchen Polygon,2024-01,TRIAL,true,false,false,false
515,Silver Towers,Hell's Kitchen Polygon,2024-01,FREEMIUM,true,false,false,false
551,Silver Towers,Hell's Kitchen Polygon,2024-01,ON_DEMAND_SUBSCRIPTION,false,true,false,true
535,Silver Towers,Hell's Kitchen Polygon,2024-01,CHURN,true,false,false,false
514,Silver Towers,Hell's Kitchen Polygon,2024-01,TRIAL,true,false,false,false
618,Silver Towers,Hell's Kitchen Polygon,2024-01,FREEMIUM,true,false,false,false
518,Silver Towers,Hell's Kitchen Polygon,2024-01,ON_DEMAND_SUBSCRIPTION,true,true,false,true
621,Silver Towers,Hell's Kitchen Polygon,2024-01,ON_DEMAND_SUBSCRIPTION,false,true,false,true
514,Silver Towers,Hell's Kitchen Polygon,2024-01,TRIAL,true,false,false,false
604,Silver Towers,Hell's Kitchen Polygon,2024-01,FREEMIUM,false,false,false,false
555,Silver Towers,Hell's Kitchen Polygon,2024-01,CHURN,true,false,false,false
538,Silver Towers,Hell's Kitchen Polygon,2024-01,FREEMIUM,true,false,false,false
607,Silver Towers,Hell's Kitchen Polygon,2024-01,ON_DEMAND_SUBSCRIPTION,false,true,false,true
519,Silver Towers,Hell's Kitchen Polygon,2024-01,FREEMIUM,true,false,false,false
617,Silver Towers,Hell's Kitchen Polygon,2024-01,FREEMIUM,true,false,false,false
603,Silver Towers,Hell's Kitchen Polygon,2024-01,FREEMIUM,false,false,false,false
514,Silver Towers,Hell's Kitchen Polygon,2024-01,TRIAL,true,false,false,false
514,Silver Towers,Hell's Kitchen Polygon,2024-01,TRIAL,true,false,false,false
512,Silver Towers,Hell's Kitchen Polygon,2024-01,TRIAL,true,false,false,false
514,Silver Towers,Hell's Kitchen Polygon,2024-01,TRIAL,true,false,false,false
552,Silver Towers,Hell's Kitchen Polygon,2024-01,TRIAL,false,false,false,false
536,Silver Towers,Hell's Kitchen Polygon,2024-01,FREEMIUM,false,false,false,false
541,Silver Towers,Hell's Kitchen Polygon,2024-01,TRIAL,false,false,false,false
558,The Enclave,Hoboken Polygon,2024-01,CHURN,true,false,false,false
18,Azrieli TLV,Unknown,2024-02,TRIAL,false,false,false,false
4,Azrieli TLV,Unknown,2024-02,CHURN,false,false,false,false
636,Gindi 1,Unknown,2024-02,COLD_LEAD,true,false,false,false
631,Gindi 1,Unknown,2024-02,CHURN,true,false,false,false
631,Gindi 1,Unknown,2024-02,CHURN,true,false,false,false
520,Gindi 2,Unknown,2024-02,TRIAL,true,false,false,false
689,Gindi 2,Unknown,2024-02,COLD_LEAD,false,false,false,false
729,Gindi 2,Unknown,2024-02,COLD_LEAD,true,false,false,false
690,Gindi 2,Unknown,2024-02,CHURN,false,false,false,false
665,Gindi 2,Unknown,2024-02,TRIAL,true,false,false,false
690,Gindi 2,Unknown,2024-02,CHURN,false,false,false,false
222,Gindi 2,Unknown,2024-02,COLD_LEAD,true,false,false,false
690,Gindi 2,Unknown,2024-02,CHURN,false,false,false,false
714,Gindi 3,Unknown,2024-02,TRIAL,false,false,false,false
714,Gindi 3,Unknown,2024-02,TRIAL,false,false,false,false
721,Gindi 3,Unknown,2024-02,CHURN,true,false,false,false
677,Gindi 3,Unknown,2024-02,TRIAL,true,false,false,false
628,Gindi 3,Unknown,2024-02,TRIAL,false,false,false,false
628,Gindi 3,Unknown,2024-02,TRIAL,false,false,false,false
710,John Street 116,Financial District Polygon,2024-02,FREEMIUM,true,false,false,false
723,John Street 116,Financial District Polygon,2024-02,TRIAL,true,false,false,false
699,John Street 116,Financial District Polygon,2024-02,FREEMIUM,true,false,false,false
708,John Street 116,Financial District Polygon,2024-02,FREEMIUM,true,false,false,false
685,John Street 116,Financial District Polygon,2024-02,RECURRING_SUBSCRIPTION,true,true,true,false
707,John Street 116,Financial District Polygon,2024-02,FREEMIUM,false,false,false,false
697,John Street 116,Financial District Polygon,2024-02,TRIAL,true,false,false,false
668,John Street 116,Financial District Polygon,2024-02,CHURN,true,false,false,false
711,John Street 116,Financial District Polygon,2024-02,TRIAL,true,false,false,false
725,John Street 116,Financial District Polygon,2024-02,FREEMIUM,true,false,false,false
724,John Street 116,Financial District Polygon,2024-02,CHURN,true,false,false,false
703,John Street 116,Financial District Polygon,2024-02,TRIAL,true,false,false,false
722,John Street 116,Financial District Polygon,2024-02,CHURN,true,false,false,false
726,John Street 116,Financial District Polygon,2024-02,TRIAL,true,false,false,false
658,One Ten,Hoboken Polygon,2024-02,FREEMIUM,true,false,false,false
695,One Ten,Hoboken Polygon,2024-02,ON_DEMAND_SUBSCRIPTION,true,true,false,true
645,River Place,Hell's Kitchen Polygon,2024-02,RECURRING_SUBSCRIPTION,true,true,true,false
634,River Place,Hell's Kitchen Polygon,2024-02,CHURN,true,false,false,false
661,River Place,Hell's Kitchen Polygon,2024-02,CHURN,true,false,false,false
627,River Place,Hell's Kitchen Polygon,2024-02,TRIAL,true,false,false,false
534,River Place,Hell's Kitchen Polygon,2024-02,FREEMIUM,true,false,false,false
651,River Place,Hell's Kitchen Polygon,2024-02,TRIAL,true,false,false,false
626,River Place,Hell's Kitchen Polygon,2024-02,CHURN,false,false,false,false
623,River Place,Hell's Kitchen Polygon,2024-02,CHURN,true,false,false,false
657,River Place,Hell's Kitchen Polygon,2024-02,CHURN,true,false,false,false
727,River Place,Hell's Kitchen Polygon,2024-02,RECURRING_SUBSCRIPTION,true,true,true,false
625,River Place,Hell's Kitchen Polygon,2024-02,RECURRING_SUBSCRIPTION,true,true,true,false
728,River Place,Hell's Kitchen Polygon,2024-02,FREEMIUM,false,false,false,false
635,River Place,Hell's Kitchen Polygon,2024-02,FREEMIUM,false,false,false,false
641,Silver Towers,Hell's Kitchen Polygon,2024-02,RECURRING_SUBSCRIPTION,true,true,true,false
688,Silver Towers,Hell's Kitchen Polygon,2024-02,TRIAL,true,false,false,false
705,Silver Towers,Hell's Kitchen Polygon,2024-02,FREEMIUM,true,false,false,false
717,Silver Towers,Hell's Kitchen Polygon,2024-02,ON_DEMAND_SUBSCRIPTION,true,true,false,true
442,Silver Towers,Hell's Kitchen Polygon,2024-02,TRIAL,true,false,false,false
684,Silver Towers,Hell's Kitchen Polygon,2024-02,CHURN,true,false,false,false
670,Silver Towers,Hell's Kitchen Polygon,2024-02,FREEMIUM,true,false,false,false
514,Silver Towers,Hell's Kitchen Polygon,2024-02,TRIAL,true,false,false,false
624,Silver Towers,Hell's Kitchen Polygon,2024-02,TRIAL,false,false,false,false
696,Silver Towers,Hell's Kitchen Polygon,2024-02,CHURN,true,false,false,false
560,Silver Towers,Hell's Kitchen Polygon,2024-02,RECURRING_SUBSCRIPTION,true,true,true,false
720,Silver Towers,Hell's Kitchen Polygon,2024-02,CHURN,true,false,false,false
698,Silver Towers,Hell's Kitchen Polygon,2024-02,FREEMIUM,false,false,false,false
709,Silver Towers,Hell's Kitchen Polygon,2024-02,FREEMIUM,true,false,false,false
694,Silver Towers,Hell's Kitchen Polygon,2024-02,FREEMIUM,true,false,false,false
632,Silver Towers,Hell's Kitchen Polygon,2024-02,FREEMIUM,true,false,false,false
629,Silver Towers,Hell's Kitchen Polygon,2024-02,FREEMIUM,false,false,false,false
514,Silver Towers,Hell's Kitchen Polygon,2024-02,TRIAL,true,false,false,false
664,Silver Towers,Hell's Kitchen Polygon,2024-02,CHURN,true,false,false,false
648,Silver Towers,Hell's Kitchen Polygon,2024-02,FREEMIUM,false,false,false,false
792,100 House,Hoboken Polygon,2024-03,ON_DEMAND_SUBSCRIPTION,false,true,false,true
793,100 House,Hoboken Polygon,2024-03,CHURN,true,false,false,false
750,100 House,Hoboken Polygon,2024-03,CHURN,true,false,false,false
874,330W-56th,Hell's Kitchen Polygon,2024-03,FREEMIUM,true,false,false,false
819,330W-56th,Hell's Kitchen Polygon,2024-03,RECURRING_SUBSCRIPTION,true,true,true,false
827,330W-56th,Hell's Kitchen Polygon,2024-03,RECURRING_SUBSCRIPTION,true,true,true,false
875,330W-56th,Hell's Kitchen Polygon,2024-03,FREEMIUM,false,false,false,false
816,330W-56th,Hell's Kitchen Polygon,2024-03,FREEMIUM,true,false,false,false
817,330W-56th,Hell's Kitchen Polygon,2024-03,FREEMIUM,false,false,false,false
818,330W-56th,Hell's Kitchen Polygon,2024-03,FREEMIUM,false,false,false,false
824,330W-56th,Hell's Kitchen Polygon,2024-03,FREEMIUM,true,false,false,false
826,330W-56th,Hell's Kitchen Polygon,2024-03,FREEMIUM,false,false,false,false
835,330W-56th,Hell's Kitchen Polygon,2024-03,FREEMIUM,true,false,false,false
829,330W-56th,Hell's Kitchen Polygon,2024-03,FREEMIUM,true,false,false,false
831,330W-56th,Hell's Kitchen Polygon,2024-03,FREEMIUM,false,false,false,false
833,330W-56th,Hell's Kitchen Polygon,2024-03,FREEMIUM,false,false,false,false
834,330W-56th,Hell's Kitchen Polygon,2024-03,FREEMIUM,true,false,false,false
840,330W-56th,Hell's Kitchen Polygon,2024-03,FREEMIUM,false,false,false,false
845,330W-56th,Hell's Kitchen Polygon,2024-03,FREEMIUM,false,false,false,false
846,330W-56th,Hell's Kitchen Polygon,2024-03,FREEMIUM,false,false,false,false
820,330W-56th,Hell's Kitchen Polygon,2024-03,RECURRING_SUBSCRIPTION,true,true,true,false
821,330W-56th,Hell's Kitchen Polygon,2024-03,FREEMIUM,true,false,false,false
863,330W-56th,Hell's Kitchen Polygon,2024-03,FREEMIUM,true,false,false,false
864,330W-56th,Hell's Kitchen Polygon,2024-03,FREEMIUM,false,false,false,false
865,330W-56th,Hell's Kitchen Polygon,2024-03,FREEMIUM,false,false,false,false
866,330W-56th,Hell's Kitchen Polygon,2024-03,FREEMIUM,false,false,false,false
867,330W-56th,Hell's Kitchen Polygon,2024-03,FREEMIUM,true,false,false,false
868,330W-56th,Hell's Kitchen Polygon,2024-03,FREEMIUM,false,false,false,false
871,330W-56th,Hell's Kitchen Polygon,2024-03,FREEMIUM,false,false,false,false
873,330W-56th,Hell's Kitchen Polygon,2024-03,FREEMIUM,false,false,false,false
869,330W-56th,Hell's Kitchen Polygon,2024-03,FREEMIUM,false,false,false,false
872,330W-56th,Hell's Kitchen Polygon,2024-03,FREEMIUM,true,false,false,false
884,330W-56th,Hell's Kitchen Polygon,2024-03,FREEMIUM,true,false,false,false
870,330W-56th,Hell's Kitchen Polygon,2024-03,FREEMIUM,false,false,false,false
830,330W-56th,Hell's Kitchen Polygon,2024-03,CHURN,false,false,false,false
828,330W-56th,Hell's Kitchen Polygon,2024-03,FREEMIUM,false,false,false,false
832,330W-56th,Hell's Kitchen Polygon,2024-03,RECURRING_SUBSCRIPTION,true,true,true,false
855,330W-56th,Hell's Kitchen Polygon,2024-03,FREEMIUM,true,false,false,false
847,330W-56th,Hell's Kitchen Polygon,2024-03,WARM_LEAD,true,false,false,false
822,330W-56th,Hell's Kitchen Polygon,2024-03,RECURRING_SUBSCRIPTION,false,true,true,false
747,Azrieli TLV,Unknown,2024-03,TRIAL,true,false,false,false
47,Azrieli TLV,Unknown,2024-03,TRIAL,false,false,false,false
797,Azrieli TLV,Unknown,2024-03,ON_DEMAND_SUBSCRIPTION,true,true,false,true
883,Gindi 1,Unknown,2024-03,CHURN,false,false,false,false
757,Gindi 1,Unknown,2024-03,ON_DEMAND_SUBSCRIPTION,true,true,false,true
757,Gindi 1,Unknown,2024-03,ON_DEMAND_SUBSCRIPTION,true,true,false,true
784,Gindi 1,Unknown,2024-03,COLD_LEAD,true,false,false,false
851,Gindi 1,Unknown,2024-03,COLD_LEAD,false,false,false,false
876,Gindi 1,Unknown,2024-03,ON_DEMAND_SUBSCRIPTION,false,true,false,true
746,Gindi 2,Unknown,2024-03,CHURN,true,false,false,false
860,Gindi 2,Unknown,2024-03,COLD_LEAD,false,false,false,false
859,Gindi 2,Unknown,2024-03,COLD_LEAD,false,false,false,false
805,Gindi 2,Unknown,2024-03,COLD_LEAD,false,false,false,false
796,Gindi 2,Unknown,2024-03,CHURN,true,false,false,false
853,Gindi 3,Unknown,2024-03,TRIAL,true,false,false,false
849,Gindi 3,Unknown,2024-03,TRIAL,false,false,false,false
721,Gindi 3,Unknown,2024-03,CHURN,true,false,false,false
839,Gindi 3,Unknown,2024-03,COLD_LEAD,false,false,false,false
734,Gindi 3,Unknown,2024-03,CHURN,true,false,false,false
733,Gindi 3,Unknown,2024-03,CHURN,true,false,false,false
885,Gindi 3,Unknown,2024-03,COLD_LEAD,true,false,false,false
752,Gindi 3,Unknown,2024-03,CHURN,true,false,false,false
459,Gindi 3,Unknown,2024-03,TRIAL,true,false,false,false
775,John Street 116,Financial District Polygon,2024-03,TRIAL,true,false,false,false
749,John Street 116,Financial District Polygon,2024-03,TRIAL,true,false,false,false
787,John Street 116,Financial District Polygon,2024-03,CHURN,true,false,false,false
779,John Street 116,Financial District Polygon,2024-03,RECURRING_SUBSCRIPTION,true,true,true,false
754,John Street 116,Financial District Polygon,2024-03,TRIAL,false,false,false,false
882,John Street 116,Financial District Polygon,2024-03,CHURN,true,false,false,false
795,John Street 116,Financial District Polygon,2024-03,TRIAL,true,false,false,false
732,John Street 116,Financial District Polygon,2024-03,FREEMIUM,true,false,false,false
780,John Street 116,Financial District Polygon,2024-03,FREEMIUM,true,false,false,false
798,River Place,Hell's Kitchen Polygon,2024-03,FREEMIUM,true,false,false,false
768,River Place,Hell's Kitchen Polygon,2024-03,CHURN,false,false,false,false
758,River Place,Hell's Kitchen Polygon,2024-03,TRIAL,false,false,false,false
592,River Place,Hell's Kitchen Polygon,2024-03,ON_DEMAND_SUBSCRIPTION,true,true,false,true
745,River Place,Hell's Kitchen Polygon,2024-03,FREEMIUM,true,false,false,false
753,River Place,Hell's Kitchen Polygon,2024-03,TRIAL,false,false,false,false
791,River Place,Hell's Kitchen Polygon,2024-03,FREEMIUM,true,false,false,false
783,River Place,Hell's Kitchen Polygon,2024-03,TRIAL,false,false,false,false
759,River Place,Hell's Kitchen Polygon,2024-03,CHURN,false,false,false,false
791,River Place,Hell's Kitchen Polygon,2024-03,FREEMIUM,true,false,false,false
776,River Place,Hell's Kitchen Polygon,2024-03,FREEMIUM,true,false,false,false
772,River Place,Hell's Kitchen Polygon,2024-03,TRIAL,true,false,false,false
836,River Place,Hell's Kitchen Polygon,2024-03,RECURRING_SUBSCRIPTION,true,true,true,false
769,River Place,Hell's Kitchen Polygon,2024-03,ON_DEMAND_SUBSCRIPTION,false,true,false,true
739,River Place,Hell's Kitchen Polygon,2024-03,TRIAL,true,false,false,false
781,River Place,Hell's Kitchen Polygon,2024-03,ON_DEMAND_SUBSCRIPTION,false,true,false,true
841,River Place,Hell's Kitchen Polygon,2024-03,ON_DEMAND_SUBSCRIPTION,false,true,false,true
786,River Place,Hell's Kitchen Polygon,2024-03,FREEMIUM,true,false,false,false
621,Silver Towers,Hell's Kitchen Polygon,2024-03,ON_DEMAND_SUBSCRIPTION,false,true,false,true
770,Silver Towers,Hell's Kitchen Polygon,2024-03,TRIAL,false,false,false,false
738,Silver Towers,Hell's Kitchen Polygon,2024-03,TRIAL,false,false,false,false
737,Silver Towers,Hell's Kitchen Polygon,2024-03,FROZEN,false,false,false,false
788,Silver Towers,Hell's Kitchen Polygon,2024-03,RECURRING_SUBSCRIPTION,true,true,true,false
735,Silver Towers,Hell's Kitchen Polygon,2024-03,TRIAL,false,false,false,false
782,Silver Towers,Hell's Kitchen Polygon,2024-03,TRIAL,true,false,false,false
790,Silver Towers,Hell's Kitchen Polygon,2024-03,ON_DEMAND_SUBSCRIPTION,false,true,false,true
751,Silver Towers,Hell's Kitchen Polygon,2024-03,FREEMIUM,true,false,false,false
809,Silver Towers,Hell's Kitchen Polygon,2024-03,FREEMIUM,false,false,false,false
751,Silver Towers,Hell's Kitchen Polygon,2024-03,FREEMIUM,true,false,false,false
856,Silver Towers,Hell's Kitchen Polygon,2024-03,FREEMIUM,false,false,false,false
748,Silver Towers,Hell's Kitchen Polygon,2024-03,RECURRING_SUBSCRIPTION,true,true,true,false
621,Silver Towers,Hell's Kitchen Polygon,2024-03,ON_DEMAND_SUBSCRIPTION,false,true,false,true
857,The Enclave,Hoboken Polygon,2024-03,CHURN,true,false,false,false
744,The Enclave,Hoboken Polygon,2024-03,FREEMIUM,false,false,false,false
756,The Enclave,Hoboken Polygon,2024-03,CHURN,true,false,false,false
815,The Enclave,Hoboken Polygon,2024-03,RECURRING_SUBSCRIPTION,false,true,true,false
862,The Ivy,Chatham / West Orange Polygon,2024-03,TRIAL,true,false,false,false
806,The Ivy,Chatham / West Orange Polygon,2024-03,CHURN,true,false,false,false
854,The Ivy,Chatham / West Orange Polygon,2024-03,FREEMIUM,false,false,false,false
1049,100 House,Hoboken Polygon,2024-04,FREEMIUM,false,false,false,false
947,1 Boerum PL,Floating NY 2,2024-04,TRIAL,false,false,false,false
1001,1 Boerum PL,Floating NY 2,2024-04,FREEMIUM,false,false,false,false
994,1 Boerum PL,Floating NY 2,2024-04,TRIAL,true,false,false,false
944,1 Boerum PL,Floating NY 2,2024-04,CHURN,false,false,false,false
955,1 Boerum PL,Floating NY 2,2024-04,FREEMIUM,false,false,false,false
991,1 Boerum PL,Floating NY 2,2024-04,FREEMIUM,false,false,false,false
948,1 Boerum PL,Floating NY 2,2024-04,RECURRING_SUBSCRIPTION,true,true,true,false
957,1 Boerum PL,Floating NY 2,2024-04,FREEMIUM,false,false,false,false
1025,1 Boerum PL,Floating NY 2,2024-04,FREEMIUM,false,false,false,false
946,1 Boerum PL,Floating NY 2,2024-04,FREEMIUM,false,false,false,false
984,1 Boerum PL,Floating NY 2,2024-04,ON_DEMAND_SUBSCRIPTION,true,true,false,true
959,1 Boerum PL,Floating NY 2,2024-04,FREEMIUM,true,false,false,false
990,1 Boerum PL,Floating NY 2,2024-04,FREEMIUM,true,false,false,false
949,1 Boerum PL,Floating NY 2,2024-04,FREEMIUM,false,false,false,false
987,1 Boerum PL,Floating NY 2,2024-04,TRIAL,true,false,false,false
1052,1 Boerum PL,Floating NY 2,2024-04,FREEMIUM,true,false,false,false
993,1 Boerum PL,Floating NY 2,2024-04,ON_DEMAND_SUBSCRIPTION,false,true,false,true
945,1 Boerum PL,Floating NY 2,2024-04,TRIAL,false,false,false,false
1005,1 Boerum PL,Floating NY 2,2024-04,ON_DEMAND_SUBSCRIPTION,false,true,false,true
995,1 Boerum PL,Floating NY 2,2024-04,FREEMIUM,true,false,false,false
1017,1 Boerum PL,Floating NY 2,2024-04,ON_DEMAND_SUBSCRIPTION,true,true,false,true
943,1 Boerum PL,Floating NY 2,2024-04,RECURRING_SUBSCRIPTION,true,true,true,false
988,1 Boerum PL,Floating NY 2,2024-04,FREEMIUM,false,false,false,false
1027,1 Boerum PL,Floating NY 2,2024-04,FREEMIUM,true,false,false,false
999,1 Boerum PL,Floating NY 2,2024-04,FREEMIUM,false,false,false,false
960,1 Boerum PL,Floating NY 2,2024-04,FREEMIUM,false,false,false,false
953,1 Boerum PL,Floating NY 2,2024-04,RECURRING_SUBSCRIPTION,true,true,true,false
954,1 Boerum PL,Floating NY 2,2024-04,TRIAL,false,false,false,false
986,1 Boerum PL,Floating NY 2,2024-04,FREEMIUM,false,false,false,false
968,1 Boerum PL,Floating NY 2,2024-04,FREEMIUM,true,false,false,false
1000,1 Boerum PL,Floating NY 2,2024-04,CHURN,true,false,false,false
952,1 Boerum PL,Floating NY 2,2024-04,FREEMIUM,true,false,false,false
1038,1 Boerum PL,Floating NY 2,2024-04,CHURN,true,false,false,false
989,1 Boerum PL,Floating NY 2,2024-04,TRIAL,true,false,false,false
956,1 Boerum PL,Floating NY 2,2024-04,FREEMIUM,true,false,false,false
942,1 Boerum PL,Floating NY 2,2024-04,WARM_LEAD,false,false,false,false
941,1 Boerum PL,Floating NY 2,2024-04,FREEMIUM,false,false,false,false
911,330W-56th,Hell's Kitchen Polygon,2024-04,FREEMIUM,true,false,false,false
890,330W-56th,Hell's Kitchen Polygon,2024-04,FREEMIUM,true,false,false,false
962,330W-56th,Hell's Kitchen Polygon,2024-04,FREEMIUM,false,false,false,false
970,330W-56th,Hell's Kitchen Polygon,2024-04,FREEMIUM,true,false,false,false
972,330W-56th,Hell's Kitchen Polygon,2024-04,FREEMIUM,true,false,false,false
973,330W-56th,Hell's Kitchen Polygon,2024-04,FREEMIUM,true,false,false,false
971,330W-56th,Hell's Kitchen Polygon,2024-04,FREEMIUM,true,false,false,false
996,330W-56th,Hell's Kitchen Polygon,2024-04,FREEMIUM,false,false,false,false
937,330W-56th,Hell's Kitchen Polygon,2024-04,FREEMIUM,true,false,false,false
1021,330W-56th,Hell's Kitchen Polygon,2024-04,CHURN,true,false,false,false
976,330W-56th,Hell's Kitchen Polygon,2024-04,FREEMIUM,true,false,false,false
1088,330W-56th,Hell's Kitchen Polygon,2024-04,FREEMIUM,false,false,false,false
1089,330W-56th,Hell's Kitchen Polygon,2024-04,WARM_LEAD,false,false,false,false
1091,330W-56th,Hell's Kitchen Polygon,2024-04,FREEMIUM,true,false,false,false
1092,330W-56th,Hell's Kitchen Polygon,2024-04,FREEMIUM,false,false,false,false
1097,330W-56th,Hell's Kitchen Polygon,2024-04,FREEMIUM,false,false,false,false
1020,330W-56th,Hell's Kitchen Polygon,2024-04,CHURN,true,false,false,false
1094,330W-56th,Hell's Kitchen Polygon,2024-04,FREEMIUM,true,false,false,false
975,330W-56th,Hell's Kitchen Polygon,2024-04,FREEMIUM,true,false,false,false
1044,829 Garfield,Floating Jersey,2024-04,TRIAL,false,false,false,false
926,829 Garfield,Floating Jersey,2024-04,COLD_LEAD,false,false,false,false
978,Azrieli TLV,Unknown,2024-04,LEAD,false,false,false,false
963,Azrieli TLV,Unknown,2024-04,COLD_LEAD,false,false,false,false
997,Azrieli TLV,Unknown,2024-04,WARM_LEAD,false,false,false,false
966,Azrieli TLV,Unknown,2024-04,TRIAL,false,false,false,false
1050,Azrieli TLV,Unknown,2024-04,CHURN,false,false,false,false
907,Azrieli TLV,Unknown,2024-04,COLD_LEAD,false,false,false,false
909,Gindi 1,Unknown,2024-04,COLD_LEAD,true,false,false,false
902,Gindi 1,Unknown,2024-04,COLD_LEAD,false,false,false,false
1024,Gindi 1,Unknown,2024-04,COLD_LEAD,false,false,false,false
1009,Gindi 1,Unknown,2024-04,CHURN,true,false,false,false
929,Gindi 1,Unknown,2024-04,ON_DEMAND_SUBSCRIPTION,false,true,false,true
1026,Gindi 1,Unknown,2024-04,COLD_LEAD,false,false,false,false
967,Gindi 1,Unknown,2024-04,ON_DEMAND_SUBSCRIPTION,true,true,false,true
1006,Gindi 1,Unknown,2024-04,COLD_LEAD,false,false,false,false
920,Gindi 1,Unknown,2024-04,CHURN,false,false,false,false
914,Gindi 1,Unknown,2024-04,COLD_LEAD,false,false,false,false
977,Gindi 1,Unknown,2024-04,COLD_LEAD,false,false,false,false
922,Gindi 1,Unknown,2024-04,COLD_LEAD,false,false,false,false
1011,Gindi 2,Unknown,2024-04,TRIAL,false,false,false,false
1090,Gindi 2,Unknown,2024-04,COLD_LEAD,false,false,false,false
1040,Gindi 2,Unknown,2024-04,CHURN,true,false,false,false
1104,Gindi 2,Unknown,2024-04,COLD_LEAD,false,false,false,false
979,Gindi 2,Unknown,2024-04,COLD_LEAD,true,false,false,false
1056,Gindi 2,Unknown,2024-04,COLD_LEAD,true,false,false,false
1019,Gindi 2,Unknown,2024-04,CHURN,true,false,false,false
958,Gindi 2,Unknown,2024-04,TRIAL,true,false,false,false
1035,Gindi 2,Unknown,2024-04,COLD_LEAD,false,false,false,false
1023,Gindi 3,Unknown,2024-04,WARM_LEAD,false,false,false,false
1048,Gindi 3,Unknown,2024-04,COLD_LEAD,false,false,false,false
905,Gindi 3,Unknown,2024-04,COLD_LEAD,false,false,false,false
1036,Gindi 3,Unknown,2024-04,TRIAL,false,false,false,false
1032,Gindi 3,Unknown,2024-04,COLD_LEAD,false,false,false,false
1037,Gindi 3,Unknown,2024-04,COLD_LEAD,false,false,false,false
1008,Gindi 3,Unknown,2024-04,COLD_LEAD,false,false,false,false
928,Gindi 3,Unknown,2024-04,TRIAL,false,false,false,false
1007,Gindi 3,Unknown,2024-04,ON_DEMAND_SUBSCRIPTION,false,true,false,true
1030,Gindi 3,Unknown,2024-04,COLD_LEAD,true,false,false,false
903,Gindi 3,Unknown,2024-04,COLD_LEAD,false,false,false,false
891,Gindi 3,Unknown,2024-04,COLD_LEAD,false,false,false,false
1031,Gindi 3,Unknown,2024-04,COLD_LEAD,false,false,false,false
930,John Street 116,Financial District Polygon,2024-04,TRIAL,false,false,false,false
936,John Street 116,Financial District Polygon,2024-04,CHURN,true,false,false,false
940,John Street 116,Financial District Polygon,2024-04,CHURN,false,false,false,false
1103,John Street 116,Financial District Polygon,2024-04,FREEMIUM,true,false,false,false
938,John Street 116,Financial District Polygon,2024-04,FREEMIUM,false,false,false,false
1105,John Street 116,Financial District Polygon,2024-04,TRIAL,false,false,false,false
1053,John Street 116,Financial District Polygon,2024-04,CHURN,true,false,false,false
919,John Street 116,Financial District Polygon,2024-04,RECURRING_SUBSCRIPTION,true,true,true,false
939,John Street 116,Financial District Polygon,2024-04,FREEMIUM,false,false,false,false
889,John Street 116,Financial District Polygon,2024-04,FREEMIUM,false,false,false,false
917,John Street 116,Financial District Polygon,2024-04,WARM_LEAD,true,false,false,false
961,One Ten,Hoboken Polygon,2024-04,FREEMIUM,false,false,false,false
1034,River Place,Hell's Kitchen Polygon,2024-04,FREEMIUM,false,false,false,false
1081,River Place,Hell's Kitchen Polygon,2024-04,FREEMIUM,false,false,false,false
1015,River Place,Hell's Kitchen Polygon,2024-04,TRIAL,true,false,false,false
759,River Place,Hell's Kitchen Polygon,2024-04,CHURN,false,false,false,false
925,River Place,Hell's Kitchen Polygon,2024-04,TRIAL,false,false,false,false
1055,River Place,Hell's Kitchen Polygon,2024-04,TRIAL,true,false,false,false
1002,River Place,Hell's Kitchen Polygon,2024-04,ON_DEMAND_SUBSCRIPTION,true,true,false,true
1012,River Place,Hell's Kitchen Polygon,2024-04,TRIAL,false,false,false,false
739,River Place,Hell's Kitchen Polygon,2024-04,TRIAL,true,false,false,false
1071,River Place,Hell's Kitchen Polygon,2024-04,TRIAL,true,false,false,false
998,River Place,Hell's Kitchen Polygon,2024-04,TRIAL,false,false,false,false
579,River Place,Hell's Kitchen Polygon,2024-04,FREEMIUM,true,false,false,false
1051,River Place,Hell's Kitchen Polygon,2024-04,ON_DEMAND_SUBSCRIPTION,false,true,false,true
921,River Place,Hell's Kitchen Polygon,2024-04,FREEMIUM,false,false,false,false
904,River Place,Hell's Kitchen Polygon,2024-04,CHURN,true,false,false,false
913,River Place,Hell's Kitchen Polygon,2024-04,TRIAL,true,false,false,false
910,River Place,Hell's Kitchen Polygon,2024-04,TRIAL,false,false,false,false
1003,River Place,Hell's Kitchen Polygon,2024-04,ON_DEMAND_SUBSCRIPTION,true,true,false,true
910,River Place,Hell's Kitchen Polygon,2024-04,TRIAL,false,false,false,false
900,River Place,Hell's Kitchen Polygon,2024-04,ON_DEMAND_SUBSCRIPTION,false,true,false,true
1045,River Place,Hell's Kitchen Polygon,2024-04,CHURN,true,false,false,false
892,River Place,Hell's Kitchen Polygon,2024-04,FREEMIUM,true,false,false,false
1078,River Place,Hell's Kitchen Polygon,2024-04,ON_DEMAND_SUBSCRIPTION,false,true,false,true
1046,River Place,Hell's Kitchen Polygon,2024-04,ON_DEMAND_SUBSCRIPTION,true,true,false,true
1084,River Place,Hell's Kitchen Polygon,2024-04,RECURRING_SUBSCRIPTION,true,true,true,false
898,River Place,Hell's Kitchen Polygon,2024-04,FREEMIUM,true,false,false,false
913,River Place,Hell's Kitchen Polygon,2024-04,TRIAL,true,false,false,false
1054,River Place,Hell's Kitchen Polygon,2024-04,FREEMIUM,false,false,false,false
1076,River Place,Hell's Kitchen Polygon,2024-04,FREEMIUM,true,false,false,false
916,River Place,Hell's Kitchen Polygon,2024-04,FREEMIUM,false,false,false,false
931,River Place,Hell's Kitchen Polygon,2024-04,FREEMIUM,false,false,false,false
932,River Place,Hell's Kitchen Polygon,2024-04,FREEMIUM,false,false,false,false
923,River Place,Hell's Kitchen Polygon,2024-04,FREEMIUM,true,false,false,false
1029,River Place,Hell's Kitchen Polygon,2024-04,FREEMIUM,false,false,false,false
1039,Silver Towers,Hell's Kitchen Polygon,2024-04,FREEMIUM,false,false,false,false
924,Silver Towers,Hell's Kitchen Polygon,2024-04,TRIAL,false,false,false,false
514,Silver Towers,Hell's Kitchen Polygon,2024-04,TRIAL,true,false,false,false
1014,Silver Towers,Hell's Kitchen Polygon,2024-04,CHURN,true,false,false,false
514,Silver Towers,Hell's Kitchen Polygon,2024-04,TRIAL,true,false,false,false
1016,Silver Towers,Hell's Kitchen Polygon,2024-04,RECURRING_SUBSCRIPTION,false,true,true,false
912,Silver Towers,Hell's Kitchen Polygon,2024-04,FREEMIUM,true,false,false,false
1093,Silver Towers,Hell's Kitchen Polygon,2024-04,FREEMIUM,true,false,false,false
927,Silver Towers,Hell's Kitchen Polygon,2024-04,FREEMIUM,false,false,false,false
1042,Silver Towers,Hell's Kitchen Polygon,2024-04,FREEMIUM,true,false,false,false
1068,Silver Towers,Hell's Kitchen Polygon,2024-04,TRIAL,true,false,false,false
1018,Silver Towers,Hell's Kitchen Polygon,2024-04,RECURRING_SUBSCRIPTION,true,true,true,false
1061,Silver Towers,Hell's Kitchen Polygon,2024-04,RECURRING_SUBSCRIPTION,false,true,true,false
1098,Silver Towers,Hell's Kitchen Polygon,2024-04,TRIAL,true,false,false,false
1064,Silver Towers,Hell's Kitchen Polygon,2024-04,FREEMIUM,false,false,false,false
1099,Silver Towers,Hell's Kitchen Polygon,2024-04,FREEMIUM,false,false,false,false
688,Silver Towers,Hell's Kitchen Polygon,2024-04,TRIAL,true,false,false,false
1069,Silver Towers,Hell's Kitchen Polygon,2024-04,FREEMIUM,false,false,false,false
1095,Silver Towers,Hell's Kitchen Polygon,2024-04,FREEMIUM,true,false,false,false
1087,Silver Towers,Hell's Kitchen Polygon,2024-04,ON_DEMAND_SUBSCRIPTION,false,true,false,true
1063,Silver Towers,Hell's Kitchen Polygon,2024-04,FREEMIUM,false,false,false,false
1058,Silver Towers,Hell's Kitchen Polygon,2024-04,FREEMIUM,false,false,false,false
1004,Silver Towers,Hell's Kitchen Polygon,2024-04,RECURRING_SUBSCRIPTION,true,true,true,false
1047,Silver Towers,Hell's Kitchen Polygon,2024-04,FREEMIUM,false,false,false,false
1067,Silver Towers,Hell's Kitchen Polygon,2024-04,ON_DEMAND_SUBSCRIPTION,false,true,false,true
1070,Silver Towers,Hell's Kitchen Polygon,2024-04,ON_DEMAND_SUBSCRIPTION,true,true,false,true
514,Silver Towers,Hell's Kitchen Polygon,2024-04,TRIAL,true,false,false,false
901,Silver Towers,Hell's Kitchen Polygon,2024-04,ON_DEMAND_SUBSCRIPTION,true,true,false,true
1101,Silver Towers,Hell's Kitchen Polygon,2024-04,FREEMIUM,false,false,false,false
1086,Silver Towers,Hell's Kitchen Polygon,2024-04,FREEMIUM,true,false,false,false
1066,Silver Towers,Hell's Kitchen Polygon,2024-04,FREEMIUM,true,false,false,false
1013,The Enclave,Hoboken Polygon,2024-04,FREEMIUM,false,false,false,false
915,The Ivy,Chatham / West Orange Polygon,2024-04,CHURN,false,false,false,false
1043,The Ivy,Chatham / West Orange Polygon,2024-04,CHURN,true,false,false,false
1033,The Ivy,Chatham / West Orange Polygon,2024-04,CHURN,true,false,false,false
1028,The Ivy,Chatham / West Orange Polygon,2024-04,FREEMIUM,false,false,false,false
1022,The Ivy,Chatham / West Orange Polygon,2024-04,CHURN,true,false,false,false
1059,The Ivy,Chatham / West Orange Polygon,2024-04,RECURRING_SUBSCRIPTION,true,true,true,false
1057,The Ivy,Chatham / West Orange Polygon,2024-04,FREEMIUM,false,false,false,false
1141,100 House,Hoboken Polygon,2024-05,CHURN,true,false,false,false
1110,100 House,Hoboken Polygon,2024-05,FREEMIUM,false,false,false,false
1214,100 House,Hoboken Polygon,2024-05,CHURN,true,false,false,false
1181,1 Boerum PL,Floating NY 2,2024-05,FREEMIUM,false,false,false,false
1182,1 Boerum PL,Floating NY 2,2024-05,CHURN,true,false,false,false
1236,1 Boerum PL,Floating NY 2,2024-05,FROZEN,true,false,false,false
1177,1 Boerum PL,Floating NY 2,2024-05,FREEMIUM,true,false,false,false
1183,1 Boerum PL,Floating NY 2,2024-05,CHURN,true,false,false,false
1184,1 Boerum PL,Floating NY 2,2024-05,RECURRING_SUBSCRIPTION,true,true,true,false
1291,330W-56th,Hell's Kitchen Polygon,2024-05,FREEMIUM,false,false,false,false
1161,330W-56th,Hell's Kitchen Polygon,2024-05,FREEMIUM,true,false,false,false
1195,829 Garfield,Floating Jersey,2024-05,TRIAL,false,false,false,false
978,Azrieli TLV,Unknown,2024-05,LEAD,false,false,false,false
1150,Azrieli TLV,Unknown,2024-05,CHURN,false,false,false,false
963,Azrieli TLV,Unknown,2024-05,COLD_LEAD,false,false,false,false
1276,Azrieli TLV,Unknown,2024-05,TRIAL,true,false,false,false
1237,Azrieli TLV,Unknown,2024-05,ON_DEMAND_SUBSCRIPTION,false,true,false,true
2928,Azrieli TLV,Unknown,2024-05,CHURN,false,false,false,false
1278,Azrieli TLV,Unknown,2024-05,CHURN,false,false,false,false
1259,Gindi 1,Unknown,2024-05,CHURN,false,false,false,false
220,Gindi 1,Unknown,2024-05,COLD_LEAD,false,false,false,false
1187,Gindi 1,Unknown,2024-05,COLD_LEAD,false,false,false,false
1234,Gindi 1,Unknown,2024-05,CHURN,false,false,false,false
1203,Gindi 1,Unknown,2024-05,TRIAL,false,false,false,false
1167,Gindi 1,Unknown,2024-05,WARM_LEAD,false,false,false,false
1200,Gindi 1,Unknown,2024-05,COLD_LEAD,false,false,false,false
1242,Gindi 1,Unknown,2024-05,COLD_LEAD,false,false,false,false
1167,Gindi 1,Unknown,2024-05,WARM_LEAD,false,false,false,false
435,Gindi 2,Unknown,2024-05,ON_DEMAND_SUBSCRIPTION,true,true,false,true
1178,Gindi 2,Unknown,2024-05,COLD_LEAD,false,false,false,false
1235,Gindi 2,Unknown,2024-05,COLD_LEAD,false,false,false,false
1056,Gindi 2,Unknown,2024-05,COLD_LEAD,true,false,false,false
1260,Gindi 2,Unknown,2024-05,COLD_LEAD,false,false,false,false
1164,Gindi 2,Unknown,2024-05,TRIAL,false,false,false,false
1104,Gindi 2,Unknown,2024-05,COLD_LEAD,false,false,false,false
1191,Gindi 3,Unknown,2024-05,CHURN,true,false,false,false
1170,Gindi 3,Unknown,2024-05,CHURN,false,false,false,false
1275,Gindi 3,Unknown,2024-05,COLD_LEAD,false,false,false,false
1163,Gindi 3,Unknown,2024-05,COLD_LEAD,false,false,false,false
1192,Gindi 3,Unknown,2024-05,COLD_LEAD,false,false,false,false
2181,Gindi 3,Unknown,2024-05,COLD_LEAD,false,false,false,false
1262,Gindi 3,Unknown,2024-05,TRIAL,false,false,false,false
294,Gindi 3,Unknown,2024-05,CHURN,true,false,false,false
1163,Gindi 3,Unknown,2024-05,COLD_LEAD,false,false,false,false
241,Gindi 3,Unknown,2024-05,COLD_LEAD,true,false,false,false
1245,Gindi 3,Unknown,2024-05,COLD_LEAD,false,false,false,false
1175,Gindi 3,Unknown,2024-05,COLD_LEAD,true,false,false,false
1270,Gindi 3,Unknown,2024-05,COLD_LEAD,false,false,false,false
1233,Gindi 3,Unknown,2024-05,TRIAL,false,false,false,false
1032,Gindi 3,Unknown,2024-05,COLD_LEAD,false,false,false,false
1251,Gindi 3,Unknown,2024-05,COLD_LEAD,false,false,false,false
1219,Gindi 3,Unknown,2024-05,WARM_LEAD,false,false,false,false
1179,Gindi 3,Unknown,2024-05,COLD_LEAD,false,false,false,false
1209,Gindi 3,Unknown,2024-05,COLD_LEAD,false,false,false,false
234,Gindi 3,Unknown,2024-05,TRIAL,true,false,false,false
349,Gindi 3,Unknown,2024-05,ON_DEMAND_SUBSCRIPTION,true,true,false,true
253,Gindi 3,Unknown,2024-05,CHURN,false,false,false,false
734,Gindi 3,Unknown,2024-05,CHURN,true,false,false,false
1232,Gindi 3,Unknown,2024-05,COLD_LEAD,true,false,false,false
1185,Gindi 3,Unknown,2024-05,COLD_LEAD,true,false,false,false
1170,Gindi 3,Unknown,2024-05,CHURN,false,false,false,false
1292,John Street 116,Financial District Polygon,2024-05,TRIAL,false,false,false,false
1159,John Street 116,Financial District Polygon,2024-05,TRIAL,false,false,false,false
1146,One Ten,Hoboken Polygon,2024-05,FREEMIUM,false,false,false,false
1230,One Ten,Hoboken Polygon,2024-05,FREEMIUM,false,false,false,false
1226,River Place,Hell's Kitchen Polygon,2024-05,FREEMIUM,false,false,false,false
1204,River Place,Hell's Kitchen Polygon,2024-05,ON_DEMAND_SUBSCRIPTION,false,true,false,true
1109,River Place,Hell's Kitchen Polygon,2024-05,CHURN,false,false,false,false
1231,River Place,Hell's Kitchen Polygon,2024-05,CHURN,false,false,false,false
1277,River Place,Hell's Kitchen Polygon,2024-05,TRIAL,false,false,false,false
1220,River Place,Hell's Kitchen Polygon,2024-05,TRIAL,true,false,false,false
1190,River Place,Hell's Kitchen Polygon,2024-05,ON_DEMAND_SUBSCRIPTION,true,true,false,true
1252,River Place,Hell's Kitchen Polygon,2024-05,FREEMIUM,false,false,false,false
1267,River Place,Hell's Kitchen Polygon,2024-05,ON_DEMAND_SUBSCRIPTION,false,true,false,true
1176,River Place,Hell's Kitchen Polygon,2024-05,CHURN,true,false,false,false
1111,River Place,Hell's Kitchen Polygon,2024-05,RECURRING_SUBSCRIPTION,false,true,true,false
1189,River Place,Hell's Kitchen Polygon,2024-05,FREEMIUM,false,false,false,false
1218,River Place,Hell's Kitchen Polygon,2024-05,CHURN,true,false,false,false
1247,River Place,Hell's Kitchen Polygon,2024-05,FREEMIUM,false,false,false,false
1196,River Place,Hell's Kitchen Polygon,2024-05,FREEMIUM,true,false,false,false
1199,River Place,Hell's Kitchen Polygon,2024-05,FREEMIUM,false,false,false,false
1257,River Place,Hell's Kitchen Polygon,2024-05,CHURN,true,false,false,false
1186,River Place,Hell's Kitchen Polygon,2024-05,TRIAL,false,false,false,false
542,River Place,Hell's Kitchen Polygon,2024-05,TRIAL,false,false,false,false
1222,River Place,Hell's Kitchen Polygon,2024-05,CHURN,true,false,false,false
1222,River Place,Hell's Kitchen Polygon,2024-05,CHURN,true,false,false,false
1169,River Place,Hell's Kitchen Polygon,2024-05,TRIAL,true,false,false,false
1196,River Place,Hell's Kitchen Polygon,2024-05,FREEMIUM,true,false,false,false
1246,River Place,Hell's Kitchen Polygon,2024-05,ON_DEMAND_SUBSCRIPTION,false,true,false,true
1228,Silver Towers,Hell's Kitchen Polygon,2024-05,FREEMIUM,false,false,false,false
1151,Silver Towers,Hell's Kitchen Polygon,2024-05,TRIAL,false,false,false,false
1244,Silver Towers,Hell's Kitchen Polygon,2024-05,WARM_LEAD,true,false,false,false
1238,Silver Towers,Hell's Kitchen Polygon,2024-05,TRIAL,true,false,false,false
664,Silver Towers,Hell's Kitchen Polygon,2024-05,CHURN,true,false,false,false
1061,Silver Towers,Hell's Kitchen Polygon,2024-05,RECURRING_SUBSCRIPTION,false,true,true,false
1216,Silver Towers,Hell's Kitchen Polygon,2024-05,FREEMIUM,false,false,false,false
1166,Silver Towers,Hell's Kitchen Polygon,2024-05,CHURN,true,false,false,false
11365,Silver Towers,Hell's Kitchen Polygon,2024-05,RECURRING_SUBSCRIPTION,false,true,true,false
1142,Silver Towers,Hell's Kitchen Polygon,2024-05,RECURRING_SUBSCRIPTION,true,true,true,false
1243,Silver Towers,Hell's Kitchen Polygon,2024-05,CHURN,false,false,false,false
1264,Silver Towers,Hell's Kitchen Polygon,2024-05,FREEMIUM,false,false,false,false
1269,Silver Towers,Hell's Kitchen Polygon,2024-05,FREEMIUM,false,false,false,false
1194,Silver Towers,Hell's Kitchen Polygon,2024-05,FREEMIUM,false,false,false,false
1217,Silver Towers,Hell's Kitchen Polygon,2024-05,FREEMIUM,false,false,false,false
1250,Silver Towers,Hell's Kitchen Polygon,2024-05,TRIAL,true,false,false,false
1193,Silver Towers,Hell's Kitchen Polygon,2024-05,ON_DEMAND_SUBSCRIPTION,false,true,false,true
514,Silver Towers,Hell's Kitchen Polygon,2024-05,TRIAL,true,false,false,false
1154,Silver Towers,Hell's Kitchen Polygon,2024-05,TRIAL,true,false,false,false
1180,Silver Towers,Hell's Kitchen Polygon,2024-05,FREEMIUM,false,false,false,false
1208,Silver Towers,Hell's Kitchen Polygon,2024-05,ON_DEMAND_SUBSCRIPTION,false,true,false,true
1160,Silver Towers,Hell's Kitchen Polygon,2024-05,CHURN,true,false,false,false
1258,Silver Towers,Hell's Kitchen Polygon,2024-05,TRIAL,false,false,false,false
1155,Silver Towers,Hell's Kitchen Polygon,2024-05,FREEMIUM,false,false,false,false
1221,Silver Towers,Hell's Kitchen Polygon,2024-05,ON_DEMAND_SUBSCRIPTION,false,true,false,true
1273,Silver Towers,Hell's Kitchen Polygon,2024-05,CHURN,true,false,false,false
1152,The Enclave,Hoboken Polygon,2024-05,ON_DEMAND_SUBSCRIPTION,false,true,false,true
1149,The Enclave,Hoboken Polygon,2024-05,FREEMIUM,false,false,false,false
1145,The Enclave,Hoboken Polygon,2024-05,FREEMIUM,false,false,false,false
1138,The Enclave,Hoboken Polygon,2024-05,FREEMIUM,false,false,false,false
1156,The Enclave,Hoboken Polygon,2024-05,FREEMIUM,false,false,false,false
1147,The Enclave,Hoboken Polygon,2024-05,FREEMIUM,true,false,false,false
1139,The Enclave,Hoboken Polygon,2024-05,FREEMIUM,false,false,false,false
1140,The Enclave,Hoboken Polygon,2024-05,FREEMIUM,false,false,false,false
1148,The Enclave,Hoboken Polygon,2024-05,FREEMIUM,true,false,false,false
1162,The Enclave,Hoboken Polygon,2024-05,CHURN,false,false,false,false
1255,The Ivy,Chatham / West Orange Polygon,2024-05,CHURN,false,false,false,false
1272,The Ivy,Chatham / West Orange Polygon,2024-05,FREEMIUM,false,false,false,false
1261,The Ivy,Chatham / West Orange Polygon,2024-05,CHURN,true,false,false,false
1253,The Ivy,Chatham / West Orange Polygon,2024-05,RECURRING_SUBSCRIPTION,true,true,true,false
1280,The Ivy,Chatham / West Orange Polygon,2024-05,WARM_LEAD,true,false,false,false
1281,The Ivy,Chatham / West Orange Polygon,2024-05,FREEMIUM,false,false,false,false
1229,The Ivy,Chatham / West Orange Polygon,2024-05,CHURN,true,false,false,false
1248,The Ivy,Chatham / West Orange Polygon,2024-05,FREEMIUM,false,false,false,false
1256,The Ivy,Chatham / West Orange Polygon,2024-05,FREEMIUM,true,false,false,false
1254,The Ivy,Chatham / West Orange Polygon,2024-05,FREEMIUM,false,false,false,false
1279,The Ivy,Chatham / West Orange Polygon,2024-05,ON_DEMAND_SUBSCRIPTION,false,true,false,true
1287,The Ivy,Chatham / West Orange Polygon,2024-05,RECURRING_SUBSCRIPTION,true,true,true,false
1288,The Ivy,Chatham / West Orange Polygon,2024-05,CHURN,false,false,false,false
1274,The Ivy,Chatham / West Orange Polygon,2024-05,FREEMIUM,false,false,false,false
1263,The Ivy,Chatham / West Orange Polygon,2024-05,FREEMIUM,true,false,false,false
1165,The Ivy,Chatham / West Orange Polygon,2024-05,RECURRING_SUBSCRIPTION,true,true,true,false
1406,100 House,Hoboken Polygon,2024-06,FREEMIUM,false,false,false,false
1347,100 House,Hoboken Polygon,2024-06,CHURN,false,false,false,false
1366,100 House,Hoboken Polygon,2024-06,FREEMIUM,false,false,false,false
1348,100 House,Hoboken Polygon,2024-06,WARM_LEAD,true,false,false,false
1345,100 House,Hoboken Polygon,2024-06,CHURN,true,false,false,false
1349,100 House,Hoboken Polygon,2024-06,FREEMIUM,false,false,false,false
1327,1 Boerum PL,Floating NY 2,2024-06,RECURRING_SUBSCRIPTION,false,true,true,false
1428,1 Boerum PL,Floating NY 2,2024-06,WARM_LEAD,true,false,false,false
1293,1 Boerum PL,Floating NY 2,2024-06,FREEMIUM,false,false,false,false
1456,1 Boerum PL,Floating NY 2,2024-06,FREEMIUM,true,false,false,false
1475,330W-56th,Hell's Kitchen Polygon,2024-06,FREEMIUM,false,false,false,false
1314,330W-56th,Hell's Kitchen Polygon,2024-06,FREEMIUM,false,false,false,false
1476,330W-56th,Hell's Kitchen Polygon,2024-06,FREEMIUM,true,false,false,false
1387,829 Garfield,Floating Jersey,2024-06,LEAD,false,false,false,false
1308,829 Garfield,Floating Jersey,2024-06,TRIAL,false,false,false,false
1317,829 Garfield,Floating Jersey,2024-06,TRIAL,false,false,false,false
96,Azrieli TLV,Unknown,2024-06,CHURN,false,false,false,false
1454,Azrieli TLV,Unknown,2024-06,COLD_LEAD,false,false,false,false
1468,Azrieli TLV,Unknown,2024-06,TRIAL,false,false,false,false
1331,Azrieli TLV,Unknown,2024-06,CHURN,false,false,false,false
1304,Azrieli TLV,Unknown,2024-06,CHURN,false,false,false,false
1481,Azrieli TLV,Unknown,2024-06,ON_DEMAND_SUBSCRIPTION,false,true,false,true
1315,Azrieli TLV,Unknown,2024-06,COLD_LEAD,true,false,false,false
1316,Azrieli TLV,Unknown,2024-06,CHURN,false,false,false,false
69,Gindi 1,Unknown,2024-06,COLD_LEAD,false,false,false,false
883,Gindi 1,Unknown,2024-06,CHURN,false,false,false,false
1309,Gindi 1,Unknown,2024-06,COLD_LEAD,true,false,false,false
1480,Gindi 1,Unknown,2024-06,COLD_LEAD,false,false,false,false
1376,Gindi 1,Unknown,2024-06,TRIAL,false,false,false,false
1234,Gindi 1,Unknown,2024-06,CHURN,false,false,false,false
1299,Gindi 1,Unknown,2024-06,TRIAL,false,false,false,false
883,Gindi 1,Unknown,2024-06,CHURN,false,false,false,false
1474,Gindi 1,Unknown,2024-06,TRIAL,false,false,false,false
1438,Gindi 1,Unknown,2024-06,TRIAL,false,false,false,false
1329,Gindi 1,Unknown,2024-06,COLD_LEAD,false,false,false,false
1392,Gindi 2,Unknown,2024-06,COLD_LEAD,false,false,false,false
1408,Gindi 2,Unknown,2024-06,CHURN,true,false,false,false
1477,Gindi 2,Unknown,2024-06,TRIAL,true,false,false,false
1297,Gindi 2,Unknown,2024-06,TRIAL,false,false,false,false
1466,Gindi 2,Unknown,2024-06,TRIAL,false,false,false,false
1305,Gindi 2,Unknown,2024-06,COLD_LEAD,false,false,false,false
1310,Gindi 2,Unknown,2024-06,TRIAL,false,false,false,false
1328,Gindi 2,Unknown,2024-06,TRIAL,false,false,false,false
1330,Gindi 2,Unknown,2024-06,COLD_LEAD,false,false,false,false
1444,Gindi 2,Unknown,2024-06,TRIAL,false,false,false,false
1392,Gindi 2,Unknown,2024-06,COLD_LEAD,false,false,false,false
1427,Gindi 2,Unknown,2024-06,COLD_LEAD,false,false,false,false
1420,Gindi 2,Unknown,2024-06,TRIAL,false,false,false,false
1390,Gindi 2,Unknown,2024-06,COLD_LEAD,false,false,false,false
553,Gindi 3,Unknown,2024-06,CHURN,true,false,false,false
546,Gindi 3,Unknown,2024-06,TRIAL,true,false,false,false
1385,Gindi 3,Unknown,2024-06,COLD_LEAD,false,false,false,false
1426,Gindi 3,Unknown,2024-06,COLD_LEAD,false,false,false,false
1275,Gindi 3,Unknown,2024-06,COLD_LEAD,false,false,false,false
1426,Gindi 3,Unknown,2024-06,COLD_LEAD,false,false,false,false
1445,Gindi 3,Unknown,2024-06,COLD_LEAD,false,false,false,false
1307,Gindi 3,Unknown,2024-06,COLD_LEAD,false,false,false,false
1301,Gindi 3,Unknown,2024-06,COLD_LEAD,false,false,false,false
1449,Gindi 3,Unknown,2024-06,FROZEN,false,false,false,false
9221,Gindi 4,Unknown,2024-06,CHURN,false,false,false,false
9221,Gindi 4,Unknown,2024-06,CHURN,false,false,false,false
1292,John Street 116,Financial District Polygon,2024-06,TRIAL,false,false,false,false
1384,John Street 116,Financial District Polygon,2024-06,FREEMIUM,false,false,false,false
1300,John Street 116,Financial District Polygon,2024-06,TRIAL,false,false,false,false
1318,John Street 116,Financial District Polygon,2024-06,FREEMIUM,false,false,false,false
1346,One Ten,Hoboken Polygon,2024-06,FREEMIUM,false,false,false,false
1339,One Ten,Hoboken Polygon,2024-06,FREEMIUM,false,false,false,false
1319,One Ten,Hoboken Polygon,2024-06,FREEMIUM,false,false,false,false
1369,One Ten,Hoboken Polygon,2024-06,WARM_LEAD,false,false,false,false
1383,River Place,Hell's Kitchen Polygon,2024-06,FREEMIUM,false,false,false,false
1374,River Place,Hell's Kitchen Polygon,2024-06,FREEMIUM,false,false,false,false
1358,River Place,Hell's Kitchen Polygon,2024-06,ON_DEMAND_SUBSCRIPTION,false,true,false,true
1446,River Place,Hell's Kitchen Polygon,2024-06,TRIAL,false,false,false,false
554,River Place,Hell's Kitchen Polygon,2024-06,RECURRING_SUBSCRIPTION,false,true,true,false
1350,River Place,Hell's Kitchen Polygon,2024-06,FREEMIUM,false,false,false,false
1371,River Place,Hell's Kitchen Polygon,2024-06,TRIAL,false,false,false,false
841,River Place,Hell's Kitchen Polygon,2024-06,ON_DEMAND_SUBSCRIPTION,false,true,false,true
1378,River Place,Hell's Kitchen Polygon,2024-06,TRIAL,false,false,false,false
1277,River Place,Hell's Kitchen Polygon,2024-06,TRIAL,false,false,false,false
1386,River Place,Hell's Kitchen Polygon,2024-06,TRIAL,false,false,false,false
623,River Place,Hell's Kitchen Polygon,2024-06,CHURN,true,false,false,false
1267,River Place,Hell's Kitchen Polygon,2024-06,ON_DEMAND_SUBSCRIPTION,false,true,false,true
1434,River Place,Hell's Kitchen Polygon,2024-06,FREEMIUM,true,false,false,false
1352,River Place,Hell's Kitchen Polygon,2024-06,FREEMIUM,false,false,false,false
1335,River Place,Hell's Kitchen Polygon,2024-06,FREEMIUM,true,false,false,false
1337,River Place,Hell's Kitchen Polygon,2024-06,FREEMIUM,false,false,false,false
1334,River Place,Hell's Kitchen Polygon,2024-06,FREEMIUM,false,false,false,false
1333,River Place,Hell's Kitchen Polygon,2024-06,ON_DEMAND_SUBSCRIPTION,false,true,false,true
1321,River Place,Hell's Kitchen Polygon,2024-06,FREEMIUM,false,false,false,false
1303,River Place,Hell's Kitchen Polygon,2024-06,FREEMIUM,true,false,false,false
1336,River Place,Hell's Kitchen Polygon,2024-06,FREEMIUM,false,false,false,false
1357,River Place,Hell's Kitchen Polygon,2024-06,FREEMIUM,true,false,false,false
514,Silver Towers,Hell's Kitchen Polygon,2024-06,TRIAL,true,false,false,false
1413,Silver Towers,Hell's Kitchen Polygon,2024-06,TRIAL,false,false,false,false
470,Silver Towers,Hell's Kitchen Polygon,2024-06,RECURRING_SUBSCRIPTION,true,true,true,false
11321,Silver Towers,Hell's Kitchen Polygon,2024-06,TRIAL,true,false,false,false
1367,Silver Towers,Hell's Kitchen Polygon,2024-06,FREEMIUM,false,false,false,false
1372,Silver Towers,Hell's Kitchen Polygon,2024-06,FREEMIUM,true,false,false,false
1365,Silver Towers,Hell's Kitchen Polygon,2024-06,FREEMIUM,false,false,false,false
1356,Silver Towers,Hell's Kitchen Polygon,2024-06,CHURN,true,false,false,false
514,Silver Towers,Hell's Kitchen Polygon,2024-06,TRIAL,true,false,false,false
514,Silver Towers,Hell's Kitchen Polygon,2024-06,TRIAL,true,false,false,false
1359,Silver Towers,Hell's Kitchen Polygon,2024-06,TRIAL,true,false,false,false
608,Silver Towers,Hell's Kitchen Polygon,2024-06,FREEMIUM,true,false,false,false
1433,Silver Towers,Hell's Kitchen Polygon,2024-06,FREEMIUM,true,false,false,false
1473,Silver Towers,Hell's Kitchen Polygon,2024-06,FREEMIUM,false,false,false,false
1469,Silver Towers,Hell's Kitchen Polygon,2024-06,ON_DEMAND_SUBSCRIPTION,false,true,false,true
1355,Silver Towers,Hell's Kitchen Polygon,2024-06,TRIAL,false,false,false,false
1373,Silver Towers,Hell's Kitchen Polygon,2024-06,FREEMIUM,false,false,false,false
514,Silver Towers,Hell's Kitchen Polygon,2024-06,TRIAL,true,false,false,false
1312,Silver Towers,Hell's Kitchen Polygon,2024-06,TRIAL,true,false,false,false
1379,Silver Towers,Hell's Kitchen Polygon,2024-06,FREEMIUM,false,false,false,false
1353,Silver Towers,Hell's Kitchen Polygon,2024-06,FREEMIUM,false,false,false,false
2101,Silver Towers,Hell's Kitchen Polygon,2024-06,RECURRING_SUBSCRIPTION,true,true,true,false
1354,Silver Towers,Hell's Kitchen Polygon,2024-06,FREEMIUM,false,false,false,false
1311,Silver Towers,Hell's Kitchen Polygon,2024-06,ON_DEMAND_SUBSCRIPTION,true,true,false,true
1180,Silver Towers,Hell's Kitchen Polygon,2024-06,FREEMIUM,false,false,false,false
1442,Silver Towers,Hell's Kitchen Polygon,2024-06,ON_DEMAND_SUBSCRIPTION,false,true,false,true
1447,Silver Towers,Hell's Kitchen Polygon,2024-06,CHURN,false,false,false,false
1368,Silver Towers,Hell's Kitchen Polygon,2024-06,FREEMIUM,false,false,false,false
1442,Silver Towers,Hell's Kitchen Polygon,2024-06,ON_DEMAND_SUBSCRIPTION,false,true,false,true
1298,Silver Towers,Hell's Kitchen Polygon,2024-06,CHURN,false,false,false,false
1448,Silver Towers,Hell's Kitchen Polygon,2024-06,ON_DEMAND_SUBSCRIPTION,true,true,false,true
1298,Silver Towers,Hell's Kitchen Polygon,2024-06,CHURN,false,false,false,false
514,Silver Towers,Hell's Kitchen Polygon,2024-06,TRIAL,true,false,false,false
1341,The Enclave,Hoboken Polygon,2024-06,FREEMIUM,false,false,false,false
1340,The Enclave,Hoboken Polygon,2024-06,WARM_LEAD,false,false,false,false
1364,The Enclave,Hoboken Polygon,2024-06,FREEMIUM,false,false,false,false
1344,The Enclave,Hoboken Polygon,2024-06,FREEMIUM,false,false,false,false
1411,The Enclave,Hoboken Polygon,2024-06,CHURN,true,false,false,false
1343,The Enclave,Hoboken Polygon,2024-06,FREEMIUM,false,false,false,false
1377,The Enclave,Hoboken Polygon,2024-06,FREEMIUM,false,false,false,false
1370,The Enclave,Hoboken Polygon,2024-06,FREEMIUM,false,false,false,false
1453,The Enclave,Hoboken Polygon,2024-06,TRIAL,false,false,false,false
1338,The Enclave,Hoboken Polygon,2024-06,FREEMIUM,false,false,false,false
1320,The Enclave,Hoboken Polygon,2024-06,FREEMIUM,true,false,false,false
1461,The Ivy,Chatham / West Orange Polygon,2024-06,ON_DEMAND_SUBSCRIPTION,true,true,false,true
1422,The Ivy,Chatham / West Orange Polygon,2024-06,FREEMIUM,false,false,false,false
1419,The Ivy,Chatham / West Orange Polygon,2024-06,FREEMIUM,true,false,false,false
1415,The Ivy,Chatham / West Orange Polygon,2024-06,FREEMIUM,true,false,false,false
1417,The Ivy,Chatham / West Orange Polygon,2024-06,FREEMIUM,false,false,false,false
1443,The Ivy,Chatham / West Orange Polygon,2024-06,FREEMIUM,false,false,false,false
1452,The Ivy,Chatham / West Orange Polygon,2024-06,FREEMIUM,false,false,false,false
1326,The Ivy,Chatham / West Orange Polygon,2024-06,TRIAL,false,false,false,false
1460,The Ivy,Chatham / West Orange Polygon,2024-06,CHURN,true,false,false,false
1455,The Ivy,Chatham / West Orange Polygon,2024-06,FREEMIUM,true,false,false,false
1458,The Ivy,Chatham / West Orange Polygon,2024-06,FREEMIUM,false,false,false,false
1302,The Ivy,Chatham / West Orange Polygon,2024-06,CHURN,false,false,false,false
1375,The Ivy,Chatham / West Orange Polygon,2024-06,FREEMIUM,false,false,false,false
1462,The Ivy,Chatham / West Orange Polygon,2024-06,FREEMIUM,false,false,false,false
1451,The Ivy,Chatham / West Orange Polygon,2024-06,WARM_LEAD,true,false,false,false
1463,The Ivy,Chatham / West Orange Polygon,2024-06,FREEMIUM,true,false,false,false
1459,The Ivy,Chatham / West Orange Polygon,2024-06,TRIAL,true,false,false,false
1421,The Ivy,Chatham / West Orange Polygon,2024-06,RECURRING_SUBSCRIPTION,false,true,true,false
1296,The Ivy,Chatham / West Orange Polygon,2024-06,FREEMIUM,false,false,false,false
1450,The Ivy,Chatham / West Orange Polygon,2024-06,FREEMIUM,true,false,false,false
1464,The Ivy,Chatham / West Orange Polygon,2024-06,FREEMIUM,false,false,false,false
1416,The Ivy,Chatham / West Orange Polygon,2024-06,RECURRING_SUBSCRIPTION,true,true,true,false
1578,100 House,Hoboken Polygon,2024-07,FREEMIUM,false,false,false,false
1669,100 House,Hoboken Polygon,2024-07,RECURRING_SUBSCRIPTION,true,true,true,false
1656,100 House,Hoboken Polygon,2024-07,RECURRING_SUBSCRIPTION,true,true,true,false
1490,100 House,Hoboken Polygon,2024-07,CHURN,true,false,false,false
1576,100 House,Hoboken Polygon,2024-07,CHURN,true,false,false,false
1677,100 House,Hoboken Polygon,2024-07,FREEMIUM,false,false,false,false
1732,1 Boerum PL,Floating NY 2,2024-07,ON_DEMAND_SUBSCRIPTION,true,true,false,true
1721,1 Boerum PL,Floating NY 2,2024-07,FREEMIUM,true,false,false,false
1616,1 Boerum PL,Floating NY 2,2024-07,FREEMIUM,true,false,false,false
1661,1 Boerum PL,Floating NY 2,2024-07,FREEMIUM,false,false,false,false
1716,330W-56th,Hell's Kitchen Polygon,2024-07,FREEMIUM,true,false,false,false
1486,330W-56th,Hell's Kitchen Polygon,2024-07,CHURN,true,false,false,false
1740,829 Garfield,Floating Jersey,2024-07,LEAD,false,false,false,false
1519,Azrieli TLV,Unknown,2024-07,COLD_LEAD,false,false,false,false
1737,Azrieli TLV,Unknown,2024-07,CHURN,true,false,false,false
321,Azrieli TLV,Unknown,2024-07,ON_DEMAND_SUBSCRIPTION,true,true,false,true
1315,Azrieli TLV,Unknown,2024-07,COLD_LEAD,true,false,false,false
1315,Azrieli TLV,Unknown,2024-07,COLD_LEAD,true,false,false,false
1624,Azrieli TLV,Unknown,2024-07,COLD_LEAD,false,false,false,false
1468,Azrieli TLV,Unknown,2024-07,TRIAL,false,false,false,false
1597,Azrieli TLV,Unknown,2024-07,ON_DEMAND_SUBSCRIPTION,true,true,false,true
1468,Azrieli TLV,Unknown,2024-07,TRIAL,false,false,false,false
548,Azrieli TLV,Unknown,2024-07,CHURN,true,false,false,false
324,Gindi 1,Unknown,2024-07,CHURN,true,false,false,false
876,Gindi 1,Unknown,2024-07,ON_DEMAND_SUBSCRIPTION,false,true,false,true
1026,Gindi 1,Unknown,2024-07,COLD_LEAD,false,false,false,false
83,Gindi 1,Unknown,2024-07,COLD_LEAD,false,false,false,false
1504,Gindi 1,Unknown,2024-07,COLD_LEAD,false,false,false,false
1505,Gindi 1,Unknown,2024-07,COLD_LEAD,false,false,false,false
1506,Gindi 1,Unknown,2024-07,COLD_LEAD,false,false,false,false
344,Gindi 1,Unknown,2024-07,TRIAL,true,false,false,false
1167,Gindi 1,Unknown,2024-07,WARM_LEAD,false,false,false,false
420,Gindi 1,Unknown,2024-07,CHURN,true,false,false,false
1242,Gindi 1,Unknown,2024-07,COLD_LEAD,false,false,false,false
220,Gindi 1,Unknown,2024-07,COLD_LEAD,false,false,false,false
1511,Gindi 1,Unknown,2024-07,COLD_LEAD,false,false,false,false
1512,Gindi 1,Unknown,2024-07,COLD_LEAD,false,false,false,false
1513,Gindi 1,Unknown,2024-07,COLD_LEAD,true,false,false,false
199,Gindi 1,Unknown,2024-07,TRIAL,false,false,false,false
83,Gindi 1,Unknown,2024-07,COLD_LEAD,false,false,false,false
1518,Gindi 1,Unknown,2024-07,TRIAL,false,false,false,false
1520,Gindi 1,Unknown,2024-07,COLD_LEAD,true,false,false,false
220,Gindi 1,Unknown,2024-07,COLD_LEAD,false,false,false,false
344,Gindi 1,Unknown,2024-07,TRIAL,true,false,false,false
1612,Gindi 1,Unknown,2024-07,COLD_LEAD,false,false,false,false
1621,Gindi 1,Unknown,2024-07,COLD_LEAD,true,false,false,false
1621,Gindi 1,Unknown,2024-07,COLD_LEAD,true,false,false,false
420,Gindi 1,Unknown,2024-07,CHURN,true,false,false,false
1629,Gindi 1,Unknown,2024-07,COLD_LEAD,false,false,false,false
909,Gindi 1,Unknown,2024-07,COLD_LEAD,true,false,false,false
909,Gindi 1,Unknown,2024-07,COLD_LEAD,true,false,false,false
1612,Gindi 1,Unknown,2024-07,COLD_LEAD,false,false,false,false
1673,Gindi 1,Unknown,2024-07,COLD_LEAD,false,false,false,false
922,Gindi 1,Unknown,2024-07,COLD_LEAD,false,false,false,false
1684,Gindi 1,Unknown,2024-07,COLD_LEAD,false,false,false,false
1689,Gindi 1,Unknown,2024-07,COLD_LEAD,false,false,false,false
1691,Gindi 1,Unknown,2024-07,COLD_LEAD,true,false,false,false
1691,Gindi 1,Unknown,2024-07,COLD_LEAD,true,false,false,false
1691,Gindi 1,Unknown,2024-07,COLD_LEAD,true,false,false,false
920,Gindi 1,Unknown,2024-07,CHURN,false,false,false,false
1697,Gindi 1,Unknown,2024-07,TRIAL,false,false,false,false
1697,Gindi 1,Unknown,2024-07,TRIAL,false,false,false,false
1699,Gindi 1,Unknown,2024-07,COLD_LEAD,false,false,false,false
1699,Gindi 1,Unknown,2024-07,COLD_LEAD,false,false,false,false
1699,Gindi 1,Unknown,2024-07,COLD_LEAD,false,false,false,false
85,Gindi 1,Unknown,2024-07,TRIAL,false,false,false,false
1702,Gindi 1,Unknown,2024-07,TRIAL,false,false,false,false
1702,Gindi 1,Unknown,2024-07,TRIAL,false,false,false,false
1703,Gindi 1,Unknown,2024-07,TRIAL,false,false,false,false
1024,Gindi 1,Unknown,2024-07,COLD_LEAD,false,false,false,false
1719,Gindi 1,Unknown,2024-07,COLD_LEAD,false,false,false,false
1684,Gindi 1,Unknown,2024-07,COLD_LEAD,false,false,false,false
1703,Gindi 1,Unknown,2024-07,TRIAL,false,false,false,false
1703,Gindi 1,Unknown,2024-07,TRIAL,false,false,false,false
1703,Gindi 1,Unknown,2024-07,TRIAL,false,false,false,false
1702,Gindi 1,Unknown,2024-07,TRIAL,false,false,false,false
1647,Gindi 2,Unknown,2024-07,COLD_LEAD,false,false,false,false
178,Gindi 2,Unknown,2024-07,LEAD,false,false,false,false
859,Gindi 2,Unknown,2024-07,COLD_LEAD,false,false,false,false
1727,Gindi 2,Unknown,2024-07,CHURN,true,false,false,false
1647,Gindi 2,Unknown,2024-07,COLD_LEAD,false,false,false,false
1531,Gindi 2,Unknown,2024-07,COLD_LEAD,false,false,false,false
1532,Gindi 2,Unknown,2024-07,TRIAL,true,false,false,false
1725,Gindi 2,Unknown,2024-07,COLD_LEAD,false,false,false,false
1650,Gindi 2,Unknown,2024-07,COLD_LEAD,false,false,false,false
1647,Gindi 2,Unknown,2024-07,COLD_LEAD,false,false,false,false
1668,Gindi 2,Unknown,2024-07,CHURN,true,false,false,false
539,Gindi 2,Unknown,2024-07,COLD_LEAD,false,false,false,false
202,Gindi 2,Unknown,2024-07,COLD_LEAD,false,false,false,false
805,Gindi 2,Unknown,2024-07,COLD_LEAD,false,false,false,false
1664,Gindi 2,Unknown,2024-07,ON_DEMAND_SUBSCRIPTION,false,true,false,true
1514,Gindi 2,Unknown,2024-07,COLD_LEAD,false,false,false,false
1515,Gindi 2,Unknown,2024-07,COLD_LEAD,false,false,false,false
282,Gindi 2,Unknown,2024-07,TRIAL,true,false,false,false
1522,Gindi 2,Unknown,2024-07,COLD_LEAD,false,false,false,false
206,Gindi 2,Unknown,2024-07,CHURN,false,false,false,false
1523,Gindi 2,Unknown,2024-07,COLD_LEAD,false,false,false,false
1650,Gindi 2,Unknown,2024-07,COLD_LEAD,false,false,false,false
1585,Gindi 2,Unknown,2024-07,COLD_LEAD,false,false,false,false
1588,Gindi 2,Unknown,2024-07,COLD_LEAD,false,false,false,false
1328,Gindi 2,Unknown,2024-07,TRIAL,false,false,false,false
1532,Gindi 2,Unknown,2024-07,TRIAL,true,false,false,false
455,Gindi 2,Unknown,2024-07,CHURN,true,false,false,false
1647,Gindi 2,Unknown,2024-07,COLD_LEAD,false,false,false,false
192,Gindi 2,Unknown,2024-07,COLD_LEAD,false,false,false,false
1522,Gindi 2,Unknown,2024-07,COLD_LEAD,false,false,false,false
1609,Gindi 2,Unknown,2024-07,COLD_LEAD,false,false,false,false
1617,Gindi 2,Unknown,2024-07,COLD_LEAD,false,false,false,false
1609,Gindi 2,Unknown,2024-07,COLD_LEAD,false,false,false,false
178,Gindi 2,Unknown,2024-07,LEAD,false,false,false,false
178,Gindi 2,Unknown,2024-07,LEAD,false,false,false,false
1514,Gindi 2,Unknown,2024-07,COLD_LEAD,false,false,false,false
1531,Gindi 2,Unknown,2024-07,COLD_LEAD,false,false,false,false
1632,Gindi 2,Unknown,2024-07,COLD_LEAD,false,false,false,false
299,Gindi 3,Unknown,2024-07,ON_DEMAND_SUBSCRIPTION,true,true,false,true
236,Gindi 3,Unknown,2024-07,TRIAL,false,false,false,false
1623,Gindi 3,Unknown,2024-07,COLD_LEAD,false,false,false,false
1678,Gindi 3,Unknown,2024-07,COLD_LEAD,false,false,false,false
1678,Gindi 3,Unknown,2024-07,COLD_LEAD,false,false,false,false
1724,Gindi 3,Unknown,2024-07,COLD_LEAD,false,false,false,false
510,Gindi 3,Unknown,2024-07,COLD_LEAD,true,false,false,false
1636,Gindi 3,Unknown,2024-07,COLD_LEAD,false,false,false,false
1642,Gindi 3,Unknown,2024-07,COLD_LEAD,false,false,false,false
1678,Gindi 3,Unknown,2024-07,COLD_LEAD,false,false,false,false
752,Gindi 3,Unknown,2024-07,CHURN,true,false,false,false
1679,Gindi 3,Unknown,2024-07,COLD_LEAD,false,false,false,false
1633,Gindi 3,Unknown,2024-07,CHURN,false,false,false,false
463,Gindi 3,Unknown,2024-07,CHURN,true,false,false,false
1620,Gindi 3,Unknown,2024-07,COLD_LEAD,false,false,false,false
1651,Gindi 3,Unknown,2024-07,CHURN,true,false,false,false
885,Gindi 3,Unknown,2024-07,COLD_LEAD,true,false,false,false
299,Gindi 3,Unknown,2024-07,ON_DEMAND_SUBSCRIPTION,true,true,false,true
1499,Gindi 3,Unknown,2024-07,COLD_LEAD,false,false,false,false
1500,Gindi 3,Unknown,2024-07,COLD_LEAD,false,false,false,false
299,Gindi 3,Unknown,2024-07,ON_DEMAND_SUBSCRIPTION,true,true,false,true
1643,Gindi 3,Unknown,2024-07,COLD_LEAD,false,false,false,false
1245,Gindi 3,Unknown,2024-07,COLD_LEAD,false,false,false,false
1232,Gindi 3,Unknown,2024-07,COLD_LEAD,true,false,false,false
1245,Gindi 3,Unknown,2024-07,COLD_LEAD,false,false,false,false
1507,Gindi 3,Unknown,2024-07,COLD_LEAD,false,false,false,false
1485,Gindi 3,Unknown,2024-07,CHURN,true,false,false,false
1508,Gindi 3,Unknown,2024-07,COLD_LEAD,false,false,false,false
1509,Gindi 3,Unknown,2024-07,COLD_LEAD,false,false,false,false
1509,Gindi 3,Unknown,2024-07,COLD_LEAD,false,false,false,false
1032,Gindi 3,Unknown,2024-07,COLD_LEAD,false,false,false,false
1510,Gindi 3,Unknown,2024-07,COLD_LEAD,false,false,false,false
1641,Gindi 3,Unknown,2024-07,COLD_LEAD,false,false,false,false
905,Gindi 3,Unknown,2024-07,COLD_LEAD,false,false,false,false
1516,Gindi 3,Unknown,2024-07,TRIAL,false,false,false,false
1301,Gindi 3,Unknown,2024-07,COLD_LEAD,false,false,false,false
1642,Gindi 3,Unknown,2024-07,COLD_LEAD,false,false,false,false
1185,Gindi 3,Unknown,2024-07,COLD_LEAD,true,false,false,false
463,Gindi 3,Unknown,2024-07,CHURN,true,false,false,false
752,Gindi 3,Unknown,2024-07,CHURN,true,false,false,false
275,Gindi 3,Unknown,2024-07,ON_DEMAND_SUBSCRIPTION,true,true,false,true
1245,Gindi 3,Unknown,2024-07,COLD_LEAD,false,false,false,false
1536,Gindi 3,Unknown,2024-07,TRIAL,false,false,false,false
1503,Gindi 3,Unknown,2024-07,TRIAL,true,false,false,false
1610,Gindi 3,Unknown,2024-07,COLD_LEAD,false,false,false,false
1610,Gindi 3,Unknown,2024-07,COLD_LEAD,false,false,false,false
1549,Gindi 3,Unknown,2024-07,COLD_LEAD,false,false,false,false
1007,Gindi 3,Unknown,2024-07,ON_DEMAND_SUBSCRIPTION,false,true,false,true
1679,Gindi 3,Unknown,2024-07,COLD_LEAD,false,false,false,false
1733,Gindi 3,Unknown,2024-07,ON_DEMAND_SUBSCRIPTION,false,true,false,true
1245,Gindi 3,Unknown,2024-07,COLD_LEAD,false,false,false,false
1678,Gindi 3,Unknown,2024-07,COLD_LEAD,false,false,false,false
1611,Gindi 3,Unknown,2024-07,COLD_LEAD,false,false,false,false
1678,Gindi 3,Unknown,2024-07,COLD_LEAD,false,false,false,false
1007,Gindi 3,Unknown,2024-07,ON_DEMAND_SUBSCRIPTION,false,true,false,true
1583,Gindi 3,Unknown,2024-07,COLD_LEAD,false,false,false,false
1651,Gindi 3,Unknown,2024-07,CHURN,true,false,false,false
1611,Gindi 3,Unknown,2024-07,COLD_LEAD,false,false,false,false
1636,Gindi 3,Unknown,2024-07,COLD_LEAD,false,false,false,false
1175,Gindi 3,Unknown,2024-07,COLD_LEAD,true,false,false,false
1717,Gindi 3,Unknown,2024-07,COLD_LEAD,false,false,false,false
1589,Gindi 3,Unknown,2024-07,COLD_LEAD,false,false,false,false
1679,Gindi 3,Unknown,2024-07,COLD_LEAD,false,false,false,false
1622,Gindi 4,Unknown,2024-07,CHURN,false,false,false,false
1491,John Street 116,Financial District Polygon,2024-07,FREEMIUM,false,false,false,false
1731,John Street 116,Financial District Polygon,2024-07,CHURN,true,false,false,false
1726,John Street 116,Financial District Polygon,2024-07,TRIAL,true,false,false,false
1630,John Street 116,Financial District Polygon,2024-07,TRIAL,false,false,false,false
1538,John Street 116,Financial District Polygon,2024-07,FREEMIUM,true,false,false,false
1577,One Ten,Hoboken Polygon,2024-07,FREEMIUM,false,false,false,false
1653,One Ten,Hoboken Polygon,2024-07,FREEMIUM,false,false,false,false
1690,One Ten,Hoboken Polygon,2024-07,FREEMIUM,true,false,false,false
1663,One Ten,Hoboken Polygon,2024-07,FREEMIUM,false,false,false,false
1738,One Ten,Hoboken Polygon,2024-07,FREEMIUM,true,false,false,false
1596,One Ten,Hoboken Polygon,2024-07,CHURN,false,false,false,false
1575,One Ten,Hoboken Polygon,2024-07,FREEMIUM,false,false,false,false
1652,One Ten,Hoboken Polygon,2024-07,FREEMIUM,false,false,false,false
1659,One Ten,Hoboken Polygon,2024-07,FREEMIUM,false,false,false,false
1488,One Ten,Hoboken Polygon,2024-07,FREEMIUM,false,false,false,false
1745,River Place,Hell's Kitchen Polygon,2024-07,CHURN,true,false,false,false
1489,River Place,Hell's Kitchen Polygon,2024-07,FREEMIUM,true,false,false,false
1542,River Place,Hell's Kitchen Polygon,2024-07,ON_DEMAND_SUBSCRIPTION,true,true,false,true
1665,River Place,Hell's Kitchen Polygon,2024-07,ON_DEMAND_SUBSCRIPTION,true,true,false,true
1722,River Place,Hell's Kitchen Polygon,2024-07,TRIAL,true,false,false,false
554,River Place,Hell's Kitchen Polygon,2024-07,RECURRING_SUBSCRIPTION,false,true,true,false
2527,River Place,Hell's Kitchen Polygon,2024-07,ON_DEMAND_SUBSCRIPTION,false,true,false,true
1055,River Place,Hell's Kitchen Polygon,2024-07,TRIAL,true,false,false,false
1055,River Place,Hell's Kitchen Polygon,2024-07,TRIAL,true,false,false,false
1615,River Place,Hell's Kitchen Polygon,2024-07,TRIAL,false,false,false,false
1674,River Place,Hell's Kitchen Polygon,2024-07,FREEMIUM,false,false,false,false
1674,River Place,Hell's Kitchen Polygon,2024-07,FREEMIUM,false,false,false,false
1686,River Place,Hell's Kitchen Polygon,2024-07,RECURRING_SUBSCRIPTION,true,true,true,false
1628,River Place,Hell's Kitchen Polygon,2024-07,TRIAL,false,false,false,false
1712,River Place,Hell's Kitchen Polygon,2024-07,FREEMIUM,false,false,false,false
2527,River Place,Hell's Kitchen Polygon,2024-07,ON_DEMAND_SUBSCRIPTION,false,true,false,true
1383,River Place,Hell's Kitchen Polygon,2024-07,FREEMIUM,false,false,false,false
582,River Place,Hell's Kitchen Polygon,2024-07,FREEMIUM,true,false,false,false
1676,River Place,Hell's Kitchen Polygon,2024-07,CHURN,true,false,false,false
1582,River Place,Hell's Kitchen Polygon,2024-07,FREEMIUM,true,false,false,false
1718,River Place,Hell's Kitchen Polygon,2024-07,FREEMIUM,true,false,false,false
1543,River Place,Hell's Kitchen Polygon,2024-07,FREEMIUM,true,false,false,false
1692,Silver Towers,Hell's Kitchen Polygon,2024-07,FREEMIUM,false,false,false,false
1692,Silver Towers,Hell's Kitchen Polygon,2024-07,FREEMIUM,false,false,false,false
1667,Silver Towers,Hell's Kitchen Polygon,2024-07,ON_DEMAND_SUBSCRIPTION,true,true,false,true
633,Silver Towers,Hell's Kitchen Polygon,2024-07,RECURRING_SUBSCRIPTION,false,true,true,false
1521,Silver Towers,Hell's Kitchen Polygon,2024-07,ON_DEMAND_SUBSCRIPTION,true,true,false,true
1494,Silver Towers,Hell's Kitchen Polygon,2024-07,ON_DEMAND_SUBSCRIPTION,false,true,false,true
541,Silver Towers,Hell's Kitchen Polygon,2024-07,TRIAL,false,false,false,false
1483,Silver Towers,Hell's Kitchen Polygon,2024-07,FREEMIUM,false,false,false,false
541,Silver Towers,Hell's Kitchen Polygon,2024-07,TRIAL,false,false,false,false
1539,Silver Towers,Hell's Kitchen Polygon,2024-07,FREEMIUM,false,false,false,false
1681,Silver Towers,Hell's Kitchen Polygon,2024-07,RECURRING_SUBSCRIPTION,true,true,true,false
1744,Silver Towers,Hell's Kitchen Polygon,2024-07,ON_DEMAND_SUBSCRIPTION,true,true,false,true
467,Silver Towers,Hell's Kitchen Polygon,2024-07,FREEMIUM,true,false,false,false
1735,Silver Towers,Hell's Kitchen Polygon,2024-07,TRIAL,false,false,false,false
1742,Silver Towers,Hell's Kitchen Polygon,2024-07,FREEMIUM,false,false,false,false
1529,Silver Towers,Hell's Kitchen Polygon,2024-07,CHURN,true,false,false,false
1728,Silver Towers,Hell's Kitchen Polygon,2024-07,LEAD,true,false,false,false
1681,Silver Towers,Hell's Kitchen Polygon,2024-07,RECURRING_SUBSCRIPTION,true,true,true,false
1723,Silver Towers,Hell's Kitchen Polygon,2024-07,FREEMIUM,false,false,false,false
1068,Silver Towers,Hell's Kitchen Polygon,2024-07,TRIAL,true,false,false,false
1595,Silver Towers,Hell's Kitchen Polygon,2024-07,FREEMIUM,false,false,false,false
1493,Silver Towers,Hell's Kitchen Polygon,2024-07,ON_DEMAND_SUBSCRIPTION,true,true,false,true
1713,Silver Towers,Hell's Kitchen Polygon,2024-07,TRIAL,false,false,false,false
1720,Silver Towers,Hell's Kitchen Polygon,2024-07,WARM_LEAD,true,false,false,false
1681,Silver Towers,Hell's Kitchen Polygon,2024-07,RECURRING_SUBSCRIPTION,true,true,true,false
1681,Silver Towers,Hell's Kitchen Polygon,2024-07,RECURRING_SUBSCRIPTION,true,true,true,false
1534,Silver Towers,Hell's Kitchen Polygon,2024-07,TRIAL,true,false,false,false
1657,Silver Towers,Hell's Kitchen Polygon,2024-07,TRIAL,false,false,false,false
1535,Silver Towers,Hell's Kitchen Polygon,2024-07,WARM_LEAD,true,false,false,false
1528,Silver Towers,Hell's Kitchen Polygon,2024-07,ON_DEMAND_SUBSCRIPTION,true,true,false,true
1530,The Enclave,Hoboken Polygon,2024-07,CHURN,false,false,false,false
1711,The Enclave,Hoboken Polygon,2024-07,FREEMIUM,false,false,false,false
1569,The Enclave,Hoboken Polygon,2024-07,CHURN,true,false,false,false
1590,The Enclave,Hoboken Polygon,2024-07,FREEMIUM,false,false,false,false
1487,The Enclave,Hoboken Polygon,2024-07,FREEMIUM,false,false,false,false
1660,The Enclave,Hoboken Polygon,2024-07,FREEMIUM,false,false,false,false
1635,The Enclave,Hoboken Polygon,2024-07,FREEMIUM,false,false,false,false
1533,The Enclave,Hoboken Polygon,2024-07,TRIAL,false,false,false,false
1736,The Enclave,Hoboken Polygon,2024-07,FREEMIUM,true,false,false,false
1658,The Enclave,Hoboken Polygon,2024-07,FREEMIUM,false,false,false,false
1638,The Enclave,Hoboken Polygon,2024-07,FREEMIUM,true,false,false,false
1685,The Ivy,Chatham / West Orange Polygon,2024-07,TRIAL,true,false,false,false
1701,The Ivy,Chatham / West Orange Polygon,2024-07,TRIAL,false,false,false,false
1734,The Ivy,Chatham / West Orange Polygon,2024-07,RECURRING_SUBSCRIPTION,true,true,true,false
1746,The Ivy,Chatham / West Orange Polygon,2024-07,FREEMIUM,false,false,false,false
1887,100 House,Hoboken Polygon,2024-08,FREEMIUM,false,false,false,false
1913,100 House,Hoboken Polygon,2024-08,FREEMIUM,false,false,false,false
1949,100 House,Hoboken Polygon,2024-08,FREEMIUM,false,false,false,false
1940,100 House,Hoboken Polygon,2024-08,FREEMIUM,false,false,false,false
1937,1 Boerum PL,Floating NY 2,2024-08,FREEMIUM,true,false,false,false
1965,1 Boerum PL,Floating NY 2,2024-08,CHURN,true,false,false,false
1910,20 Broad Street,Hell's Kitchen Polygon,2024-08,FREEMIUM,true,false,false,false
1878,300 Somerset,Harrison Polygon,2024-08,TRIAL,false,false,false,false
1935,300 Somerset,Harrison Polygon,2024-08,FREEMIUM,false,false,false,false
1816,300 Somerset,Harrison Polygon,2024-08,FREEMIUM,false,false,false,false
1807,300 Somerset,Harrison Polygon,2024-08,CHURN,false,false,false,false
1832,300 Somerset,Harrison Polygon,2024-08,FREEMIUM,true,false,false,false
1833,300 Somerset,Harrison Polygon,2024-08,CHURN,true,false,false,false
1895,300 Somerset,Harrison Polygon,2024-08,FREEMIUM,true,false,false,false
1896,300 Somerset,Harrison Polygon,2024-08,FREEMIUM,true,false,false,false
1841,300 Somerset,Harrison Polygon,2024-08,FREEMIUM,false,false,false,false
1908,300 Somerset,Harrison Polygon,2024-08,FREEMIUM,false,false,false,false
1852,300 Somerset,Harrison Polygon,2024-08,FREEMIUM,false,false,false,false
1884,300 Somerset,Harrison Polygon,2024-08,RECURRING_SUBSCRIPTION,true,true,true,false
1821,300 Somerset,Harrison Polygon,2024-08,TRIAL,true,false,false,false
1805,300 Somerset,Harrison Polygon,2024-08,TRIAL,true,false,false,false
1811,300 Somerset,Harrison Polygon,2024-08,TRIAL,false,false,false,false
1848,300 Somerset,Harrison Polygon,2024-08,FREEMIUM,false,false,false,false
1843,300 Somerset,Harrison Polygon,2024-08,TRIAL,false,false,false,false
1909,300 Somerset,Harrison Polygon,2024-08,FREEMIUM,false,false,false,false
1879,300 Somerset,Harrison Polygon,2024-08,FREEMIUM,false,false,false,false
1849,300 Somerset,Harrison Polygon,2024-08,CHURN,true,false,false,false
1825,300 Somerset,Harrison Polygon,2024-08,FREEMIUM,true,false,false,false
1823,300 Somerset,Harrison Polygon,2024-08,FREEMIUM,true,false,false,false
1960,300 Somerset,Harrison Polygon,2024-08,FREEMIUM,false,false,false,false
1822,300 Somerset,Harrison Polygon,2024-08,FREEMIUM,true,false,false,false
1933,300 Somerset,Harrison Polygon,2024-08,FREEMIUM,false,false,false,false
1820,300 Somerset,Harrison Polygon,2024-08,FREEMIUM,false,false,false,false
1813,300 Somerset,Harrison Polygon,2024-08,FREEMIUM,true,false,false,false
1850,300 Somerset,Harrison Polygon,2024-08,RECURRING_SUBSCRIPTION,true,true,true,false
1801,300 Somerset,Harrison Polygon,2024-08,FREEMIUM,false,false,false,false
1955,300 Somerset,Harrison Polygon,2024-08,FREEMIUM,false,false,false,false
1796,300 Somerset,Harrison Polygon,2024-08,FREEMIUM,false,false,false,false
1917,300 Somerset,Harrison Polygon,2024-08,ON_DEMAND_SUBSCRIPTION,true,true,false,true
1819,300 Somerset,Harrison Polygon,2024-08,ON_DEMAND_SUBSCRIPTION,true,true,false,true
1932,300 Somerset,Harrison Polygon,2024-08,FREEMIUM,true,false,false,false
1982,300 Somerset,Harrison Polygon,2024-08,TRIAL,false,false,false,false
1793,300 Somerset,Harrison Polygon,2024-08,FREEMIUM,true,false,false,false
1817,300 Somerset,Harrison Polygon,2024-08,FREEMIUM,false,false,false,false
1790,300 Somerset,Harrison Polygon,2024-08,CHURN,false,false,false,false
1943,300 Somerset,Harrison Polygon,2024-08,CHURN,true,false,false,false
1869,300 Somerset,Harrison Polygon,2024-08,FREEMIUM,false,false,false,false
1824,300 Somerset,Harrison Polygon,2024-08,CHURN,true,false,false,false
1893,300 Somerset,Harrison Polygon,2024-08,CHURN,true,false,false,false
1792,300 Somerset,Harrison Polygon,2024-08,FREEMIUM,true,false,false,false
1894,300 Somerset,Harrison Polygon,2024-08,FREEMIUM,false,false,false,false
1889,300 Somerset,Harrison Polygon,2024-08,FREEMIUM,false,false,false,false
1881,300 Somerset,Harrison Polygon,2024-08,FREEMIUM,false,false,false,false
1865,300 Somerset,Harrison Polygon,2024-08,CHURN,false,false,false,false
1847,300 Somerset,Harrison Polygon,2024-08,FREEMIUM,true,false,false,false
1891,300 Somerset,Harrison Polygon,2024-08,FREEMIUM,false,false,false,false
1930,330 Angelo Cifelli,Harrison Polygon,2024-08,CHURN,true,false,false,false
1903,330 Angelo Cifelli,Harrison Polygon,2024-08,FREEMIUM,true,false,false,false
1830,330 Angelo Cifelli,Harrison Polygon,2024-08,FREEMIUM,false,false,false,false
1916,330 Angelo Cifelli,Harrison Polygon,2024-08,FREEMIUM,false,false,false,false
1812,330 Angelo Cifelli,Harrison Polygon,2024-08,TRIAL,true,false,false,false
1983,330 Angelo Cifelli,Harrison Polygon,2024-08,TRIAL,true,false,false,false
1866,330 Angelo Cifelli,Harrison Polygon,2024-08,FREEMIUM,false,false,false,false
1885,330 Angelo Cifelli,Harrison Polygon,2024-08,RECURRING_SUBSCRIPTION,true,true,true,false
1886,330 Angelo Cifelli,Harrison Polygon,2024-08,FREEMIUM,false,false,false,false
1927,330 Angelo Cifelli,Harrison Polygon,2024-08,FREEMIUM,false,false,false,false
1844,330 Angelo Cifelli,Harrison Polygon,2024-08,TRIAL,true,false,false,false
1877,330 Angelo Cifelli,Harrison Polygon,2024-08,FREEMIUM,false,false,false,false
1929,330 Angelo Cifelli,Harrison Polygon,2024-08,FREEMIUM,false,false,false,false
1977,330 Angelo Cifelli,Harrison Polygon,2024-08,FREEMIUM,false,false,false,false
1836,330 Angelo Cifelli,Harrison Polygon,2024-08,TRIAL,true,false,false,false
1829,330 Angelo Cifelli,Harrison Polygon,2024-08,FREEMIUM,true,false,false,false
1831,330 Angelo Cifelli,Harrison Polygon,2024-08,FREEMIUM,false,false,false,false
1826,330 Angelo Cifelli,Harrison Polygon,2024-08,FREEMIUM,false,false,false,false
1814,330 Angelo Cifelli,Harrison Polygon,2024-08,RECURRING_SUBSCRIPTION,true,true,true,false
1868,330 Angelo Cifelli,Harrison Polygon,2024-08,FREEMIUM,false,false,false,false
1828,330 Angelo Cifelli,Harrison Polygon,2024-08,FREEMIUM,false,false,false,false
1892,330 Angelo Cifelli,Harrison Polygon,2024-08,CHURN,true,false,false,false
1791,330 Angelo Cifelli,Harrison Polygon,2024-08,FREEMIUM,false,false,false,false
1948,330 Angelo Cifelli,Harrison Polygon,2024-08,TRIAL,false,false,false,false
1799,330 Angelo Cifelli,Harrison Polygon,2024-08,RECURRING_SUBSCRIPTION,true,true,true,false
2022,330 Angelo Cifelli,Harrison Polygon,2024-08,TRIAL,false,false,false,false
1882,330 Angelo Cifelli,Harrison Polygon,2024-08,CHURN,true,false,false,false
1854,330W-56th,Hell's Kitchen Polygon,2024-08,FREEMIUM,false,false,false,false
1911,330W-56th,Hell's Kitchen Polygon,2024-08,FREEMIUM,false,false,false,false
1953,330W-56th,Hell's Kitchen Polygon,2024-08,FREEMIUM,true,false,false,false
1925,Azrieli TLV,Unknown,2024-08,COLD_LEAD,false,false,false,false
1996,Azrieli TLV,Unknown,2024-08,COLD_LEAD,false,false,false,false
1921,Azrieli TLV,Unknown,2024-08,COLD_LEAD,false,false,false,false
1624,Azrieli TLV,Unknown,2024-08,COLD_LEAD,false,false,false,false
3913,Azrieli TLV,Unknown,2024-08,COLD_LEAD,false,false,false,false
1978,Azrieli TLV,Unknown,2024-08,TRIAL,false,false,false,false
1783,Azrieli TLV,Unknown,2024-08,COLD_LEAD,false,false,false,false
1956,Azrieli TLV,Unknown,2024-08,CHURN,false,false,false,false
22,Azrieli TLV,Unknown,2024-08,ON_DEMAND_SUBSCRIPTION,true,true,false,true
1751,Azrieli TLV,Unknown,2024-08,COLD_LEAD,false,false,false,false
1925,Azrieli TLV,Unknown,2024-08,COLD_LEAD,false,false,false,false
1925,Azrieli TLV,Unknown,2024-08,COLD_LEAD,false,false,false,false
1905,Azrieli TLV,Unknown,2024-08,TRIAL,false,false,false,false
2097,Azrieli TLV,Unknown,2024-08,CHURN,false,false,false,false
1237,Azrieli TLV,Unknown,2024-08,ON_DEMAND_SUBSCRIPTION,false,true,false,true
1978,Azrieli TLV,Unknown,2024-08,TRIAL,false,false,false,false
1737,Azrieli TLV,Unknown,2024-08,CHURN,true,false,false,false
1691,Gindi 1,Unknown,2024-08,COLD_LEAD,true,false,false,false
1511,Gindi 1,Unknown,2024-08,COLD_LEAD,false,false,false,false
89,Gindi 1,Unknown,2024-08,TRIAL,false,false,false,false
1520,Gindi 1,Unknown,2024-08,COLD_LEAD,true,false,false,false
502,Gindi 1,Unknown,2024-08,TRIAL,true,false,false,false
1697,Gindi 1,Unknown,2024-08,TRIAL,false,false,false,false
1904,Gindi 1,Unknown,2024-08,CHURN,false,false,false,false
129,Gindi 1,Unknown,2024-08,COLD_LEAD,false,false,false,false
1752,Gindi 1,Unknown,2024-08,COLD_LEAD,false,false,false,false
2012,Gindi 1,Unknown,2024-08,COLD_LEAD,false,false,false,false
2013,Gindi 1,Unknown,2024-08,TRIAL,true,false,false,false
91,Gindi 1,Unknown,2024-08,CHURN,false,false,false,false
2014,Gindi 1,Unknown,2024-08,COLD_LEAD,false,false,false,false
2014,Gindi 1,Unknown,2024-08,COLD_LEAD,false,false,false,false
929,Gindi 1,Unknown,2024-08,ON_DEMAND_SUBSCRIPTION,false,true,false,true
876,Gindi 1,Unknown,2024-08,ON_DEMAND_SUBSCRIPTION,false,true,false,true
212,Gindi 1,Unknown,2024-08,TRIAL,true,false,false,false
345,Gindi 1,Unknown,2024-08,CHURN,true,false,false,false
2029,Gindi 1,Unknown,2024-08,COLD_LEAD,false,false,false,false
1309,Gindi 1,Unknown,2024-08,COLD_LEAD,true,false,false,false
1788,Gindi 1,Unknown,2024-08,ON_DEMAND_SUBSCRIPTION,true,true,false,true
212,Gindi 1,Unknown,2024-08,TRIAL,true,false,false,false
455,Gindi 2,Unknown,2024-08,CHURN,true,false,false,false
805,Gindi 2,Unknown,2024-08,COLD_LEAD,false,false,false,false
455,Gindi 2,Unknown,2024-08,CHURN,true,false,false,false
1011,Gindi 2,Unknown,2024-08,TRIAL,false,false,false,false
1305,Gindi 2,Unknown,2024-08,COLD_LEAD,false,false,false,false
1897,Gindi 2,Unknown,2024-08,COLD_LEAD,false,false,false,false
1531,Gindi 2,Unknown,2024-08,COLD_LEAD,false,false,false,false
1104,Gindi 2,Unknown,2024-08,COLD_LEAD,false,false,false,false
1523,Gindi 2,Unknown,2024-08,COLD_LEAD,false,false,false,false
1019,Gindi 2,Unknown,2024-08,CHURN,true,false,false,false
1970,Gindi 2,Unknown,2024-08,COLD_LEAD,false,false,false,false
1668,Gindi 2,Unknown,2024-08,CHURN,true,false,false,false
1235,Gindi 2,Unknown,2024-08,COLD_LEAD,false,false,false,false
227,Gindi 2,Unknown,2024-08,TRIAL,false,false,false,false
1164,Gindi 2,Unknown,2024-08,TRIAL,false,false,false,false
2024,Gindi 2,Unknown,2024-08,COLD_LEAD,false,false,false,false
1164,Gindi 2,Unknown,2024-08,TRIAL,false,false,false,false
2100,Gindi 2,Unknown,2024-08,COLD_LEAD,false,false,false,false
539,Gindi 2,Unknown,2024-08,COLD_LEAD,false,false,false,false
455,Gindi 2,Unknown,2024-08,CHURN,true,false,false,false
1588,Gindi 2,Unknown,2024-08,COLD_LEAD,false,false,false,false
1759,Gindi 2,Unknown,2024-08,COLD_LEAD,false,false,false,false
1650,Gindi 2,Unknown,2024-08,COLD_LEAD,false,false,false,false
1040,Gindi 2,Unknown,2024-08,CHURN,true,false,false,false
1747,Gindi 2,Unknown,2024-08,COLD_LEAD,false,false,false,false
1902,Gindi 2,Unknown,2024-08,COLD_LEAD,false,false,false,false
1853,Gindi 2,Unknown,2024-08,COLD_LEAD,false,false,false,false
1862,Gindi 2,Unknown,2024-08,COLD_LEAD,false,false,false,false
1941,Gindi 3,Unknown,2024-08,COLD_LEAD,false,false,false,false
1772,Gindi 3,Unknown,2024-08,COLD_LEAD,false,false,false,false
327,Gindi 3,Unknown,2024-08,CHURN,true,false,false,false
2028,Gindi 3,Unknown,2024-08,COLD_LEAD,false,false,false,false
1611,Gindi 3,Unknown,2024-08,COLD_LEAD,false,false,false,false
500,Gindi 3,Unknown,2024-08,TRIAL,true,false,false,false
2015,Gindi 3,Unknown,2024-08,COLD_LEAD,false,false,false,false
1717,Gindi 3,Unknown,2024-08,COLD_LEAD,false,false,false,false
299,Gindi 3,Unknown,2024-08,ON_DEMAND_SUBSCRIPTION,true,true,false,true
1984,Gindi 3,Unknown,2024-08,COLD_LEAD,false,false,false,false
1981,Gindi 3,Unknown,2024-08,COLD_LEAD,false,false,false,false
1980,Gindi 3,Unknown,2024-08,COLD_LEAD,false,false,false,false
1912,Gindi 3,Unknown,2024-08,COLD_LEAD,false,false,false,false
327,Gindi 3,Unknown,2024-08,CHURN,true,false,false,false
1974,Gindi 3,Unknown,2024-08,COLD_LEAD,false,false,false,false
1048,Gindi 3,Unknown,2024-08,COLD_LEAD,false,false,false,false
1856,Gindi 3,Unknown,2024-08,COLD_LEAD,false,false,false,false
497,Gindi 3,Unknown,2024-08,COLD_LEAD,true,false,false,false
1962,Gindi 3,Unknown,2024-08,COLD_LEAD,false,false,false,false
721,Gindi 3,Unknown,2024-08,CHURN,true,false,false,false
1941,Gindi 3,Unknown,2024-08,COLD_LEAD,false,false,false,false
1307,Gindi 3,Unknown,2024-08,COLD_LEAD,false,false,false,false
1623,Gindi 3,Unknown,2024-08,COLD_LEAD,false,false,false,false
1924,Gindi 3,Unknown,2024-08,COLD_LEAD,false,false,false,false
1922,Gindi 3,Unknown,2024-08,COLD_LEAD,false,false,false,false
1717,Gindi 3,Unknown,2024-08,COLD_LEAD,false,false,false,false
328,Gindi 3,Unknown,2024-08,CHURN,true,false,false,false
1914,Gindi 3,Unknown,2024-08,COLD_LEAD,false,false,false,false
1912,Gindi 3,Unknown,2024-08,COLD_LEAD,false,false,false,false
281,Gindi 3,Unknown,2024-08,TRIAL,true,false,false,false
281,Gindi 3,Unknown,2024-08,TRIAL,true,false,false,false
1906,Gindi 3,Unknown,2024-08,COLD_LEAD,false,false,false,false
903,Gindi 3,Unknown,2024-08,COLD_LEAD,false,false,false,false
752,Gindi 3,Unknown,2024-08,CHURN,true,false,false,false
1007,Gindi 3,Unknown,2024-08,ON_DEMAND_SUBSCRIPTION,false,true,false,true
1855,Gindi 3,Unknown,2024-08,COLD_LEAD,true,false,false,false
245,Gindi 3,Unknown,2024-08,COLD_LEAD,false,false,false,false
1724,Gindi 3,Unknown,2024-08,COLD_LEAD,false,false,false,false
1766,Gindi 3,Unknown,2024-08,COLD_LEAD,false,false,false,false
1219,Gindi 3,Unknown,2024-08,WARM_LEAD,false,false,false,false
1755,John Street 116,Financial District Polygon,2024-08,FREEMIUM,true,false,false,false
1883,John Street 116,Financial District Polygon,2024-08,FREEMIUM,false,false,false,false
1765,John Street 116,Financial District Polygon,2024-08,TRIAL,false,false,false,false
1770,One Ten,Hoboken Polygon,2024-08,CHURN,true,false,false,false
1762,One Ten,Hoboken Polygon,2024-08,FREEMIUM,false,false,false,false
1873,One Ten,Hoboken Polygon,2024-08,CHURN,false,false,false,false
2025,River Place,Hell's Kitchen Polygon,2024-08,FREEMIUM,true,false,false,false
1780,River Place,Hell's Kitchen Polygon,2024-08,CHURN,true,false,false,false
1954,River Place,Hell's Kitchen Polygon,2024-08,RECURRING_SUBSCRIPTION,true,true,true,false
1768,River Place,Hell's Kitchen Polygon,2024-08,FREEMIUM,false,false,false,false
1763,River Place,Hell's Kitchen Polygon,2024-08,TRIAL,true,false,false,false
1753,River Place,Hell's Kitchen Polygon,2024-08,ON_DEMAND_SUBSCRIPTION,false,true,false,true
1764,River Place,Hell's Kitchen Polygon,2024-08,CHURN,false,false,false,false
1851,River Place,Hell's Kitchen Polygon,2024-08,FREEMIUM,true,false,false,false
1959,River Place,Hell's Kitchen Polygon,2024-08,FREEMIUM,false,false,false,false
1989,River Place,Hell's Kitchen Polygon,2024-08,FREEMIUM,true,false,false,false
1994,River Place,Hell's Kitchen Polygon,2024-08,FREEMIUM,false,false,false,false
1968,Silver Towers,Hell's Kitchen Polygon,2024-08,RECURRING_SUBSCRIPTION,true,true,true,false
1951,Silver Towers,Hell's Kitchen Polygon,2024-08,FREEMIUM,false,false,false,false
1782,Silver Towers,Hell's Kitchen Polygon,2024-08,FREEMIUM,true,false,false,false
1749,Silver Towers,Hell's Kitchen Polygon,2024-08,FREEMIUM,true,false,false,false
1938,Silver Towers,Hell's Kitchen Polygon,2024-08,FREEMIUM,true,false,false,false
1907,Silver Towers,Hell's Kitchen Polygon,2024-08,FREEMIUM,false,false,false,false
2023,Silver Towers,Hell's Kitchen Polygon,2024-08,FREEMIUM,false,false,false,false
1193,Silver Towers,Hell's Kitchen Polygon,2024-08,ON_DEMAND_SUBSCRIPTION,false,true,false,true
1961,Silver Towers,Hell's Kitchen Polygon,2024-08,FREEMIUM,true,false,false,false
1972,Silver Towers,Hell's Kitchen Polygon,2024-08,CHURN,false,false,false,false
1888,Silver Towers,Hell's Kitchen Polygon,2024-08,FREEMIUM,true,false,false,false
1987,Silver Towers,Hell's Kitchen Polygon,2024-08,FREEMIUM,false,false,false,false
1958,Silver Towers,Hell's Kitchen Polygon,2024-08,FREEMIUM,true,false,false,false
1834,Silver Towers,Hell's Kitchen Polygon,2024-08,ON_DEMAND_SUBSCRIPTION,true,true,false,true
788,Silver Towers,Hell's Kitchen Polygon,2024-08,RECURRING_SUBSCRIPTION,true,true,true,false
1964,Silver Towers,Hell's Kitchen Polygon,2024-08,FREEMIUM,false,false,false,false
2026,Silver Towers,Hell's Kitchen Polygon,2024-08,TRIAL,true,false,false,false
2027,Silver Towers,Hell's Kitchen Polygon,2024-08,FREEMIUM,false,false,false,false
1845,The Eddy,Harrison Polygon,2024-08,TRIAL,true,false,false,false
1797,The Eddy,Harrison Polygon,2024-08,FREEMIUM,false,false,false,false
1798,The Eddy,Harrison Polygon,2024-08,FREEMIUM,false,false,false,false
1804,The Eddy,Harrison Polygon,2024-08,FREEMIUM,true,false,false,false
1802,The Eddy,Harrison Polygon,2024-08,FREEMIUM,false,false,false,false
1810,The Eddy,Harrison Polygon,2024-08,FREEMIUM,true,false,false,false
1818,The Eddy,Harrison Polygon,2024-08,FREEMIUM,false,false,false,false
1827,The Eddy,Harrison Polygon,2024-08,FREEMIUM,true,false,false,false
1835,The Eddy,Harrison Polygon,2024-08,FREEMIUM,true,false,false,false
1880,The Eddy,Harrison Polygon,2024-08,TRIAL,true,false,false,false
1842,The Eddy,Harrison Polygon,2024-08,FREEMIUM,false,false,false,false
1803,The Eddy,Harrison Polygon,2024-08,CHURN,true,false,false,false
1875,The Eddy,Harrison Polygon,2024-08,FREEMIUM,false,false,false,false
1876,The Eddy,Harrison Polygon,2024-08,FREEMIUM,false,false,false,false
1890,The Eddy,Harrison Polygon,2024-08,FREEMIUM,true,false,false,false
1808,The Eddy,Harrison Polygon,2024-08,FREEMIUM,false,false,false,false
1901,The Eddy,Harrison Polygon,2024-08,FREEMIUM,false,false,false,false
1926,The Eddy,Harrison Polygon,2024-08,FREEMIUM,true,false,false,false
1931,The Eddy,Harrison Polygon,2024-08,FREEMIUM,false,false,false,false
1934,The Eddy,Harrison Polygon,2024-08,FREEMIUM,true,false,false,false
1936,The Eddy,Harrison Polygon,2024-08,FREEMIUM,false,false,false,false
1945,The Eddy,Harrison Polygon,2024-08,FREEMIUM,false,false,false,false
1947,The Eddy,Harrison Polygon,2024-08,FREEMIUM,false,false,false,false
1944,The Eddy,Harrison Polygon,2024-08,FREEMIUM,false,false,false,false
1957,The Eddy,Harrison Polygon,2024-08,FREEMIUM,false,false,false,false
1969,The Eddy,Harrison Polygon,2024-08,FREEMIUM,true,false,false,false
1928,The Eddy,Harrison Polygon,2024-08,FREEMIUM,false,false,false,false
1809,The Eddy,Harrison Polygon,2024-08,TRIAL,false,false,false,false
1840,The Eddy,Harrison Polygon,2024-08,TRIAL,false,false,false,false
1946,The Eddy,Harrison Polygon,2024-08,TRIAL,true,false,false,false
2030,The Eddy,Harrison Polygon,2024-08,TRIAL,true,false,false,false
1806,The Eddy,Harrison Polygon,2024-08,FREEMIUM,false,false,false,false
1800,The Eddy,Harrison Polygon,2024-08,RECURRING_SUBSCRIPTION,true,true,true,false
1846,The Eddy,Harrison Polygon,2024-08,FREEMIUM,true,false,false,false
1963,The Eddy,Harrison Polygon,2024-08,RECURRING_SUBSCRIPTION,true,true,true,false
1815,The Eddy,Harrison Polygon,2024-08,CHURN,true,false,false,false
1867,The Enclave,Hoboken Polygon,2024-08,FREEMIUM,false,false,false,false
1754,The Ivy,Chatham / West Orange Polygon,2024-08,CHURN,true,false,false,false
1750,The Ivy,Chatham / West Orange Polygon,2024-08,FREEMIUM,true,false,false,false
1863,The Ivy,Chatham / West Orange Polygon,2024-08,FREEMIUM,false,false,false,false
2021,The Ivy,Chatham / West Orange Polygon,2024-08,TRIAL,false,false,false,false
1838,The Ivy,Chatham / West Orange Polygon,2024-08,FREEMIUM,false,false,false,false
2211,100 House,Hoboken Polygon,2024-09,FREEMIUM,true,false,false,false
2209,100 House,Hoboken Polygon,2024-09,TRIAL,false,false,false,false
2063,100 House,Hoboken Polygon,2024-09,RECURRING_SUBSCRIPTION,true,true,true,false
2162,1 Boerum PL,Floating NY 2,2024-09,RECURRING_SUBSCRIPTION,true,true,true,false
2270,1 Boerum PL,Floating NY 2,2024-09,FREEMIUM,false,false,false,false
2045,1 Boerum PL,Floating NY 2,2024-09,FREEMIUM,false,false,false,false
2047,1 Boerum PL,Floating NY 2,2024-09,ON_DEMAND_SUBSCRIPTION,false,true,false,true
2191,300 Somerset,Harrison Polygon,2024-09,FREEMIUM,false,false,false,false
2223,300 Somerset,Harrison Polygon,2024-09,FREEMIUM,false,false,false,false
2110,300 Somerset,Harrison Polygon,2024-09,FREEMIUM,false,false,false,false
2065,300 Somerset,Harrison Polygon,2024-09,ON_DEMAND_SUBSCRIPTION,true,true,false,true
2088,300 Somerset,Harrison Polygon,2024-09,FREEMIUM,false,false,false,false
2075,300 Somerset,Harrison Polygon,2024-09,FREEMIUM,false,false,false,false
2183,300 Somerset,Harrison Polygon,2024-09,FREEMIUM,false,false,false,false
2146,300 Somerset,Harrison Polygon,2024-09,ON_DEMAND_SUBSCRIPTION,true,true,false,true
2190,300 Somerset,Harrison Polygon,2024-09,FREEMIUM,false,false,false,false
2250,300 Somerset,Harrison Polygon,2024-09,ON_DEMAND_SUBSCRIPTION,true,true,false,true
2091,300 Somerset,Harrison Polygon,2024-09,FREEMIUM,false,false,false,false
2144,300 Somerset,Harrison Polygon,2024-09,WARM_LEAD,true,false,false,false
2224,300 Somerset,Harrison Polygon,2024-09,TRIAL,false,false,false,false
2089,300 Somerset,Harrison Polygon,2024-09,FREEMIUM,false,false,false,false
2248,300 Somerset,Harrison Polygon,2024-09,FREEMIUM,true,false,false,false
2204,300 Somerset,Harrison Polygon,2024-09,ON_DEMAND_SUBSCRIPTION,false,true,false,true
2102,300 Somerset,Harrison Polygon,2024-09,FREEMIUM,false,false,false,false
2188,300 Somerset,Harrison Polygon,2024-09,ON_DEMAND_SUBSCRIPTION,true,true,false,true
2279,330 Angelo Cifelli,Harrison Polygon,2024-09,TRIAL,false,false,false,false
2213,330 Angelo Cifelli,Harrison Polygon,2024-09,ON_DEMAND_SUBSCRIPTION,true,true,false,true
2132,330 Angelo Cifelli,Harrison Polygon,2024-09,RECURRING_SUBSCRIPTION,true,true,true,false
2178,330 Angelo Cifelli,Harrison Polygon,2024-09,RECURRING_SUBSCRIPTION,true,true,true,false
2114,330 Angelo Cifelli,Harrison Polygon,2024-09,FREEMIUM,true,false,false,false
2112,330 Angelo Cifelli,Harrison Polygon,2024-09,FREEMIUM,false,false,false,false
2060,330 Angelo Cifelli,Harrison Polygon,2024-09,CHURN,true,false,false,false
2108,330 Angelo Cifelli,Harrison Polygon,2024-09,FREEMIUM,false,false,false,false
2192,330 Angelo Cifelli,Harrison Polygon,2024-09,CHURN,true,false,false,false
2103,330 Angelo Cifelli,Harrison Polygon,2024-09,FREEMIUM,false,false,false,false
2111,330 Angelo Cifelli,Harrison Polygon,2024-09,TRIAL,true,false,false,false
2055,330 Angelo Cifelli,Harrison Polygon,2024-09,FREEMIUM,false,false,false,false
2145,330 Angelo Cifelli,Harrison Polygon,2024-09,WARM_LEAD,true,false,false,false
2232,330W-56th,Hell's Kitchen Polygon,2024-09,TRIAL,true,false,false,false
2212,330W-56th,Hell's Kitchen Polygon,2024-09,RECURRING_SUBSCRIPTION,false,true,true,false
2288,330W-56th,Hell's Kitchen Polygon,2024-09,FREEMIUM,false,false,false,false
2041,829 Garfield,Floating Jersey,2024-09,LEAD,false,false,false,false
2118,829 Garfield,Floating Jersey,2024-09,LEAD,false,false,false,false
2234,Azrieli TLV,Unknown,2024-09,TRIAL,false,false,false,false
2268,Azrieli TLV,Unknown,2024-09,CHURN,true,false,false,false
2207,Azrieli TLV,Unknown,2024-09,COLD_LEAD,false,false,false,false
3913,Azrieli TLV,Unknown,2024-09,COLD_LEAD,false,false,false,false
248,Azrieli TLV,Unknown,2024-09,ON_DEMAND_SUBSCRIPTION,false,true,false,true
978,Azrieli TLV,Unknown,2024-09,LEAD,false,false,false,false
2034,Azrieli TLV,Unknown,2024-09,COLD_LEAD,false,false,false,false
2034,Azrieli TLV,Unknown,2024-09,COLD_LEAD,false,false,false,false
2139,Azrieli TLV,Unknown,2024-09,COLD_LEAD,false,false,false,false
78,Gindi 1,Unknown,2024-09,COLD_LEAD,false,false,false,false
2049,Gindi 1,Unknown,2024-09,ON_DEMAND_SUBSCRIPTION,false,true,false,true
2056,Gindi 1,Unknown,2024-09,COLD_LEAD,false,false,false,false
1904,Gindi 1,Unknown,2024-09,CHURN,false,false,false,false
2062,Gindi 1,Unknown,2024-09,COLD_LEAD,false,false,false,false
1024,Gindi 1,Unknown,2024-09,COLD_LEAD,false,false,false,false
2138,Gindi 1,Unknown,2024-09,COLD_LEAD,false,false,false,false
1699,Gindi 1,Unknown,2024-09,COLD_LEAD,false,false,false,false
914,Gindi 1,Unknown,2024-09,COLD_LEAD,false,false,false,false
2171,Gindi 1,Unknown,2024-09,COLD_LEAD,false,false,false,false
2193,Gindi 1,Unknown,2024-09,COLD_LEAD,false,false,false,false
2243,Gindi 1,Unknown,2024-09,COLD_LEAD,false,false,false,false
914,Gindi 1,Unknown,2024-09,COLD_LEAD,false,false,false,false
2243,Gindi 1,Unknown,2024-09,COLD_LEAD,false,false,false,false
2122,Gindi 2,Unknown,2024-09,COLD_LEAD,false,false,false,false
2123,Gindi 2,Unknown,2024-09,COLD_LEAD,false,false,false,false
1632,Gindi 2,Unknown,2024-09,COLD_LEAD,false,false,false,false
2053,Gindi 2,Unknown,2024-09,CHURN,true,false,false,false
455,Gindi 2,Unknown,2024-09,CHURN,true,false,false,false
189,Gindi 2,Unknown,2024-09,CHURN,false,false,false,false
2123,Gindi 2,Unknown,2024-09,COLD_LEAD,false,false,false,false
202,Gindi 2,Unknown,2024-09,COLD_LEAD,false,false,false,false
193,Gindi 2,Unknown,2024-09,COLD_LEAD,true,false,false,false
1632,Gindi 2,Unknown,2024-09,COLD_LEAD,false,false,false,false
2044,Gindi 2,Unknown,2024-09,COLD_LEAD,false,false,false,false
2141,Gindi 2,Unknown,2024-09,COLD_LEAD,false,false,false,false
2044,Gindi 2,Unknown,2024-09,COLD_LEAD,false,false,false,false
1647,Gindi 2,Unknown,2024-09,COLD_LEAD,false,false,false,false
455,Gindi 2,Unknown,2024-09,CHURN,true,false,false,false
346,Gindi 2,Unknown,2024-09,ON_DEMAND_SUBSCRIPTION,true,true,false,true
2032,Gindi 2,Unknown,2024-09,COLD_LEAD,false,false,false,false
1766,Gindi 3,Unknown,2024-09,COLD_LEAD,false,false,false,false
338,Gindi 3,Unknown,2024-09,COLD_LEAD,true,false,false,false
1536,Gindi 3,Unknown,2024-09,TRIAL,false,false,false,false
338,Gindi 3,Unknown,2024-09,COLD_LEAD,true,false,false,false
1855,Gindi 3,Unknown,2024-09,COLD_LEAD,true,false,false,false
2267,Gindi 3,Unknown,2024-09,COLD_LEAD,false,false,false,false
2269,Gindi 3,Unknown,2024-09,CHURN,false,false,false,false
610,Gindi 3,Unknown,2024-09,ON_DEMAND_SUBSCRIPTION,true,true,false,true
338,Gindi 3,Unknown,2024-09,COLD_LEAD,true,false,false,false
1855,Gindi 3,Unknown,2024-09,COLD_LEAD,true,false,false,false
2273,Gindi 3,Unknown,2024-09,COLD_LEAD,true,false,false,false
338,Gindi 3,Unknown,2024-09,COLD_LEAD,true,false,false,false
338,Gindi 3,Unknown,2024-09,COLD_LEAD,true,false,false,false
1449,Gindi 3,Unknown,2024-09,FROZEN,false,false,false,false
2283,Gindi 3,Unknown,2024-09,COLD_LEAD,false,false,false,false
1679,Gindi 3,Unknown,2024-09,COLD_LEAD,false,false,false,false
1855,Gindi 3,Unknown,2024-09,COLD_LEAD,true,false,false,false
497,Gindi 3,Unknown,2024-09,COLD_LEAD,true,false,false,false
1301,Gindi 3,Unknown,2024-09,COLD_LEAD,false,false,false,false
2028,Gindi 3,Unknown,2024-09,COLD_LEAD,false,false,false,false
2236,Gindi 3,Unknown,2024-09,COLD_LEAD,false,false,false,false
1251,Gindi 3,Unknown,2024-09,COLD_LEAD,false,false,false,false
1516,Gindi 3,Unknown,2024-09,TRIAL,false,false,false,false
1516,Gindi 3,Unknown,2024-09,TRIAL,false,false,false,false
1516,Gindi 3,Unknown,2024-09,TRIAL,false,false,false,false
1449,Gindi 3,Unknown,2024-09,FROZEN,false,false,false,false
599,Gindi 3,Unknown,2024-09,FROZEN,false,false,false,false
2181,Gindi 3,Unknown,2024-09,COLD_LEAD,false,false,false,false
2092,Gindi 3,Unknown,2024-09,COLD_LEAD,false,false,false,false
903,Gindi 3,Unknown,2024-09,COLD_LEAD,false,false,false,false
2554,Gindi 3,Unknown,2024-09,COLD_LEAD,false,false,false,false
2127,Gindi 3,Unknown,2024-09,COLD_LEAD,false,false,false,false
2196,Gindi 3,Unknown,2024-09,TRIAL,false,false,false,false
2126,Gindi 3,Unknown,2024-09,COLD_LEAD,true,false,false,false
1622,Gindi 4,Unknown,2024-09,CHURN,false,false,false,false
2147,Gindi 4,Unknown,2024-09,CHURN,false,false,false,false
2147,Gindi 4,Unknown,2024-09,CHURN,false,false,false,false
2222,HaHehad,Unknown,2024-09,TRIAL,false,false,false,false
2200,HaHehad,Unknown,2024-09,COLD_LEAD,true,false,false,false
2222,HaHehad,Unknown,2024-09,TRIAL,false,false,false,false
2240,HaHehad,Unknown,2024-09,COLD_LEAD,false,false,false,false
2271,John Street 116,Financial District Polygon,2024-09,RECURRING_SUBSCRIPTION,true,true,true,false
2137,John Street 116,Financial District Polygon,2024-09,FREEMIUM,false,false,false,false
2119,John Street 116,Financial District Polygon,2024-09,FREEMIUM,true,false,false,false
2078,Nine 52,Hell's Kitchen Polygon,2024-09,RECURRING_SUBSCRIPTION,true,true,true,false
2085,Nine 52,Hell's Kitchen Polygon,2024-09,TRIAL,true,false,false,false
2274,Nine 52,Hell's Kitchen Polygon,2024-09,FREEMIUM,true,false,false,false
2133,Nine 52,Hell's Kitchen Polygon,2024-09,CHURN,true,false,false,false
2120,Nine 52,Hell's Kitchen Polygon,2024-09,FREEMIUM,false,false,false,false
2128,Nine 52,Hell's Kitchen Polygon,2024-09,RECURRING_SUBSCRIPTION,true,true,true,false
2077,Nine 52,Hell's Kitchen Polygon,2024-09,RECURRING_SUBSCRIPTION,true,true,true,false
2079,Nine 52,Hell's Kitchen Polygon,2024-09,FREEMIUM,false,false,false,false
2080,Nine 52,Hell's Kitchen Polygon,2024-09,FREEMIUM,false,false,false,false
2094,Nine 52,Hell's Kitchen Polygon,2024-09,FREEMIUM,false,false,false,false
2185,Nine 52,Hell's Kitchen Polygon,2024-09,FREEMIUM,true,false,false,false
2201,Nine 52,Hell's Kitchen Polygon,2024-09,TRIAL,true,false,false,false
2078,Nine 52,Hell's Kitchen Polygon,2024-09,RECURRING_SUBSCRIPTION,true,true,true,false
2131,Nine 52,Hell's Kitchen Polygon,2024-09,FREEMIUM,false,false,false,false
2120,Nine 52,Hell's Kitchen Polygon,2024-09,FREEMIUM,false,false,false,false
2187,Nine 52,Hell's Kitchen Polygon,2024-09,TRIAL,true,false,false,false
2117,Nine 52,Hell's Kitchen Polygon,2024-09,FREEMIUM,false,false,false,false
2083,Nine 52,Hell's Kitchen Polygon,2024-09,FREEMIUM,false,false,false,false
2082,Nine 52,Hell's Kitchen Polygon,2024-09,FREEMIUM,false,false,false,false
2140,Nine 52,Hell's Kitchen Polygon,2024-09,CHURN,false,false,false,false
2148,Nine 52,Hell's Kitchen Polygon,2024-09,LEAD,false,false,false,false
2046,One Ten,Hoboken Polygon,2024-09,FREEMIUM,false,false,false,false
2182,One Ten,Hoboken Polygon,2024-09,RECURRING_SUBSCRIPTION,true,true,true,false
2272,One Ten,Hoboken Polygon,2024-09,FREEMIUM,true,false,false,false
1676,River Place,Hell's Kitchen Polygon,2024-09,CHURN,true,false,false,false
2235,River Place,Hell's Kitchen Polygon,2024-09,RECURRING_SUBSCRIPTION,true,true,true,false
739,River Place,Hell's Kitchen Polygon,2024-09,TRIAL,true,false,false,false
2099,River Place,Hell's Kitchen Polygon,2024-09,RECURRING_SUBSCRIPTION,true,true,true,false
2095,River Place,Hell's Kitchen Polygon,2024-09,FREEMIUM,false,false,false,false
2098,River Place,Hell's Kitchen Polygon,2024-09,TRIAL,true,false,false,false
2040,River Place,Hell's Kitchen Polygon,2024-09,ON_DEMAND_SUBSCRIPTION,true,true,false,true
2238,River Place,Hell's Kitchen Polygon,2024-09,CHURN,true,false,false,false
2096,River Place,Hell's Kitchen Polygon,2024-09,CHURN,false,false,false,false
2086,River Place,Hell's Kitchen Polygon,2024-09,ON_DEMAND_SUBSCRIPTION,false,true,false,true
2233,River Place,Hell's Kitchen Polygon,2024-09,TRIAL,false,false,false,false
2284,River Place,Hell's Kitchen Polygon,2024-09,ON_DEMAND_SUBSCRIPTION,false,true,false,true
2050,River Place,Hell's Kitchen Polygon,2024-09,FREEMIUM,true,false,false,false
2194,River Place,Hell's Kitchen Polygon,2024-09,FREEMIUM,false,false,false,false
2039,River Place,Hell's Kitchen Polygon,2024-09,FREEMIUM,false,false,false,false
2104,River Place,Hell's Kitchen Polygon,2024-09,FREEMIUM,false,false,false,false
2061,River Place,Hell's Kitchen Polygon,2024-09,FREEMIUM,false,false,false,false
2107,Silver Towers,Hell's Kitchen Polygon,2024-09,TRIAL,true,false,false,false
2042,Silver Towers,Hell's Kitchen Polygon,2024-09,CHURN,true,false,false,false
2116,Silver Towers,Hell's Kitchen Polygon,2024-09,RECURRING_SUBSCRIPTION,true,true,true,false
2057,Silver Towers,Hell's Kitchen Polygon,2024-09,RECURRING_SUBSCRIPTION,true,true,true,false
2033,Silver Towers,Hell's Kitchen Polygon,2024-09,FREEMIUM,false,false,false,false
2289,Silver Towers,Hell's Kitchen Polygon,2024-09,FREEMIUM,false,false,false,false
2124,Silver Towers,Hell's Kitchen Polygon,2024-09,ON_DEMAND_SUBSCRIPTION,false,true,false,true
2161,Silver Towers,Hell's Kitchen Polygon,2024-09,TRIAL,true,false,false,false
2286,Silver Towers,Hell's Kitchen Polygon,2024-09,FREEMIUM,false,false,false,false
2281,Silver Towers,Hell's Kitchen Polygon,2024-09,FREEMIUM,false,false,false,false
2033,Silver Towers,Hell's Kitchen Polygon,2024-09,FREEMIUM,false,false,false,false
2214,Silver Towers,Hell's Kitchen Polygon,2024-09,CHURN,true,false,false,false
2275,Silver Towers,Hell's Kitchen Polygon,2024-09,ON_DEMAND_SUBSCRIPTION,true,true,false,true
2264,Silver Towers,Hell's Kitchen Polygon,2024-09,FREEMIUM,false,false,false,false
2221,Silver Towers,Hell's Kitchen Polygon,2024-09,FREEMIUM,false,false,false,false
2136,Silver Towers,Hell's Kitchen Polygon,2024-09,TRIAL,false,false,false,false
2043,Silver Towers,Hell's Kitchen Polygon,2024-09,RECURRING_SUBSCRIPTION,true,true,true,false
4833,Silver Towers,Hell's Kitchen Polygon,2024-09,FREEMIUM,false,false,false,false
428,Silver Towers,Hell's Kitchen Polygon,2024-09,ON_DEMAND_SUBSCRIPTION,true,true,false,true
2106,Silver Towers,Hell's Kitchen Polygon,2024-09,FREEMIUM,true,false,false,false
2105,Silver Towers,Hell's Kitchen Polygon,2024-09,CHURN,false,false,false,false
2109,Silver Towers,Hell's Kitchen Polygon,2024-09,TRIAL,true,false,false,false
2090,Silver Towers,Hell's Kitchen Polygon,2024-09,FREEMIUM,false,false,false,false
2158,The Dime,Williamsburg Polygon,2024-09,FREEMIUM,false,false,false,false
2177,The Dime,Williamsburg Polygon,2024-09,FREEMIUM,true,false,false,false
2159,The Dime,Williamsburg Polygon,2024-09,RECURRING_SUBSCRIPTION,true,true,true,false
2265,The Dime,Williamsburg Polygon,2024-09,RECURRING_SUBSCRIPTION,true,true,true,false
2164,The Dime,Williamsburg Polygon,2024-09,TRIAL,true,false,false,false
2175,The Dime,Williamsburg Polygon,2024-09,ON_DEMAND_SUBSCRIPTION,false,true,false,true
2160,The Dime,Williamsburg Polygon,2024-09,TRIAL,false,false,false,false
2176,The Dime,Williamsburg Polygon,2024-09,FREEMIUM,false,false,false,false
2152,The Dime,Williamsburg Polygon,2024-09,CHURN,true,false,false,false
2258,The Dime,Williamsburg Polygon,2024-09,FREEMIUM,true,false,false,false
2189,The Dime,Williamsburg Polygon,2024-09,WARM_LEAD,true,false,false,false
2173,The Dime,Williamsburg Polygon,2024-09,CHURN,true,false,false,false
2150,The Dime,Williamsburg Polygon,2024-09,FREEMIUM,false,false,false,false
2168,The Dime,Williamsburg Polygon,2024-09,TRIAL,true,false,false,false
2166,The Dime,Williamsburg Polygon,2024-09,TRIAL,false,false,false,false
2163,The Dime,Williamsburg Polygon,2024-09,WARM_LEAD,true,false,false,false
2172,The Dime,Williamsburg Polygon,2024-09,FREEMIUM,true,false,false,false
2154,The Dime,Williamsburg Polygon,2024-09,ON_DEMAND_SUBSCRIPTION,false,true,false,true
2169,The Dime,Williamsburg Polygon,2024-09,CHURN,false,false,false,false
2155,The Dime,Williamsburg Polygon,2024-09,CHURN,true,false,false,false
2151,The Dime,Williamsburg Polygon,2024-09,FREEMIUM,false,false,false,false
2174,The Dime,Williamsburg Polygon,2024-09,TRIAL,false,false,false,false
2156,The Dime,Williamsburg Polygon,2024-09,RECURRING_SUBSCRIPTION,true,true,true,false
2153,The Dime,Williamsburg Polygon,2024-09,FREEMIUM,true,false,false,false
2165,The Dime,Williamsburg Polygon,2024-09,FREEMIUM,false,false,false,false
2157,The Dime,Williamsburg Polygon,2024-09,FREEMIUM,false,false,false,false
2149,The Dime,Williamsburg Polygon,2024-09,FREEMIUM,false,false,false,false
2142,The Eddy,Harrison Polygon,2024-09,FREEMIUM,false,false,false,false
2266,The Eddy,Harrison Polygon,2024-09,FREEMIUM,false,false,false,false
2054,The Eddy,Harrison Polygon,2024-09,FREEMIUM,false,false,false,false
2064,The Eddy,Harrison Polygon,2024-09,FREEMIUM,false,false,false,false
2202,The Eddy,Harrison Polygon,2024-09,FREEMIUM,false,false,false,false
2134,The Eddy,Harrison Polygon,2024-09,FREEMIUM,true,false,false,false
2129,The Eddy,Harrison Polygon,2024-09,FREEMIUM,false,false,false,false
2280,The Eddy,Harrison Polygon,2024-09,FREEMIUM,true,false,false,false
2072,The Ivy,Chatham / West Orange Polygon,2024-09,CHURN,true,false,false,false
2143,The Ivy,Chatham / West Orange Polygon,2024-09,CHURN,true,false,false,false
2179,The Ivy,Chatham / West Orange Polygon,2024-09,TRIAL,true,false,false,false
2210,The Ivy,Chatham / West Orange Polygon,2024-09,ON_DEMAND_SUBSCRIPTION,true,true,false,true
2237,The Ivy,Chatham / West Orange Polygon,2024-09,CHURN,false,false,false,false
2423,100 House,Hoboken Polygon,2024-10,CHURN,true,false,false,false
2435,100 House,Hoboken Polygon,2024-10,FREEMIUM,false,false,false,false
2419,1 Boerum PL,Floating NY 2,2024-10,FREEMIUM,false,false,false,false
2371,1 Boerum PL,Floating NY 2,2024-10,FREEMIUM,true,false,false,false
2491,1 Boerum PL,Floating NY 2,2024-10,ON_DEMAND_SUBSCRIPTION,false,true,false,true
2450,300 Somerset,Harrison Polygon,2024-10,FREEMIUM,false,false,false,false
2492,300 Somerset,Harrison Polygon,2024-10,TRIAL,true,false,false,false
2462,300 Somerset,Harrison Polygon,2024-10,FREEMIUM,false,false,false,false
2346,300 Somerset,Harrison Polygon,2024-10,RECURRING_SUBSCRIPTION,true,true,true,false
2291,300 Somerset,Harrison Polygon,2024-10,FREEMIUM,false,false,false,false
2290,300 Somerset,Harrison Polygon,2024-10,FREEMIUM,false,false,false,false
2457,300 Somerset,Harrison Polygon,2024-10,FREEMIUM,false,false,false,false
2471,330 Angelo Cifelli,Harrison Polygon,2024-10,FREEMIUM,false,false,false,false
2349,330 Angelo Cifelli,Harrison Polygon,2024-10,FREEMIUM,false,false,false,false
2356,330 Angelo Cifelli,Harrison Polygon,2024-10,RECURRING_SUBSCRIPTION,true,true,true,false
2433,330 Angelo Cifelli,Harrison Polygon,2024-10,CHURN,true,false,false,false
2303,330 Angelo Cifelli,Harrison Polygon,2024-10,RECURRING_SUBSCRIPTION,true,true,true,false
2352,330 Angelo Cifelli,Harrison Polygon,2024-10,CHURN,true,false,false,false
2365,330 Angelo Cifelli,Harrison Polygon,2024-10,FREEMIUM,false,false,false,false
2341,330W-56th,Hell's Kitchen Polygon,2024-10,FREEMIUM,false,false,false,false
2431,330W-56th,Hell's Kitchen Polygon,2024-10,FREEMIUM,false,false,false,false
2488,829 Garfield,Floating Jersey,2024-10,LEAD,false,false,false,false
2334,829 Garfield,Floating Jersey,2024-10,LEAD,false,false,false,false
2328,Azrieli TLV,Unknown,2024-10,CHURN,false,false,false,false
46,Azrieli TLV,Unknown,2024-10,TRIAL,false,false,false,false
2328,Azrieli TLV,Unknown,2024-10,CHURN,false,false,false,false
2327,Azrieli TLV,Unknown,2024-10,COLD_LEAD,false,false,false,false
747,Azrieli TLV,Unknown,2024-10,TRIAL,true,false,false,false
2476,Azrieli TLV,Unknown,2024-10,CHURN,false,false,false,false
1702,Gindi 1,Unknown,2024-10,TRIAL,false,false,false,false
2372,Gindi 1,Unknown,2024-10,ON_DEMAND_SUBSCRIPTION,false,true,false,true
1702,Gindi 1,Unknown,2024-10,TRIAL,false,false,false,false
2193,Gindi 1,Unknown,2024-10,COLD_LEAD,false,false,false,false
2029,Gindi 1,Unknown,2024-10,COLD_LEAD,false,false,false,false
1242,Gindi 1,Unknown,2024-10,COLD_LEAD,false,false,false,false
2430,Gindi 1,Unknown,2024-10,COLD_LEAD,false,false,false,false
202,Gindi 2,Unknown,2024-10,COLD_LEAD,false,false,false,false
165,Gindi 2,Unknown,2024-10,COLD_LEAD,false,false,false,false
2302,Gindi 2,Unknown,2024-10,ON_DEMAND_SUBSCRIPTION,false,true,false,true
2293,Gindi 2,Unknown,2024-10,COLD_LEAD,false,false,false,false
2466,Gindi 2,Unknown,2024-10,COLD_LEAD,false,false,false,false
2293,Gindi 2,Unknown,2024-10,COLD_LEAD,false,false,false,false
192,Gindi 2,Unknown,2024-10,COLD_LEAD,false,false,false,false
1330,Gindi 2,Unknown,2024-10,COLD_LEAD,false,false,false,false
2100,Gindi 2,Unknown,2024-10,COLD_LEAD,false,false,false,false
178,Gindi 2,Unknown,2024-10,LEAD,false,false,false,false
193,Gindi 2,Unknown,2024-10,COLD_LEAD,true,false,false,false
193,Gindi 2,Unknown,2024-10,COLD_LEAD,true,false,false,false
1035,Gindi 2,Unknown,2024-10,COLD_LEAD,false,false,false,false
2335,Gindi 2,Unknown,2024-10,WARM_LEAD,true,false,false,false
2465,Gindi 2,Unknown,2024-10,COLD_LEAD,false,false,false,false
328,Gindi 3,Unknown,2024-10,CHURN,true,false,false,false
1623,Gindi 3,Unknown,2024-10,COLD_LEAD,false,false,false,false
2456,Gindi 3,Unknown,2024-10,TRIAL,true,false,false,false
2438,Gindi 3,Unknown,2024-10,TRIAL,false,false,false,false
928,Gindi 3,Unknown,2024-10,TRIAL,false,false,false,false
2323,Gindi 3,Unknown,2024-10,ON_DEMAND_SUBSCRIPTION,false,true,false,true
2323,Gindi 3,Unknown,2024-10,ON_DEMAND_SUBSCRIPTION,false,true,false,true
2474,Gindi 3,Unknown,2024-10,COLD_LEAD,false,false,false,false
241,Gindi 3,Unknown,2024-10,COLD_LEAD,true,false,false,false
1037,Gindi 3,Unknown,2024-10,COLD_LEAD,false,false,false,false
2473,Gindi 3,Unknown,2024-10,COLD_LEAD,false,false,false,false
1449,Gindi 3,Unknown,2024-10,FROZEN,false,false,false,false
2459,Gindi 3,Unknown,2024-10,COLD_LEAD,false,false,false,false
2406,HaHehad,Unknown,2024-10,CHURN,false,false,false,false
2439,HaHehad,Unknown,2024-10,LEAD,true,false,false,false
2468,HaHehad,Unknown,2024-10,COLD_LEAD,true,false,false,false
2480,HaHehad,Unknown,2024-10,COLD_LEAD,false,false,false,false
2444,HaHehad,Unknown,2024-10,CHURN,false,false,false,false
2494,HaHehad,Unknown,2024-10,COLD_LEAD,false,false,false,false
2472,HaHehad,Unknown,2024-10,COLD_LEAD,false,false,false,false
2448,John Street 116,Financial District Polygon,2024-10,CHURN,true,false,false,false
2363,John Street 116,Financial District Polygon,2024-10,CHURN,true,false,false,false
2294,John Street 116,Financial District Polygon,2024-10,WARM_LEAD,false,false,false,false
2271,John Street 116,Financial District Polygon,2024-10,RECURRING_SUBSCRIPTION,true,true,true,false
2337,John Street 116,Financial District Polygon,2024-10,FREEMIUM,true,false,false,false
1103,John Street 116,Financial District Polygon,2024-10,FREEMIUM,true,false,false,false
2314,John Street 116,Financial District Polygon,2024-10,ON_DEMAND_SUBSCRIPTION,false,true,false,true
2304,John Street 116,Financial District Polygon,2024-10,FREEMIUM,true,false,false,false
2485,Nine 52,Hell's Kitchen Polygon,2024-10,RECURRING_SUBSCRIPTION,true,true,true,false
2313,Nine 52,Hell's Kitchen Polygon,2024-10,RECURRING_SUBSCRIPTION,true,true,true,false
2464,Nine 52,Hell's Kitchen Polygon,2024-10,TRIAL,true,false,false,false
2187,Nine 52,Hell's Kitchen Polygon,2024-10,TRIAL,true,false,false,false
2446,Nine 52,Hell's Kitchen Polygon,2024-10,FREEMIUM,false,false,false,false
2461,Nine 52,Hell's Kitchen Polygon,2024-10,FREEMIUM,false,false,false,false
2131,Nine 52,Hell's Kitchen Polygon,2024-10,FREEMIUM,false,false,false,false
2366,Nine 52,Hell's Kitchen Polygon,2024-10,CHURN,true,false,false,false
2441,Nine 52,Hell's Kitchen Polygon,2024-10,FREEMIUM,false,false,false,false
2425,One Ten,Hoboken Polygon,2024-10,RECURRING_SUBSCRIPTION,true,true,true,false
2424,One Ten,Hoboken Polygon,2024-10,ON_DEMAND_SUBSCRIPTION,false,true,false,true
2432,One Ten,Hoboken Polygon,2024-10,FREEMIUM,false,false,false,false
2458,One Ten,Hoboken Polygon,2024-10,FREEMIUM,false,false,false,false
2426,One Ten,Hoboken Polygon,2024-10,FREEMIUM,true,false,false,false
2361,River Place,Hell's Kitchen Polygon,2024-10,TRIAL,true,false,false,false
2342,River Place,Hell's Kitchen Polygon,2024-10,CHURN,true,false,false,false
2374,River Place,Hell's Kitchen Polygon,2024-10,TRIAL,true,false,false,false
1169,River Place,Hell's Kitchen Polygon,2024-10,TRIAL,true,false,false,false
1676,River Place,Hell's Kitchen Polygon,2024-10,CHURN,true,false,false,false
2354,River Place,Hell's Kitchen Polygon,2024-10,RECURRING_SUBSCRIPTION,true,true,true,false
2343,River Place,Hell's Kitchen Polygon,2024-10,RECURRING_SUBSCRIPTION,true,true,true,false
2308,River Place,Hell's Kitchen Polygon,2024-10,CHURN,false,false,false,false
2325,River Place,Hell's Kitchen Polygon,2024-10,TRIAL,false,false,false,false
2422,River Place,Hell's Kitchen Polygon,2024-10,ON_DEMAND_SUBSCRIPTION,false,true,false,true
2427,River Place,Hell's Kitchen Polygon,2024-10,FREEMIUM,true,false,false,false
2418,River Place,Hell's Kitchen Polygon,2024-10,ON_DEMAND_SUBSCRIPTION,true,true,false,true
2096,River Place,Hell's Kitchen Polygon,2024-10,CHURN,false,false,false,false
2449,River Place,Hell's Kitchen Polygon,2024-10,FREEMIUM,false,false,false,false
2338,River Place,Hell's Kitchen Polygon,2024-10,TRIAL,true,false,false,false
2467,River Place,Hell's Kitchen Polygon,2024-10,WARM_LEAD,false,false,false,false
2477,River Place,Hell's Kitchen Polygon,2024-10,FREEMIUM,false,false,false,false
2481,River Place,Hell's Kitchen Polygon,2024-10,FREEMIUM,false,false,false,false
2486,River Place,Hell's Kitchen Polygon,2024-10,FREEMIUM,false,false,false,false
2475,River Place,Hell's Kitchen Polygon,2024-10,TRIAL,false,false,false,false
2489,River Place,Hell's Kitchen Polygon,2024-10,TRIAL,true,false,false,false
2490,Silver Towers,Hell's Kitchen Polygon,2024-10,FREEMIUM,false,false,false,false
2026,Silver Towers,Hell's Kitchen Polygon,2024-10,TRIAL,true,false,false,false
2311,Silver Towers,Hell's Kitchen Polygon,2024-10,FREEMIUM,false,false,false,false
688,Silver Towers,Hell's Kitchen Polygon,2024-10,TRIAL,true,false,false,false
2306,Silver Towers,Hell's Kitchen Polygon,2024-10,TRIAL,false,false,false,false
2355,Silver Towers,Hell's Kitchen Polygon,2024-10,FREEMIUM,true,false,false,false
2347,Silver Towers,Hell's Kitchen Polygon,2024-10,FREEMIUM,true,false,false,false
2329,Silver Towers,Hell's Kitchen Polygon,2024-10,FREEMIUM,false,false,false,false
2460,Silver Towers,Hell's Kitchen Polygon,2024-10,FREEMIUM,false,false,false,false
2437,Silver Towers,Hell's Kitchen Polygon,2024-10,ON_DEMAND_SUBSCRIPTION,false,true,false,true
2442,Silver Towers,Hell's Kitchen Polygon,2024-10,CHURN,true,false,false,false
2295,Silver Towers,Hell's Kitchen Polygon,2024-10,FREEMIUM,false,false,false,false
2402,Silver Towers,Hell's Kitchen Polygon,2024-10,ON_DEMAND_SUBSCRIPTION,false,true,false,true
2292,Silver Towers,Hell's Kitchen Polygon,2024-10,FREEMIUM,false,false,false,false
2326,Silver Towers,Hell's Kitchen Polygon,2024-10,FREEMIUM,false,false,false,false
2324,Silver Towers,Hell's Kitchen Polygon,2024-10,FREEMIUM,false,false,false,false
2447,Silver Towers,Hell's Kitchen Polygon,2024-10,FREEMIUM,false,false,false,false
2410,Silver Towers,Hell's Kitchen Polygon,2024-10,FREEMIUM,false,false,false,false
2306,Silver Towers,Hell's Kitchen Polygon,2024-10,TRIAL,false,false,false,false
2407,Silver Towers,Hell's Kitchen Polygon,2024-10,FREEMIUM,false,false,false,false
2330,Silver Towers,Hell's Kitchen Polygon,2024-10,FREEMIUM,false,false,false,false
2373,Silver Towers,Hell's Kitchen Polygon,2024-10,TRIAL,false,false,false,false
2358,Silver Towers,Hell's Kitchen Polygon,2024-10,FREEMIUM,true,false,false,false
2344,Silver Towers,Hell's Kitchen Polygon,2024-10,FREEMIUM,true,false,false,false
1067,Silver Towers,Hell's Kitchen Polygon,2024-10,ON_DEMAND_SUBSCRIPTION,false,true,false,true
440,Silver Towers,Hell's Kitchen Polygon,2024-10,RECURRING_SUBSCRIPTION,true,true,true,false
2403,Silver Towers,Hell's Kitchen Polygon,2024-10,ON_DEMAND_SUBSCRIPTION,true,true,false,true
2316,Silver Towers,Hell's Kitchen Polygon,2024-10,CHURN,false,false,false,false
2455,Silver Towers,Hell's Kitchen Polygon,2024-10,FREEMIUM,false,false,false,false
2296,Silver Towers,Hell's Kitchen Polygon,2024-10,TRIAL,true,false,false,false
2493,Silver Towers,Hell's Kitchen Polygon,2024-10,FREEMIUM,false,false,false,false
2413,Stonehill,Chatham / West Orange Polygon,2024-10,FREEMIUM,false,false,false,false
2496,Stonehill,Chatham / West Orange Polygon,2024-10,FREEMIUM,false,false,false,false
2378,Stonehill,Chatham / West Orange Polygon,2024-10,CHURN,true,false,false,false
2319,Stonehill,Chatham / West Orange Polygon,2024-10,FREEMIUM,false,false,false,false
2376,Stonehill,Chatham / West Orange Polygon,2024-10,RECURRING_SUBSCRIPTION,true,true,true,false
2412,Stonehill,Chatham / West Orange Polygon,2024-10,CHURN,true,false,false,false
2377,Stonehill,Chatham / West Orange Polygon,2024-10,CHURN,true,false,false,false
2381,Stonehill,Chatham / West Orange Polygon,2024-10,FREEMIUM,false,false,false,false
2380,Stonehill,Chatham / West Orange Polygon,2024-10,TRIAL,false,false,false,false
2379,Stonehill,Chatham / West Orange Polygon,2024-10,FREEMIUM,true,false,false,false
2387,Stonehill,Chatham / West Orange Polygon,2024-10,FREEMIUM,false,false,false,false
2369,Stonehill,Chatham / West Orange Polygon,2024-10,TRIAL,true,false,false,false
2388,Stonehill,Chatham / West Orange Polygon,2024-10,FREEMIUM,false,false,false,false
2389,Stonehill,Chatham / West Orange Polygon,2024-10,FREEMIUM,false,false,false,false
2390,Stonehill,Chatham / West Orange Polygon,2024-10,FREEMIUM,false,false,false,false
2393,Stonehill,Chatham / West Orange Polygon,2024-10,FREEMIUM,true,false,false,false
2395,Stonehill,Chatham / West Orange Polygon,2024-10,FREEMIUM,true,false,false,false
2398,Stonehill,Chatham / West Orange Polygon,2024-10,FREEMIUM,false,false,false,false
2400,Stonehill,Chatham / West Orange Polygon,2024-10,FREEMIUM,true,false,false,false
2405,Stonehill,Chatham / West Orange Polygon,2024-10,FREEMIUM,false,false,false,false
2408,Stonehill,Chatham / West Orange Polygon,2024-10,FREEMIUM,false,false,false,false
2409,Stonehill,Chatham / West Orange Polygon,2024-10,FREEMIUM,true,false,false,false
2383,Stonehill,Chatham / West Orange Polygon,2024-10,ON_DEMAND_SUBSCRIPTION,true,true,false,true
2385,Stonehill,Chatham / West Orange Polygon,2024-10,RECURRING_SUBSCRIPTION,true,true,true,false
2399,Stonehill,Chatham / West Orange Polygon,2024-10,ON_DEMAND_SUBSCRIPTION,true,true,false,true
2382,Stonehill,Chatham / West Orange Polygon,2024-10,RECURRING_SUBSCRIPTION,true,true,true,false
2414,Stonehill,Chatham / West Orange Polygon,2024-10,FREEMIUM,false,false,false,false
2392,Stonehill,Chatham / West Orange Polygon,2024-10,TRIAL,false,false,false,false
2401,Stonehill,Chatham / West Orange Polygon,2024-10,TRIAL,false,false,false,false
2394,Stonehill,Chatham / West Orange Polygon,2024-10,FREEMIUM,false,false,false,false
2396,Stonehill,Chatham / West Orange Polygon,2024-10,WARM_LEAD,false,false,false,false
2391,Stonehill,Chatham / West Orange Polygon,2024-10,FREEMIUM,true,false,false,false
2416,Stonehill,Chatham / West Orange Polygon,2024-10,TRIAL,true,false,false,false
2434,Stonehill,Chatham / West Orange Polygon,2024-10,FREEMIUM,false,false,false,false
2470,Stonehill,Chatham / West Orange Polygon,2024-10,ON_DEMAND_SUBSCRIPTION,false,true,false,true
2384,Stonehill,Chatham / West Orange Polygon,2024-10,CHURN,true,false,false,false
2417,Stonehill,Chatham / West Orange Polygon,2024-10,FREEMIUM,false,false,false,false
2421,Stonehill,Chatham / West Orange Polygon,2024-10,FREEMIUM,false,false,false,false
2469,Stonehill,Chatham / West Orange Polygon,2024-10,FREEMIUM,false,false,false,false
2386,Stonehill,Chatham / West Orange Polygon,2024-10,RECURRING_SUBSCRIPTION,false,true,true,false
2440,Stonehill,Chatham / West Orange Polygon,2024-10,FREEMIUM,false,false,false,false
2445,Stonehill,Chatham / West Orange Polygon,2024-10,FREEMIUM,false,false,false,false
2397,Stonehill,Chatham / West Orange Polygon,2024-10,CHURN,false,false,false,false
2443,Stonehill,Chatham / West Orange Polygon,2024-10,FREEMIUM,false,false,false,false
2479,Stonehill,Chatham / West Orange Polygon,2024-10,FREEMIUM,true,false,false,false
5478,Stonehill,Chatham / West Orange Polygon,2024-10,TRIAL,true,false,false,false
2307,The Dime,Williamsburg Polygon,2024-10,FREEMIUM,true,false,false,false
2404,The Dime,Williamsburg Polygon,2024-10,FREEMIUM,true,false,false,false
2317,The Dime,Williamsburg Polygon,2024-10,CHURN,true,false,false,false
2482,The Dime,Williamsburg Polygon,2024-10,FREEMIUM,false,false,false,false
2375,The Dime,Williamsburg Polygon,2024-10,TRIAL,true,false,false,false
2310,The Dime,Williamsburg Polygon,2024-10,ON_DEMAND_SUBSCRIPTION,false,true,false,true
2420,The Dime,Williamsburg Polygon,2024-10,ON_DEMAND_SUBSCRIPTION,true,true,false,true
2315,The Dime,Williamsburg Polygon,2024-10,CHURN,true,false,false,false
2351,The Eddy,Harrison Polygon,2024-10,FREEMIUM,false,false,false,false
2312,The Eddy,Harrison Polygon,2024-10,FREEMIUM,false,false,false,false
2497,The Eddy,Harrison Polygon,2024-10,FREEMIUM,false,false,false,false
2463,The Eddy,Harrison Polygon,2024-10,FREEMIUM,false,false,false,false
2353,The Eddy,Harrison Polygon,2024-10,FREEMIUM,false,false,false,false
2436,The Eddy,Harrison Polygon,2024-10,ON_DEMAND_SUBSCRIPTION,false,true,false,true
2360,The Eddy,Harrison Polygon,2024-10,ON_DEMAND_SUBSCRIPTION,true,true,false,true
2368,The Eddy,Harrison Polygon,2024-10,FREEMIUM,true,false,false,false
2364,The Eddy,Harrison Polygon,2024-10,FREEMIUM,false,false,false,false
2350,The Eddy,Harrison Polygon,2024-10,FREEMIUM,false,false,false,false
2348,The Eddy,Harrison Polygon,2024-10,FREEMIUM,false,false,false,false
2359,The Eddy,Harrison Polygon,2024-10,FREEMIUM,true,false,false,false
2454,The Enclave,Hoboken Polygon,2024-10,FREEMIUM,false,false,false,false
2500,100 House,Hoboken Polygon,2024-11,FREEMIUM,false,false,false,false
2632,100 House,Hoboken Polygon,2024-11,RECURRING_SUBSCRIPTION,false,true,true,false
2634,1 Boerum PL,Floating NY 2,2024-11,FREEMIUM,false,false,false,false
2661,300 Somerset,Harrison Polygon,2024-11,TRIAL,true,false,false,false
2549,300 Somerset,Harrison Polygon,2024-11,TRIAL,false,false,false,false
2704,300 Somerset,Harrison Polygon,2024-11,FREEMIUM,false,false,false,false
2703,300 Somerset,Harrison Polygon,2024-11,FREEMIUM,true,false,false,false
2655,300 Somerset,Harrison Polygon,2024-11,FREEMIUM,false,false,false,false
2658,300 Somerset,Harrison Polygon,2024-11,FREEMIUM,false,false,false,false
2499,300 Somerset,Harrison Polygon,2024-11,FREEMIUM,false,false,false,false
2531,300 Somerset,Harrison Polygon,2024-11,FREEMIUM,false,false,false,false
2654,330 Angelo Cifelli,Harrison Polygon,2024-11,FREEMIUM,false,false,false,false
2616,330 Angelo Cifelli,Harrison Polygon,2024-11,FREEMIUM,true,false,false,false
2687,330 Angelo Cifelli,Harrison Polygon,2024-11,FREEMIUM,true,false,false,false
2665,330 Angelo Cifelli,Harrison Polygon,2024-11,TRIAL,true,false,false,false
2656,330 Angelo Cifelli,Harrison Polygon,2024-11,FREEMIUM,false,false,false,false
2708,330W-56th,Hell's Kitchen Polygon,2024-11,FREEMIUM,false,false,false,false
2712,330W-56th,Hell's Kitchen Polygon,2024-11,FREEMIUM,false,false,false,false
2511,330W-56th,Hell's Kitchen Polygon,2024-11,FREEMIUM,false,false,false,false
2528,829 Garfield,Floating Jersey,2024-11,LEAD,false,false,false,false
2677,Agnes,Floating Jersey,2024-11,FREEMIUM,false,false,false,false
2571,Agnes,Floating Jersey,2024-11,FREEMIUM,true,false,false,false
2590,Agnes,Floating Jersey,2024-11,FREEMIUM,false,false,false,false
2574,Agnes,Floating Jersey,2024-11,FREEMIUM,true,false,false,false
2591,Agnes,Floating Jersey,2024-11,FREEMIUM,false,false,false,false
2575,Agnes,Floating Jersey,2024-11,WARM_LEAD,false,false,false,false
2559,Agnes,Floating Jersey,2024-11,FREEMIUM,true,false,false,false
2699,Agnes,Floating Jersey,2024-11,CHURN,true,false,false,false
2592,Agnes,Floating Jersey,2024-11,FREEMIUM,false,false,false,false
2587,Agnes,Floating Jersey,2024-11,FREEMIUM,false,false,false,false
2678,Agnes,Floating Jersey,2024-11,RECURRING_SUBSCRIPTION,false,true,true,false
2702,Agnes,Floating Jersey,2024-11,FREEMIUM,true,false,false,false
2569,Agnes,Floating Jersey,2024-11,FREEMIUM,false,false,false,false
2561,Agnes,Floating Jersey,2024-11,FREEMIUM,false,false,false,false
2562,Agnes,Floating Jersey,2024-11,FREEMIUM,false,false,false,false
2564,Agnes,Floating Jersey,2024-11,FREEMIUM,false,false,false,false
2565,Agnes,Floating Jersey,2024-11,FREEMIUM,true,false,false,false
2567,Agnes,Floating Jersey,2024-11,FREEMIUM,false,false,false,false
2603,Agnes,Floating Jersey,2024-11,FREEMIUM,true,false,false,false
2573,Agnes,Floating Jersey,2024-11,FREEMIUM,false,false,false,false
2588,Agnes,Floating Jersey,2024-11,FREEMIUM,true,false,false,false
2557,Agnes,Floating Jersey,2024-11,ON_DEMAND_SUBSCRIPTION,false,true,false,true
2676,Agnes,Floating Jersey,2024-11,FREEMIUM,true,false,false,false
2670,Agnes,Floating Jersey,2024-11,FREEMIUM,false,false,false,false
2599,Agnes,Floating Jersey,2024-11,CHURN,true,false,false,false
2610,Agnes,Floating Jersey,2024-11,FREEMIUM,false,false,false,false
2615,Agnes,Floating Jersey,2024-11,WARM_LEAD,true,false,false,false
2583,Agnes,Floating Jersey,2024-11,FREEMIUM,false,false,false,false
2675,Agnes,Floating Jersey,2024-11,RECURRING_SUBSCRIPTION,false,true,true,false
2572,Agnes,Floating Jersey,2024-11,FREEMIUM,false,false,false,false
2578,Agnes,Floating Jersey,2024-11,RECURRING_SUBSCRIPTION,true,true,true,false
2560,Agnes,Floating Jersey,2024-11,FREEMIUM,true,false,false,false
2638,Agnes,Floating Jersey,2024-11,FREEMIUM,false,false,false,false
2664,Agnes,Floating Jersey,2024-11,RECURRING_SUBSCRIPTION,true,true,true,false
2570,Agnes,Floating Jersey,2024-11,WARM_LEAD,true,false,false,false
2589,Agnes,Floating Jersey,2024-11,FREEMIUM,false,false,false,false
2674,Agnes,Floating Jersey,2024-11,TRIAL,false,false,false,false
2647,Agnes,Floating Jersey,2024-11,CHURN,false,false,false,false
2586,Agnes,Floating Jersey,2024-11,TRIAL,false,false,false,false
2579,Agnes,Floating Jersey,2024-11,FREEMIUM,false,false,false,false
2563,Agnes,Floating Jersey,2024-11,ON_DEMAND_SUBSCRIPTION,true,true,false,true
2581,Agnes,Floating Jersey,2024-11,FREEMIUM,false,false,false,false
2568,Agnes,Floating Jersey,2024-11,TRIAL,true,false,false,false
2582,Agnes,Floating Jersey,2024-11,FREEMIUM,false,false,false,false
2614,Agnes,Floating Jersey,2024-11,FREEMIUM,true,false,false,false
2701,Azrieli TLV,Unknown,2024-11,ON_DEMAND_SUBSCRIPTION,false,true,false,true
2512,Azrieli TLV,Unknown,2024-11,COLD_LEAD,false,false,false,false
2618,Azrieli TLV,Unknown,2024-11,TRIAL,false,false,false,false
1905,Azrieli TLV,Unknown,2024-11,TRIAL,false,false,false,false
2701,Azrieli TLV,Unknown,2024-11,ON_DEMAND_SUBSCRIPTION,false,true,false,true
1751,Azrieli TLV,Unknown,2024-11,COLD_LEAD,false,false,false,false
2476,Azrieli TLV,Unknown,2024-11,CHURN,false,false,false,false
2517,Azrieli TLV,Unknown,2024-11,COLD_LEAD,false,false,false,false
2630,Azrieli TLV,Unknown,2024-11,COLD_LEAD,false,false,false,false
2517,Azrieli TLV,Unknown,2024-11,COLD_LEAD,false,false,false,false
2607,Azrieli TLV,Unknown,2024-11,CHURN,true,false,false,false
2533,Gindi 1,Unknown,2024-11,COLD_LEAD,true,false,false,false
2521,Gindi 1,Unknown,2024-11,COLD_LEAD,false,false,false,false
2668,Gindi 1,Unknown,2024-11,COLD_LEAD,false,false,false,false
922,Gindi 1,Unknown,2024-11,COLD_LEAD,false,false,false,false
278,Gindi 1,Unknown,2024-11,COLD_LEAD,false,false,false,false
2672,Gindi 1,Unknown,2024-11,ON_DEMAND_SUBSCRIPTION,false,true,false,true
922,Gindi 1,Unknown,2024-11,COLD_LEAD,false,false,false,false
2513,Gindi 1,Unknown,2024-11,COLD_LEAD,false,false,false,false
2648,Gindi 1,Unknown,2024-11,TRIAL,false,false,false,false
2631,Gindi 1,Unknown,2024-11,COLD_LEAD,false,false,false,false
82,Gindi 1,Unknown,2024-11,ON_DEMAND_SUBSCRIPTION,false,true,false,true
784,Gindi 1,Unknown,2024-11,COLD_LEAD,true,false,false,false
2617,Gindi 1,Unknown,2024-11,COLD_LEAD,false,false,false,false
2631,Gindi 1,Unknown,2024-11,COLD_LEAD,false,false,false,false
2697,Gindi 1,Unknown,2024-11,CHURN,true,false,false,false
1056,Gindi 2,Unknown,2024-11,COLD_LEAD,true,false,false,false
2122,Gindi 2,Unknown,2024-11,COLD_LEAD,false,false,false,false
1040,Gindi 2,Unknown,2024-11,CHURN,true,false,false,false
1585,Gindi 2,Unknown,2024-11,COLD_LEAD,false,false,false,false
2642,Gindi 2,Unknown,2024-11,COLD_LEAD,false,false,false,false
2645,Gindi 2,Unknown,2024-11,COLD_LEAD,false,false,false,false
2679,Gindi 2,Unknown,2024-11,COLD_LEAD,false,false,false,false
2689,Gindi 2,Unknown,2024-11,COLD_LEAD,false,false,false,false
223,Gindi 2,Unknown,2024-11,ON_DEMAND_SUBSCRIPTION,false,true,false,true
2691,Gindi 3,Unknown,2024-11,COLD_LEAD,false,false,false,false
2553,Gindi 3,Unknown,2024-11,CHURN,false,false,false,false
1449,Gindi 3,Unknown,2024-11,FROZEN,false,false,false,false
2269,Gindi 3,Unknown,2024-11,CHURN,false,false,false,false
1924,Gindi 3,Unknown,2024-11,COLD_LEAD,false,false,false,false
546,Gindi 3,Unknown,2024-11,TRIAL,true,false,false,false
2323,Gindi 3,Unknown,2024-11,ON_DEMAND_SUBSCRIPTION,false,true,false,true
1855,Gindi 3,Unknown,2024-11,COLD_LEAD,true,false,false,false
1245,Gindi 3,Unknown,2024-11,COLD_LEAD,false,false,false,false
2438,Gindi 3,Unknown,2024-11,TRIAL,false,false,false,false
2323,Gindi 3,Unknown,2024-11,ON_DEMAND_SUBSCRIPTION,false,true,false,true
2506,Gindi 3,Unknown,2024-11,COLD_LEAD,false,false,false,false
2506,Gindi 3,Unknown,2024-11,COLD_LEAD,false,false,false,false
2267,Gindi 3,Unknown,2024-11,COLD_LEAD,false,false,false,false
2688,Gindi 3,Unknown,2024-11,COLD_LEAD,false,false,false,false
2596,HaHehad,Unknown,2024-11,ON_DEMAND_SUBSCRIPTION,false,true,false,true
2690,HaHehad,Unknown,2024-11,TRIAL,false,false,false,false
2600,HaHehad,Unknown,2024-11,CHURN,false,false,false,false
2597,HaHehad,Unknown,2024-11,CHURN,false,false,false,false
2516,HaHehad,Unknown,2024-11,COLD_LEAD,false,false,false,false
2649,HaHehad,Unknown,2024-11,CHURN,false,false,false,false
2544,HaHehad,Unknown,2024-11,COLD_LEAD,false,false,false,false
2598,HaHehad,Unknown,2024-11,CHURN,false,false,false,false
2544,HaHehad,Unknown,2024-11,COLD_LEAD,false,false,false,false
2494,HaHehad,Unknown,2024-11,COLD_LEAD,false,false,false,false
2200,HaHehad,Unknown,2024-11,COLD_LEAD,true,false,false,false
2540,HaHehad,Unknown,2024-11,COLD_LEAD,false,false,false,false
2604,Nine 52,Hell's Kitchen Polygon,2024-11,RECURRING_SUBSCRIPTION,true,true,true,false
2542,Nine 52,Hell's Kitchen Polygon,2024-11,FREEMIUM,true,false,false,false
2707,Nine 52,Hell's Kitchen Polygon,2024-11,FREEMIUM,false,false,false,false
2698,Nine 52,Hell's Kitchen Polygon,2024-11,TRIAL,false,false,false,false
2504,One Ten,Hoboken Polygon,2024-11,ON_DEMAND_SUBSCRIPTION,false,true,false,true
2537,River Place,Hell's Kitchen Polygon,2024-11,RECURRING_SUBSCRIPTION,false,true,true,false
4006,River Place,Hell's Kitchen Polygon,2024-11,FREEMIUM,true,false,false,false
2700,River Place,Hell's Kitchen Polygon,2024-11,ON_DEMAND_SUBSCRIPTION,true,true,false,true
2621,River Place,Hell's Kitchen Polygon,2024-11,FREEMIUM,true,false,false,false
2669,River Place,Hell's Kitchen Polygon,2024-11,WARM_LEAD,true,false,false,false
2602,River Place,Hell's Kitchen Polygon,2024-11,FREEMIUM,true,false,false,false
2624,River Place,Hell's Kitchen Polygon,2024-11,TRIAL,true,false,false,false
2098,River Place,Hell's Kitchen Polygon,2024-11,TRIAL,true,false,false,false
2552,River Place,Hell's Kitchen Polygon,2024-11,FREEMIUM,false,false,false,false
2608,River Place,Hell's Kitchen Polygon,2024-11,FREEMIUM,false,false,false,false
2695,River Place,Hell's Kitchen Polygon,2024-11,FREEMIUM,false,false,false,false
2694,River Place,Hell's Kitchen Polygon,2024-11,FREEMIUM,false,false,false,false
2685,River Place,Hell's Kitchen Polygon,2024-11,TRIAL,false,false,false,false
2686,River Place,Hell's Kitchen Polygon,2024-11,FREEMIUM,false,false,false,false
2535,River Place,Hell's Kitchen Polygon,2024-11,FREEMIUM,true,false,false,false
2684,River Place,Hell's Kitchen Polygon,2024-11,FREEMIUM,false,false,false,false
2510,River Place,Hell's Kitchen Polygon,2024-11,FREEMIUM,false,false,false,false
2629,River Place,Hell's Kitchen Polygon,2024-11,FREEMIUM,false,false,false,false
2503,River Place,Hell's Kitchen Polygon,2024-11,FREEMIUM,false,false,false,false
2641,River Place,Hell's Kitchen Polygon,2024-11,FREEMIUM,false,false,false,false
2548,River Place,Hell's Kitchen Polygon,2024-11,FREEMIUM,false,false,false,false
2643,River Place,Hell's Kitchen Polygon,2024-11,FREEMIUM,false,false,false,false
2505,River Place,Hell's Kitchen Polygon,2024-11,FREEMIUM,false,false,false,false
772,River Place,Hell's Kitchen Polygon,2024-11,TRIAL,true,false,false,false
2502,River Place,Hell's Kitchen Polygon,2024-11,CHURN,true,false,false,false
2705,River Place,Hell's Kitchen Polygon,2024-11,FREEMIUM,false,false,false,false
2706,River Place,Hell's Kitchen Polygon,2024-11,FREEMIUM,true,false,false,false
2633,Silver Towers,Hell's Kitchen Polygon,2024-11,RECURRING_SUBSCRIPTION,true,true,true,false
2524,Silver Towers,Hell's Kitchen Polygon,2024-11,FREEMIUM,false,false,false,false
2519,Silver Towers,Hell's Kitchen Polygon,2024-11,FREEMIUM,false,false,false,false
2532,Silver Towers,Hell's Kitchen Polygon,2024-11,FREEMIUM,false,false,false,false
1066,Silver Towers,Hell's Kitchen Polygon,2024-11,FREEMIUM,true,false,false,false
2595,Silver Towers,Hell's Kitchen Polygon,2024-11,FREEMIUM,false,false,false,false
2693,Silver Towers,Hell's Kitchen Polygon,2024-11,TRIAL,false,false,false,false
2539,Silver Towers,Hell's Kitchen Polygon,2024-11,FREEMIUM,true,false,false,false
2534,Silver Towers,Hell's Kitchen Polygon,2024-11,FREEMIUM,true,false,false,false
2585,Silver Towers,Hell's Kitchen Polygon,2024-11,ON_DEMAND_SUBSCRIPTION,true,true,false,true
2543,Silver Towers,Hell's Kitchen Polygon,2024-11,FREEMIUM,false,false,false,false
2594,Silver Towers,Hell's Kitchen Polygon,2024-11,FREEMIUM,true,false,false,false
2619,Silver Towers,Hell's Kitchen Polygon,2024-11,FREEMIUM,false,false,false,false
1749,Silver Towers,Hell's Kitchen Polygon,2024-11,FREEMIUM,true,false,false,false
2214,Silver Towers,Hell's Kitchen Polygon,2024-11,CHURN,true,false,false,false
2622,Silver Towers,Hell's Kitchen Polygon,2024-11,FREEMIUM,true,false,false,false
2646,Silver Towers,Hell's Kitchen Polygon,2024-11,FREEMIUM,false,false,false,false
2651,Silver Towers,Hell's Kitchen Polygon,2024-11,FREEMIUM,true,false,false,false
901,Silver Towers,Hell's Kitchen Polygon,2024-11,ON_DEMAND_SUBSCRIPTION,true,true,false,true
2650,Silver Towers,Hell's Kitchen Polygon,2024-11,ON_DEMAND_SUBSCRIPTION,true,true,false,true
2680,Silver Towers,Hell's Kitchen Polygon,2024-11,FREEMIUM,false,false,false,false
2683,Silver Towers,Hell's Kitchen Polygon,2024-11,RECURRING_SUBSCRIPTION,true,true,true,false
2681,Silver Towers,Hell's Kitchen Polygon,2024-11,FREEMIUM,true,false,false,false
1968,Silver Towers,Hell's Kitchen Polygon,2024-11,RECURRING_SUBSCRIPTION,true,true,true,false
2547,Silver Towers,Hell's Kitchen Polygon,2024-11,ON_DEMAND_SUBSCRIPTION,false,true,false,true
2710,Silver Towers,Hell's Kitchen Polygon,2024-11,CHURN,true,false,false,false
2682,Silver Towers,Hell's Kitchen Polygon,2024-11,WARM_LEAD,true,false,false,false
2520,Silver Towers,Hell's Kitchen Polygon,2024-11,ON_DEMAND_SUBSCRIPTION,false,true,false,true
2709,Silver Towers,Hell's Kitchen Polygon,2024-11,FREEMIUM,false,false,false,false
2663,Silver Towers,Hell's Kitchen Polygon,2024-11,FREEMIUM,false,false,false,false
2585,Silver Towers,Hell's Kitchen Polygon,2024-11,ON_DEMAND_SUBSCRIPTION,true,true,false,true
2620,Silver Towers,Hell's Kitchen Polygon,2024-11,FREEMIUM,true,false,false,false
2667,Stonehill,Chatham / West Orange Polygon,2024-11,FREEMIUM,true,false,false,false
2522,Stonehill,Chatham / West Orange Polygon,2024-11,FREEMIUM,true,false,false,false
2538,Stonehill,Chatham / West Orange Polygon,2024-11,FREEMIUM,false,false,false,false
2523,Stonehill,Chatham / West Orange Polygon,2024-11,ON_DEMAND_SUBSCRIPTION,true,true,false,true
2545,Stonehill,Chatham / West Orange Polygon,2024-11,FREEMIUM,false,false,false,false
2546,Stonehill,Chatham / West Orange Polygon,2024-11,FREEMIUM,true,false,false,false
2640,The Dime,Williamsburg Polygon,2024-11,FREEMIUM,false,false,false,false
2636,The Dime,Williamsburg Polygon,2024-11,FREEMIUM,false,false,false,false
2628,The Dime,Williamsburg Polygon,2024-11,FREEMIUM,true,false,false,false
2625,The Dime,Williamsburg Polygon,2024-11,FREEMIUM,true,false,false,false
2696,The Dime,Williamsburg Polygon,2024-11,FREEMIUM,true,false,false,false
2711,The Dime,Williamsburg Polygon,2024-11,FREEMIUM,false,false,false,false
2515,The Eddy,Harrison Polygon,2024-11,CHURN,true,false,false,false
2653,The Eddy,Harrison Polygon,2024-11,FREEMIUM,false,false,false,false
2657,The Eddy,Harrison Polygon,2024-11,FREEMIUM,false,false,false,false
2662,The Eddy,Harrison Polygon,2024-11,FREEMIUM,true,false,false,false
2613,The Eddy,Harrison Polygon,2024-11,FREEMIUM,false,false,false,false
2652,The Eddy,Harrison Polygon,2024-11,FREEMIUM,false,false,false,false
2514,The Eddy,Harrison Polygon,2024-11,RECURRING_SUBSCRIPTION,true,true,true,false
2501,The Eddy,Harrison Polygon,2024-11,FREEMIUM,false,false,false,false
2659,The Eddy,Harrison Polygon,2024-11,FREEMIUM,false,false,false,false
2550,The Enclave,Hoboken Polygon,2024-11,FREEMIUM,false,false,false,false
2626,The Enclave,Hoboken Polygon,2024-11,FREEMIUM,false,false,false,false
2660,The Ivy,Chatham / West Orange Polygon,2024-11,TRIAL,true,false,false,false
2623,The Ivy,Chatham / West Orange Polygon,2024-11,FREEMIUM,false,false,false,false
2551,The Ivy,Chatham / West Orange Polygon,2024-11,ON_DEMAND_SUBSCRIPTION,true,true,false,true
2644,The Ivy,Chatham / West Orange Polygon,2024-11,CHURN,true,false,false,false
2627,The Ivy,Chatham / West Orange Polygon,2024-11,FREEMIUM,false,false,false,false
2831,100 House,Hoboken Polygon,2024-12,FREEMIUM,false,false,false,false
2806,100 House,Hoboken Polygon,2024-12,FREEMIUM,true,false,false,false
2804,1 Boerum PL,Floating NY 2,2024-12,FREEMIUM,true,false,false,false
2757,1 Boerum PL,Floating NY 2,2024-12,FREEMIUM,true,false,false,false
2762,300 Somerset,Harrison Polygon,2024-12,CHURN,false,false,false,false
2837,330 Angelo Cifelli,Harrison Polygon,2024-12,FREEMIUM,false,false,false,false
2716,330 Angelo Cifelli,Harrison Polygon,2024-12,FREEMIUM,false,false,false,false
2861,330 Angelo Cifelli,Harrison Polygon,2024-12,FREEMIUM,true,false,false,false
2780,330 Angelo Cifelli,Harrison Polygon,2024-12,FREEMIUM,true,false,false,false
2755,829 Garfield,Floating Jersey,2024-12,LEAD,true,false,false,false
2784,Agnes,Floating Jersey,2024-12,FREEMIUM,false,false,false,false
2746,Agnes,Floating Jersey,2024-12,FREEMIUM,false,false,false,false
2852,Azrieli TLV,Unknown,2024-12,COLD_LEAD,false,false,false,false
2789,Azrieli TLV,Unknown,2024-12,COLD_LEAD,false,false,false,false
1624,Azrieli TLV,Unknown,2024-12,COLD_LEAD,false,false,false,false
2607,Azrieli TLV,Unknown,2024-12,CHURN,true,false,false,false
2747,Azrieli TLV,Unknown,2024-12,CHURN,false,false,false,false
2785,Azrieli TLV,Unknown,2024-12,COLD_LEAD,false,false,false,false
2747,Azrieli TLV,Unknown,2024-12,CHURN,false,false,false,false
2764,Azrieli TLV,Unknown,2024-12,COLD_LEAD,true,false,false,false
2745,Azrieli TLV,Unknown,2024-12,CHURN,false,false,false,false
2715,Azrieli TLV,Unknown,2024-12,CHURN,true,false,false,false
2840,Gindi 1,Unknown,2024-12,COLD_LEAD,false,false,false,false
260,Gindi 1,Unknown,2024-12,CHURN,false,false,false,false
258,Gindi 1,Unknown,2024-12,COLD_LEAD,false,false,false,false
2838,Gindi 1,Unknown,2024-12,COLD_LEAD,false,false,false,false
1505,Gindi 1,Unknown,2024-12,COLD_LEAD,false,false,false,false
2672,Gindi 1,Unknown,2024-12,ON_DEMAND_SUBSCRIPTION,false,true,false,true
249,Gindi 1,Unknown,2024-12,COLD_LEAD,false,false,false,false
1299,Gindi 1,Unknown,2024-12,TRIAL,false,false,false,false
1788,Gindi 1,Unknown,2024-12,ON_DEMAND_SUBSCRIPTION,true,true,false,true
2853,Gindi 1,Unknown,2024-12,COLD_LEAD,false,false,false,false
2849,Gindi 1,Unknown,2024-12,COLD_LEAD,true,false,false,false
374,Gindi 1,Unknown,2024-12,CHURN,true,false,false,false
2844,Gindi 1,Unknown,2024-12,COLD_LEAD,false,false,false,false
2844,Gindi 1,Unknown,2024-12,COLD_LEAD,false,false,false,false
1629,Gindi 1,Unknown,2024-12,COLD_LEAD,false,false,false,false
2738,Gindi 1,Unknown,2024-12,COLD_LEAD,false,false,false,false
2014,Gindi 1,Unknown,2024-12,COLD_LEAD,false,false,false,false
757,Gindi 1,Unknown,2024-12,ON_DEMAND_SUBSCRIPTION,true,true,false,true
1026,Gindi 1,Unknown,2024-12,COLD_LEAD,false,false,false,false
2668,Gindi 1,Unknown,2024-12,COLD_LEAD,false,false,false,false
2841,Gindi 1,Unknown,2024-12,TRIAL,false,false,false,false
2714,Gindi 1,Unknown,2024-12,COLD_LEAD,false,false,false,false
1474,Gindi 1,Unknown,2024-12,TRIAL,false,false,false,false
2828,Gindi 1,Unknown,2024-12,COLD_LEAD,false,false,false,false
2830,Gindi 2,Unknown,2024-12,COLD_LEAD,false,false,false,false
2775,Gindi 2,Unknown,2024-12,CHURN,false,false,false,false
202,Gindi 2,Unknown,2024-12,COLD_LEAD,false,false,false,false
2777,Gindi 2,Unknown,2024-12,COLD_LEAD,false,false,false,false
2737,Gindi 2,Unknown,2024-12,COLD_LEAD,false,false,false,false
2870,Gindi 2,Unknown,2024-12,COLD_LEAD,false,false,false,false
2751,Gindi 2,Unknown,2024-12,COLD_LEAD,false,false,false,false
222,Gindi 2,Unknown,2024-12,COLD_LEAD,true,false,false,false
2679,Gindi 2,Unknown,2024-12,COLD_LEAD,false,false,false,false
215,Gindi 2,Unknown,2024-12,COLD_LEAD,false,false,false,false
2851,Gindi 2,Unknown,2024-12,WARM_LEAD,false,false,false,false
175,Gindi 2,Unknown,2024-12,COLD_LEAD,true,false,false,false
1305,Gindi 2,Unknown,2024-12,COLD_LEAD,false,false,false,false
2737,Gindi 2,Unknown,2024-12,COLD_LEAD,false,false,false,false
2855,Gindi 2,Unknown,2024-12,COLD_LEAD,false,false,false,false
2802,Gindi 2,Unknown,2024-12,COLD_LEAD,false,false,false,false
2776,Gindi 2,Unknown,2024-12,COLD_LEAD,false,false,false,false
338,Gindi 3,Unknown,2024-12,COLD_LEAD,true,false,false,false
2772,Gindi 3,Unknown,2024-12,COLD_LEAD,false,false,false,false
891,Gindi 3,Unknown,2024-12,COLD_LEAD,false,false,false,false
229,Gindi 3,Unknown,2024-12,COLD_LEAD,false,false,false,false
2554,Gindi 3,Unknown,2024-12,COLD_LEAD,false,false,false,false
2818,Gindi 3,Unknown,2024-12,COLD_LEAD,true,false,false,false
2127,Gindi 3,Unknown,2024-12,COLD_LEAD,false,false,false,false
1385,Gindi 3,Unknown,2024-12,COLD_LEAD,false,false,false,false
2724,Gindi 3,Unknown,2024-12,TRIAL,false,false,false,false
2788,Gindi 3,Unknown,2024-12,ON_DEMAND_SUBSCRIPTION,false,true,false,true
2825,Gindi 3,Unknown,2024-12,COLD_LEAD,true,false,false,false
2825,Gindi 3,Unknown,2024-12,COLD_LEAD,true,false,false,false
2273,Gindi 3,Unknown,2024-12,COLD_LEAD,true,false,false,false
2865,Gindi 3,Unknown,2024-12,TRIAL,true,false,false,false
2834,Gindi 3,Unknown,2024-12,COLD_LEAD,false,false,false,false
1245,Gindi 3,Unknown,2024-12,COLD_LEAD,false,false,false,false
2858,Gindi 3,Unknown,2024-12,COLD_LEAD,false,false,false,false
2788,Gindi 3,Unknown,2024-12,ON_DEMAND_SUBSCRIPTION,false,true,false,true
274,Gindi 3,Unknown,2024-12,COLD_LEAD,true,false,false,false
2856,Gindi 3,Unknown,2024-12,COLD_LEAD,false,false,false,false
2787,HaHehad,Unknown,2024-12,CHURN,true,false,false,false
2480,HaHehad,Unknown,2024-12,COLD_LEAD,false,false,false,false
2816,HaHehad,Unknown,2024-12,COLD_LEAD,false,false,false,false
2848,HaHehad,Unknown,2024-12,TRIAL,false,false,false,false
2439,HaHehad,Unknown,2024-12,LEAD,true,false,false,false
2805,HaHehad,Unknown,2024-12,CHURN,true,false,false,false
2857,John Street 116,Financial District Polygon,2024-12,FREEMIUM,false,false,false,false
2763,Nine 52,Hell's Kitchen Polygon,2024-12,ON_DEMAND_SUBSCRIPTION,false,true,false,true
2485,Nine 52,Hell's Kitchen Polygon,2024-12,RECURRING_SUBSCRIPTION,true,true,true,false
2812,Nine 52,Hell's Kitchen Polygon,2024-12,FREEMIUM,false,false,false,false
2717,One Ten,Hoboken Polygon,2024-12,FREEMIUM,true,false,false,false
2786,River Place,Hell's Kitchen Polygon,2024-12,CHURN,true,false,false,false
1252,River Place,Hell's Kitchen Polygon,2024-12,FREEMIUM,false,false,false,false
2753,River Place,Hell's Kitchen Polygon,2024-12,TRIAL,false,false,false,false
2773,River Place,Hell's Kitchen Polygon,2024-12,WARM_LEAD,true,false,false,false
2723,River Place,Hell's Kitchen Polygon,2024-12,ON_DEMAND_SUBSCRIPTION,true,true,false,true
2756,River Place,Hell's Kitchen Polygon,2024-12,FREEMIUM,true,false,false,false
2744,River Place,Hell's Kitchen Polygon,2024-12,FREEMIUM,false,false,false,false
2753,River Place,Hell's Kitchen Polygon,2024-12,TRIAL,false,false,false,false
2713,River Place,Hell's Kitchen Polygon,2024-12,FREEMIUM,true,false,false,false
2374,River Place,Hell's Kitchen Polygon,2024-12,TRIAL,true,false,false,false
2868,Silver Towers,Hell's Kitchen Polygon,2024-12,RECURRING_SUBSCRIPTION,true,true,true,false
2740,Silver Towers,Hell's Kitchen Polygon,2024-12,CHURN,true,false,false,false
1372,Silver Towers,Hell's Kitchen Polygon,2024-12,FREEMIUM,true,false,false,false
2846,Silver Towers,Hell's Kitchen Polygon,2024-12,ON_DEMAND_SUBSCRIPTION,false,true,false,true
2296,Silver Towers,Hell's Kitchen Polygon,2024-12,TRIAL,true,false,false,false
1356,Silver Towers,Hell's Kitchen Polygon,2024-12,CHURN,true,false,false,false
2761,Silver Towers,Hell's Kitchen Polygon,2024-12,ON_DEMAND_SUBSCRIPTION,false,true,false,true
2743,Silver Towers,Hell's Kitchen Polygon,2024-12,ON_DEMAND_SUBSCRIPTION,true,true,false,true
2868,Silver Towers,Hell's Kitchen Polygon,2024-12,RECURRING_SUBSCRIPTION,true,true,true,false
2722,Silver Towers,Hell's Kitchen Polygon,2024-12,ON_DEMAND_SUBSCRIPTION,false,true,false,true
2774,Silver Towers,Hell's Kitchen Polygon,2024-12,FREEMIUM,false,false,false,false
2826,Silver Towers,Hell's Kitchen Polygon,2024-12,ON_DEMAND_SUBSCRIPTION,false,true,false,true
2275,Silver Towers,Hell's Kitchen Polygon,2024-12,ON_DEMAND_SUBSCRIPTION,true,true,false,true
2769,Silver Towers,Hell's Kitchen Polygon,2024-12,FREEMIUM,false,false,false,false
2811,Silver Towers,Hell's Kitchen Polygon,2024-12,FREEMIUM,false,false,false,false
2760,Silver Towers,Hell's Kitchen Polygon,2024-12,TRIAL,false,false,false,false
2748,Silver Towers,Hell's Kitchen Polygon,2024-12,FREEMIUM,false,false,false,false
2850,Stonehill,Chatham / West Orange Polygon,2024-12,TRIAL,false,false,false,false
2734,Stonehill,Chatham / West Orange Polygon,2024-12,FREEMIUM,false,false,false,false
2819,Stonehill,Chatham / West Orange Polygon,2024-12,TRIAL,false,false,false,false
2795,Stonehill,Chatham / West Orange Polygon,2024-12,FREEMIUM,false,false,false,false
2779,Stonehill,Chatham / West Orange Polygon,2024-12,CHURN,true,false,false,false
2833,Stonehill,Chatham / West Orange Polygon,2024-12,FREEMIUM,false,false,false,false
2815,The Dime,Williamsburg Polygon,2024-12,FREEMIUM,false,false,false,false
2778,The Dime,Williamsburg Polygon,2024-12,FREEMIUM,false,false,false,false
2871,The Dime,Williamsburg Polygon,2024-12,FREEMIUM,true,false,false,false
2860,The Eddy,Harrison Polygon,2024-12,FREEMIUM,false,false,false,false
2866,The Eddy,Harrison Polygon,2024-12,FREEMIUM,false,false,false,false
2820,The Eddy,Harrison Polygon,2024-12,FREEMIUM,false,false,false,false
2771,The Eddy,Harrison Polygon,2024-12,FREEMIUM,false,false,false,false
2783,The Eddy,Harrison Polygon,2024-12,FREEMIUM,true,false,false,false
2843,The Enclave,Hoboken Polygon,2024-12,FREEMIUM,false,false,false,false
2810,The Ivy,Chatham / West Orange Polygon,2024-12,CHURN,true,false,false,false
2867,The Ivy,Chatham / West Orange Polygon,2024-12,FREEMIUM,false,false,false,false
2793,The Ivy,Chatham / West Orange Polygon,2024-12,CHURN,false,false,false,false
2770,The Ivy,Chatham / West Orange Polygon,2024-12,TRIAL,false,false,false,false
2854,The Ivy,Chatham / West Orange Polygon,2024-12,RECURRING_SUBSCRIPTION,false,true,true,false
3023,100 House,Hoboken Polygon,2025-01,FREEMIUM,false,false,false,false
2929,100 House,Hoboken Polygon,2025-01,ON_DEMAND_SUBSCRIPTION,false,true,false,true
2890,100 House,Hoboken Polygon,2025-01,FREEMIUM,false,false,false,false
2889,100 House,Hoboken Polygon,2025-01,FREEMIUM,false,false,false,false
2909,1 Boerum PL,Floating NY 2,2025-01,FREEMIUM,false,false,false,false
2924,300 Somerset,Harrison Polygon,2025-01,CHURN,false,false,false,false
2916,300 Somerset,Harrison Polygon,2025-01,FREEMIUM,false,false,false,false
2967,300 Somerset,Harrison Polygon,2025-01,TRIAL,false,false,false,false
2921,330 Angelo Cifelli,Harrison Polygon,2025-01,FREEMIUM,false,false,false,false
3015,330 Angelo Cifelli,Harrison Polygon,2025-01,TRIAL,true,false,false,false
2998,330 Angelo Cifelli,Harrison Polygon,2025-01,FREEMIUM,false,false,false,false
2919,330 Angelo Cifelli,Harrison Polygon,2025-01,RECURRING_SUBSCRIPTION,true,true,true,false
2918,330 Angelo Cifelli,Harrison Polygon,2025-01,FREEMIUM,false,false,false,false
2934,330 Angelo Cifelli,Harrison Polygon,2025-01,FREEMIUM,false,false,false,false
2906,330W-56th,Hell's Kitchen Polygon,2025-01,FREEMIUM,false,false,false,false
2910,330W-56th,Hell's Kitchen Polygon,2025-01,CHURN,false,false,false,false
2903,330W-56th,Hell's Kitchen Polygon,2025-01,CHURN,true,false,false,false
2983,330W-56th,Hell's Kitchen Polygon,2025-01,FREEMIUM,true,false,false,false
2982,330W-56th,Hell's Kitchen Polygon,2025-01,FREEMIUM,true,false,false,false
2979,330W-56th,Hell's Kitchen Polygon,2025-01,FREEMIUM,false,false,false,false
2980,330W-56th,Hell's Kitchen Polygon,2025-01,TRIAL,true,false,false,false
2917,330W-56th,Hell's Kitchen Polygon,2025-01,FREEMIUM,false,false,false,false
2904,330W-56th,Hell's Kitchen Polygon,2025-01,FREEMIUM,false,false,false,false
2905,330W-56th,Hell's Kitchen Polygon,2025-01,FREEMIUM,false,false,false,false
2875,330W-56th,Hell's Kitchen Polygon,2025-01,FREEMIUM,false,false,false,false
3042,829 Garfield,Floating Jersey,2025-01,LEAD,false,false,false,false
3000,Azrieli TLV,Unknown,2025-01,COLD_LEAD,false,false,false,false
2883,Azrieli TLV,Unknown,2025-01,COLD_LEAD,false,false,false,false
3039,Azrieli TLV,Unknown,2025-01,COLD_LEAD,false,false,false,false
2764,Azrieli TLV,Unknown,2025-01,COLD_LEAD,true,false,false,false
2931,Azrieli TLV,Unknown,2025-01,TRIAL,false,false,false,false
33,Azrieli TLV,Unknown,2025-01,COLD_LEAD,false,false,false,false
3038,Gindi 1,Unknown,2025-01,COLD_LEAD,false,false,false,false
631,Gindi 1,Unknown,2025-01,CHURN,true,false,false,false
2981,Gindi 1,Unknown,2025-01,COLD_LEAD,false,false,false,false
3028,Gindi 1,Unknown,2025-01,TRIAL,false,false,false,false
2956,Gindi 1,Unknown,2025-01,COLD_LEAD,false,false,false,false
2885,Gindi 1,Unknown,2025-01,COLD_LEAD,false,false,false,false
2844,Gindi 1,Unknown,2025-01,COLD_LEAD,false,false,false,false
3028,Gindi 1,Unknown,2025-01,TRIAL,false,false,false,false
1187,Gindi 1,Unknown,2025-01,COLD_LEAD,false,false,false,false
2932,Gindi 1,Unknown,2025-01,COLD_LEAD,false,false,false,false
1612,Gindi 1,Unknown,2025-01,COLD_LEAD,false,false,false,false
2955,Gindi 1,Unknown,2025-01,ON_DEMAND_SUBSCRIPTION,true,true,false,true
1505,Gindi 1,Unknown,2025-01,COLD_LEAD,false,false,false,false
3008,Gindi 1,Unknown,2025-01,COLD_LEAD,false,false,false,false
1853,Gindi 2,Unknown,2025-01,COLD_LEAD,false,false,false,false
3036,Gindi 2,Unknown,2025-01,COLD_LEAD,false,false,false,false
3017,Gindi 2,Unknown,2025-01,COLD_LEAD,false,false,false,false
247,Gindi 2,Unknown,2025-01,COLD_LEAD,false,false,false,false
1853,Gindi 2,Unknown,2025-01,COLD_LEAD,false,false,false,false
193,Gindi 2,Unknown,2025-01,COLD_LEAD,true,false,false,false
2976,Gindi 2,Unknown,2025-01,CHURN,true,false,false,false
2302,Gindi 2,Unknown,2025-01,ON_DEMAND_SUBSCRIPTION,false,true,false,true
1522,Gindi 2,Unknown,2025-01,COLD_LEAD,false,false,false,false
2335,Gindi 2,Unknown,2025-01,WARM_LEAD,true,false,false,false
2851,Gindi 2,Unknown,2025-01,WARM_LEAD,false,false,false,false
1668,Gindi 2,Unknown,2025-01,CHURN,true,false,false,false
689,Gindi 2,Unknown,2025-01,COLD_LEAD,false,false,false,false
2873,Gindi 2,Unknown,2025-01,TRIAL,true,false,false,false
3011,Gindi 2,Unknown,2025-01,COLD_LEAD,false,false,false,false
3025,Gindi 2,Unknown,2025-01,COLD_LEAD,false,false,false,false
2975,Gindi 3,Unknown,2025-01,COLD_LEAD,false,false,false,false
1245,Gindi 3,Unknown,2025-01,COLD_LEAD,false,false,false,false
2874,Gindi 3,Unknown,2025-01,ON_DEMAND_SUBSCRIPTION,false,true,false,true
885,Gindi 3,Unknown,2025-01,COLD_LEAD,true,false,false,false
1449,Gindi 3,Unknown,2025-01,FROZEN,false,false,false,false
3010,Gindi 3,Unknown,2025-01,COLD_LEAD,false,false,false,false
2865,Gindi 3,Unknown,2025-01,TRIAL,true,false,false,false
3031,Gindi 3,Unknown,2025-01,COLD_LEAD,false,false,false,false
3033,Gindi 3,Unknown,2025-01,COLD_LEAD,false,false,false,false
1301,Gindi 3,Unknown,2025-01,COLD_LEAD,false,false,false,false
2888,Gindi 3,Unknown,2025-01,COLD_LEAD,false,false,false,false
3035,Gindi 3,Unknown,2025-01,COLD_LEAD,false,false,false,false
577,Gindi 3,Unknown,2025-01,COLD_LEAD,true,false,false,false
2968,Gindi 3,Unknown,2025-01,COLD_LEAD,false,false,false,false
2874,Gindi 3,Unknown,2025-01,ON_DEMAND_SUBSCRIPTION,false,true,false,true
1651,Gindi 3,Unknown,2025-01,CHURN,true,false,false,false
2877,Gindi 3,Unknown,2025-01,TRIAL,true,false,false,false
2990,Gindi 3,Unknown,2025-01,COLD_LEAD,false,false,false,false
292,Gindi 3,Unknown,2025-01,ON_DEMAND_SUBSCRIPTION,true,true,false,true
2977,Gindi 3,Unknown,2025-01,COLD_LEAD,false,false,false,false
2978,Gindi 3,Unknown,2025-01,COLD_LEAD,false,false,false,false
1912,Gindi 3,Unknown,2025-01,COLD_LEAD,false,false,false,false
2935,HaHehad,Unknown,2025-01,COLD_LEAD,false,false,false,false
2935,HaHehad,Unknown,2025-01,COLD_LEAD,false,false,false,false
2984,HaHehad,Unknown,2025-01,COLD_LEAD,false,false,false,false
2895,HaHehad,Unknown,2025-01,TRIAL,false,false,false,false
2972,HaHehad,Unknown,2025-01,COLD_LEAD,false,false,false,false
2406,HaHehad,Unknown,2025-01,CHURN,false,false,false,false
2439,HaHehad,Unknown,2025-01,LEAD,true,false,false,false
2896,John Street 116,Financial District Polygon,2025-01,ON_DEMAND_SUBSCRIPTION,true,true,false,true
2901,John Street 116,Financial District Polygon,2025-01,ON_DEMAND_SUBSCRIPTION,true,true,false,true
3026,John Street 116,Financial District Polygon,2025-01,FREEMIUM,false,false,false,false
2880,John Street 116,Financial District Polygon,2025-01,ON_DEMAND_SUBSCRIPTION,true,true,false,true
3016,Nine 52,Hell's Kitchen Polygon,2025-01,FREEMIUM,false,false,false,false
3009,Nine 52,Hell's Kitchen Polygon,2025-01,TRIAL,false,false,false,false
3021,Nine 52,Hell's Kitchen Polygon,2025-01,FREEMIUM,false,false,false,false
3009,Nine 52,Hell's Kitchen Polygon,2025-01,TRIAL,false,false,false,false
2893,Nine 52,Hell's Kitchen Polygon,2025-01,FREEMIUM,false,false,false,false
2985,One Ten,Hoboken Polygon,2025-01,RECURRING_SUBSCRIPTION,false,true,true,false
2941,One Ten,Hoboken Polygon,2025-01,FREEMIUM,false,false,false,false
2942,One Ten,Hoboken Polygon,2025-01,FREEMIUM,false,false,false,false
2943,One Ten,Hoboken Polygon,2025-01,FREEMIUM,false,false,false,false
2947,One Ten,Hoboken Polygon,2025-01,FREEMIUM,true,false,false,false
2882,One Ten,Hoboken Polygon,2025-01,FREEMIUM,true,false,false,false
2911,River Place,Hell's Kitchen Polygon,2025-01,RECURRING_SUBSCRIPTION,false,true,true,false
2949,River Place,Hell's Kitchen Polygon,2025-01,FREEMIUM,false,false,false,false
3048,River Place,Hell's Kitchen Polygon,2025-01,FREEMIUM,false,false,false,false
3047,River Place,Hell's Kitchen Polygon,2025-01,ON_DEMAND_SUBSCRIPTION,true,true,false,true
1615,River Place,Hell's Kitchen Polygon,2025-01,TRIAL,false,false,false,false
2959,River Place,Hell's Kitchen Polygon,2025-01,FREEMIUM,false,false,false,false
3001,River Place,Hell's Kitchen Polygon,2025-01,FREEMIUM,false,false,false,false
622,River Place,Hell's Kitchen Polygon,2025-01,TRIAL,true,false,false,false
2927,Silver Towers,Hell's Kitchen Polygon,2025-01,CHURN,true,false,false,false
3040,Silver Towers,Hell's Kitchen Polygon,2025-01,FREEMIUM,false,false,false,false
3027,Silver Towers,Hell's Kitchen Polygon,2025-01,FREEMIUM,false,false,false,false
2965,Silver Towers,Hell's Kitchen Polygon,2025-01,FREEMIUM,false,false,false,false
2920,Silver Towers,Hell's Kitchen Polygon,2025-01,RECURRING_SUBSCRIPTION,true,true,true,false
3018,Silver Towers,Hell's Kitchen Polygon,2025-01,FREEMIUM,false,false,false,false
8681,Silver Towers,Hell's Kitchen Polygon,2025-01,ON_DEMAND_SUBSCRIPTION,false,true,false,true
901,Silver Towers,Hell's Kitchen Polygon,2025-01,ON_DEMAND_SUBSCRIPTION,true,true,false,true
3007,Silver Towers,Hell's Kitchen Polygon,2025-01,FREEMIUM,false,false,false,false
2999,Silver Towers,Hell's Kitchen Polygon,2025-01,FREEMIUM,false,false,false,false
458,Silver Towers,Hell's Kitchen Polygon,2025-01,TRIAL,true,false,false,false
3043,Silver Towers,Hell's Kitchen Polygon,2025-01,ON_DEMAND_SUBSCRIPTION,false,true,false,true
3020,Silver Towers,Hell's Kitchen Polygon,2025-01,TRIAL,false,false,false,false
3019,Silver Towers,Hell's Kitchen Polygon,2025-01,RECURRING_SUBSCRIPTION,false,true,true,false
3045,Silver Towers,Hell's Kitchen Polygon,2025-01,ON_DEMAND_SUBSCRIPTION,false,true,false,true
2912,Silver Towers,Hell's Kitchen Polygon,2025-01,ON_DEMAND_SUBSCRIPTION,false,true,false,true
2945,Silver Towers,Hell's Kitchen Polygon,2025-01,FREEMIUM,false,false,false,false
2892,Silver Towers,Hell's Kitchen Polygon,2025-01,FREEMIUM,true,false,false,false
1264,Silver Towers,Hell's Kitchen Polygon,2025-01,FREEMIUM,false,false,false,false
1723,Silver Towers,Hell's Kitchen Polygon,2025-01,FREEMIUM,false,false,false,false
2907,Silver Towers,Hell's Kitchen Polygon,2025-01,TRIAL,true,false,false,false
2914,Silver Towers,Hell's Kitchen Polygon,2025-01,FREEMIUM,false,false,false,false
2908,Silver Towers,Hell's Kitchen Polygon,2025-01,CHURN,true,false,false,false
2995,Stonehill,Chatham / West Orange Polygon,2025-01,FREEMIUM,false,false,false,false
3046,Stonehill,Chatham / West Orange Polygon,2025-01,FREEMIUM,false,false,false,false
3041,Stonehill,Chatham / West Orange Polygon,2025-01,FREEMIUM,true,false,false,false
2991,Stonehill,Chatham / West Orange Polygon,2025-01,FREEMIUM,false,false,false,false
2993,Stonehill,Chatham / West Orange Polygon,2025-01,FREEMIUM,false,false,false,false
2994,Stonehill,Chatham / West Orange Polygon,2025-01,FREEMIUM,false,false,false,false
2891,Stonehill,Chatham / West Orange Polygon,2025-01,FREEMIUM,true,false,false,false
2966,Stonehill,Chatham / West Orange Polygon,2025-01,CHURN,true,false,false,false
2992,Stonehill,Chatham / West Orange Polygon,2025-01,CHURN,true,false,false,false
2872,Stonehill,Chatham / West Orange Polygon,2025-01,TRIAL,true,false,false,false
2996,Stonehill,Chatham / West Orange Polygon,2025-01,ON_DEMAND_SUBSCRIPTION,false,true,false,true
2953,Stonehill,Chatham / West Orange Polygon,2025-01,FREEMIUM,true,false,false,false
3024,Stonehill,Chatham / West Orange Polygon,2025-01,FREEMIUM,false,false,false,false
3022,Stonehill,Chatham / West Orange Polygon,2025-01,ON_DEMAND_SUBSCRIPTION,true,true,false,true
3037,The Eddy,Harrison Polygon,2025-01,FREEMIUM,false,false,false,false
2915,The Eddy,Harrison Polygon,2025-01,FREEMIUM,false,false,false,false
2886,The Enclave,Hoboken Polygon,2025-01,FREEMIUM,false,false,false,false
2899,The Enclave,Hoboken Polygon,2025-01,FREEMIUM,false,false,false,false
2954,The Enclave,Hoboken Polygon,2025-01,FREEMIUM,false,false,false,false
3034,The Enclave,Hoboken Polygon,2025-01,RECURRING_SUBSCRIPTION,true,true,true,false
2944,The Enclave,Hoboken Polygon,2025-01,CHURN,false,false,false,false
2946,The Enclave,Hoboken Polygon,2025-01,FREEMIUM,false,false,false,false
2881,The Ivy,Chatham / West Orange Polygon,2025-01,TRIAL,false,false,false,false
2894,The Ivy,Chatham / West Orange Polygon,2025-01,RECURRING_SUBSCRIPTION,true,true,true,false
3013,The Ivy,Chatham / West Orange Polygon,2025-01,FREEMIUM,false,false,false,false
2938,The Ivy,Chatham / West Orange Polygon,2025-01,RECURRING_SUBSCRIPTION,false,true,true,false
3155,100 House,Hoboken Polygon,2025-02,FREEMIUM,false,false,false,false
3162,100 House,Hoboken Polygon,2025-02,FREEMIUM,false,false,false,false
3185,100 House,Hoboken Polygon,2025-02,FREEMIUM,true,false,false,false
3090,100 House,Hoboken Polygon,2025-02,ON_DEMAND_SUBSCRIPTION,false,true,false,true
3116,100 House,Hoboken Polygon,2025-02,TRIAL,true,false,false,false
3134,300 Somerset,Harrison Polygon,2025-02,FREEMIUM,false,false,false,false
3060,300 Somerset,Harrison Polygon,2025-02,FREEMIUM,false,false,false,false
3057,300 Somerset,Harrison Polygon,2025-02,FREEMIUM,false,false,false,false
3059,300 Somerset,Harrison Polygon,2025-02,FREEMIUM,false,false,false,false
3066,300 Somerset,Harrison Polygon,2025-02,FREEMIUM,false,false,false,false
3191,300 Somerset,Harrison Polygon,2025-02,TRIAL,false,false,false,false
3067,330 Angelo Cifelli,Harrison Polygon,2025-02,CHURN,true,false,false,false
3092,330 Angelo Cifelli,Harrison Polygon,2025-02,FREEMIUM,false,false,false,false
3339,330W-56th,Hell's Kitchen Polygon,2025-02,FREEMIUM,false,false,false,false
3258,330W-56th,Hell's Kitchen Polygon,2025-02,FREEMIUM,false,false,false,false
3257,330W-56th,Hell's Kitchen Polygon,2025-02,FREEMIUM,false,false,false,false
3254,330W-56th,Hell's Kitchen Polygon,2025-02,FREEMIUM,false,false,false,false
3252,330W-56th,Hell's Kitchen Polygon,2025-02,FREEMIUM,false,false,false,false
3251,330W-56th,Hell's Kitchen Polygon,2025-02,FREEMIUM,false,false,false,false
3316,330W-56th,Hell's Kitchen Polygon,2025-02,FREEMIUM,false,false,false,false
3522,330W-56th,Hell's Kitchen Polygon,2025-02,FREEMIUM,true,false,false,false
3404,330W-56th,Hell's Kitchen Polygon,2025-02,FREEMIUM,false,false,false,false
3411,330W-56th,Hell's Kitchen Polygon,2025-02,FREEMIUM,false,false,false,false
3459,330W-56th,Hell's Kitchen Polygon,2025-02,FREEMIUM,false,false,false,false
3526,330W-56th,Hell's Kitchen Polygon,2025-02,FREEMIUM,false,false,false,false
3525,330W-56th,Hell's Kitchen Polygon,2025-02,FREEMIUM,false,false,false,false
3523,330W-56th,Hell's Kitchen Polygon,2025-02,FREEMIUM,false,false,false,false
3521,330W-56th,Hell's Kitchen Polygon,2025-02,FREEMIUM,false,false,false,false
3519,330W-56th,Hell's Kitchen Polygon,2025-02,FREEMIUM,false,false,false,false
3518,330W-56th,Hell's Kitchen Polygon,2025-02,FREEMIUM,false,false,false,false
3516,330W-56th,Hell's Kitchen Polygon,2025-02,FREEMIUM,false,false,false,false
3515,330W-56th,Hell's Kitchen Polygon,2025-02,FREEMIUM,false,false,false,false
3513,330W-56th,Hell's Kitchen Polygon,2025-02,FREEMIUM,false,false,false,false
3512,330W-56th,Hell's Kitchen Polygon,2025-02,FREEMIUM,false,false,false,false
3510,330W-56th,Hell's Kitchen Polygon,2025-02,FREEMIUM,false,false,false,false
3509,330W-56th,Hell's Kitchen Polygon,2025-02,FREEMIUM,false,false,false,false
3507,330W-56th,Hell's Kitchen Polygon,2025-02,FREEMIUM,false,false,false,false
3506,330W-56th,Hell's Kitchen Polygon,2025-02,FREEMIUM,false,false,false,false
3504,330W-56th,Hell's Kitchen Polygon,2025-02,FREEMIUM,false,false,false,false
3503,330W-56th,Hell's Kitchen Polygon,2025-02,FREEMIUM,false,false,false,false
3501,330W-56th,Hell's Kitchen Polygon,2025-02,FREEMIUM,false,false,false,false
3500,330W-56th,Hell's Kitchen Polygon,2025-02,FREEMIUM,false,false,false,false
3498,330W-56th,Hell's Kitchen Polygon,2025-02,FREEMIUM,false,false,false,false
3497,330W-56th,Hell's Kitchen Polygon,2025-02,FREEMIUM,false,false,false,false
3495,330W-56th,Hell's Kitchen Polygon,2025-02,FREEMIUM,false,false,false,false
3494,330W-56th,Hell's Kitchen Polygon,2025-02,FREEMIUM,false,false,false,false
3492,330W-56th,Hell's Kitchen Polygon,2025-02,FREEMIUM,false,false,false,false
3491,330W-56th,Hell's Kitchen Polygon,2025-02,FREEMIUM,false,false,false,false
3489,330W-56th,Hell's Kitchen Polygon,2025-02,FREEMIUM,false,false,false,false
3488,330W-56th,Hell's Kitchen Polygon,2025-02,FREEMIUM,false,false,false,false
3486,330W-56th,Hell's Kitchen Polygon,2025-02,FREEMIUM,false,false,false,false
3485,330W-56th,Hell's Kitchen Polygon,2025-02,FREEMIUM,false,false,false,false
3483,330W-56th,Hell's Kitchen Polygon,2025-02,FREEMIUM,false,false,false,false
3482,330W-56th,Hell's Kitchen Polygon,2025-02,FREEMIUM,false,false,false,false
3480,330W-56th,Hell's Kitchen Polygon,2025-02,FREEMIUM,false,false,false,false
3479,330W-56th,Hell's Kitchen Polygon,2025-02,FREEMIUM,false,false,false,false
3477,330W-56th,Hell's Kitchen Polygon,2025-02,FREEMIUM,false,false,false,false
3474,330W-56th,Hell's Kitchen Polygon,2025-02,FREEMIUM,false,false,false,false
3473,330W-56th,Hell's Kitchen Polygon,2025-02,FREEMIUM,false,false,false,false
3471,330W-56th,Hell's Kitchen Polygon,2025-02,FREEMIUM,false,false,false,false
3470,330W-56th,Hell's Kitchen Polygon,2025-02,FREEMIUM,false,false,false,false
3517,330W-56th,Hell's Kitchen Polygon,2025-02,FREEMIUM,false,false,false,false
3468,330W-56th,Hell's Kitchen Polygon,2025-02,FREEMIUM,false,false,false,false
3467,330W-56th,Hell's Kitchen Polygon,2025-02,FREEMIUM,false,false,false,false
3465,330W-56th,Hell's Kitchen Polygon,2025-02,FREEMIUM,false,false,false,false
3464,330W-56th,Hell's Kitchen Polygon,2025-02,FREEMIUM,false,false,false,false
3462,330W-56th,Hell's Kitchen Polygon,2025-02,FREEMIUM,false,false,false,false
3461,330W-56th,Hell's Kitchen Polygon,2025-02,FREEMIUM,false,false,false,false
3458,330W-56th,Hell's Kitchen Polygon,2025-02,FREEMIUM,false,false,false,false
3457,330W-56th,Hell's Kitchen Polygon,2025-02,FREEMIUM,false,false,false,false
3456,330W-56th,Hell's Kitchen Polygon,2025-02,FREEMIUM,false,false,false,false
3454,330W-56th,Hell's Kitchen Polygon,2025-02,FREEMIUM,false,false,false,false
3453,330W-56th,Hell's Kitchen Polygon,2025-02,FREEMIUM,false,false,false,false
3451,330W-56th,Hell's Kitchen Polygon,2025-02,FREEMIUM,false,false,false,false
3450,330W-56th,Hell's Kitchen Polygon,2025-02,FREEMIUM,false,false,false,false
3448,330W-56th,Hell's Kitchen Polygon,2025-02,FREEMIUM,false,false,false,false
3447,330W-56th,Hell's Kitchen Polygon,2025-02,FREEMIUM,false,false,false,false
3445,330W-56th,Hell's Kitchen Polygon,2025-02,FREEMIUM,false,false,false,false
3442,330W-56th,Hell's Kitchen Polygon,2025-02,FREEMIUM,false,false,false,false
3441,330W-56th,Hell's Kitchen Polygon,2025-02,FREEMIUM,false,false,false,false
3439,330W-56th,Hell's Kitchen Polygon,2025-02,FREEMIUM,false,false,false,false
3438,330W-56th,Hell's Kitchen Polygon,2025-02,FREEMIUM,false,false,false,false
3436,330W-56th,Hell's Kitchen Polygon,2025-02,FREEMIUM,false,false,false,false
3435,330W-56th,Hell's Kitchen Polygon,2025-02,FREEMIUM,false,false,false,false
3433,330W-56th,Hell's Kitchen Polygon,2025-02,FREEMIUM,false,false,false,false
3432,330W-56th,Hell's Kitchen Polygon,2025-02,FREEMIUM,false,false,false,false
3430,330W-56th,Hell's Kitchen Polygon,2025-02,FREEMIUM,false,false,false,false
3429,330W-56th,Hell's Kitchen Polygon,2025-02,FREEMIUM,false,false,false,false
3427,330W-56th,Hell's Kitchen Polygon,2025-02,FREEMIUM,false,false,false,false
3426,330W-56th,Hell's Kitchen Polygon,2025-02,FREEMIUM,false,false,false,false
3424,330W-56th,Hell's Kitchen Polygon,2025-02,FREEMIUM,false,false,false,false
3423,330W-56th,Hell's Kitchen Polygon,2025-02,FREEMIUM,false,false,false,false
3421,330W-56th,Hell's Kitchen Polygon,2025-02,FREEMIUM,false,false,false,false
3420,330W-56th,Hell's Kitchen Polygon,2025-02,FREEMIUM,false,false,false,false
3418,330W-56th,Hell's Kitchen Polygon,2025-02,FREEMIUM,false,false,false,false
3417,330W-56th,Hell's Kitchen Polygon,2025-02,FREEMIUM,false,false,false,false
3414,330W-56th,Hell's Kitchen Polygon,2025-02,FREEMIUM,false,false,false,false
3413,330W-56th,Hell's Kitchen Polygon,2025-02,FREEMIUM,false,false,false,false
3505,330W-56th,Hell's Kitchen Polygon,2025-02,FREEMIUM,false,false,false,false
3444,330W-56th,Hell's Kitchen Polygon,2025-02,FREEMIUM,false,false,false,false
3508,330W-56th,Hell's Kitchen Polygon,2025-02,FREEMIUM,false,false,false,false
3440,330W-56th,Hell's Kitchen Polygon,2025-02,FREEMIUM,false,false,false,false
3208,330W-56th,Hell's Kitchen Polygon,2025-02,RECURRING_SUBSCRIPTION,true,true,true,false
3301,330W-56th,Hell's Kitchen Polygon,2025-02,FREEMIUM,false,false,false,false
3304,330W-56th,Hell's Kitchen Polygon,2025-02,FREEMIUM,false,false,false,false
3307,330W-56th,Hell's Kitchen Polygon,2025-02,FREEMIUM,false,false,false,false
3310,330W-56th,Hell's Kitchen Polygon,2025-02,FREEMIUM,false,false,false,false
3313,330W-56th,Hell's Kitchen Polygon,2025-02,FREEMIUM,false,false,false,false
3317,330W-56th,Hell's Kitchen Polygon,2025-02,FREEMIUM,false,false,false,false
3320,330W-56th,Hell's Kitchen Polygon,2025-02,FREEMIUM,false,false,false,false
3323,330W-56th,Hell's Kitchen Polygon,2025-02,FREEMIUM,false,false,false,false
3326,330W-56th,Hell's Kitchen Polygon,2025-02,FREEMIUM,false,false,false,false
3329,330W-56th,Hell's Kitchen Polygon,2025-02,FREEMIUM,false,false,false,false
3332,330W-56th,Hell's Kitchen Polygon,2025-02,FREEMIUM,false,false,false,false
3335,330W-56th,Hell's Kitchen Polygon,2025-02,FREEMIUM,false,false,false,false
3341,330W-56th,Hell's Kitchen Polygon,2025-02,FREEMIUM,false,false,false,false
3344,330W-56th,Hell's Kitchen Polygon,2025-02,FREEMIUM,false,false,false,false
3347,330W-56th,Hell's Kitchen Polygon,2025-02,FREEMIUM,false,false,false,false
3350,330W-56th,Hell's Kitchen Polygon,2025-02,FREEMIUM,false,false,false,false
3353,330W-56th,Hell's Kitchen Polygon,2025-02,FREEMIUM,false,false,false,false
3356,330W-56th,Hell's Kitchen Polygon,2025-02,FREEMIUM,false,false,false,false
3359,330W-56th,Hell's Kitchen Polygon,2025-02,FREEMIUM,false,false,false,false
3362,330W-56th,Hell's Kitchen Polygon,2025-02,FREEMIUM,false,false,false,false
3365,330W-56th,Hell's Kitchen Polygon,2025-02,FREEMIUM,false,false,false,false
3368,330W-56th,Hell's Kitchen Polygon,2025-02,FREEMIUM,false,false,false,false
3371,330W-56th,Hell's Kitchen Polygon,2025-02,FREEMIUM,false,false,false,false
3374,330W-56th,Hell's Kitchen Polygon,2025-02,FREEMIUM,false,false,false,false
3377,330W-56th,Hell's Kitchen Polygon,2025-02,FREEMIUM,false,false,false,false
3380,330W-56th,Hell's Kitchen Polygon,2025-02,FREEMIUM,false,false,false,false
3383,330W-56th,Hell's Kitchen Polygon,2025-02,FREEMIUM,false,false,false,false
3386,330W-56th,Hell's Kitchen Polygon,2025-02,FREEMIUM,false,false,false,false
3387,330W-56th,Hell's Kitchen Polygon,2025-02,FREEMIUM,false,false,false,false
3390,330W-56th,Hell's Kitchen Polygon,2025-02,FREEMIUM,false,false,false,false
3393,330W-56th,Hell's Kitchen Polygon,2025-02,FREEMIUM,false,false,false,false
3396,330W-56th,Hell's Kitchen Polygon,2025-02,FREEMIUM,false,false,false,false
3399,330W-56th,Hell's Kitchen Polygon,2025-02,FREEMIUM,false,false,false,false
3402,330W-56th,Hell's Kitchen Polygon,2025-02,FREEMIUM,false,false,false,false
3406,330W-56th,Hell's Kitchen Polygon,2025-02,FREEMIUM,false,false,false,false
3409,330W-56th,Hell's Kitchen Polygon,2025-02,FREEMIUM,false,false,false,false
3412,330W-56th,Hell's Kitchen Polygon,2025-02,FREEMIUM,false,false,false,false
3415,330W-56th,Hell's Kitchen Polygon,2025-02,FREEMIUM,false,false,false,false
3419,330W-56th,Hell's Kitchen Polygon,2025-02,FREEMIUM,false,false,false,false
3422,330W-56th,Hell's Kitchen Polygon,2025-02,FREEMIUM,false,false,false,false
3425,330W-56th,Hell's Kitchen Polygon,2025-02,FREEMIUM,false,false,false,false
3428,330W-56th,Hell's Kitchen Polygon,2025-02,FREEMIUM,false,false,false,false
3431,330W-56th,Hell's Kitchen Polygon,2025-02,FREEMIUM,false,false,false,false
3434,330W-56th,Hell's Kitchen Polygon,2025-02,FREEMIUM,false,false,false,false
3437,330W-56th,Hell's Kitchen Polygon,2025-02,FREEMIUM,false,false,false,false
3338,330W-56th,Hell's Kitchen Polygon,2025-02,FREEMIUM,false,false,false,false
3443,330W-56th,Hell's Kitchen Polygon,2025-02,FREEMIUM,false,false,false,false
3446,330W-56th,Hell's Kitchen Polygon,2025-02,FREEMIUM,false,false,false,false
3449,330W-56th,Hell's Kitchen Polygon,2025-02,FREEMIUM,false,false,false,false
3452,330W-56th,Hell's Kitchen Polygon,2025-02,FREEMIUM,false,false,false,false
3455,330W-56th,Hell's Kitchen Polygon,2025-02,FREEMIUM,false,false,false,false
3460,330W-56th,Hell's Kitchen Polygon,2025-02,FREEMIUM,false,false,false,false
3463,330W-56th,Hell's Kitchen Polygon,2025-02,FREEMIUM,false,false,false,false
3466,330W-56th,Hell's Kitchen Polygon,2025-02,FREEMIUM,false,false,false,false
3469,330W-56th,Hell's Kitchen Polygon,2025-02,FREEMIUM,false,false,false,false
3472,330W-56th,Hell's Kitchen Polygon,2025-02,FREEMIUM,false,false,false,false
3475,330W-56th,Hell's Kitchen Polygon,2025-02,FREEMIUM,false,false,false,false
3478,330W-56th,Hell's Kitchen Polygon,2025-02,FREEMIUM,false,false,false,false
3481,330W-56th,Hell's Kitchen Polygon,2025-02,FREEMIUM,false,false,false,false
3484,330W-56th,Hell's Kitchen Polygon,2025-02,FREEMIUM,false,false,false,false
3487,330W-56th,Hell's Kitchen Polygon,2025-02,FREEMIUM,false,false,false,false
3490,330W-56th,Hell's Kitchen Polygon,2025-02,FREEMIUM,false,false,false,false
3493,330W-56th,Hell's Kitchen Polygon,2025-02,FREEMIUM,false,false,false,false
3499,330W-56th,Hell's Kitchen Polygon,2025-02,FREEMIUM,false,false,false,false
3112,330W-56th,Hell's Kitchen Polygon,2025-02,FREEMIUM,false,false,false,false
3117,330W-56th,Hell's Kitchen Polygon,2025-02,FREEMIUM,false,false,false,false
3129,330W-56th,Hell's Kitchen Polygon,2025-02,FREEMIUM,true,false,false,false
3086,330W-56th,Hell's Kitchen Polygon,2025-02,ON_DEMAND_SUBSCRIPTION,true,true,false,true
3225,330W-56th,Hell's Kitchen Polygon,2025-02,FREEMIUM,false,false,false,false
3224,330W-56th,Hell's Kitchen Polygon,2025-02,FREEMIUM,false,false,false,false
3223,330W-56th,Hell's Kitchen Polygon,2025-02,FREEMIUM,false,false,false,false
3221,330W-56th,Hell's Kitchen Polygon,2025-02,FREEMIUM,false,false,false,false
3220,330W-56th,Hell's Kitchen Polygon,2025-02,FREEMIUM,false,false,false,false
3219,330W-56th,Hell's Kitchen Polygon,2025-02,FREEMIUM,false,false,false,false
3217,330W-56th,Hell's Kitchen Polygon,2025-02,FREEMIUM,false,false,false,false
3216,330W-56th,Hell's Kitchen Polygon,2025-02,FREEMIUM,false,false,false,false
3214,330W-56th,Hell's Kitchen Polygon,2025-02,FREEMIUM,false,false,false,false
3213,330W-56th,Hell's Kitchen Polygon,2025-02,FREEMIUM,false,false,false,false
3212,330W-56th,Hell's Kitchen Polygon,2025-02,FREEMIUM,false,false,false,false
3210,330W-56th,Hell's Kitchen Polygon,2025-02,FREEMIUM,false,false,false,false
3209,330W-56th,Hell's Kitchen Polygon,2025-02,FREEMIUM,false,false,false,false
3206,330W-56th,Hell's Kitchen Polygon,2025-02,FREEMIUM,false,false,false,false
3205,330W-56th,Hell's Kitchen Polygon,2025-02,FREEMIUM,false,false,false,false
3203,330W-56th,Hell's Kitchen Polygon,2025-02,FREEMIUM,false,false,false,false
3202,330W-56th,Hell's Kitchen Polygon,2025-02,FREEMIUM,false,false,false,false
3200,330W-56th,Hell's Kitchen Polygon,2025-02,FREEMIUM,false,false,false,false
3199,330W-56th,Hell's Kitchen Polygon,2025-02,FREEMIUM,false,false,false,false
3255,330W-56th,Hell's Kitchen Polygon,2025-02,FREEMIUM,false,false,false,false
3378,330W-56th,Hell's Kitchen Polygon,2025-02,WARM_LEAD,true,false,false,false
3502,330W-56th,Hell's Kitchen Polygon,2025-02,FREEMIUM,false,false,false,false
3410,330W-56th,Hell's Kitchen Polygon,2025-02,FREEMIUM,false,false,false,false
3408,330W-56th,Hell's Kitchen Polygon,2025-02,FREEMIUM,false,false,false,false
3407,330W-56th,Hell's Kitchen Polygon,2025-02,WARM_LEAD,false,false,false,false
3405,330W-56th,Hell's Kitchen Polygon,2025-02,FREEMIUM,false,false,false,false
3403,330W-56th,Hell's Kitchen Polygon,2025-02,FREEMIUM,false,false,false,false
3401,330W-56th,Hell's Kitchen Polygon,2025-02,FREEMIUM,false,false,false,false
3400,330W-56th,Hell's Kitchen Polygon,2025-02,FREEMIUM,false,false,false,false
3398,330W-56th,Hell's Kitchen Polygon,2025-02,FREEMIUM,false,false,false,false
3397,330W-56th,Hell's Kitchen Polygon,2025-02,FREEMIUM,false,false,false,false
3395,330W-56th,Hell's Kitchen Polygon,2025-02,FREEMIUM,false,false,false,false
3394,330W-56th,Hell's Kitchen Polygon,2025-02,FREEMIUM,false,false,false,false
3392,330W-56th,Hell's Kitchen Polygon,2025-02,FREEMIUM,false,false,false,false
3391,330W-56th,Hell's Kitchen Polygon,2025-02,FREEMIUM,false,false,false,false
3389,330W-56th,Hell's Kitchen Polygon,2025-02,FREEMIUM,false,false,false,false
3388,330W-56th,Hell's Kitchen Polygon,2025-02,FREEMIUM,false,false,false,false
3385,330W-56th,Hell's Kitchen Polygon,2025-02,FREEMIUM,false,false,false,false
3384,330W-56th,Hell's Kitchen Polygon,2025-02,FREEMIUM,false,false,false,false
3382,330W-56th,Hell's Kitchen Polygon,2025-02,FREEMIUM,false,false,false,false
3381,330W-56th,Hell's Kitchen Polygon,2025-02,FREEMIUM,false,false,false,false
3379,330W-56th,Hell's Kitchen Polygon,2025-02,FREEMIUM,false,false,false,false
3376,330W-56th,Hell's Kitchen Polygon,2025-02,FREEMIUM,false,false,false,false
3375,330W-56th,Hell's Kitchen Polygon,2025-02,FREEMIUM,false,false,false,false
3373,330W-56th,Hell's Kitchen Polygon,2025-02,FREEMIUM,false,false,false,false
3372,330W-56th,Hell's Kitchen Polygon,2025-02,FREEMIUM,false,false,false,false
3370,330W-56th,Hell's Kitchen Polygon,2025-02,FREEMIUM,false,false,false,false
3369,330W-56th,Hell's Kitchen Polygon,2025-02,FREEMIUM,false,false,false,false
3367,330W-56th,Hell's Kitchen Polygon,2025-02,FREEMIUM,false,false,false,false
3366,330W-56th,Hell's Kitchen Polygon,2025-02,FREEMIUM,false,false,false,false
3364,330W-56th,Hell's Kitchen Polygon,2025-02,FREEMIUM,false,false,false,false
3363,330W-56th,Hell's Kitchen Polygon,2025-02,FREEMIUM,false,false,false,false
3361,330W-56th,Hell's Kitchen Polygon,2025-02,FREEMIUM,false,false,false,false
3360,330W-56th,Hell's Kitchen Polygon,2025-02,FREEMIUM,false,false,false,false
3358,330W-56th,Hell's Kitchen Polygon,2025-02,FREEMIUM,false,false,false,false
3357,330W-56th,Hell's Kitchen Polygon,2025-02,FREEMIUM,false,false,false,false
3355,330W-56th,Hell's Kitchen Polygon,2025-02,FREEMIUM,false,false,false,false
3354,330W-56th,Hell's Kitchen Polygon,2025-02,FREEMIUM,false,false,false,false
3352,330W-56th,Hell's Kitchen Polygon,2025-02,FREEMIUM,false,false,false,false
3351,330W-56th,Hell's Kitchen Polygon,2025-02,FREEMIUM,false,false,false,false
3349,330W-56th,Hell's Kitchen Polygon,2025-02,FREEMIUM,false,false,false,false
3348,330W-56th,Hell's Kitchen Polygon,2025-02,FREEMIUM,false,false,false,false
3346,330W-56th,Hell's Kitchen Polygon,2025-02,FREEMIUM,false,false,false,false
3345,330W-56th,Hell's Kitchen Polygon,2025-02,FREEMIUM,false,false,false,false
3343,330W-56th,Hell's Kitchen Polygon,2025-02,FREEMIUM,false,false,false,false
3342,330W-56th,Hell's Kitchen Polygon,2025-02,FREEMIUM,false,false,false,false
3340,330W-56th,Hell's Kitchen Polygon,2025-02,FREEMIUM,false,false,false,false
3337,330W-56th,Hell's Kitchen Polygon,2025-02,FREEMIUM,false,false,false,false
3336,330W-56th,Hell's Kitchen Polygon,2025-02,FREEMIUM,false,false,false,false
3334,330W-56th,Hell's Kitchen Polygon,2025-02,FREEMIUM,false,false,false,false
3333,330W-56th,Hell's Kitchen Polygon,2025-02,FREEMIUM,false,false,false,false
3331,330W-56th,Hell's Kitchen Polygon,2025-02,FREEMIUM,false,false,false,false
3330,330W-56th,Hell's Kitchen Polygon,2025-02,FREEMIUM,false,false,false,false
3328,330W-56th,Hell's Kitchen Polygon,2025-02,FREEMIUM,false,false,false,false
3327,330W-56th,Hell's Kitchen Polygon,2025-02,FREEMIUM,false,false,false,false
3325,330W-56th,Hell's Kitchen Polygon,2025-02,FREEMIUM,false,false,false,false
3324,330W-56th,Hell's Kitchen Polygon,2025-02,FREEMIUM,false,false,false,false
3322,330W-56th,Hell's Kitchen Polygon,2025-02,FREEMIUM,false,false,false,false
3321,330W-56th,Hell's Kitchen Polygon,2025-02,FREEMIUM,false,false,false,false
3319,330W-56th,Hell's Kitchen Polygon,2025-02,FREEMIUM,false,false,false,false
3318,330W-56th,Hell's Kitchen Polygon,2025-02,FREEMIUM,false,false,false,false
3315,330W-56th,Hell's Kitchen Polygon,2025-02,FREEMIUM,false,false,false,false
3314,330W-56th,Hell's Kitchen Polygon,2025-02,FREEMIUM,false,false,false,false
3312,330W-56th,Hell's Kitchen Polygon,2025-02,FREEMIUM,false,false,false,false
3311,330W-56th,Hell's Kitchen Polygon,2025-02,FREEMIUM,false,false,false,false
3309,330W-56th,Hell's Kitchen Polygon,2025-02,FREEMIUM,false,false,false,false
3308,330W-56th,Hell's Kitchen Polygon,2025-02,FREEMIUM,false,false,false,false
3306,330W-56th,Hell's Kitchen Polygon,2025-02,FREEMIUM,false,false,false,false
3305,330W-56th,Hell's Kitchen Polygon,2025-02,FREEMIUM,false,false,false,false
3303,330W-56th,Hell's Kitchen Polygon,2025-02,FREEMIUM,false,false,false,false
3302,330W-56th,Hell's Kitchen Polygon,2025-02,FREEMIUM,false,false,false,false
3300,330W-56th,Hell's Kitchen Polygon,2025-02,FREEMIUM,false,false,false,false
3299,330W-56th,Hell's Kitchen Polygon,2025-02,FREEMIUM,false,false,false,false
3297,330W-56th,Hell's Kitchen Polygon,2025-02,FREEMIUM,false,false,false,false
3296,330W-56th,Hell's Kitchen Polygon,2025-02,FREEMIUM,false,false,false,false
3294,330W-56th,Hell's Kitchen Polygon,2025-02,FREEMIUM,false,false,false,false
3293,330W-56th,Hell's Kitchen Polygon,2025-02,FREEMIUM,false,false,false,false
3291,330W-56th,Hell's Kitchen Polygon,2025-02,FREEMIUM,false,false,false,false
3290,330W-56th,Hell's Kitchen Polygon,2025-02,FREEMIUM,false,false,false,false
3288,330W-56th,Hell's Kitchen Polygon,2025-02,FREEMIUM,true,false,false,false
3287,330W-56th,Hell's Kitchen Polygon,2025-02,FREEMIUM,false,false,false,false
3285,330W-56th,Hell's Kitchen Polygon,2025-02,FREEMIUM,false,false,false,false
3284,330W-56th,Hell's Kitchen Polygon,2025-02,FREEMIUM,false,false,false,false
3282,330W-56th,Hell's Kitchen Polygon,2025-02,FREEMIUM,false,false,false,false
3281,330W-56th,Hell's Kitchen Polygon,2025-02,FREEMIUM,false,false,false,false
3279,330W-56th,Hell's Kitchen Polygon,2025-02,FREEMIUM,false,false,false,false
3278,330W-56th,Hell's Kitchen Polygon,2025-02,FREEMIUM,false,false,false,false
3276,330W-56th,Hell's Kitchen Polygon,2025-02,FREEMIUM,false,false,false,false
3275,330W-56th,Hell's Kitchen Polygon,2025-02,FREEMIUM,false,false,false,false
3273,330W-56th,Hell's Kitchen Polygon,2025-02,FREEMIUM,false,false,false,false
3272,330W-56th,Hell's Kitchen Polygon,2025-02,FREEMIUM,false,false,false,false
3270,330W-56th,Hell's Kitchen Polygon,2025-02,FREEMIUM,false,false,false,false
3269,330W-56th,Hell's Kitchen Polygon,2025-02,FREEMIUM,false,false,false,false
3267,330W-56th,Hell's Kitchen Polygon,2025-02,FREEMIUM,false,false,false,false
3266,330W-56th,Hell's Kitchen Polygon,2025-02,FREEMIUM,false,false,false,false
3264,330W-56th,Hell's Kitchen Polygon,2025-02,FREEMIUM,false,false,false,false
3263,330W-56th,Hell's Kitchen Polygon,2025-02,FREEMIUM,false,false,false,false
3261,330W-56th,Hell's Kitchen Polygon,2025-02,FREEMIUM,false,false,false,false
3260,330W-56th,Hell's Kitchen Polygon,2025-02,FREEMIUM,false,false,false,false
3238,330W-56th,Hell's Kitchen Polygon,2025-02,RECURRING_SUBSCRIPTION,true,true,true,false
3511,330W-56th,Hell's Kitchen Polygon,2025-02,FREEMIUM,false,false,false,false
3496,330W-56th,Hell's Kitchen Polygon,2025-02,FREEMIUM,true,false,false,false
3514,330W-56th,Hell's Kitchen Polygon,2025-02,FREEMIUM,false,false,false,false
3277,330W-56th,Hell's Kitchen Polygon,2025-02,FREEMIUM,false,false,false,false
3476,330W-56th,Hell's Kitchen Polygon,2025-02,FREEMIUM,false,false,false,false
3524,330W-56th,Hell's Kitchen Polygon,2025-02,FREEMIUM,false,false,false,false
3520,330W-56th,Hell's Kitchen Polygon,2025-02,FREEMIUM,false,false,false,false
3198,330W-56th,Hell's Kitchen Polygon,2025-02,FREEMIUM,false,false,false,false
3201,330W-56th,Hell's Kitchen Polygon,2025-02,FREEMIUM,false,false,false,false
3204,330W-56th,Hell's Kitchen Polygon,2025-02,FREEMIUM,false,false,false,false
3207,330W-56th,Hell's Kitchen Polygon,2025-02,FREEMIUM,false,false,false,false
3211,330W-56th,Hell's Kitchen Polygon,2025-02,FREEMIUM,false,false,false,false
3215,330W-56th,Hell's Kitchen Polygon,2025-02,FREEMIUM,false,false,false,false
3218,330W-56th,Hell's Kitchen Polygon,2025-02,FREEMIUM,false,false,false,false
3222,330W-56th,Hell's Kitchen Polygon,2025-02,FREEMIUM,false,false,false,false
3226,330W-56th,Hell's Kitchen Polygon,2025-02,FREEMIUM,false,false,false,false
3227,330W-56th,Hell's Kitchen Polygon,2025-02,FREEMIUM,false,false,false,false
3228,330W-56th,Hell's Kitchen Polygon,2025-02,FREEMIUM,false,false,false,false
3229,330W-56th,Hell's Kitchen Polygon,2025-02,FREEMIUM,false,false,false,false
3230,330W-56th,Hell's Kitchen Polygon,2025-02,FREEMIUM,false,false,false,false
3231,330W-56th,Hell's Kitchen Polygon,2025-02,FREEMIUM,false,false,false,false
3232,330W-56th,Hell's Kitchen Polygon,2025-02,FREEMIUM,false,false,false,false
3233,330W-56th,Hell's Kitchen Polygon,2025-02,FREEMIUM,false,false,false,false
3234,330W-56th,Hell's Kitchen Polygon,2025-02,FREEMIUM,false,false,false,false
3235,330W-56th,Hell's Kitchen Polygon,2025-02,FREEMIUM,false,false,false,false
3236,330W-56th,Hell's Kitchen Polygon,2025-02,FREEMIUM,false,false,false,false
3237,330W-56th,Hell's Kitchen Polygon,2025-02,FREEMIUM,false,false,false,false
3239,330W-56th,Hell's Kitchen Polygon,2025-02,FREEMIUM,false,false,false,false
3240,330W-56th,Hell's Kitchen Polygon,2025-02,FREEMIUM,false,false,false,false
3241,330W-56th,Hell's Kitchen Polygon,2025-02,FREEMIUM,false,false,false,false
3242,330W-56th,Hell's Kitchen Polygon,2025-02,FREEMIUM,false,false,false,false
3243,330W-56th,Hell's Kitchen Polygon,2025-02,FREEMIUM,false,false,false,false
3244,330W-56th,Hell's Kitchen Polygon,2025-02,FREEMIUM,false,false,false,false
3245,330W-56th,Hell's Kitchen Polygon,2025-02,FREEMIUM,false,false,false,false
3246,330W-56th,Hell's Kitchen Polygon,2025-02,FREEMIUM,false,false,false,false
3247,330W-56th,Hell's Kitchen Polygon,2025-02,FREEMIUM,false,false,false,false
3248,330W-56th,Hell's Kitchen Polygon,2025-02,FREEMIUM,false,false,false,false
3249,330W-56th,Hell's Kitchen Polygon,2025-02,FREEMIUM,false,false,false,false
3250,330W-56th,Hell's Kitchen Polygon,2025-02,FREEMIUM,false,false,false,false
3253,330W-56th,Hell's Kitchen Polygon,2025-02,FREEMIUM,false,false,false,false
3256,330W-56th,Hell's Kitchen Polygon,2025-02,FREEMIUM,false,false,false,false
3259,330W-56th,Hell's Kitchen Polygon,2025-02,FREEMIUM,false,false,false,false
3262,330W-56th,Hell's Kitchen Polygon,2025-02,FREEMIUM,false,false,false,false
3265,330W-56th,Hell's Kitchen Polygon,2025-02,FREEMIUM,false,false,false,false
3268,330W-56th,Hell's Kitchen Polygon,2025-02,FREEMIUM,false,false,false,false
3271,330W-56th,Hell's Kitchen Polygon,2025-02,FREEMIUM,false,false,false,false
3274,330W-56th,Hell's Kitchen Polygon,2025-02,FREEMIUM,false,false,false,false
3280,330W-56th,Hell's Kitchen Polygon,2025-02,FREEMIUM,false,false,false,false
3283,330W-56th,Hell's Kitchen Polygon,2025-02,FREEMIUM,false,false,false,false
3286,330W-56th,Hell's Kitchen Polygon,2025-02,FREEMIUM,false,false,false,false
3289,330W-56th,Hell's Kitchen Polygon,2025-02,FREEMIUM,false,false,false,false
3292,330W-56th,Hell's Kitchen Polygon,2025-02,FREEMIUM,false,false,false,false
3295,330W-56th,Hell's Kitchen Polygon,2025-02,FREEMIUM,false,false,false,false
3298,330W-56th,Hell's Kitchen Polygon,2025-02,FREEMIUM,false,false,false,false
3081,655 Union,Boerum Hill Polygon,2025-02,ON_DEMAND_SUBSCRIPTION,false,true,false,true
3074,655 Union,Boerum Hill Polygon,2025-02,TRIAL,false,false,false,false
3197,Azrieli TLV,Unknown,2025-02,TRIAL,false,false,false,false
3166,Azrieli TLV,Unknown,2025-02,TRIAL,true,false,false,false
3161,Azrieli TLV,Unknown,2025-02,COLD_LEAD,true,false,false,false
3547,Azrieli TLV,Unknown,2025-02,COLD_LEAD,false,false,false,false
2785,Azrieli TLV,Unknown,2025-02,COLD_LEAD,false,false,false,false
3051,Azrieli TLV,Unknown,2025-02,TRIAL,false,false,false,false
3131,Azrieli TLV,Unknown,2025-02,ON_DEMAND_SUBSCRIPTION,true,true,false,true
2789,Azrieli TLV,Unknown,2025-02,COLD_LEAD,false,false,false,false
3083,Gindi 1,Unknown,2025-02,COLD_LEAD,true,false,false,false
851,Gindi 1,Unknown,2025-02,COLD_LEAD,false,false,false,false
3083,Gindi 1,Unknown,2025-02,COLD_LEAD,true,false,false,false
3050,Gindi 1,Unknown,2025-02,COLD_LEAD,false,false,false,false
876,Gindi 1,Unknown,2025-02,ON_DEMAND_SUBSCRIPTION,false,true,false,true
3157,Gindi 1,Unknown,2025-02,COLD_LEAD,false,false,false,false
3156,Gindi 1,Unknown,2025-02,COLD_LEAD,false,false,false,false
3560,Gindi 1,Unknown,2025-02,COLD_LEAD,false,false,false,false
200,Gindi 1,Unknown,2025-02,COLD_LEAD,false,false,false,false
3080,Gindi 1,Unknown,2025-02,COLD_LEAD,false,false,false,false
3082,Gindi 1,Unknown,2025-02,WARM_LEAD,false,false,false,false
3100,Gindi 1,Unknown,2025-02,CHURN,true,false,false,false
3083,Gindi 1,Unknown,2025-02,COLD_LEAD,true,false,false,false
2955,Gindi 1,Unknown,2025-02,ON_DEMAND_SUBSCRIPTION,true,true,false,true
144,Gindi 2,Unknown,2025-02,COLD_LEAD,false,false,false,false
3123,Gindi 2,Unknown,2025-02,COLD_LEAD,false,false,false,false
387,Gindi 2,Unknown,2025-02,CHURN,true,false,false,false
186,Gindi 2,Unknown,2025-02,TRIAL,false,false,false,false
3194,Gindi 2,Unknown,2025-02,COLD_LEAD,false,false,false,false
3119,Gindi 2,Unknown,2025-02,ON_DEMAND_SUBSCRIPTION,false,true,false,true
3078,Gindi 3,Unknown,2025-02,CHURN,false,false,false,false
1233,Gindi 3,Unknown,2025-02,TRIAL,false,false,false,false
903,Gindi 3,Unknown,2025-02,COLD_LEAD,false,false,false,false
2825,Gindi 3,Unknown,2025-02,COLD_LEAD,true,false,false,false
928,Gindi 3,Unknown,2025-02,TRIAL,false,false,false,false
244,Gindi 3,Unknown,2025-02,COLD_LEAD,false,false,false,false
3098,Gindi 3,Unknown,2025-02,COLD_LEAD,false,false,false,false
3105,Gindi 3,Unknown,2025-02,COLD_LEAD,false,false,false,false
1611,Gindi 3,Unknown,2025-02,COLD_LEAD,false,false,false,false
1643,Gindi 3,Unknown,2025-02,COLD_LEAD,false,false,false,false
3145,Gindi 3,Unknown,2025-02,COLD_LEAD,false,false,false,false
3151,Gindi 3,Unknown,2025-02,COLD_LEAD,false,false,false,false
1245,Gindi 3,Unknown,2025-02,COLD_LEAD,false,false,false,false
3548,Gindi 3,Unknown,2025-02,COLD_LEAD,false,false,false,false
3056,Gindi 3,Unknown,2025-02,ON_DEMAND_SUBSCRIPTION,false,true,false,true
2816,HaHehad,Unknown,2025-02,COLD_LEAD,false,false,false,false
2690,HaHehad,Unknown,2025-02,TRIAL,false,false,false,false
3160,John Street 116,Financial District Polygon,2025-02,FREEMIUM,true,false,false,false
3111,One Ten,Hoboken Polygon,2025-02,FREEMIUM,false,false,false,false
3109,One Ten,Hoboken Polygon,2025-02,FREEMIUM,false,false,false,false
3108,One Ten,Hoboken Polygon,2025-02,FREEMIUM,false,false,false,false
3541,One Ten,Hoboken Polygon,2025-02,TRIAL,false,false,false,false
3120,One Ten,Hoboken Polygon,2025-02,FREEMIUM,false,false,false,false
3127,One Ten,Hoboken Polygon,2025-02,FREEMIUM,false,false,false,false
3557,One Ten,Hoboken Polygon,2025-02,RECURRING_SUBSCRIPTION,true,true,true,false
3113,River Place,Hell's Kitchen Polygon,2025-02,FREEMIUM,false,false,false,false
3071,River Place,Hell's Kitchen Polygon,2025-02,FREEMIUM,false,false,false,false
3101,River Place,Hell's Kitchen Polygon,2025-02,CHURN,false,false,false,false
3153,River Place,Hell's Kitchen Polygon,2025-02,ON_DEMAND_SUBSCRIPTION,true,true,false,true
3182,River Place,Hell's Kitchen Polygon,2025-02,FREEMIUM,true,false,false,false
623,River Place,Hell's Kitchen Polygon,2025-02,CHURN,true,false,false,false
1100,River Place,Hell's Kitchen Polygon,2025-02,RECURRING_SUBSCRIPTION,false,true,true,false
3558,River Place,Hell's Kitchen Polygon,2025-02,FREEMIUM,false,false,false,false
3072,River Place,Hell's Kitchen Polygon,2025-02,CHURN,false,false,false,false
3073,River Place,Hell's Kitchen Polygon,2025-02,FREEMIUM,false,false,false,false
3107,River Place,Hell's Kitchen Polygon,2025-02,TRIAL,true,false,false,false
3121,River Place,Hell's Kitchen Polygon,2025-02,FREEMIUM,false,false,false,false
3115,River Place,Hell's Kitchen Polygon,2025-02,FREEMIUM,false,false,false,false
3064,River Place,Hell's Kitchen Polygon,2025-02,FREEMIUM,true,false,false,false
3114,River Place,Hell's Kitchen Polygon,2025-02,FREEMIUM,false,false,false,false
3096,River Place,Hell's Kitchen Polygon,2025-02,ON_DEMAND_SUBSCRIPTION,false,true,false,true
1353,Silver Towers,Hell's Kitchen Polygon,2025-02,FREEMIUM,false,false,false,false
3539,Silver Towers,Hell's Kitchen Polygon,2025-02,FREEMIUM,false,false,false,false
3102,Silver Towers,Hell's Kitchen Polygon,2025-02,CHURN,true,false,false,false
3164,Silver Towers,Hell's Kitchen Polygon,2025-02,CHURN,true,false,false,false
3152,Silver Towers,Hell's Kitchen Polygon,2025-02,FREEMIUM,true,false,false,false
3147,Silver Towers,Hell's Kitchen Polygon,2025-02,RECURRING_SUBSCRIPTION,true,true,true,false
3189,Silver Towers,Hell's Kitchen Polygon,2025-02,FREEMIUM,true,false,false,false
3070,Silver Towers,Hell's Kitchen Polygon,2025-02,FREEMIUM,false,false,false,false
3137,Silver Towers,Hell's Kitchen Polygon,2025-02,ON_DEMAND_SUBSCRIPTION,false,true,false,true
3136,Silver Towers,Hell's Kitchen Polygon,2025-02,FREEMIUM,false,false,false,false
3054,Silver Towers,Hell's Kitchen Polygon,2025-02,FREEMIUM,false,false,false,false
3132,Silver Towers,Hell's Kitchen Polygon,2025-02,FREEMIUM,false,false,false,false
3079,Silver Towers,Hell's Kitchen Polygon,2025-02,FREEMIUM,false,false,false,false
3103,Silver Towers,Hell's Kitchen Polygon,2025-02,FREEMIUM,false,false,false,false
3077,Silver Towers,Hell's Kitchen Polygon,2025-02,FREEMIUM,false,false,false,false
3181,Silver Towers,Hell's Kitchen Polygon,2025-02,FREEMIUM,false,false,false,false
3543,Silver Towers,Hell's Kitchen Polygon,2025-02,FREEMIUM,false,false,false,false
3075,Silver Towers,Hell's Kitchen Polygon,2025-02,TRIAL,true,false,false,false
3540,Silver Towers,Hell's Kitchen Polygon,2025-02,FREEMIUM,false,false,false,false
3163,Stonehill,Chatham / West Orange Polygon,2025-02,FREEMIUM,false,false,false,false
3190,Stonehill,Chatham / West Orange Polygon,2025-02,RECURRING_SUBSCRIPTION,true,true,true,false
3049,Stonehill,Chatham / West Orange Polygon,2025-02,FREEMIUM,false,false,false,false
3091,Stonehill,Chatham / West Orange Polygon,2025-02,FREEMIUM,false,false,false,false
3068,Stonehill,Chatham / West Orange Polygon,2025-02,FREEMIUM,false,false,false,false
3550,Stonehill,Chatham / West Orange Polygon,2025-02,FREEMIUM,false,false,false,false
3122,Stonehill,Chatham / West Orange Polygon,2025-02,FREEMIUM,false,false,false,false
3128,Stonehill,Chatham / West Orange Polygon,2025-02,TRIAL,true,false,false,false
3135,Stonehill,Chatham / West Orange Polygon,2025-02,FREEMIUM,true,false,false,false
3104,The Eddy,Harrison Polygon,2025-02,WARM_LEAD,true,false,false,false
3192,The Eddy,Harrison Polygon,2025-02,FREEMIUM,true,false,false,false
3193,The Eddy,Harrison Polygon,2025-02,FREEMIUM,false,false,false,false
3178,The Eddy,Harrison Polygon,2025-02,FREEMIUM,false,false,false,false
3076,The Eddy,Harrison Polygon,2025-02,CHURN,false,false,false,false
3058,The Eddy,Harrison Polygon,2025-02,FREEMIUM,false,false,false,false
3184,The Eddy,Harrison Polygon,2025-02,FREEMIUM,false,false,false,false
3187,The Enclave,Hoboken Polygon,2025-02,FREEMIUM,false,false,false,false
3089,The Enclave,Hoboken Polygon,2025-02,FREEMIUM,true,false,false,false
3130,The Enclave,Hoboken Polygon,2025-02,FREEMIUM,false,false,false,false
3180,The Enclave,Hoboken Polygon,2025-02,FREEMIUM,false,false,false,false
3527,The Enclave,Hoboken Polygon,2025-02,FREEMIUM,false,false,false,false
3823,100 House,Hoboken Polygon,2025-03,FREEMIUM,false,false,false,false
3719,100 House,Hoboken Polygon,2025-03,RECURRING_SUBSCRIPTION,false,true,true,false
3587,1 Boerum PL,Floating NY 2,2025-03,WARM_LEAD,true,false,false,false
3583,1 Boerum PL,Floating NY 2,2025-03,FREEMIUM,true,false,false,false
3957,1 Boerum PL,Floating NY 2,2025-03,FREEMIUM,false,false,false,false
3609,1 Boerum PL,Floating NY 2,2025-03,FREEMIUM,false,false,false,false
3880,1 Boerum PL,Floating NY 2,2025-03,FREEMIUM,false,false,false,false
3566,1 Boerum PL,Floating NY 2,2025-03,FREEMIUM,true,false,false,false
3578,1 Boerum PL,Floating NY 2,2025-03,FREEMIUM,true,false,false,false
3721,300 Somerset,Harrison Polygon,2025-03,FREEMIUM,false,false,false,false
3588,330 Angelo Cifelli,Harrison Polygon,2025-03,RECURRING_SUBSCRIPTION,false,true,true,false
3926,655 Union,Boerum Hill Polygon,2025-03,FREEMIUM,false,false,false,false
3927,655 Union,Boerum Hill Polygon,2025-03,FREEMIUM,false,false,false,false
3925,655 Union,Boerum Hill Polygon,2025-03,CHURN,true,false,false,false
3937,655 Union,Boerum Hill Polygon,2025-03,FREEMIUM,true,false,false,false
3592,655 Union,Boerum Hill Polygon,2025-03,TRIAL,true,false,false,false
3931,655 Union,Boerum Hill Polygon,2025-03,FREEMIUM,false,false,false,false
5194,655 Union,Boerum Hill Polygon,2025-03,RECURRING_SUBSCRIPTION,true,true,true,false
3923,655 Union,Boerum Hill Polygon,2025-03,CHURN,false,false,false,false
3955,655 Union,Boerum Hill Polygon,2025-03,RECURRING_SUBSCRIPTION,false,true,true,false
3928,655 Union,Boerum Hill Polygon,2025-03,FREEMIUM,false,false,false,false
3922,655 Union,Boerum Hill Polygon,2025-03,FREEMIUM,false,false,false,false
3906,Agnes,Floating Jersey,2025-03,FREEMIUM,false,false,false,false
3569,Azrieli TLV,Unknown,2025-03,COLD_LEAD,true,false,false,false
3959,Azrieli TLV,Unknown,2025-03,CHURN,true,false,false,false
3576,Azrieli TLV,Unknown,2025-03,COLD_LEAD,false,false,false,false
1783,Azrieli TLV,Unknown,2025-03,COLD_LEAD,false,false,false,false
5212,Azrieli TLV,Unknown,2025-03,TRIAL,true,false,false,false
5209,Azrieli TLV,Unknown,2025-03,COLD_LEAD,false,false,false,false
3729,Azrieli TLV,Unknown,2025-03,COLD_LEAD,false,false,false,false
4130,Azrieli TLV,Unknown,2025-03,COLD_LEAD,false,false,false,false
3569,Azrieli TLV,Unknown,2025-03,COLD_LEAD,true,false,false,false
3582,Gindi 1,Unknown,2025-03,COLD_LEAD,true,false,false,false
3582,Gindi 1,Unknown,2025-03,COLD_LEAD,true,false,false,false
5206,Gindi 1,Unknown,2025-03,COLD_LEAD,false,false,false,false
5205,Gindi 1,Unknown,2025-03,COLD_LEAD,true,false,false,false
5204,Gindi 1,Unknown,2025-03,COLD_LEAD,false,false,false,false
2372,Gindi 1,Unknown,2025-03,ON_DEMAND_SUBSCRIPTION,false,true,false,true
87,Gindi 1,Unknown,2025-03,FROZEN,false,false,false,false
3912,Gindi 1,Unknown,2025-03,COLD_LEAD,false,false,false,false
3886,Gindi 1,Unknown,2025-03,TRIAL,false,false,false,false
1242,Gindi 1,Unknown,2025-03,COLD_LEAD,false,false,false,false
3888,Gindi 1,Unknown,2025-03,CHURN,false,false,false,false
3888,Gindi 1,Unknown,2025-03,CHURN,false,false,false,false
134,Gindi 1,Unknown,2025-03,COLD_LEAD,false,false,false,false
5211,Gindi 1,Unknown,2025-03,ON_DEMAND_SUBSCRIPTION,false,true,false,true
1297,Gindi 2,Unknown,2025-03,TRIAL,false,false,false,false
3733,Gindi 2,Unknown,2025-03,COLD_LEAD,false,false,false,false
3777,Gindi 2,Unknown,2025-03,TRIAL,false,false,false,false
3882,Gindi 2,Unknown,2025-03,COLD_LEAD,false,false,false,false
3573,Gindi 2,Unknown,2025-03,COLD_LEAD,false,false,false,false
3717,Gindi 2,Unknown,2025-03,COLD_LEAD,false,false,false,false
3561,Gindi 2,Unknown,2025-03,WARM_LEAD,false,false,false,false
3017,Gindi 2,Unknown,2025-03,COLD_LEAD,false,false,false,false
5200,Gindi 2,Unknown,2025-03,COLD_LEAD,false,false,false,false
3590,Gindi 2,Unknown,2025-03,COLD_LEAD,false,false,false,false
3590,Gindi 2,Unknown,2025-03,COLD_LEAD,false,false,false,false
3929,Gindi 2,Unknown,2025-03,COLD_LEAD,false,false,false,false
3958,Gindi 2,Unknown,2025-03,COLD_LEAD,false,false,false,false
3574,Gindi 2,Unknown,2025-03,COLD_LEAD,true,false,false,false
853,Gindi 3,Unknown,2025-03,TRIAL,true,false,false,false
3883,Gindi 3,Unknown,2025-03,COLD_LEAD,false,false,false,false
3807,Gindi 3,Unknown,2025-03,COLD_LEAD,false,false,false,false
839,Gindi 3,Unknown,2025-03,COLD_LEAD,false,false,false,false
3868,Gindi 3,Unknown,2025-03,COLD_LEAD,false,false,false,false
3567,Gindi 3,Unknown,2025-03,COLD_LEAD,false,false,false,false
3851,Gindi 3,Unknown,2025-03,COLD_LEAD,false,false,false,false
1245,Gindi 3,Unknown,2025-03,COLD_LEAD,false,false,false,false
1275,Gindi 3,Unknown,2025-03,COLD_LEAD,false,false,false,false
3849,HaHehad,Unknown,2025-03,TRIAL,true,false,false,false
5196,HaHehad,Unknown,2025-03,TRIAL,false,false,false,false
3773,HaHehad,Unknown,2025-03,TRIAL,false,false,false,false
3962,Nine 52,Hell's Kitchen Polygon,2025-03,FREEMIUM,false,false,false,false
5201,One Ten,Hoboken Polygon,2025-03,FREEMIUM,false,false,false,false
3571,One Ten,Hoboken Polygon,2025-03,FREEMIUM,true,false,false,false
3902,One Ten,Hoboken Polygon,2025-03,FREEMIUM,false,false,false,false
2467,River Place,Hell's Kitchen Polygon,2025-03,WARM_LEAD,false,false,false,false
1686,River Place,Hell's Kitchen Polygon,2025-03,RECURRING_SUBSCRIPTION,true,true,true,false
4312,River Place,Hell's Kitchen Polygon,2025-03,FREEMIUM,false,false,false,false
4311,River Place,Hell's Kitchen Polygon,2025-03,FREEMIUM,false,false,false,false
4308,River Place,Hell's Kitchen Polygon,2025-03,FREEMIUM,false,false,false,false
4308,River Place,Hell's Kitchen Polygon,2025-03,FREEMIUM,false,false,false,false
4308,River Place,Hell's Kitchen Polygon,2025-03,FREEMIUM,false,false,false,false
4307,River Place,Hell's Kitchen Polygon,2025-03,FREEMIUM,false,false,false,false
4306,River Place,Hell's Kitchen Polygon,2025-03,FREEMIUM,false,false,false,false
4305,River Place,Hell's Kitchen Polygon,2025-03,FREEMIUM,false,false,false,false
4304,River Place,Hell's Kitchen Polygon,2025-03,FREEMIUM,false,false,false,false
4303,River Place,Hell's Kitchen Polygon,2025-03,FREEMIUM,false,false,false,false
4301,River Place,Hell's Kitchen Polygon,2025-03,FREEMIUM,true,false,false,false
4399,River Place,Hell's Kitchen Polygon,2025-03,FREEMIUM,false,false,false,false
4300,River Place,Hell's Kitchen Polygon,2025-03,FREEMIUM,false,false,false,false
4299,River Place,Hell's Kitchen Polygon,2025-03,FREEMIUM,false,false,false,false
4297,River Place,Hell's Kitchen Polygon,2025-03,FREEMIUM,false,false,false,false
4297,River Place,Hell's Kitchen Polygon,2025-03,FREEMIUM,false,false,false,false
4296,River Place,Hell's Kitchen Polygon,2025-03,FREEMIUM,false,false,false,false
4295,River Place,Hell's Kitchen Polygon,2025-03,FREEMIUM,false,false,false,false
3096,River Place,Hell's Kitchen Polygon,2025-03,ON_DEMAND_SUBSCRIPTION,false,true,false,true
3096,River Place,Hell's Kitchen Polygon,2025-03,ON_DEMAND_SUBSCRIPTION,false,true,false,true
4293,River Place,Hell's Kitchen Polygon,2025-03,FREEMIUM,false,false,false,false
4291,River Place,Hell's Kitchen Polygon,2025-03,FREEMIUM,false,false,false,false
4291,River Place,Hell's Kitchen Polygon,2025-03,FREEMIUM,false,false,false,false
4289,River Place,Hell's Kitchen Polygon,2025-03,FREEMIUM,false,false,false,false
4289,River Place,Hell's Kitchen Polygon,2025-03,FREEMIUM,false,false,false,false
4287,River Place,Hell's Kitchen Polygon,2025-03,FREEMIUM,false,false,false,false
4294,River Place,Hell's Kitchen Polygon,2025-03,FREEMIUM,false,false,false,false
4287,River Place,Hell's Kitchen Polygon,2025-03,FREEMIUM,false,false,false,false
4313,River Place,Hell's Kitchen Polygon,2025-03,FREEMIUM,false,false,false,false
2756,River Place,Hell's Kitchen Polygon,2025-03,FREEMIUM,true,false,false,false
4286,River Place,Hell's Kitchen Polygon,2025-03,FREEMIUM,false,false,false,false
4283,River Place,Hell's Kitchen Polygon,2025-03,FREEMIUM,false,false,false,false
2505,River Place,Hell's Kitchen Polygon,2025-03,FREEMIUM,false,false,false,false
4281,River Place,Hell's Kitchen Polygon,2025-03,FREEMIUM,false,false,false,false
4281,River Place,Hell's Kitchen Polygon,2025-03,FREEMIUM,false,false,false,false
4279,River Place,Hell's Kitchen Polygon,2025-03,FREEMIUM,false,false,false,false
4279,River Place,Hell's Kitchen Polygon,2025-03,FREEMIUM,false,false,false,false
4278,River Place,Hell's Kitchen Polygon,2025-03,FREEMIUM,false,false,false,false
4277,River Place,Hell's Kitchen Polygon,2025-03,FREEMIUM,false,false,false,false
4276,River Place,Hell's Kitchen Polygon,2025-03,FREEMIUM,false,false,false,false
4274,River Place,Hell's Kitchen Polygon,2025-03,FREEMIUM,false,false,false,false
4274,River Place,Hell's Kitchen Polygon,2025-03,FREEMIUM,false,false,false,false
4273,River Place,Hell's Kitchen Polygon,2025-03,FREEMIUM,false,false,false,false
4333,River Place,Hell's Kitchen Polygon,2025-03,FREEMIUM,false,false,false,false
1763,River Place,Hell's Kitchen Polygon,2025-03,TRIAL,true,false,false,false
4272,River Place,Hell's Kitchen Polygon,2025-03,FREEMIUM,false,false,false,false
4271,River Place,Hell's Kitchen Polygon,2025-03,FREEMIUM,false,false,false,false
4345,River Place,Hell's Kitchen Polygon,2025-03,FREEMIUM,false,false,false,false
4348,River Place,Hell's Kitchen Polygon,2025-03,FREEMIUM,false,false,false,false
1994,River Place,Hell's Kitchen Polygon,2025-03,FREEMIUM,false,false,false,false
2354,River Place,Hell's Kitchen Polygon,2025-03,RECURRING_SUBSCRIPTION,true,true,true,false
4270,River Place,Hell's Kitchen Polygon,2025-03,CHURN,true,false,false,false
4269,River Place,Hell's Kitchen Polygon,2025-03,FREEMIUM,false,false,false,false
4268,River Place,Hell's Kitchen Polygon,2025-03,FREEMIUM,false,false,false,false
4266,River Place,Hell's Kitchen Polygon,2025-03,FREEMIUM,false,false,false,false
4266,River Place,Hell's Kitchen Polygon,2025-03,FREEMIUM,false,false,false,false
4265,River Place,Hell's Kitchen Polygon,2025-03,FREEMIUM,false,false,false,false
2695,River Place,Hell's Kitchen Polygon,2025-03,FREEMIUM,false,false,false,false
4264,River Place,Hell's Kitchen Polygon,2025-03,FREEMIUM,false,false,false,false
4263,River Place,Hell's Kitchen Polygon,2025-03,FREEMIUM,false,false,false,false
4262,River Place,Hell's Kitchen Polygon,2025-03,FREEMIUM,false,false,false,false
4261,River Place,Hell's Kitchen Polygon,2025-03,FREEMIUM,false,false,false,false
1722,River Place,Hell's Kitchen Polygon,2025-03,TRIAL,true,false,false,false
1722,River Place,Hell's Kitchen Polygon,2025-03,TRIAL,true,false,false,false
1722,River Place,Hell's Kitchen Polygon,2025-03,TRIAL,true,false,false,false
1722,River Place,Hell's Kitchen Polygon,2025-03,TRIAL,true,false,false,false
4401,River Place,Hell's Kitchen Polygon,2025-03,FREEMIUM,false,false,false,false
4256,River Place,Hell's Kitchen Polygon,2025-03,FREEMIUM,false,false,false,false
4255,River Place,Hell's Kitchen Polygon,2025-03,FREEMIUM,false,false,false,false
4253,River Place,Hell's Kitchen Polygon,2025-03,FREEMIUM,false,false,false,false
3862,River Place,Hell's Kitchen Polygon,2025-03,TRIAL,true,false,false,false
4253,River Place,Hell's Kitchen Polygon,2025-03,FREEMIUM,false,false,false,false
4252,River Place,Hell's Kitchen Polygon,2025-03,FREEMIUM,false,false,false,false
4249,River Place,Hell's Kitchen Polygon,2025-03,FREEMIUM,false,false,false,false
4249,River Place,Hell's Kitchen Polygon,2025-03,FREEMIUM,false,false,false,false
4248,River Place,Hell's Kitchen Polygon,2025-03,FREEMIUM,false,false,false,false
4247,River Place,Hell's Kitchen Polygon,2025-03,FREEMIUM,false,false,false,false
4246,River Place,Hell's Kitchen Polygon,2025-03,FREEMIUM,false,false,false,false
4244,River Place,Hell's Kitchen Polygon,2025-03,FREEMIUM,false,false,false,false
4244,River Place,Hell's Kitchen Polygon,2025-03,FREEMIUM,false,false,false,false
4243,River Place,Hell's Kitchen Polygon,2025-03,FREEMIUM,false,false,false,false
4243,River Place,Hell's Kitchen Polygon,2025-03,FREEMIUM,false,false,false,false
4241,River Place,Hell's Kitchen Polygon,2025-03,FREEMIUM,false,false,false,false
4239,River Place,Hell's Kitchen Polygon,2025-03,FREEMIUM,false,false,false,false
4239,River Place,Hell's Kitchen Polygon,2025-03,FREEMIUM,false,false,false,false
4237,River Place,Hell's Kitchen Polygon,2025-03,FREEMIUM,false,false,false,false
4237,River Place,Hell's Kitchen Polygon,2025-03,FREEMIUM,false,false,false,false
4235,River Place,Hell's Kitchen Polygon,2025-03,FREEMIUM,false,false,false,false
4235,River Place,Hell's Kitchen Polygon,2025-03,FREEMIUM,false,false,false,false
4234,River Place,Hell's Kitchen Polygon,2025-03,FREEMIUM,false,false,false,false
4233,River Place,Hell's Kitchen Polygon,2025-03,FREEMIUM,false,false,false,false
4231,River Place,Hell's Kitchen Polygon,2025-03,FREEMIUM,false,false,false,false
4231,River Place,Hell's Kitchen Polygon,2025-03,FREEMIUM,false,false,false,false
4230,River Place,Hell's Kitchen Polygon,2025-03,FREEMIUM,false,false,false,false
4228,River Place,Hell's Kitchen Polygon,2025-03,FREEMIUM,false,false,false,false
4227,River Place,Hell's Kitchen Polygon,2025-03,FREEMIUM,false,false,false,false
4225,River Place,Hell's Kitchen Polygon,2025-03,FREEMIUM,false,false,false,false
4225,River Place,Hell's Kitchen Polygon,2025-03,FREEMIUM,false,false,false,false
2422,River Place,Hell's Kitchen Polygon,2025-03,ON_DEMAND_SUBSCRIPTION,false,true,false,true
4223,River Place,Hell's Kitchen Polygon,2025-03,FREEMIUM,false,false,false,false
4222,River Place,Hell's Kitchen Polygon,2025-03,FREEMIUM,false,false,false,false
4220,River Place,Hell's Kitchen Polygon,2025-03,FREEMIUM,false,false,false,false
4220,River Place,Hell's Kitchen Polygon,2025-03,FREEMIUM,false,false,false,false
4218,River Place,Hell's Kitchen Polygon,2025-03,FREEMIUM,false,false,false,false
4218,River Place,Hell's Kitchen Polygon,2025-03,FREEMIUM,false,false,false,false
4217,River Place,Hell's Kitchen Polygon,2025-03,FREEMIUM,false,false,false,false
4216,River Place,Hell's Kitchen Polygon,2025-03,FREEMIUM,false,false,false,false
4215,River Place,Hell's Kitchen Polygon,2025-03,FREEMIUM,false,false,false,false
1543,River Place,Hell's Kitchen Polygon,2025-03,FREEMIUM,true,false,false,false
1543,River Place,Hell's Kitchen Polygon,2025-03,FREEMIUM,true,false,false,false
1543,River Place,Hell's Kitchen Polygon,2025-03,FREEMIUM,true,false,false,false
4140,River Place,Hell's Kitchen Polygon,2025-03,FREEMIUM,true,false,false,false
4162,River Place,Hell's Kitchen Polygon,2025-03,FREEMIUM,true,false,false,false
4146,River Place,Hell's Kitchen Polygon,2025-03,FREEMIUM,false,false,false,false
4174,River Place,Hell's Kitchen Polygon,2025-03,FREEMIUM,true,false,false,false
4138,River Place,Hell's Kitchen Polygon,2025-03,FREEMIUM,false,false,false,false
4127,River Place,Hell's Kitchen Polygon,2025-03,FREEMIUM,false,false,false,false
1543,River Place,Hell's Kitchen Polygon,2025-03,FREEMIUM,true,false,false,false
1543,River Place,Hell's Kitchen Polygon,2025-03,FREEMIUM,true,false,false,false
4214,River Place,Hell's Kitchen Polygon,2025-03,FREEMIUM,false,false,false,false
2700,River Place,Hell's Kitchen Polygon,2025-03,ON_DEMAND_SUBSCRIPTION,true,true,false,true
4213,River Place,Hell's Kitchen Polygon,2025-03,FREEMIUM,false,false,false,false
4210,River Place,Hell's Kitchen Polygon,2025-03,FREEMIUM,false,false,false,false
4210,River Place,Hell's Kitchen Polygon,2025-03,FREEMIUM,false,false,false,false
4210,River Place,Hell's Kitchen Polygon,2025-03,FREEMIUM,false,false,false,false
4208,River Place,Hell's Kitchen Polygon,2025-03,FREEMIUM,false,false,false,false
4208,River Place,Hell's Kitchen Polygon,2025-03,FREEMIUM,false,false,false,false
4207,River Place,Hell's Kitchen Polygon,2025-03,FREEMIUM,false,false,false,false
4206,River Place,Hell's Kitchen Polygon,2025-03,FREEMIUM,false,false,false,false
4205,River Place,Hell's Kitchen Polygon,2025-03,FREEMIUM,false,false,false,false
4203,River Place,Hell's Kitchen Polygon,2025-03,FREEMIUM,false,false,false,false
4203,River Place,Hell's Kitchen Polygon,2025-03,FREEMIUM,false,false,false,false
4401,River Place,Hell's Kitchen Polygon,2025-03,FREEMIUM,false,false,false,false
4201,River Place,Hell's Kitchen Polygon,2025-03,FREEMIUM,false,false,false,false
4201,River Place,Hell's Kitchen Polygon,2025-03,FREEMIUM,false,false,false,false
1712,River Place,Hell's Kitchen Polygon,2025-03,FREEMIUM,false,false,false,false
4199,River Place,Hell's Kitchen Polygon,2025-03,FREEMIUM,false,false,false,false
4199,River Place,Hell's Kitchen Polygon,2025-03,FREEMIUM,false,false,false,false
4198,River Place,Hell's Kitchen Polygon,2025-03,FREEMIUM,false,false,false,false
2548,River Place,Hell's Kitchen Polygon,2025-03,FREEMIUM,false,false,false,false
4030,River Place,Hell's Kitchen Polygon,2025-03,FREEMIUM,false,false,false,false
4197,River Place,Hell's Kitchen Polygon,2025-03,FREEMIUM,false,false,false,false
4196,River Place,Hell's Kitchen Polygon,2025-03,FREEMIUM,false,false,false,false
4194,River Place,Hell's Kitchen Polygon,2025-03,FREEMIUM,false,false,false,false
4194,River Place,Hell's Kitchen Polygon,2025-03,FREEMIUM,false,false,false,false
4193,River Place,Hell's Kitchen Polygon,2025-03,FREEMIUM,false,false,false,false
4192,River Place,Hell's Kitchen Polygon,2025-03,FREEMIUM,false,false,false,false
2608,River Place,Hell's Kitchen Polygon,2025-03,FREEMIUM,false,false,false,false
4036,River Place,Hell's Kitchen Polygon,2025-03,FREEMIUM,false,false,false,false
591,River Place,Hell's Kitchen Polygon,2025-03,FREEMIUM,true,false,false,false
4224,River Place,Hell's Kitchen Polygon,2025-03,FREEMIUM,false,false,false,false
4403,River Place,Hell's Kitchen Polygon,2025-03,FREEMIUM,false,false,false,false
4034,River Place,Hell's Kitchen Polygon,2025-03,FREEMIUM,false,false,false,false
776,River Place,Hell's Kitchen Polygon,2025-03,FREEMIUM,true,false,false,false
4190,River Place,Hell's Kitchen Polygon,2025-03,FREEMIUM,true,false,false,false
4189,River Place,Hell's Kitchen Polygon,2025-03,FREEMIUM,false,false,false,false
3048,River Place,Hell's Kitchen Polygon,2025-03,FREEMIUM,false,false,false,false
1686,River Place,Hell's Kitchen Polygon,2025-03,RECURRING_SUBSCRIPTION,true,true,true,false
4187,River Place,Hell's Kitchen Polygon,2025-03,FREEMIUM,false,false,false,false
4187,River Place,Hell's Kitchen Polygon,2025-03,FREEMIUM,false,false,false,false
4185,River Place,Hell's Kitchen Polygon,2025-03,FREEMIUM,false,false,false,false
4183,River Place,Hell's Kitchen Polygon,2025-03,FREEMIUM,false,false,false,false
4183,River Place,Hell's Kitchen Polygon,2025-03,FREEMIUM,false,false,false,false
4182,River Place,Hell's Kitchen Polygon,2025-03,FREEMIUM,false,false,false,false
4181,River Place,Hell's Kitchen Polygon,2025-03,FREEMIUM,false,false,false,false
4179,River Place,Hell's Kitchen Polygon,2025-03,FREEMIUM,false,false,false,false
4179,River Place,Hell's Kitchen Polygon,2025-03,FREEMIUM,false,false,false,false
4178,River Place,Hell's Kitchen Polygon,2025-03,FREEMIUM,false,false,false,false
4176,River Place,Hell's Kitchen Polygon,2025-03,FREEMIUM,false,false,false,false
4176,River Place,Hell's Kitchen Polygon,2025-03,FREEMIUM,false,false,false,false
841,River Place,Hell's Kitchen Polygon,2025-03,ON_DEMAND_SUBSCRIPTION,false,true,false,true
4175,River Place,Hell's Kitchen Polygon,2025-03,FREEMIUM,false,false,false,false
4170,River Place,Hell's Kitchen Polygon,2025-03,FREEMIUM,false,false,false,false
4170,River Place,Hell's Kitchen Polygon,2025-03,FREEMIUM,false,false,false,false
4170,River Place,Hell's Kitchen Polygon,2025-03,FREEMIUM,false,false,false,false
4170,River Place,Hell's Kitchen Polygon,2025-03,FREEMIUM,false,false,false,false
4169,River Place,Hell's Kitchen Polygon,2025-03,FREEMIUM,false,false,false,false
4168,River Place,Hell's Kitchen Polygon,2025-03,FREEMIUM,false,false,false,false
4167,River Place,Hell's Kitchen Polygon,2025-03,FREEMIUM,false,false,false,false
4165,River Place,Hell's Kitchen Polygon,2025-03,FREEMIUM,false,false,false,false
4165,River Place,Hell's Kitchen Polygon,2025-03,FREEMIUM,false,false,false,false
728,River Place,Hell's Kitchen Polygon,2025-03,FREEMIUM,false,false,false,false
4164,River Place,Hell's Kitchen Polygon,2025-03,FREEMIUM,false,false,false,false
3114,River Place,Hell's Kitchen Polygon,2025-03,FREEMIUM,false,false,false,false
4162,River Place,Hell's Kitchen Polygon,2025-03,FREEMIUM,true,false,false,false
1350,River Place,Hell's Kitchen Polygon,2025-03,FREEMIUM,false,false,false,false
4161,River Place,Hell's Kitchen Polygon,2025-03,FREEMIUM,false,false,false,false
4158,River Place,Hell's Kitchen Polygon,2025-03,FREEMIUM,false,false,false,false
4158,River Place,Hell's Kitchen Polygon,2025-03,FREEMIUM,false,false,false,false
4158,River Place,Hell's Kitchen Polygon,2025-03,FREEMIUM,false,false,false,false
776,River Place,Hell's Kitchen Polygon,2025-03,FREEMIUM,true,false,false,false
4191,River Place,Hell's Kitchen Polygon,2025-03,FREEMIUM,false,false,false,false
4155,River Place,Hell's Kitchen Polygon,2025-03,FREEMIUM,false,false,false,false
4154,River Place,Hell's Kitchen Polygon,2025-03,FREEMIUM,false,false,false,false
4152,River Place,Hell's Kitchen Polygon,2025-03,FREEMIUM,false,false,false,false
4151,River Place,Hell's Kitchen Polygon,2025-03,FREEMIUM,false,false,false,false
4149,River Place,Hell's Kitchen Polygon,2025-03,FREEMIUM,false,false,false,false
4146,River Place,Hell's Kitchen Polygon,2025-03,FREEMIUM,false,false,false,false
4146,River Place,Hell's Kitchen Polygon,2025-03,FREEMIUM,false,false,false,false
1335,River Place,Hell's Kitchen Polygon,2025-03,FREEMIUM,true,false,false,false
4144,River Place,Hell's Kitchen Polygon,2025-03,FREEMIUM,false,false,false,false
4142,River Place,Hell's Kitchen Polygon,2025-03,FREEMIUM,false,false,false,false
4142,River Place,Hell's Kitchen Polygon,2025-03,FREEMIUM,false,false,false,false
4141,River Place,Hell's Kitchen Polygon,2025-03,FREEMIUM,false,false,false,false
898,River Place,Hell's Kitchen Polygon,2025-03,FREEMIUM,true,false,false,false
1199,River Place,Hell's Kitchen Polygon,2025-03,FREEMIUM,false,false,false,false
4137,River Place,Hell's Kitchen Polygon,2025-03,FREEMIUM,false,false,false,false
4135,River Place,Hell's Kitchen Polygon,2025-03,FREEMIUM,false,false,false,false
916,River Place,Hell's Kitchen Polygon,2025-03,FREEMIUM,false,false,false,false
4133,River Place,Hell's Kitchen Polygon,2025-03,FREEMIUM,false,false,false,false
3113,River Place,Hell's Kitchen Polygon,2025-03,FREEMIUM,false,false,false,false
3113,River Place,Hell's Kitchen Polygon,2025-03,FREEMIUM,false,false,false,false
4127,River Place,Hell's Kitchen Polygon,2025-03,FREEMIUM,false,false,false,false
4127,River Place,Hell's Kitchen Polygon,2025-03,FREEMIUM,false,false,false,false
4127,River Place,Hell's Kitchen Polygon,2025-03,FREEMIUM,false,false,false,false
4127,River Place,Hell's Kitchen Polygon,2025-03,FREEMIUM,false,false,false,false
4125,River Place,Hell's Kitchen Polygon,2025-03,FREEMIUM,false,false,false,false
4125,River Place,Hell's Kitchen Polygon,2025-03,FREEMIUM,false,false,false,false
4124,River Place,Hell's Kitchen Polygon,2025-03,FREEMIUM,false,false,false,false
4122,River Place,Hell's Kitchen Polygon,2025-03,FREEMIUM,false,false,false,false
4122,River Place,Hell's Kitchen Polygon,2025-03,FREEMIUM,false,false,false,false
3071,River Place,Hell's Kitchen Polygon,2025-03,FREEMIUM,false,false,false,false
4121,River Place,Hell's Kitchen Polygon,2025-03,FREEMIUM,false,false,false,false
4120,River Place,Hell's Kitchen Polygon,2025-03,FREEMIUM,false,false,false,false
2641,River Place,Hell's Kitchen Polygon,2025-03,FREEMIUM,false,false,false,false
4119,River Place,Hell's Kitchen Polygon,2025-03,FREEMIUM,false,false,false,false
4118,River Place,Hell's Kitchen Polygon,2025-03,FREEMIUM,false,false,false,false
4117,River Place,Hell's Kitchen Polygon,2025-03,FREEMIUM,false,false,false,false
4116,River Place,Hell's Kitchen Polygon,2025-03,FREEMIUM,false,false,false,false
4114,River Place,Hell's Kitchen Polygon,2025-03,FREEMIUM,true,false,false,false
4114,River Place,Hell's Kitchen Polygon,2025-03,FREEMIUM,true,false,false,false
4112,River Place,Hell's Kitchen Polygon,2025-03,FREEMIUM,false,false,false,false
4112,River Place,Hell's Kitchen Polygon,2025-03,FREEMIUM,false,false,false,false
4110,River Place,Hell's Kitchen Polygon,2025-03,FREEMIUM,false,false,false,false
4110,River Place,Hell's Kitchen Polygon,2025-03,FREEMIUM,false,false,false,false
4109,River Place,Hell's Kitchen Polygon,2025-03,FREEMIUM,false,false,false,false
4107,River Place,Hell's Kitchen Polygon,2025-03,FREEMIUM,false,false,false,false
4107,River Place,Hell's Kitchen Polygon,2025-03,FREEMIUM,false,false,false,false
4105,River Place,Hell's Kitchen Polygon,2025-03,FREEMIUM,false,false,false,false
4104,River Place,Hell's Kitchen Polygon,2025-03,FREEMIUM,false,false,false,false
4103,River Place,Hell's Kitchen Polygon,2025-03,FREEMIUM,false,false,false,false
4406,River Place,Hell's Kitchen Polygon,2025-03,FREEMIUM,false,false,false,false
4102,River Place,Hell's Kitchen Polygon,2025-03,FREEMIUM,false,false,false,false
4101,River Place,Hell's Kitchen Polygon,2025-03,FREEMIUM,false,false,false,false
4100,River Place,Hell's Kitchen Polygon,2025-03,FREEMIUM,false,false,false,false
4099,River Place,Hell's Kitchen Polygon,2025-03,FREEMIUM,false,false,false,false
4098,River Place,Hell's Kitchen Polygon,2025-03,FREEMIUM,false,false,false,false
4097,River Place,Hell's Kitchen Polygon,2025-03,FREEMIUM,false,false,false,false
4096,River Place,Hell's Kitchen Polygon,2025-03,CHURN,true,false,false,false
4095,River Place,Hell's Kitchen Polygon,2025-03,FREEMIUM,false,false,false,false
4094,River Place,Hell's Kitchen Polygon,2025-03,FREEMIUM,false,false,false,false
4093,River Place,Hell's Kitchen Polygon,2025-03,FREEMIUM,false,false,false,false
4092,River Place,Hell's Kitchen Polygon,2025-03,FREEMIUM,false,false,false,false
4091,River Place,Hell's Kitchen Polygon,2025-03,FREEMIUM,false,false,false,false
4090,River Place,Hell's Kitchen Polygon,2025-03,FREEMIUM,false,false,false,false
4089,River Place,Hell's Kitchen Polygon,2025-03,FREEMIUM,false,false,false,false
4012,River Place,Hell's Kitchen Polygon,2025-03,ON_DEMAND_SUBSCRIPTION,true,true,false,true
3968,River Place,Hell's Kitchen Polygon,2025-03,FREEMIUM,false,false,false,false
3968,River Place,Hell's Kitchen Polygon,2025-03,FREEMIUM,false,false,false,false
3713,River Place,Hell's Kitchen Polygon,2025-03,FREEMIUM,true,false,false,false
4062,River Place,Hell's Kitchen Polygon,2025-03,FREEMIUM,false,false,false,false
4012,River Place,Hell's Kitchen Polygon,2025-03,ON_DEMAND_SUBSCRIPTION,true,true,false,true
2744,River Place,Hell's Kitchen Polygon,2025-03,FREEMIUM,false,false,false,false
4088,River Place,Hell's Kitchen Polygon,2025-03,FREEMIUM,false,false,false,false
4087,River Place,Hell's Kitchen Polygon,2025-03,FREEMIUM,false,false,false,false
4084,River Place,Hell's Kitchen Polygon,2025-03,FREEMIUM,false,false,false,false
4084,River Place,Hell's Kitchen Polygon,2025-03,FREEMIUM,false,false,false,false
4082,River Place,Hell's Kitchen Polygon,2025-03,FREEMIUM,false,false,false,false
4081,River Place,Hell's Kitchen Polygon,2025-03,FREEMIUM,false,false,false,false
4079,River Place,Hell's Kitchen Polygon,2025-03,FREEMIUM,false,false,false,false
4079,River Place,Hell's Kitchen Polygon,2025-03,FREEMIUM,false,false,false,false
4076,River Place,Hell's Kitchen Polygon,2025-03,FREEMIUM,false,false,false,false
4076,River Place,Hell's Kitchen Polygon,2025-03,FREEMIUM,false,false,false,false
4076,River Place,Hell's Kitchen Polygon,2025-03,FREEMIUM,false,false,false,false
4073,River Place,Hell's Kitchen Polygon,2025-03,FREEMIUM,false,false,false,false
4072,River Place,Hell's Kitchen Polygon,2025-03,FREEMIUM,false,false,false,false
4070,River Place,Hell's Kitchen Polygon,2025-03,FREEMIUM,false,false,false,false
4070,River Place,Hell's Kitchen Polygon,2025-03,FREEMIUM,false,false,false,false
4069,River Place,Hell's Kitchen Polygon,2025-03,FREEMIUM,false,false,false,false
4536,River Place,Hell's Kitchen Polygon,2025-03,ON_DEMAND_SUBSCRIPTION,false,true,false,true
4068,River Place,Hell's Kitchen Polygon,2025-03,FREEMIUM,false,false,false,false
4064,River Place,Hell's Kitchen Polygon,2025-03,FREEMIUM,false,false,false,false
4064,River Place,Hell's Kitchen Polygon,2025-03,FREEMIUM,false,false,false,false
4064,River Place,Hell's Kitchen Polygon,2025-03,FREEMIUM,false,false,false,false
4064,River Place,Hell's Kitchen Polygon,2025-03,FREEMIUM,false,false,false,false
4063,River Place,Hell's Kitchen Polygon,2025-03,FREEMIUM,false,false,false,false
4061,River Place,Hell's Kitchen Polygon,2025-03,FREEMIUM,false,false,false,false
4060,River Place,Hell's Kitchen Polygon,2025-03,FREEMIUM,false,false,false,false
4059,River Place,Hell's Kitchen Polygon,2025-03,FREEMIUM,false,false,false,false
4058,River Place,Hell's Kitchen Polygon,2025-03,FREEMIUM,false,false,false,false
4056,River Place,Hell's Kitchen Polygon,2025-03,FREEMIUM,false,false,false,false
4054,River Place,Hell's Kitchen Polygon,2025-03,FREEMIUM,false,false,false,false
4054,River Place,Hell's Kitchen Polygon,2025-03,FREEMIUM,false,false,false,false
4053,River Place,Hell's Kitchen Polygon,2025-03,FREEMIUM,false,false,false,false
4052,River Place,Hell's Kitchen Polygon,2025-03,FREEMIUM,false,false,false,false
4049,River Place,Hell's Kitchen Polygon,2025-03,FREEMIUM,false,false,false,false
4049,River Place,Hell's Kitchen Polygon,2025-03,FREEMIUM,false,false,false,false
4049,River Place,Hell's Kitchen Polygon,2025-03,FREEMIUM,false,false,false,false
4048,River Place,Hell's Kitchen Polygon,2025-03,FREEMIUM,false,false,false,false
4047,River Place,Hell's Kitchen Polygon,2025-03,FREEMIUM,false,false,false,false
4046,River Place,Hell's Kitchen Polygon,2025-03,FREEMIUM,false,false,false,false
4045,River Place,Hell's Kitchen Polygon,2025-03,FREEMIUM,false,false,false,false
4044,River Place,Hell's Kitchen Polygon,2025-03,FREEMIUM,false,false,false,false
4043,River Place,Hell's Kitchen Polygon,2025-03,FREEMIUM,false,false,false,false
4041,River Place,Hell's Kitchen Polygon,2025-03,FREEMIUM,false,false,false,false
4041,River Place,Hell's Kitchen Polygon,2025-03,FREEMIUM,false,false,false,false
4040,River Place,Hell's Kitchen Polygon,2025-03,FREEMIUM,false,false,false,false
5270,River Place,Hell's Kitchen Polygon,2025-03,FREEMIUM,false,false,false,false
4039,River Place,Hell's Kitchen Polygon,2025-03,FREEMIUM,false,false,false,false
4037,River Place,Hell's Kitchen Polygon,2025-03,FREEMIUM,false,false,false,false
4034,River Place,Hell's Kitchen Polygon,2025-03,FREEMIUM,false,false,false,false
4033,River Place,Hell's Kitchen Polygon,2025-03,RECURRING_SUBSCRIPTION,true,true,true,false
4030,River Place,Hell's Kitchen Polygon,2025-03,FREEMIUM,false,false,false,false
4030,River Place,Hell's Kitchen Polygon,2025-03,FREEMIUM,false,false,false,false
4029,River Place,Hell's Kitchen Polygon,2025-03,FREEMIUM,false,false,false,false
4028,River Place,Hell's Kitchen Polygon,2025-03,FREEMIUM,false,false,false,false
4026,River Place,Hell's Kitchen Polygon,2025-03,FREEMIUM,false,false,false,false
4026,River Place,Hell's Kitchen Polygon,2025-03,FREEMIUM,false,false,false,false
4025,River Place,Hell's Kitchen Polygon,2025-03,FREEMIUM,false,false,false,false
4023,River Place,Hell's Kitchen Polygon,2025-03,FREEMIUM,false,false,false,false
4022,River Place,Hell's Kitchen Polygon,2025-03,FREEMIUM,false,false,false,false
4021,River Place,Hell's Kitchen Polygon,2025-03,FREEMIUM,false,false,false,false
4020,River Place,Hell's Kitchen Polygon,2025-03,FREEMIUM,false,false,false,false
4019,River Place,Hell's Kitchen Polygon,2025-03,FREEMIUM,false,false,false,false
4016,River Place,Hell's Kitchen Polygon,2025-03,FREEMIUM,false,false,false,false
4016,River Place,Hell's Kitchen Polygon,2025-03,FREEMIUM,false,false,false,false
4016,River Place,Hell's Kitchen Polygon,2025-03,FREEMIUM,false,false,false,false
4012,River Place,Hell's Kitchen Polygon,2025-03,ON_DEMAND_SUBSCRIPTION,true,true,false,true
4010,River Place,Hell's Kitchen Polygon,2025-03,FREEMIUM,false,false,false,false
4010,River Place,Hell's Kitchen Polygon,2025-03,FREEMIUM,false,false,false,false
4009,River Place,Hell's Kitchen Polygon,2025-03,FREEMIUM,false,false,false,false
4008,River Place,Hell's Kitchen Polygon,2025-03,FREEMIUM,false,false,false,false
4007,River Place,Hell's Kitchen Polygon,2025-03,FREEMIUM,false,false,false,false
4006,River Place,Hell's Kitchen Polygon,2025-03,FREEMIUM,true,false,false,false
4005,River Place,Hell's Kitchen Polygon,2025-03,FREEMIUM,false,false,false,false
3107,River Place,Hell's Kitchen Polygon,2025-03,TRIAL,true,false,false,false
4004,River Place,Hell's Kitchen Polygon,2025-03,FREEMIUM,false,false,false,false
4002,River Place,Hell's Kitchen Polygon,2025-03,FREEMIUM,false,false,false,false
4002,River Place,Hell's Kitchen Polygon,2025-03,FREEMIUM,false,false,false,false
4001,River Place,Hell's Kitchen Polygon,2025-03,FREEMIUM,false,false,false,false
4000,River Place,Hell's Kitchen Polygon,2025-03,FREEMIUM,false,false,false,false
3999,River Place,Hell's Kitchen Polygon,2025-03,FREEMIUM,true,false,false,false
3998,River Place,Hell's Kitchen Polygon,2025-03,FREEMIUM,false,false,false,false
3997,River Place,Hell's Kitchen Polygon,2025-03,FREEMIUM,false,false,false,false
5263,River Place,Hell's Kitchen Polygon,2025-03,FREEMIUM,false,false,false,false
3994,River Place,Hell's Kitchen Polygon,2025-03,FREEMIUM,false,false,false,false
3994,River Place,Hell's Kitchen Polygon,2025-03,FREEMIUM,false,false,false,false
3992,River Place,Hell's Kitchen Polygon,2025-03,FREEMIUM,false,false,false,false
3992,River Place,Hell's Kitchen Polygon,2025-03,FREEMIUM,false,false,false,false
3975,River Place,Hell's Kitchen Polygon,2025-03,FREEMIUM,false,false,false,false
3990,River Place,Hell's Kitchen Polygon,2025-03,FREEMIUM,true,false,false,false
3990,River Place,Hell's Kitchen Polygon,2025-03,FREEMIUM,true,false,false,false
3989,River Place,Hell's Kitchen Polygon,2025-03,FREEMIUM,false,false,false,false
3988,River Place,Hell's Kitchen Polygon,2025-03,FREEMIUM,false,false,false,false
1718,River Place,Hell's Kitchen Polygon,2025-03,FREEMIUM,true,false,false,false
3985,River Place,Hell's Kitchen Polygon,2025-03,TRIAL,true,false,false,false
3985,River Place,Hell's Kitchen Polygon,2025-03,TRIAL,true,false,false,false
3983,River Place,Hell's Kitchen Polygon,2025-03,FREEMIUM,false,false,false,false
3983,River Place,Hell's Kitchen Polygon,2025-03,FREEMIUM,false,false,false,false
1246,River Place,Hell's Kitchen Polygon,2025-03,ON_DEMAND_SUBSCRIPTION,false,true,false,true
3980,River Place,Hell's Kitchen Polygon,2025-03,FREEMIUM,false,false,false,false
3979,River Place,Hell's Kitchen Polygon,2025-03,FREEMIUM,false,false,false,false
3978,River Place,Hell's Kitchen Polygon,2025-03,FREEMIUM,false,false,false,false
3977,River Place,Hell's Kitchen Polygon,2025-03,FREEMIUM,false,false,false,false
3976,River Place,Hell's Kitchen Polygon,2025-03,FREEMIUM,false,false,false,false
3974,River Place,Hell's Kitchen Polygon,2025-03,FREEMIUM,true,false,false,false
3973,River Place,Hell's Kitchen Polygon,2025-03,ON_DEMAND_SUBSCRIPTION,false,true,false,true
3971,River Place,Hell's Kitchen Polygon,2025-03,FREEMIUM,false,false,false,false
2535,River Place,Hell's Kitchen Polygon,2025-03,FREEMIUM,true,false,false,false
3965,River Place,Hell's Kitchen Polygon,2025-03,FREEMIUM,false,false,false,false
3944,River Place,Hell's Kitchen Polygon,2025-03,TRIAL,false,false,false,false
3904,River Place,Hell's Kitchen Polygon,2025-03,CHURN,true,false,false,false
3896,River Place,Hell's Kitchen Polygon,2025-03,FREEMIUM,true,false,false,false
3715,River Place,Hell's Kitchen Polygon,2025-03,FREEMIUM,false,false,false,false
3616,River Place,Hell's Kitchen Polygon,2025-03,FREEMIUM,false,false,false,false
3918,River Place,Hell's Kitchen Polygon,2025-03,FREEMIUM,false,false,false,false
4301,River Place,Hell's Kitchen Polygon,2025-03,FREEMIUM,true,false,false,false
4152,River Place,Hell's Kitchen Polygon,2025-03,FREEMIUM,false,false,false,false
4155,River Place,Hell's Kitchen Polygon,2025-03,FREEMIUM,false,false,false,false
4150,River Place,Hell's Kitchen Polygon,2025-03,FREEMIUM,false,false,false,false
4314,River Place,Hell's Kitchen Polygon,2025-03,FREEMIUM,false,false,false,false
4404,River Place,Hell's Kitchen Polygon,2025-03,FREEMIUM,false,false,false,false
4315,River Place,Hell's Kitchen Polygon,2025-03,FREEMIUM,false,false,false,false
4315,River Place,Hell's Kitchen Polygon,2025-03,FREEMIUM,false,false,false,false
4318,River Place,Hell's Kitchen Polygon,2025-03,ON_DEMAND_SUBSCRIPTION,false,true,false,true
1334,River Place,Hell's Kitchen Polygon,2025-03,FREEMIUM,false,false,false,false
4319,River Place,Hell's Kitchen Polygon,2025-03,FREEMIUM,false,false,false,false
4399,River Place,Hell's Kitchen Polygon,2025-03,FREEMIUM,false,false,false,false
1303,River Place,Hell's Kitchen Polygon,2025-03,FREEMIUM,true,false,false,false
4320,River Place,Hell's Kitchen Polygon,2025-03,FREEMIUM,false,false,false,false
4321,River Place,Hell's Kitchen Polygon,2025-03,FREEMIUM,false,false,false,false
4322,River Place,Hell's Kitchen Polygon,2025-03,FREEMIUM,false,false,false,false
4323,River Place,Hell's Kitchen Polygon,2025-03,FREEMIUM,false,false,false,false
4324,River Place,Hell's Kitchen Polygon,2025-03,FREEMIUM,false,false,false,false
4325,River Place,Hell's Kitchen Polygon,2025-03,FREEMIUM,false,false,false,false
4325,River Place,Hell's Kitchen Polygon,2025-03,FREEMIUM,false,false,false,false
4327,River Place,Hell's Kitchen Polygon,2025-03,FREEMIUM,false,false,false,false
2481,River Place,Hell's Kitchen Polygon,2025-03,FREEMIUM,false,false,false,false
4407,River Place,Hell's Kitchen Polygon,2025-03,RECURRING_SUBSCRIPTION,false,true,true,false
4328,River Place,Hell's Kitchen Polygon,2025-03,FREEMIUM,false,false,false,false
4409,River Place,Hell's Kitchen Polygon,2025-03,FREEMIUM,false,false,false,false
4410,River Place,Hell's Kitchen Polygon,2025-03,FREEMIUM,false,false,false,false
4330,River Place,Hell's Kitchen Polygon,2025-03,FREEMIUM,false,false,false,false
4411,River Place,Hell's Kitchen Polygon,2025-03,FREEMIUM,false,false,false,false
4412,River Place,Hell's Kitchen Polygon,2025-03,FREEMIUM,false,false,false,false
4398,River Place,Hell's Kitchen Polygon,2025-03,FREEMIUM,false,false,false,false
4330,River Place,Hell's Kitchen Polygon,2025-03,FREEMIUM,false,false,false,false
4332,River Place,Hell's Kitchen Polygon,2025-03,FREEMIUM,false,false,false,false
585,River Place,Hell's Kitchen Polygon,2025-03,FREEMIUM,true,false,false,false
4333,River Place,Hell's Kitchen Polygon,2025-03,FREEMIUM,false,false,false,false
4335,River Place,Hell's Kitchen Polygon,2025-03,FREEMIUM,false,false,false,false
4328,River Place,Hell's Kitchen Polygon,2025-03,FREEMIUM,false,false,false,false
4413,River Place,Hell's Kitchen Polygon,2025-03,FREEMIUM,false,false,false,false
786,River Place,Hell's Kitchen Polygon,2025-03,FREEMIUM,true,false,false,false
786,River Place,Hell's Kitchen Polygon,2025-03,FREEMIUM,true,false,false,false
4251,River Place,Hell's Kitchen Polygon,2025-03,FREEMIUM,false,false,false,false
4336,River Place,Hell's Kitchen Polygon,2025-03,FREEMIUM,false,false,false,false
4337,River Place,Hell's Kitchen Polygon,2025-03,FREEMIUM,false,false,false,false
4339,River Place,Hell's Kitchen Polygon,2025-03,FREEMIUM,false,false,false,false
4340,River Place,Hell's Kitchen Polygon,2025-03,FREEMIUM,false,false,false,false
2467,River Place,Hell's Kitchen Polygon,2025-03,WARM_LEAD,false,false,false,false
4340,River Place,Hell's Kitchen Polygon,2025-03,FREEMIUM,false,false,false,false
786,River Place,Hell's Kitchen Polygon,2025-03,FREEMIUM,true,false,false,false
786,River Place,Hell's Kitchen Polygon,2025-03,FREEMIUM,true,false,false,false
4340,River Place,Hell's Kitchen Polygon,2025-03,FREEMIUM,false,false,false,false
4343,River Place,Hell's Kitchen Polygon,2025-03,FREEMIUM,false,false,false,false
4343,River Place,Hell's Kitchen Polygon,2025-03,FREEMIUM,false,false,false,false
4346,River Place,Hell's Kitchen Polygon,2025-03,FREEMIUM,false,false,false,false
4415,River Place,Hell's Kitchen Polygon,2025-03,FREEMIUM,false,false,false,false
4416,River Place,Hell's Kitchen Polygon,2025-03,RECURRING_SUBSCRIPTION,false,true,true,false
4346,River Place,Hell's Kitchen Polygon,2025-03,FREEMIUM,false,false,false,false
4348,River Place,Hell's Kitchen Polygon,2025-03,FREEMIUM,false,false,false,false
1763,River Place,Hell's Kitchen Polygon,2025-03,TRIAL,true,false,false,false
1763,River Place,Hell's Kitchen Polygon,2025-03,TRIAL,true,false,false,false
513,River Place,Hell's Kitchen Polygon,2025-03,FREEMIUM,true,false,false,false
513,River Place,Hell's Kitchen Polygon,2025-03,FREEMIUM,true,false,false,false
4417,River Place,Hell's Kitchen Polygon,2025-03,FREEMIUM,false,false,false,false
4420,River Place,Hell's Kitchen Polygon,2025-03,FREEMIUM,false,false,false,false
4420,River Place,Hell's Kitchen Polygon,2025-03,FREEMIUM,false,false,false,false
4422,River Place,Hell's Kitchen Polygon,2025-03,FREEMIUM,false,false,false,false
4422,River Place,Hell's Kitchen Polygon,2025-03,FREEMIUM,false,false,false,false
4424,River Place,Hell's Kitchen Polygon,2025-03,FREEMIUM,false,false,false,false
4425,River Place,Hell's Kitchen Polygon,2025-03,FREEMIUM,false,false,false,false
4425,River Place,Hell's Kitchen Polygon,2025-03,FREEMIUM,false,false,false,false
4427,River Place,Hell's Kitchen Polygon,2025-03,FREEMIUM,false,false,false,false
4428,River Place,Hell's Kitchen Polygon,2025-03,FREEMIUM,false,false,false,false
4428,River Place,Hell's Kitchen Polygon,2025-03,FREEMIUM,false,false,false,false
921,River Place,Hell's Kitchen Polygon,2025-03,FREEMIUM,false,false,false,false
513,River Place,Hell's Kitchen Polygon,2025-03,FREEMIUM,true,false,false,false
4430,River Place,Hell's Kitchen Polygon,2025-03,FREEMIUM,false,false,false,false
4431,River Place,Hell's Kitchen Polygon,2025-03,FREEMIUM,false,false,false,false
4431,River Place,Hell's Kitchen Polygon,2025-03,FREEMIUM,false,false,false,false
4433,River Place,Hell's Kitchen Polygon,2025-03,FREEMIUM,false,false,false,false
4434,River Place,Hell's Kitchen Polygon,2025-03,FREEMIUM,false,false,false,false
4435,River Place,Hell's Kitchen Polygon,2025-03,FREEMIUM,false,false,false,false
4436,River Place,Hell's Kitchen Polygon,2025-03,FREEMIUM,false,false,false,false
4437,River Place,Hell's Kitchen Polygon,2025-03,FREEMIUM,false,false,false,false
4437,River Place,Hell's Kitchen Polygon,2025-03,FREEMIUM,false,false,false,false
4439,River Place,Hell's Kitchen Polygon,2025-03,FREEMIUM,false,false,false,false
2694,River Place,Hell's Kitchen Polygon,2025-03,FREEMIUM,false,false,false,false
4440,River Place,Hell's Kitchen Polygon,2025-03,FREEMIUM,false,false,false,false
4441,River Place,Hell's Kitchen Polygon,2025-03,FREEMIUM,false,false,false,false
4442,River Place,Hell's Kitchen Polygon,2025-03,FREEMIUM,false,false,false,false
4443,River Place,Hell's Kitchen Polygon,2025-03,FREEMIUM,false,false,false,false
4443,River Place,Hell's Kitchen Polygon,2025-03,FREEMIUM,false,false,false,false
4443,River Place,Hell's Kitchen Polygon,2025-03,FREEMIUM,false,false,false,false
2427,River Place,Hell's Kitchen Polygon,2025-03,FREEMIUM,true,false,false,false
4446,River Place,Hell's Kitchen Polygon,2025-03,FREEMIUM,false,false,false,false
4447,River Place,Hell's Kitchen Polygon,2025-03,FREEMIUM,false,false,false,false
4448,River Place,Hell's Kitchen Polygon,2025-03,FREEMIUM,false,false,false,false
4449,River Place,Hell's Kitchen Polygon,2025-03,FREEMIUM,false,false,false,false
4450,River Place,Hell's Kitchen Polygon,2025-03,TRIAL,true,false,false,false
4451,River Place,Hell's Kitchen Polygon,2025-03,FREEMIUM,false,false,false,false
4451,River Place,Hell's Kitchen Polygon,2025-03,FREEMIUM,false,false,false,false
4453,River Place,Hell's Kitchen Polygon,2025-03,FREEMIUM,false,false,false,false
4454,River Place,Hell's Kitchen Polygon,2025-03,FREEMIUM,false,false,false,false
4455,River Place,Hell's Kitchen Polygon,2025-03,FREEMIUM,false,false,false,false
4455,River Place,Hell's Kitchen Polygon,2025-03,FREEMIUM,false,false,false,false
4337,River Place,Hell's Kitchen Polygon,2025-03,FREEMIUM,false,false,false,false
4404,River Place,Hell's Kitchen Polygon,2025-03,FREEMIUM,false,false,false,false
4419,River Place,Hell's Kitchen Polygon,2025-03,FREEMIUM,false,false,false,false
4387,River Place,Hell's Kitchen Polygon,2025-03,RECURRING_SUBSCRIPTION,true,true,true,false
4458,River Place,Hell's Kitchen Polygon,2025-03,FREEMIUM,false,false,false,false
4458,River Place,Hell's Kitchen Polygon,2025-03,FREEMIUM,false,false,false,false
4460,River Place,Hell's Kitchen Polygon,2025-03,FREEMIUM,true,false,false,false
4460,River Place,Hell's Kitchen Polygon,2025-03,FREEMIUM,true,false,false,false
4462,River Place,Hell's Kitchen Polygon,2025-03,FREEMIUM,false,false,false,false
4462,River Place,Hell's Kitchen Polygon,2025-03,FREEMIUM,false,false,false,false
3970,River Place,Hell's Kitchen Polygon,2025-03,FREEMIUM,false,false,false,false
4136,River Place,Hell's Kitchen Polygon,2025-03,FREEMIUM,false,false,false,false
4462,River Place,Hell's Kitchen Polygon,2025-03,FREEMIUM,false,false,false,false
4462,River Place,Hell's Kitchen Polygon,2025-03,FREEMIUM,false,false,false,false
4139,River Place,Hell's Kitchen Polygon,2025-03,FREEMIUM,false,false,false,false
4466,River Place,Hell's Kitchen Polygon,2025-03,FREEMIUM,false,false,false,false
4467,River Place,Hell's Kitchen Polygon,2025-03,FREEMIUM,false,false,false,false
4468,River Place,Hell's Kitchen Polygon,2025-03,FREEMIUM,false,false,false,false
4469,River Place,Hell's Kitchen Polygon,2025-03,FREEMIUM,false,false,false,false
4470,River Place,Hell's Kitchen Polygon,2025-03,FREEMIUM,false,false,false,false
4471,River Place,Hell's Kitchen Polygon,2025-03,FREEMIUM,false,false,false,false
4472,River Place,Hell's Kitchen Polygon,2025-03,FREEMIUM,false,false,false,false
4473,River Place,Hell's Kitchen Polygon,2025-03,FREEMIUM,false,false,false,false
4474,River Place,Hell's Kitchen Polygon,2025-03,FREEMIUM,false,false,false,false
579,River Place,Hell's Kitchen Polygon,2025-03,FREEMIUM,true,false,false,false
4475,River Place,Hell's Kitchen Polygon,2025-03,FREEMIUM,false,false,false,false
4353,River Place,Hell's Kitchen Polygon,2025-03,FREEMIUM,false,false,false,false
4476,River Place,Hell's Kitchen Polygon,2025-03,FREEMIUM,false,false,false,false
4477,River Place,Hell's Kitchen Polygon,2025-03,FREEMIUM,false,false,false,false
4478,River Place,Hell's Kitchen Polygon,2025-03,TRIAL,false,false,false,false
4479,River Place,Hell's Kitchen Polygon,2025-03,FREEMIUM,false,false,false,false
4479,River Place,Hell's Kitchen Polygon,2025-03,FREEMIUM,false,false,false,false
4481,River Place,Hell's Kitchen Polygon,2025-03,FREEMIUM,false,false,false,false
1357,River Place,Hell's Kitchen Polygon,2025-03,FREEMIUM,true,false,false,false
4482,River Place,Hell's Kitchen Polygon,2025-03,FREEMIUM,false,false,false,false
590,River Place,Hell's Kitchen Polygon,2025-03,FREEMIUM,false,false,false,false
4483,River Place,Hell's Kitchen Polygon,2025-03,FREEMIUM,false,false,false,false
4083,River Place,Hell's Kitchen Polygon,2025-03,RECURRING_SUBSCRIPTION,true,true,true,false
4483,River Place,Hell's Kitchen Polygon,2025-03,FREEMIUM,false,false,false,false
4485,River Place,Hell's Kitchen Polygon,2025-03,FREEMIUM,false,false,false,false
4486,River Place,Hell's Kitchen Polygon,2025-03,FREEMIUM,false,false,false,false
4487,River Place,Hell's Kitchen Polygon,2025-03,FREEMIUM,false,false,false,false
4487,River Place,Hell's Kitchen Polygon,2025-03,FREEMIUM,false,false,false,false
4489,River Place,Hell's Kitchen Polygon,2025-03,ON_DEMAND_SUBSCRIPTION,false,true,false,true
4490,River Place,Hell's Kitchen Polygon,2025-03,FREEMIUM,false,false,false,false
4490,River Place,Hell's Kitchen Polygon,2025-03,FREEMIUM,false,false,false,false
4353,River Place,Hell's Kitchen Polygon,2025-03,FREEMIUM,false,false,false,false
4492,River Place,Hell's Kitchen Polygon,2025-03,FREEMIUM,false,false,false,false
4493,River Place,Hell's Kitchen Polygon,2025-03,FREEMIUM,false,false,false,false
4494,River Place,Hell's Kitchen Polygon,2025-03,FREEMIUM,false,false,false,false
4494,River Place,Hell's Kitchen Polygon,2025-03,FREEMIUM,false,false,false,false
4496,River Place,Hell's Kitchen Polygon,2025-03,FREEMIUM,false,false,false,false
4496,River Place,Hell's Kitchen Polygon,2025-03,FREEMIUM,false,false,false,false
4498,River Place,Hell's Kitchen Polygon,2025-03,FREEMIUM,true,false,false,false
4499,River Place,Hell's Kitchen Polygon,2025-03,FREEMIUM,false,false,false,false
4500,River Place,Hell's Kitchen Polygon,2025-03,FREEMIUM,false,false,false,false
4501,River Place,Hell's Kitchen Polygon,2025-03,FREEMIUM,false,false,false,false
4501,River Place,Hell's Kitchen Polygon,2025-03,FREEMIUM,false,false,false,false
4503,River Place,Hell's Kitchen Polygon,2025-03,FREEMIUM,false,false,false,false
4504,River Place,Hell's Kitchen Polygon,2025-03,FREEMIUM,false,false,false,false
4504,River Place,Hell's Kitchen Polygon,2025-03,FREEMIUM,false,false,false,false
4506,River Place,Hell's Kitchen Polygon,2025-03,FREEMIUM,false,false,false,false
4506,River Place,Hell's Kitchen Polygon,2025-03,FREEMIUM,false,false,false,false
2025,River Place,Hell's Kitchen Polygon,2025-03,FREEMIUM,true,false,false,false
4508,River Place,Hell's Kitchen Polygon,2025-03,FREEMIUM,false,false,false,false
4509,River Place,Hell's Kitchen Polygon,2025-03,FREEMIUM,false,false,false,false
4509,River Place,Hell's Kitchen Polygon,2025-03,FREEMIUM,false,false,false,false
4511,River Place,Hell's Kitchen Polygon,2025-03,FREEMIUM,false,false,false,false
4511,River Place,Hell's Kitchen Polygon,2025-03,FREEMIUM,false,false,false,false
4514,River Place,Hell's Kitchen Polygon,2025-03,FREEMIUM,false,false,false,false
4514,River Place,Hell's Kitchen Polygon,2025-03,FREEMIUM,false,false,false,false
4516,River Place,Hell's Kitchen Polygon,2025-03,FREEMIUM,false,false,false,false
4518,River Place,Hell's Kitchen Polygon,2025-03,FREEMIUM,false,false,false,false
4519,River Place,Hell's Kitchen Polygon,2025-03,FREEMIUM,false,false,false,false
4521,River Place,Hell's Kitchen Polygon,2025-03,FREEMIUM,false,false,false,false
4522,River Place,Hell's Kitchen Polygon,2025-03,FREEMIUM,false,false,false,false
4086,River Place,Hell's Kitchen Polygon,2025-03,FREEMIUM,false,false,false,false
2744,River Place,Hell's Kitchen Polygon,2025-03,FREEMIUM,false,false,false,false
4523,River Place,Hell's Kitchen Polygon,2025-03,FREEMIUM,false,false,false,false
4524,River Place,Hell's Kitchen Polygon,2025-03,FREEMIUM,false,false,false,false
1374,River Place,Hell's Kitchen Polygon,2025-03,FREEMIUM,false,false,false,false
4525,River Place,Hell's Kitchen Polygon,2025-03,FREEMIUM,false,false,false,false
4526,River Place,Hell's Kitchen Polygon,2025-03,FREEMIUM,false,false,false,false
4355,River Place,Hell's Kitchen Polygon,2025-03,FREEMIUM,false,false,false,false
4527,River Place,Hell's Kitchen Polygon,2025-03,FREEMIUM,false,false,false,false
4527,River Place,Hell's Kitchen Polygon,2025-03,FREEMIUM,false,false,false,false
4073,River Place,Hell's Kitchen Polygon,2025-03,FREEMIUM,false,false,false,false
4529,River Place,Hell's Kitchen Polygon,2025-03,FREEMIUM,false,false,false,false
4530,River Place,Hell's Kitchen Polygon,2025-03,FREEMIUM,false,false,false,false
4530,River Place,Hell's Kitchen Polygon,2025-03,FREEMIUM,false,false,false,false
4532,River Place,Hell's Kitchen Polygon,2025-03,FREEMIUM,false,false,false,false
4533,River Place,Hell's Kitchen Polygon,2025-03,FREEMIUM,false,false,false,false
4356,River Place,Hell's Kitchen Polygon,2025-03,FREEMIUM,false,false,false,false
4534,River Place,Hell's Kitchen Polygon,2025-03,FREEMIUM,false,false,false,false
4534,River Place,Hell's Kitchen Polygon,2025-03,FREEMIUM,false,false,false,false
4536,River Place,Hell's Kitchen Polygon,2025-03,ON_DEMAND_SUBSCRIPTION,false,true,false,true
4538,River Place,Hell's Kitchen Polygon,2025-03,FREEMIUM,false,false,false,false
4075,River Place,Hell's Kitchen Polygon,2025-03,FREEMIUM,false,false,false,false
4357,River Place,Hell's Kitchen Polygon,2025-03,FREEMIUM,false,false,false,false
4539,River Place,Hell's Kitchen Polygon,2025-03,FREEMIUM,false,false,false,false
4539,River Place,Hell's Kitchen Polygon,2025-03,FREEMIUM,false,false,false,false
4541,River Place,Hell's Kitchen Polygon,2025-03,FREEMIUM,false,false,false,false
4542,River Place,Hell's Kitchen Polygon,2025-03,FREEMIUM,false,false,false,false
4542,River Place,Hell's Kitchen Polygon,2025-03,FREEMIUM,false,false,false,false
4544,River Place,Hell's Kitchen Polygon,2025-03,FREEMIUM,false,false,false,false
4545,River Place,Hell's Kitchen Polygon,2025-03,FREEMIUM,false,false,false,false
4545,River Place,Hell's Kitchen Polygon,2025-03,FREEMIUM,false,false,false,false
4547,River Place,Hell's Kitchen Polygon,2025-03,FREEMIUM,false,false,false,false
4547,River Place,Hell's Kitchen Polygon,2025-03,FREEMIUM,false,false,false,false
4549,River Place,Hell's Kitchen Polygon,2025-03,FREEMIUM,false,false,false,false
4550,River Place,Hell's Kitchen Polygon,2025-03,FREEMIUM,false,false,false,false
4551,River Place,Hell's Kitchen Polygon,2025-03,FREEMIUM,false,false,false,false
4553,River Place,Hell's Kitchen Polygon,2025-03,FREEMIUM,false,false,false,false
4553,River Place,Hell's Kitchen Polygon,2025-03,FREEMIUM,false,false,false,false
4555,River Place,Hell's Kitchen Polygon,2025-03,FREEMIUM,false,false,false,false
4556,River Place,Hell's Kitchen Polygon,2025-03,FREEMIUM,false,false,false,false
4557,River Place,Hell's Kitchen Polygon,2025-03,FREEMIUM,false,false,false,false
4558,River Place,Hell's Kitchen Polygon,2025-03,FREEMIUM,false,false,false,false
4559,River Place,Hell's Kitchen Polygon,2025-03,FREEMIUM,false,false,false,false
4560,River Place,Hell's Kitchen Polygon,2025-03,FREEMIUM,false,false,false,false
798,River Place,Hell's Kitchen Polygon,2025-03,FREEMIUM,true,false,false,false
4561,River Place,Hell's Kitchen Polygon,2025-03,FREEMIUM,false,false,false,false
3606,River Place,Hell's Kitchen Polygon,2025-03,RECURRING_SUBSCRIPTION,true,true,true,false
4562,River Place,Hell's Kitchen Polygon,2025-03,FREEMIUM,true,false,false,false
4562,River Place,Hell's Kitchen Polygon,2025-03,FREEMIUM,true,false,false,false
739,River Place,Hell's Kitchen Polygon,2025-03,TRIAL,true,false,false,false
4566,River Place,Hell's Kitchen Polygon,2025-03,FREEMIUM,false,false,false,false
4566,River Place,Hell's Kitchen Polygon,2025-03,FREEMIUM,false,false,false,false
4568,River Place,Hell's Kitchen Polygon,2025-03,FREEMIUM,false,false,false,false
4569,River Place,Hell's Kitchen Polygon,2025-03,FREEMIUM,false,false,false,false
4570,River Place,Hell's Kitchen Polygon,2025-03,FREEMIUM,false,false,false,false
4570,River Place,Hell's Kitchen Polygon,2025-03,FREEMIUM,false,false,false,false
4572,River Place,Hell's Kitchen Polygon,2025-03,FREEMIUM,false,false,false,false
4573,River Place,Hell's Kitchen Polygon,2025-03,FREEMIUM,false,false,false,false
4574,River Place,Hell's Kitchen Polygon,2025-03,FREEMIUM,false,false,false,false
4574,River Place,Hell's Kitchen Polygon,2025-03,FREEMIUM,false,false,false,false
4574,River Place,Hell's Kitchen Polygon,2025-03,FREEMIUM,false,false,false,false
4574,River Place,Hell's Kitchen Polygon,2025-03,FREEMIUM,false,false,false,false
4578,River Place,Hell's Kitchen Polygon,2025-03,FREEMIUM,false,false,false,false
4033,River Place,Hell's Kitchen Polygon,2025-03,RECURRING_SUBSCRIPTION,true,true,true,false
5213,River Place,Hell's Kitchen Polygon,2025-03,ON_DEMAND_SUBSCRIPTION,false,true,false,true
5214,River Place,Hell's Kitchen Polygon,2025-03,FREEMIUM,false,false,false,false
5215,River Place,Hell's Kitchen Polygon,2025-03,FREEMIUM,false,false,false,false
5216,River Place,Hell's Kitchen Polygon,2025-03,CHURN,true,false,false,false
3558,River Place,Hell's Kitchen Polygon,2025-03,FREEMIUM,false,false,false,false
5231,River Place,Hell's Kitchen Polygon,2025-03,FREEMIUM,false,false,false,false
4358,River Place,Hell's Kitchen Polygon,2025-03,FREEMIUM,false,false,false,false
5227,River Place,Hell's Kitchen Polygon,2025-03,FREEMIUM,false,false,false,false
4359,River Place,Hell's Kitchen Polygon,2025-03,FREEMIUM,false,false,false,false
4057,River Place,Hell's Kitchen Polygon,2025-03,FREEMIUM,false,false,false,false
4414,River Place,Hell's Kitchen Polygon,2025-03,ON_DEMAND_SUBSCRIPTION,false,true,false,true
3606,River Place,Hell's Kitchen Polygon,2025-03,RECURRING_SUBSCRIPTION,true,true,true,false
4360,River Place,Hell's Kitchen Polygon,2025-03,FREEMIUM,false,false,false,false
4012,River Place,Hell's Kitchen Polygon,2025-03,ON_DEMAND_SUBSCRIPTION,true,true,false,true
4134,River Place,Hell's Kitchen Polygon,2025-03,RECURRING_SUBSCRIPTION,true,true,true,false
4361,River Place,Hell's Kitchen Polygon,2025-03,FREEMIUM,false,false,false,false
4362,River Place,Hell's Kitchen Polygon,2025-03,FREEMIUM,false,false,false,false
4362,River Place,Hell's Kitchen Polygon,2025-03,FREEMIUM,false,false,false,false
4285,River Place,Hell's Kitchen Polygon,2025-03,FREEMIUM,false,false,false,false
4364,River Place,Hell's Kitchen Polygon,2025-03,FREEMIUM,false,false,false,false
4038,River Place,Hell's Kitchen Polygon,2025-03,RECURRING_SUBSCRIPTION,true,true,true,false
4318,River Place,Hell's Kitchen Polygon,2025-03,ON_DEMAND_SUBSCRIPTION,false,true,false,true
4364,River Place,Hell's Kitchen Polygon,2025-03,FREEMIUM,false,false,false,false
4364,River Place,Hell's Kitchen Polygon,2025-03,FREEMIUM,false,false,false,false
4367,River Place,Hell's Kitchen Polygon,2025-03,FREEMIUM,false,false,false,false
2686,River Place,Hell's Kitchen Polygon,2025-03,FREEMIUM,false,false,false,false
4368,River Place,Hell's Kitchen Polygon,2025-03,FREEMIUM,false,false,false,false
584,River Place,Hell's Kitchen Polygon,2025-03,FREEMIUM,false,false,false,false
4369,River Place,Hell's Kitchen Polygon,2025-03,FREEMIUM,false,false,false,false
4369,River Place,Hell's Kitchen Polygon,2025-03,FREEMIUM,false,false,false,false
4372,River Place,Hell's Kitchen Polygon,2025-03,FREEMIUM,false,false,false,false
4373,River Place,Hell's Kitchen Polygon,2025-03,FREEMIUM,false,false,false,false
584,River Place,Hell's Kitchen Polygon,2025-03,FREEMIUM,false,false,false,false
4374,River Place,Hell's Kitchen Polygon,2025-03,FREEMIUM,false,false,false,false
4552,River Place,Hell's Kitchen Polygon,2025-03,RECURRING_SUBSCRIPTION,false,true,true,false
4511,River Place,Hell's Kitchen Polygon,2025-03,FREEMIUM,false,false,false,false
4228,River Place,Hell's Kitchen Polygon,2025-03,FREEMIUM,false,false,false,false
4387,River Place,Hell's Kitchen Polygon,2025-03,RECURRING_SUBSCRIPTION,true,true,true,false
4375,River Place,Hell's Kitchen Polygon,2025-03,FREEMIUM,false,false,false,false
4186,River Place,Hell's Kitchen Polygon,2025-03,RECURRING_SUBSCRIPTION,true,true,true,false
4375,River Place,Hell's Kitchen Polygon,2025-03,FREEMIUM,false,false,false,false
4377,River Place,Hell's Kitchen Polygon,2025-03,FREEMIUM,false,false,false,false
4377,River Place,Hell's Kitchen Polygon,2025-03,FREEMIUM,false,false,false,false
4379,River Place,Hell's Kitchen Polygon,2025-03,FREEMIUM,false,false,false,false
4379,River Place,Hell's Kitchen Polygon,2025-03,FREEMIUM,false,false,false,false
3936,River Place,Hell's Kitchen Polygon,2025-03,RECURRING_SUBSCRIPTION,true,true,true,false
4381,River Place,Hell's Kitchen Polygon,2025-03,FREEMIUM,false,false,false,false
4418,River Place,Hell's Kitchen Polygon,2025-03,TRIAL,false,false,false,false
4457,River Place,Hell's Kitchen Polygon,2025-03,TRIAL,false,false,false,false
4381,River Place,Hell's Kitchen Polygon,2025-03,FREEMIUM,false,false,false,false
4033,River Place,Hell's Kitchen Polygon,2025-03,RECURRING_SUBSCRIPTION,true,true,true,false
4383,River Place,Hell's Kitchen Polygon,2025-03,FREEMIUM,false,false,false,false
4383,River Place,Hell's Kitchen Polygon,2025-03,FREEMIUM,false,false,false,false
4385,River Place,Hell's Kitchen Polygon,2025-03,FREEMIUM,false,false,false,false
4562,River Place,Hell's Kitchen Polygon,2025-03,FREEMIUM,true,false,false,false
4386,River Place,Hell's Kitchen Polygon,2025-03,FREEMIUM,false,false,false,false
596,River Place,Hell's Kitchen Polygon,2025-03,FREEMIUM,true,false,false,false
4106,River Place,Hell's Kitchen Polygon,2025-03,ON_DEMAND_SUBSCRIPTION,true,true,false,true
4389,River Place,Hell's Kitchen Polygon,2025-03,FREEMIUM,false,false,false,false
4284,River Place,Hell's Kitchen Polygon,2025-03,FREEMIUM,false,false,false,false
4389,River Place,Hell's Kitchen Polygon,2025-03,FREEMIUM,false,false,false,false
4389,River Place,Hell's Kitchen Polygon,2025-03,FREEMIUM,false,false,false,false
4392,River Place,Hell's Kitchen Polygon,2025-03,FREEMIUM,false,false,false,false
4562,River Place,Hell's Kitchen Polygon,2025-03,FREEMIUM,true,false,false,false
1337,River Place,Hell's Kitchen Polygon,2025-03,FREEMIUM,false,false,false,false
4519,River Place,Hell's Kitchen Polygon,2025-03,FREEMIUM,false,false,false,false
4516,River Place,Hell's Kitchen Polygon,2025-03,FREEMIUM,false,false,false,false
4157,River Place,Hell's Kitchen Polygon,2025-03,FREEMIUM,false,false,false,false
3973,River Place,Hell's Kitchen Polygon,2025-03,ON_DEMAND_SUBSCRIPTION,false,true,false,true
4024,River Place,Hell's Kitchen Polygon,2025-03,FREEMIUM,false,false,false,false
4393,River Place,Hell's Kitchen Polygon,2025-03,FREEMIUM,false,false,false,false
3981,River Place,Hell's Kitchen Polygon,2025-03,FREEMIUM,false,false,false,false
3963,River Place,Hell's Kitchen Polygon,2025-03,FREEMIUM,false,false,false,false
3967,River Place,Hell's Kitchen Polygon,2025-03,FREEMIUM,false,false,false,false
4393,River Place,Hell's Kitchen Polygon,2025-03,FREEMIUM,false,false,false,false
4371,River Place,Hell's Kitchen Polygon,2025-03,FREEMIUM,false,false,false,false
4395,River Place,Hell's Kitchen Polygon,2025-03,FREEMIUM,false,false,false,false
4396,River Place,Hell's Kitchen Polygon,2025-03,FREEMIUM,false,false,false,false
1054,River Place,Hell's Kitchen Polygon,2025-03,FREEMIUM,false,false,false,false
4397,River Place,Hell's Kitchen Polygon,2025-03,FREEMIUM,false,false,false,false
4981,Silver Towers,Hell's Kitchen Polygon,2025-03,FREEMIUM,false,false,false,false
3053,Silver Towers,Hell's Kitchen Polygon,2025-03,ON_DEMAND_SUBSCRIPTION,false,true,false,true
4698,Silver Towers,Hell's Kitchen Polygon,2025-03,WARM_LEAD,true,false,false,false
4845,Silver Towers,Hell's Kitchen Polygon,2025-03,CHURN,true,false,false,false
4770,Silver Towers,Hell's Kitchen Polygon,2025-03,FREEMIUM,false,false,false,false
3869,Silver Towers,Hell's Kitchen Polygon,2025-03,FREEMIUM,false,false,false,false
1494,Silver Towers,Hell's Kitchen Polygon,2025-03,ON_DEMAND_SUBSCRIPTION,false,true,false,true
648,Silver Towers,Hell's Kitchen Polygon,2025-03,FREEMIUM,false,false,false,false
4735,Silver Towers,Hell's Kitchen Polygon,2025-03,RECURRING_SUBSCRIPTION,true,true,true,false
482,Silver Towers,Hell's Kitchen Polygon,2025-03,ON_DEMAND_SUBSCRIPTION,true,true,false,true
4985,Silver Towers,Hell's Kitchen Polygon,2025-03,RECURRING_SUBSCRIPTION,true,true,true,false
5011,Silver Towers,Hell's Kitchen Polygon,2025-03,FREEMIUM,false,false,false,false
5217,Silver Towers,Hell's Kitchen Polygon,2025-03,ON_DEMAND_SUBSCRIPTION,true,true,false,true
5095,Silver Towers,Hell's Kitchen Polygon,2025-03,FREEMIUM,false,false,false,false
5095,Silver Towers,Hell's Kitchen Polygon,2025-03,FREEMIUM,false,false,false,false
3718,Silver Towers,Hell's Kitchen Polygon,2025-03,FREEMIUM,false,false,false,false
5210,Silver Towers,Hell's Kitchen Polygon,2025-03,FREEMIUM,false,false,false,false
5187,Silver Towers,Hell's Kitchen Polygon,2025-03,FREEMIUM,false,false,false,false
4970,Silver Towers,Hell's Kitchen Polygon,2025-03,FREEMIUM,false,false,false,false
4971,Silver Towers,Hell's Kitchen Polygon,2025-03,FREEMIUM,false,false,false,false
4747,Silver Towers,Hell's Kitchen Polygon,2025-03,FREEMIUM,false,false,false,false
1064,Silver Towers,Hell's Kitchen Polygon,2025-03,FREEMIUM,false,false,false,false
4898,Silver Towers,Hell's Kitchen Polygon,2025-03,RECURRING_SUBSCRIPTION,true,true,true,false
5113,Silver Towers,Hell's Kitchen Polygon,2025-03,FREEMIUM,false,false,false,false
4900,Silver Towers,Hell's Kitchen Polygon,2025-03,RECURRING_SUBSCRIPTION,true,true,true,false
4649,Silver Towers,Hell's Kitchen Polygon,2025-03,ON_DEMAND_SUBSCRIPTION,false,true,false,true
5065,Silver Towers,Hell's Kitchen Polygon,2025-03,FREEMIUM,false,false,false,false
4905,Silver Towers,Hell's Kitchen Polygon,2025-03,ON_DEMAND_SUBSCRIPTION,false,true,false,true
3164,Silver Towers,Hell's Kitchen Polygon,2025-03,CHURN,true,false,false,false
4722,Silver Towers,Hell's Kitchen Polygon,2025-03,WARM_LEAD,true,false,false,false
4789,Silver Towers,Hell's Kitchen Polygon,2025-03,FREEMIUM,false,false,false,false
2490,Silver Towers,Hell's Kitchen Polygon,2025-03,FREEMIUM,false,false,false,false
5058,Silver Towers,Hell's Kitchen Polygon,2025-03,ON_DEMAND_SUBSCRIPTION,true,true,false,true
5085,Silver Towers,Hell's Kitchen Polygon,2025-03,FREEMIUM,true,false,false,false
4758,Silver Towers,Hell's Kitchen Polygon,2025-03,ON_DEMAND_SUBSCRIPTION,false,true,false,true
4911,Silver Towers,Hell's Kitchen Polygon,2025-03,ON_DEMAND_SUBSCRIPTION,false,true,false,true
509,Silver Towers,Hell's Kitchen Polygon,2025-03,CHURN,true,false,false,false
3946,Silver Towers,Hell's Kitchen Polygon,2025-03,FREEMIUM,true,false,false,false
454,Silver Towers,Hell's Kitchen Polygon,2025-03,FREEMIUM,true,false,false,false
5256,Silver Towers,Hell's Kitchen Polygon,2025-03,FREEMIUM,false,false,false,false
5256,Silver Towers,Hell's Kitchen Polygon,2025-03,FREEMIUM,false,false,false,false
3019,Silver Towers,Hell's Kitchen Polygon,2025-03,RECURRING_SUBSCRIPTION,false,true,true,false
4579,Silver Towers,Hell's Kitchen Polygon,2025-03,FREEMIUM,false,false,false,false
5257,Silver Towers,Hell's Kitchen Polygon,2025-03,FREEMIUM,false,false,false,false
5210,Silver Towers,Hell's Kitchen Polygon,2025-03,FREEMIUM,false,false,false,false
4580,Silver Towers,Hell's Kitchen Polygon,2025-03,FREEMIUM,false,false,false,false
4580,Silver Towers,Hell's Kitchen Polygon,2025-03,FREEMIUM,false,false,false,false
4582,Silver Towers,Hell's Kitchen Polygon,2025-03,FREEMIUM,false,false,false,false
4582,Silver Towers,Hell's Kitchen Polygon,2025-03,FREEMIUM,false,false,false,false
1047,Silver Towers,Hell's Kitchen Polygon,2025-03,FREEMIUM,false,false,false,false
1047,Silver Towers,Hell's Kitchen Polygon,2025-03,FREEMIUM,false,false,false,false
1311,Silver Towers,Hell's Kitchen Polygon,2025-03,ON_DEMAND_SUBSCRIPTION,true,true,false,true
5259,Silver Towers,Hell's Kitchen Polygon,2025-03,FREEMIUM,false,false,false,false
1095,Silver Towers,Hell's Kitchen Polygon,2025-03,FREEMIUM,true,false,false,false
4588,Silver Towers,Hell's Kitchen Polygon,2025-03,FREEMIUM,false,false,false,false
5260,Silver Towers,Hell's Kitchen Polygon,2025-03,FREEMIUM,false,false,false,false
4589,Silver Towers,Hell's Kitchen Polygon,2025-03,FREEMIUM,false,false,false,false
4590,Silver Towers,Hell's Kitchen Polygon,2025-03,FREEMIUM,false,false,false,false
4591,Silver Towers,Hell's Kitchen Polygon,2025-03,FREEMIUM,false,false,false,false
4592,Silver Towers,Hell's Kitchen Polygon,2025-03,FREEMIUM,false,false,false,false
5261,Silver Towers,Hell's Kitchen Polygon,2025-03,FREEMIUM,false,false,false,false
5261,Silver Towers,Hell's Kitchen Polygon,2025-03,FREEMIUM,false,false,false,false
4593,Silver Towers,Hell's Kitchen Polygon,2025-03,FREEMIUM,false,false,false,false
4593,Silver Towers,Hell's Kitchen Polygon,2025-03,FREEMIUM,false,false,false,false
2912,Silver Towers,Hell's Kitchen Polygon,2025-03,ON_DEMAND_SUBSCRIPTION,false,true,false,true
3996,Silver Towers,Hell's Kitchen Polygon,2025-03,FREEMIUM,false,false,false,false
3996,Silver Towers,Hell's Kitchen Polygon,2025-03,FREEMIUM,false,false,false,false
3996,Silver Towers,Hell's Kitchen Polygon,2025-03,FREEMIUM,false,false,false,false
3996,Silver Towers,Hell's Kitchen Polygon,2025-03,FREEMIUM,false,false,false,false
3996,Silver Towers,Hell's Kitchen Polygon,2025-03,FREEMIUM,false,false,false,false
4595,Silver Towers,Hell's Kitchen Polygon,2025-03,FREEMIUM,false,false,false,false
4596,Silver Towers,Hell's Kitchen Polygon,2025-03,FREEMIUM,false,false,false,false
4597,Silver Towers,Hell's Kitchen Polygon,2025-03,FREEMIUM,false,false,false,false
4598,Silver Towers,Hell's Kitchen Polygon,2025-03,FREEMIUM,false,false,false,false
5264,Silver Towers,Hell's Kitchen Polygon,2025-03,FREEMIUM,false,false,false,false
5265,Silver Towers,Hell's Kitchen Polygon,2025-03,FREEMIUM,false,false,false,false
5266,Silver Towers,Hell's Kitchen Polygon,2025-03,FREEMIUM,false,false,false,false
5266,Silver Towers,Hell's Kitchen Polygon,2025-03,FREEMIUM,false,false,false,false
2344,Silver Towers,Hell's Kitchen Polygon,2025-03,FREEMIUM,true,false,false,false
4599,Silver Towers,Hell's Kitchen Polygon,2025-03,FREEMIUM,false,false,false,false
4600,Silver Towers,Hell's Kitchen Polygon,2025-03,FREEMIUM,false,false,false,false
4015,Silver Towers,Hell's Kitchen Polygon,2025-03,FREEMIUM,false,false,false,false
4015,Silver Towers,Hell's Kitchen Polygon,2025-03,FREEMIUM,false,false,false,false
4601,Silver Towers,Hell's Kitchen Polygon,2025-03,FREEMIUM,false,false,false,false
4602,Silver Towers,Hell's Kitchen Polygon,2025-03,FREEMIUM,false,false,false,false
5269,Silver Towers,Hell's Kitchen Polygon,2025-03,FREEMIUM,false,false,false,false
4603,Silver Towers,Hell's Kitchen Polygon,2025-03,FREEMIUM,false,false,false,false
4604,Silver Towers,Hell's Kitchen Polygon,2025-03,FREEMIUM,false,false,false,false
2693,Silver Towers,Hell's Kitchen Polygon,2025-03,TRIAL,false,false,false,false
4605,Silver Towers,Hell's Kitchen Polygon,2025-03,FREEMIUM,false,false,false,false
5271,Silver Towers,Hell's Kitchen Polygon,2025-03,FREEMIUM,false,false,false,false
4606,Silver Towers,Hell's Kitchen Polygon,2025-03,FREEMIUM,false,false,false,false
4606,Silver Towers,Hell's Kitchen Polygon,2025-03,FREEMIUM,false,false,false,false
4608,Silver Towers,Hell's Kitchen Polygon,2025-03,FREEMIUM,false,false,false,false
4608,Silver Towers,Hell's Kitchen Polygon,2025-03,FREEMIUM,false,false,false,false
1539,Silver Towers,Hell's Kitchen Polygon,2025-03,FREEMIUM,false,false,false,false
5273,Silver Towers,Hell's Kitchen Polygon,2025-03,FREEMIUM,false,false,false,false
4051,Silver Towers,Hell's Kitchen Polygon,2025-03,FREEMIUM,false,false,false,false
4051,Silver Towers,Hell's Kitchen Polygon,2025-03,FREEMIUM,false,false,false,false
4051,Silver Towers,Hell's Kitchen Polygon,2025-03,FREEMIUM,false,false,false,false
5274,Silver Towers,Hell's Kitchen Polygon,2025-03,FREEMIUM,false,false,false,false
5274,Silver Towers,Hell's Kitchen Polygon,2025-03,FREEMIUM,false,false,false,false
5275,Silver Towers,Hell's Kitchen Polygon,2025-03,FREEMIUM,false,false,false,false
1494,Silver Towers,Hell's Kitchen Polygon,2025-03,ON_DEMAND_SUBSCRIPTION,false,true,false,true
5276,Silver Towers,Hell's Kitchen Polygon,2025-03,FREEMIUM,false,false,false,false
5276,Silver Towers,Hell's Kitchen Polygon,2025-03,FREEMIUM,false,false,false,false
4611,Silver Towers,Hell's Kitchen Polygon,2025-03,FREEMIUM,false,false,false,false
1298,Silver Towers,Hell's Kitchen Polygon,2025-03,CHURN,false,false,false,false
5277,Silver Towers,Hell's Kitchen Polygon,2025-03,FREEMIUM,false,false,false,false
4613,Silver Towers,Hell's Kitchen Polygon,2025-03,FREEMIUM,false,false,false,false
5278,Silver Towers,Hell's Kitchen Polygon,2025-03,FREEMIUM,false,false,false,false
4614,Silver Towers,Hell's Kitchen Polygon,2025-03,FREEMIUM,false,false,false,false
4615,Silver Towers,Hell's Kitchen Polygon,2025-03,FREEMIUM,false,false,false,false
4616,Silver Towers,Hell's Kitchen Polygon,2025-03,FREEMIUM,false,false,false,false
4617,Silver Towers,Hell's Kitchen Polygon,2025-03,FREEMIUM,false,false,false,false
4618,Silver Towers,Hell's Kitchen Polygon,2025-03,FREEMIUM,false,false,false,false
4619,Silver Towers,Hell's Kitchen Polygon,2025-03,FREEMIUM,false,false,false,false
4620,Silver Towers,Hell's Kitchen Polygon,2025-03,FREEMIUM,false,false,false,false
4621,Silver Towers,Hell's Kitchen Polygon,2025-03,FREEMIUM,false,false,false,false
4622,Silver Towers,Hell's Kitchen Polygon,2025-03,FREEMIUM,false,false,false,false
4623,Silver Towers,Hell's Kitchen Polygon,2025-03,FREEMIUM,false,false,false,false
4624,Silver Towers,Hell's Kitchen Polygon,2025-03,FREEMIUM,false,false,false,false
4625,Silver Towers,Hell's Kitchen Polygon,2025-03,FREEMIUM,false,false,false,false
4626,Silver Towers,Hell's Kitchen Polygon,2025-03,FREEMIUM,false,false,false,false
4627,Silver Towers,Hell's Kitchen Polygon,2025-03,FREEMIUM,false,false,false,false
4628,Silver Towers,Hell's Kitchen Polygon,2025-03,FREEMIUM,false,false,false,false
4629,Silver Towers,Hell's Kitchen Polygon,2025-03,FREEMIUM,false,false,false,false
4629,Silver Towers,Hell's Kitchen Polygon,2025-03,FREEMIUM,false,false,false,false
4630,Silver Towers,Hell's Kitchen Polygon,2025-03,FREEMIUM,false,false,false,false
4631,Silver Towers,Hell's Kitchen Polygon,2025-03,FREEMIUM,false,false,false,false
4632,Silver Towers,Hell's Kitchen Polygon,2025-03,FREEMIUM,false,false,false,false
4633,Silver Towers,Hell's Kitchen Polygon,2025-03,FREEMIUM,false,false,false,false
4634,Silver Towers,Hell's Kitchen Polygon,2025-03,FREEMIUM,false,false,false,false
4635,Silver Towers,Hell's Kitchen Polygon,2025-03,FREEMIUM,false,false,false,false
4636,Silver Towers,Hell's Kitchen Polygon,2025-03,FREEMIUM,false,false,false,false
4637,Silver Towers,Hell's Kitchen Polygon,2025-03,FREEMIUM,false,false,false,false
4638,Silver Towers,Hell's Kitchen Polygon,2025-03,FREEMIUM,false,false,false,false
4639,Silver Towers,Hell's Kitchen Polygon,2025-03,FREEMIUM,false,false,false,false
4640,Silver Towers,Hell's Kitchen Polygon,2025-03,FREEMIUM,false,false,false,false
4641,Silver Towers,Hell's Kitchen Polygon,2025-03,FREEMIUM,false,false,false,false
4642,Silver Towers,Hell's Kitchen Polygon,2025-03,FREEMIUM,false,false,false,false
4643,Silver Towers,Hell's Kitchen Polygon,2025-03,ON_DEMAND_SUBSCRIPTION,false,true,false,true
4644,Silver Towers,Hell's Kitchen Polygon,2025-03,FREEMIUM,false,false,false,false
4645,Silver Towers,Hell's Kitchen Polygon,2025-03,FREEMIUM,false,false,false,false
4646,Silver Towers,Hell's Kitchen Polygon,2025-03,FREEMIUM,false,false,false,false
4647,Silver Towers,Hell's Kitchen Polygon,2025-03,FREEMIUM,false,false,false,false
4648,Silver Towers,Hell's Kitchen Polygon,2025-03,FREEMIUM,false,false,false,false
4650,Silver Towers,Hell's Kitchen Polygon,2025-03,FREEMIUM,false,false,false,false
4651,Silver Towers,Hell's Kitchen Polygon,2025-03,FREEMIUM,false,false,false,false
4652,Silver Towers,Hell's Kitchen Polygon,2025-03,FREEMIUM,false,false,false,false
4653,Silver Towers,Hell's Kitchen Polygon,2025-03,FREEMIUM,false,false,false,false
4654,Silver Towers,Hell's Kitchen Polygon,2025-03,FREEMIUM,false,false,false,false
4655,Silver Towers,Hell's Kitchen Polygon,2025-03,FREEMIUM,false,false,false,false
4656,Silver Towers,Hell's Kitchen Polygon,2025-03,FREEMIUM,false,false,false,false
4657,Silver Towers,Hell's Kitchen Polygon,2025-03,FREEMIUM,false,false,false,false
4658,Silver Towers,Hell's Kitchen Polygon,2025-03,FREEMIUM,false,false,false,false
4659,Silver Towers,Hell's Kitchen Polygon,2025-03,FREEMIUM,false,false,false,false
4660,Silver Towers,Hell's Kitchen Polygon,2025-03,FREEMIUM,false,false,false,false
4661,Silver Towers,Hell's Kitchen Polygon,2025-03,FREEMIUM,false,false,false,false
4661,Silver Towers,Hell's Kitchen Polygon,2025-03,FREEMIUM,false,false,false,false
4662,Silver Towers,Hell's Kitchen Polygon,2025-03,FREEMIUM,false,false,false,false
4663,Silver Towers,Hell's Kitchen Polygon,2025-03,FREEMIUM,false,false,false,false
4664,Silver Towers,Hell's Kitchen Polygon,2025-03,FREEMIUM,false,false,false,false
4665,Silver Towers,Hell's Kitchen Polygon,2025-03,FREEMIUM,false,false,false,false
4666,Silver Towers,Hell's Kitchen Polygon,2025-03,FREEMIUM,false,false,false,false
4667,Silver Towers,Hell's Kitchen Polygon,2025-03,FREEMIUM,false,false,false,false
4668,Silver Towers,Hell's Kitchen Polygon,2025-03,FREEMIUM,false,false,false,false
4669,Silver Towers,Hell's Kitchen Polygon,2025-03,FREEMIUM,false,false,false,false
4670,Silver Towers,Hell's Kitchen Polygon,2025-03,FREEMIUM,false,false,false,false
4670,Silver Towers,Hell's Kitchen Polygon,2025-03,FREEMIUM,false,false,false,false
4671,Silver Towers,Hell's Kitchen Polygon,2025-03,FREEMIUM,false,false,false,false
4672,Silver Towers,Hell's Kitchen Polygon,2025-03,FREEMIUM,false,false,false,false
4673,Silver Towers,Hell's Kitchen Polygon,2025-03,FREEMIUM,false,false,false,false
4674,Silver Towers,Hell's Kitchen Polygon,2025-03,FREEMIUM,false,false,false,false
4675,Silver Towers,Hell's Kitchen Polygon,2025-03,FREEMIUM,false,false,false,false
4676,Silver Towers,Hell's Kitchen Polygon,2025-03,FREEMIUM,false,false,false,false
4677,Silver Towers,Hell's Kitchen Polygon,2025-03,FREEMIUM,false,false,false,false
4678,Silver Towers,Hell's Kitchen Polygon,2025-03,FREEMIUM,false,false,false,false
4679,Silver Towers,Hell's Kitchen Polygon,2025-03,FREEMIUM,false,false,false,false
4680,Silver Towers,Hell's Kitchen Polygon,2025-03,FREEMIUM,false,false,false,false
4681,Silver Towers,Hell's Kitchen Polygon,2025-03,FREEMIUM,false,false,false,false
4682,Silver Towers,Hell's Kitchen Polygon,2025-03,FREEMIUM,false,false,false,false
4683,Silver Towers,Hell's Kitchen Polygon,2025-03,FREEMIUM,false,false,false,false
4684,Silver Towers,Hell's Kitchen Polygon,2025-03,FREEMIUM,false,false,false,false
4685,Silver Towers,Hell's Kitchen Polygon,2025-03,FREEMIUM,false,false,false,false
4686,Silver Towers,Hell's Kitchen Polygon,2025-03,FREEMIUM,false,false,false,false
4687,Silver Towers,Hell's Kitchen Polygon,2025-03,FREEMIUM,false,false,false,false
4688,Silver Towers,Hell's Kitchen Polygon,2025-03,FREEMIUM,false,false,false,false
4689,Silver Towers,Hell's Kitchen Polygon,2025-03,FREEMIUM,false,false,false,false
4690,Silver Towers,Hell's Kitchen Polygon,2025-03,FREEMIUM,false,false,false,false
4691,Silver Towers,Hell's Kitchen Polygon,2025-03,FREEMIUM,false,false,false,false
4692,Silver Towers,Hell's Kitchen Polygon,2025-03,FREEMIUM,false,false,false,false
4693,Silver Towers,Hell's Kitchen Polygon,2025-03,FREEMIUM,false,false,false,false
4694,Silver Towers,Hell's Kitchen Polygon,2025-03,FREEMIUM,false,false,false,false
4695,Silver Towers,Hell's Kitchen Polygon,2025-03,FREEMIUM,false,false,false,false
4696,Silver Towers,Hell's Kitchen Polygon,2025-03,FREEMIUM,false,false,false,false
4697,Silver Towers,Hell's Kitchen Polygon,2025-03,FREEMIUM,false,false,false,false
4699,Silver Towers,Hell's Kitchen Polygon,2025-03,FREEMIUM,false,false,false,false
4699,Silver Towers,Hell's Kitchen Polygon,2025-03,FREEMIUM,false,false,false,false
4700,Silver Towers,Hell's Kitchen Polygon,2025-03,FREEMIUM,false,false,false,false
4701,Silver Towers,Hell's Kitchen Polygon,2025-03,FREEMIUM,false,false,false,false
4702,Silver Towers,Hell's Kitchen Polygon,2025-03,FREEMIUM,false,false,false,false
4703,Silver Towers,Hell's Kitchen Polygon,2025-03,FREEMIUM,false,false,false,false
4704,Silver Towers,Hell's Kitchen Polygon,2025-03,FREEMIUM,false,false,false,false
4705,Silver Towers,Hell's Kitchen Polygon,2025-03,FREEMIUM,false,false,false,false
4706,Silver Towers,Hell's Kitchen Polygon,2025-03,FREEMIUM,false,false,false,false
4707,Silver Towers,Hell's Kitchen Polygon,2025-03,FREEMIUM,false,false,false,false
4708,Silver Towers,Hell's Kitchen Polygon,2025-03,RECURRING_SUBSCRIPTION,false,true,true,false
4709,Silver Towers,Hell's Kitchen Polygon,2025-03,ON_DEMAND_SUBSCRIPTION,false,true,false,true
4710,Silver Towers,Hell's Kitchen Polygon,2025-03,FREEMIUM,false,false,false,false
4711,Silver Towers,Hell's Kitchen Polygon,2025-03,FREEMIUM,false,false,false,false
4712,Silver Towers,Hell's Kitchen Polygon,2025-03,FREEMIUM,false,false,false,false
1528,Silver Towers,Hell's Kitchen Polygon,2025-03,ON_DEMAND_SUBSCRIPTION,true,true,false,true
4713,Silver Towers,Hell's Kitchen Polygon,2025-03,FREEMIUM,false,false,false,false
4714,Silver Towers,Hell's Kitchen Polygon,2025-03,FREEMIUM,false,false,false,false
4715,Silver Towers,Hell's Kitchen Polygon,2025-03,FREEMIUM,false,false,false,false
4716,Silver Towers,Hell's Kitchen Polygon,2025-03,FREEMIUM,false,false,false,false
4717,Silver Towers,Hell's Kitchen Polygon,2025-03,FREEMIUM,false,false,false,false
4717,Silver Towers,Hell's Kitchen Polygon,2025-03,FREEMIUM,false,false,false,false
4718,Silver Towers,Hell's Kitchen Polygon,2025-03,FREEMIUM,false,false,false,false
4719,Silver Towers,Hell's Kitchen Polygon,2025-03,FREEMIUM,false,false,false,false
4720,Silver Towers,Hell's Kitchen Polygon,2025-03,FREEMIUM,false,false,false,false
4721,Silver Towers,Hell's Kitchen Polygon,2025-03,FREEMIUM,false,false,false,false
4723,Silver Towers,Hell's Kitchen Polygon,2025-03,FREEMIUM,false,false,false,false
4724,Silver Towers,Hell's Kitchen Polygon,2025-03,FREEMIUM,false,false,false,false
4724,Silver Towers,Hell's Kitchen Polygon,2025-03,FREEMIUM,false,false,false,false
4725,Silver Towers,Hell's Kitchen Polygon,2025-03,FREEMIUM,false,false,false,false
608,Silver Towers,Hell's Kitchen Polygon,2025-03,FREEMIUM,true,false,false,false
4726,Silver Towers,Hell's Kitchen Polygon,2025-03,FREEMIUM,false,false,false,false
4727,Silver Towers,Hell's Kitchen Polygon,2025-03,FREEMIUM,false,false,false,false
4728,Silver Towers,Hell's Kitchen Polygon,2025-03,FREEMIUM,false,false,false,false
4729,Silver Towers,Hell's Kitchen Polygon,2025-03,FREEMIUM,false,false,false,false
4730,Silver Towers,Hell's Kitchen Polygon,2025-03,FREEMIUM,false,false,false,false
4730,Silver Towers,Hell's Kitchen Polygon,2025-03,FREEMIUM,false,false,false,false
4731,Silver Towers,Hell's Kitchen Polygon,2025-03,FREEMIUM,false,false,false,false
4732,Silver Towers,Hell's Kitchen Polygon,2025-03,FREEMIUM,false,false,false,false
4733,Silver Towers,Hell's Kitchen Polygon,2025-03,FREEMIUM,true,false,false,false
4734,Silver Towers,Hell's Kitchen Polygon,2025-03,FREEMIUM,false,false,false,false
4734,Silver Towers,Hell's Kitchen Polygon,2025-03,FREEMIUM,false,false,false,false
4736,Silver Towers,Hell's Kitchen Polygon,2025-03,FREEMIUM,false,false,false,false
4736,Silver Towers,Hell's Kitchen Polygon,2025-03,FREEMIUM,false,false,false,false
4737,Silver Towers,Hell's Kitchen Polygon,2025-03,FREEMIUM,false,false,false,false
4738,Silver Towers,Hell's Kitchen Polygon,2025-03,FREEMIUM,false,false,false,false
2811,Silver Towers,Hell's Kitchen Polygon,2025-03,FREEMIUM,false,false,false,false
4739,Silver Towers,Hell's Kitchen Polygon,2025-03,FREEMIUM,false,false,false,false
4739,Silver Towers,Hell's Kitchen Polygon,2025-03,FREEMIUM,false,false,false,false
4740,Silver Towers,Hell's Kitchen Polygon,2025-03,FREEMIUM,false,false,false,false
4741,Silver Towers,Hell's Kitchen Polygon,2025-03,FREEMIUM,false,false,false,false
4742,Silver Towers,Hell's Kitchen Polygon,2025-03,FREEMIUM,false,false,false,false
4742,Silver Towers,Hell's Kitchen Polygon,2025-03,FREEMIUM,false,false,false,false
4743,Silver Towers,Hell's Kitchen Polygon,2025-03,FREEMIUM,false,false,false,false
4744,Silver Towers,Hell's Kitchen Polygon,2025-03,FREEMIUM,false,false,false,false
4745,Silver Towers,Hell's Kitchen Polygon,2025-03,FREEMIUM,false,false,false,false
4746,Silver Towers,Hell's Kitchen Polygon,2025-03,FREEMIUM,false,false,false,false
4748,Silver Towers,Hell's Kitchen Polygon,2025-03,FREEMIUM,false,false,false,false
4748,Silver Towers,Hell's Kitchen Polygon,2025-03,FREEMIUM,false,false,false,false
4749,Silver Towers,Hell's Kitchen Polygon,2025-03,FREEMIUM,false,false,false,false
4750,Silver Towers,Hell's Kitchen Polygon,2025-03,FREEMIUM,false,false,false,false
1356,Silver Towers,Hell's Kitchen Polygon,2025-03,CHURN,true,false,false,false
4751,Silver Towers,Hell's Kitchen Polygon,2025-03,FREEMIUM,false,false,false,false
4751,Silver Towers,Hell's Kitchen Polygon,2025-03,FREEMIUM,false,false,false,false
4752,Silver Towers,Hell's Kitchen Polygon,2025-03,FREEMIUM,false,false,false,false
4753,Silver Towers,Hell's Kitchen Polygon,2025-03,FREEMIUM,false,false,false,false
4753,Silver Towers,Hell's Kitchen Polygon,2025-03,FREEMIUM,false,false,false,false
4753,Silver Towers,Hell's Kitchen Polygon,2025-03,FREEMIUM,false,false,false,false
3132,Silver Towers,Hell's Kitchen Polygon,2025-03,FREEMIUM,false,false,false,false
4754,Silver Towers,Hell's Kitchen Polygon,2025-03,WARM_LEAD,false,false,false,false
4755,Silver Towers,Hell's Kitchen Polygon,2025-03,FREEMIUM,false,false,false,false
4756,Silver Towers,Hell's Kitchen Polygon,2025-03,FREEMIUM,false,false,false,false
4757,Silver Towers,Hell's Kitchen Polygon,2025-03,FREEMIUM,false,false,false,false
4757,Silver Towers,Hell's Kitchen Polygon,2025-03,FREEMIUM,false,false,false,false
2524,Silver Towers,Hell's Kitchen Polygon,2025-03,FREEMIUM,false,false,false,false
4758,Silver Towers,Hell's Kitchen Polygon,2025-03,ON_DEMAND_SUBSCRIPTION,false,true,false,true
4759,Silver Towers,Hell's Kitchen Polygon,2025-03,FREEMIUM,false,false,false,false
4760,Silver Towers,Hell's Kitchen Polygon,2025-03,FREEMIUM,false,false,false,false
4761,Silver Towers,Hell's Kitchen Polygon,2025-03,FREEMIUM,false,false,false,false
4761,Silver Towers,Hell's Kitchen Polygon,2025-03,FREEMIUM,false,false,false,false
4762,Silver Towers,Hell's Kitchen Polygon,2025-03,FREEMIUM,false,false,false,false
4762,Silver Towers,Hell's Kitchen Polygon,2025-03,FREEMIUM,false,false,false,false
4762,Silver Towers,Hell's Kitchen Polygon,2025-03,FREEMIUM,false,false,false,false
4763,Silver Towers,Hell's Kitchen Polygon,2025-03,FREEMIUM,false,false,false,false
790,Silver Towers,Hell's Kitchen Polygon,2025-03,ON_DEMAND_SUBSCRIPTION,false,true,false,true
790,Silver Towers,Hell's Kitchen Polygon,2025-03,ON_DEMAND_SUBSCRIPTION,false,true,false,true
1353,Silver Towers,Hell's Kitchen Polygon,2025-03,FREEMIUM,false,false,false,false
1353,Silver Towers,Hell's Kitchen Polygon,2025-03,FREEMIUM,false,false,false,false
4764,Silver Towers,Hell's Kitchen Polygon,2025-03,FREEMIUM,false,false,false,false
4764,Silver Towers,Hell's Kitchen Polygon,2025-03,FREEMIUM,false,false,false,false
4765,Silver Towers,Hell's Kitchen Polygon,2025-03,FREEMIUM,false,false,false,false
4765,Silver Towers,Hell's Kitchen Polygon,2025-03,FREEMIUM,false,false,false,false
4766,Silver Towers,Hell's Kitchen Polygon,2025-03,FREEMIUM,false,false,false,false
4767,Silver Towers,Hell's Kitchen Polygon,2025-03,FREEMIUM,false,false,false,false
4768,Silver Towers,Hell's Kitchen Polygon,2025-03,FREEMIUM,false,false,false,false
4769,Silver Towers,Hell's Kitchen Polygon,2025-03,FREEMIUM,false,false,false,false
4769,Silver Towers,Hell's Kitchen Polygon,2025-03,FREEMIUM,false,false,false,false
4771,Silver Towers,Hell's Kitchen Polygon,2025-03,FREEMIUM,false,false,false,false
4772,Silver Towers,Hell's Kitchen Polygon,2025-03,FREEMIUM,false,false,false,false
4773,Silver Towers,Hell's Kitchen Polygon,2025-03,FREEMIUM,false,false,false,false
4774,Silver Towers,Hell's Kitchen Polygon,2025-03,FREEMIUM,false,false,false,false
4775,Silver Towers,Hell's Kitchen Polygon,2025-03,FREEMIUM,false,false,false,false
4775,Silver Towers,Hell's Kitchen Polygon,2025-03,FREEMIUM,false,false,false,false
4776,Silver Towers,Hell's Kitchen Polygon,2025-03,FREEMIUM,false,false,false,false
4777,Silver Towers,Hell's Kitchen Polygon,2025-03,FREEMIUM,false,false,false,false
4778,Silver Towers,Hell's Kitchen Polygon,2025-03,FREEMIUM,false,false,false,false
4778,Silver Towers,Hell's Kitchen Polygon,2025-03,FREEMIUM,false,false,false,false
2023,Silver Towers,Hell's Kitchen Polygon,2025-03,FREEMIUM,false,false,false,false
2023,Silver Towers,Hell's Kitchen Polygon,2025-03,FREEMIUM,false,false,false,false
4779,Silver Towers,Hell's Kitchen Polygon,2025-03,FREEMIUM,false,false,false,false
4780,Silver Towers,Hell's Kitchen Polygon,2025-03,FREEMIUM,false,false,false,false
4781,Silver Towers,Hell's Kitchen Polygon,2025-03,FREEMIUM,false,false,false,false
4782,Silver Towers,Hell's Kitchen Polygon,2025-03,FREEMIUM,false,false,false,false
4783,Silver Towers,Hell's Kitchen Polygon,2025-03,FREEMIUM,false,false,false,false
4784,Silver Towers,Hell's Kitchen Polygon,2025-03,FREEMIUM,false,false,false,false
4785,Silver Towers,Hell's Kitchen Polygon,2025-03,FREEMIUM,false,false,false,false
4785,Silver Towers,Hell's Kitchen Polygon,2025-03,FREEMIUM,false,false,false,false
4786,Silver Towers,Hell's Kitchen Polygon,2025-03,FREEMIUM,false,false,false,false
4787,Silver Towers,Hell's Kitchen Polygon,2025-03,CHURN,true,false,false,false
4787,Silver Towers,Hell's Kitchen Polygon,2025-03,CHURN,true,false,false,false
4787,Silver Towers,Hell's Kitchen Polygon,2025-03,CHURN,true,false,false,false
4787,Silver Towers,Hell's Kitchen Polygon,2025-03,CHURN,true,false,false,false
4788,Silver Towers,Hell's Kitchen Polygon,2025-03,FREEMIUM,false,false,false,false
2520,Silver Towers,Hell's Kitchen Polygon,2025-03,ON_DEMAND_SUBSCRIPTION,false,true,false,true
2646,Silver Towers,Hell's Kitchen Polygon,2025-03,FREEMIUM,false,false,false,false
2646,Silver Towers,Hell's Kitchen Polygon,2025-03,FREEMIUM,false,false,false,false
4790,Silver Towers,Hell's Kitchen Polygon,2025-03,FREEMIUM,false,false,false,false
4790,Silver Towers,Hell's Kitchen Polygon,2025-03,FREEMIUM,false,false,false,false
4791,Silver Towers,Hell's Kitchen Polygon,2025-03,ON_DEMAND_SUBSCRIPTION,false,true,false,true
4791,Silver Towers,Hell's Kitchen Polygon,2025-03,ON_DEMAND_SUBSCRIPTION,false,true,false,true
4792,Silver Towers,Hell's Kitchen Polygon,2025-03,FREEMIUM,false,false,false,false
4793,Silver Towers,Hell's Kitchen Polygon,2025-03,FREEMIUM,false,false,false,false
4794,Silver Towers,Hell's Kitchen Polygon,2025-03,FREEMIUM,false,false,false,false
4795,Silver Towers,Hell's Kitchen Polygon,2025-03,FREEMIUM,false,false,false,false
482,Silver Towers,Hell's Kitchen Polygon,2025-03,ON_DEMAND_SUBSCRIPTION,true,true,false,true
482,Silver Towers,Hell's Kitchen Polygon,2025-03,ON_DEMAND_SUBSCRIPTION,true,true,false,true
4796,Silver Towers,Hell's Kitchen Polygon,2025-03,FREEMIUM,false,false,false,false
4796,Silver Towers,Hell's Kitchen Polygon,2025-03,FREEMIUM,false,false,false,false
4797,Silver Towers,Hell's Kitchen Polygon,2025-03,FREEMIUM,false,false,false,false
4798,Silver Towers,Hell's Kitchen Polygon,2025-03,TRIAL,false,false,false,false
4799,Silver Towers,Hell's Kitchen Polygon,2025-03,FREEMIUM,false,false,false,false
4801,Silver Towers,Hell's Kitchen Polygon,2025-03,FREEMIUM,false,false,false,false
4801,Silver Towers,Hell's Kitchen Polygon,2025-03,FREEMIUM,false,false,false,false
4802,Silver Towers,Hell's Kitchen Polygon,2025-03,ON_DEMAND_SUBSCRIPTION,false,true,false,true
4803,Silver Towers,Hell's Kitchen Polygon,2025-03,FREEMIUM,false,false,false,false
4804,Silver Towers,Hell's Kitchen Polygon,2025-03,FREEMIUM,false,false,false,false
4805,Silver Towers,Hell's Kitchen Polygon,2025-03,FREEMIUM,false,false,false,false
1365,Silver Towers,Hell's Kitchen Polygon,2025-03,FREEMIUM,false,false,false,false
1365,Silver Towers,Hell's Kitchen Polygon,2025-03,FREEMIUM,false,false,false,false
4806,Silver Towers,Hell's Kitchen Polygon,2025-03,FREEMIUM,false,false,false,false
4807,Silver Towers,Hell's Kitchen Polygon,2025-03,FREEMIUM,false,false,false,false
4808,Silver Towers,Hell's Kitchen Polygon,2025-03,FREEMIUM,false,false,false,false
4809,Silver Towers,Hell's Kitchen Polygon,2025-03,FREEMIUM,false,false,false,false
4810,Silver Towers,Hell's Kitchen Polygon,2025-03,FREEMIUM,false,false,false,false
4810,Silver Towers,Hell's Kitchen Polygon,2025-03,FREEMIUM,false,false,false,false
4811,Silver Towers,Hell's Kitchen Polygon,2025-03,FREEMIUM,false,false,false,false
4811,Silver Towers,Hell's Kitchen Polygon,2025-03,FREEMIUM,false,false,false,false
4812,Silver Towers,Hell's Kitchen Polygon,2025-03,FREEMIUM,false,false,false,false
1483,Silver Towers,Hell's Kitchen Polygon,2025-03,FREEMIUM,false,false,false,false
4813,Silver Towers,Hell's Kitchen Polygon,2025-03,FREEMIUM,false,false,false,false
4813,Silver Towers,Hell's Kitchen Polygon,2025-03,FREEMIUM,false,false,false,false
4814,Silver Towers,Hell's Kitchen Polygon,2025-03,FREEMIUM,false,false,false,false
4815,Silver Towers,Hell's Kitchen Polygon,2025-03,FREEMIUM,false,false,false,false
4816,Silver Towers,Hell's Kitchen Polygon,2025-03,FREEMIUM,false,false,false,false
4817,Silver Towers,Hell's Kitchen Polygon,2025-03,FREEMIUM,false,false,false,false
4818,Silver Towers,Hell's Kitchen Polygon,2025-03,FREEMIUM,false,false,false,false
2124,Silver Towers,Hell's Kitchen Polygon,2025-03,ON_DEMAND_SUBSCRIPTION,false,true,false,true
2124,Silver Towers,Hell's Kitchen Polygon,2025-03,ON_DEMAND_SUBSCRIPTION,false,true,false,true
4820,Silver Towers,Hell's Kitchen Polygon,2025-03,FREEMIUM,false,false,false,false
4820,Silver Towers,Hell's Kitchen Polygon,2025-03,FREEMIUM,false,false,false,false
4820,Silver Towers,Hell's Kitchen Polygon,2025-03,FREEMIUM,false,false,false,false
4821,Silver Towers,Hell's Kitchen Polygon,2025-03,CHURN,false,false,false,false
4821,Silver Towers,Hell's Kitchen Polygon,2025-03,CHURN,false,false,false,false
4822,Silver Towers,Hell's Kitchen Polygon,2025-03,FREEMIUM,false,false,false,false
4822,Silver Towers,Hell's Kitchen Polygon,2025-03,FREEMIUM,false,false,false,false
4823,Silver Towers,Hell's Kitchen Polygon,2025-03,FREEMIUM,false,false,false,false
4824,Silver Towers,Hell's Kitchen Polygon,2025-03,FREEMIUM,false,false,false,false
4825,Silver Towers,Hell's Kitchen Polygon,2025-03,FREEMIUM,false,false,false,false
4826,Silver Towers,Hell's Kitchen Polygon,2025-03,FREEMIUM,false,false,false,false
4827,Silver Towers,Hell's Kitchen Polygon,2025-03,FREEMIUM,false,false,false,false
2547,Silver Towers,Hell's Kitchen Polygon,2025-03,ON_DEMAND_SUBSCRIPTION,false,true,false,true
4828,Silver Towers,Hell's Kitchen Polygon,2025-03,FREEMIUM,false,false,false,false
4829,Silver Towers,Hell's Kitchen Polygon,2025-03,FREEMIUM,false,false,false,false
4829,Silver Towers,Hell's Kitchen Polygon,2025-03,FREEMIUM,false,false,false,false
4830,Silver Towers,Hell's Kitchen Polygon,2025-03,FREEMIUM,false,false,false,false
4831,Silver Towers,Hell's Kitchen Polygon,2025-03,FREEMIUM,false,false,false,false
4831,Silver Towers,Hell's Kitchen Polygon,2025-03,FREEMIUM,false,false,false,false
4832,Silver Towers,Hell's Kitchen Polygon,2025-03,FREEMIUM,false,false,false,false
4833,Silver Towers,Hell's Kitchen Polygon,2025-03,FREEMIUM,false,false,false,false
4834,Silver Towers,Hell's Kitchen Polygon,2025-03,FREEMIUM,false,false,false,false
4834,Silver Towers,Hell's Kitchen Polygon,2025-03,FREEMIUM,false,false,false,false
4835,Silver Towers,Hell's Kitchen Polygon,2025-03,FREEMIUM,false,false,false,false
4836,Silver Towers,Hell's Kitchen Polygon,2025-03,FREEMIUM,false,false,false,false
4837,Silver Towers,Hell's Kitchen Polygon,2025-03,FREEMIUM,false,false,false,false
4838,Silver Towers,Hell's Kitchen Polygon,2025-03,FREEMIUM,false,false,false,false
4838,Silver Towers,Hell's Kitchen Polygon,2025-03,FREEMIUM,false,false,false,false
4839,Silver Towers,Hell's Kitchen Polygon,2025-03,FREEMIUM,false,false,false,false
4840,Silver Towers,Hell's Kitchen Polygon,2025-03,FREEMIUM,false,false,false,false
4841,Silver Towers,Hell's Kitchen Polygon,2025-03,FREEMIUM,false,false,false,false
4842,Silver Towers,Hell's Kitchen Polygon,2025-03,FREEMIUM,false,false,false,false
4843,Silver Towers,Hell's Kitchen Polygon,2025-03,FREEMIUM,false,false,false,false
4844,Silver Towers,Hell's Kitchen Polygon,2025-03,FREEMIUM,false,false,false,false
4845,Silver Towers,Hell's Kitchen Polygon,2025-03,CHURN,true,false,false,false
4846,Silver Towers,Hell's Kitchen Polygon,2025-03,FREEMIUM,false,false,false,false
4846,Silver Towers,Hell's Kitchen Polygon,2025-03,FREEMIUM,false,false,false,false
4847,Silver Towers,Hell's Kitchen Polygon,2025-03,FREEMIUM,false,false,false,false
4848,Silver Towers,Hell's Kitchen Polygon,2025-03,FREEMIUM,false,false,false,false
4849,Silver Towers,Hell's Kitchen Polygon,2025-03,FREEMIUM,false,false,false,false
4849,Silver Towers,Hell's Kitchen Polygon,2025-03,FREEMIUM,false,false,false,false
4850,Silver Towers,Hell's Kitchen Polygon,2025-03,FREEMIUM,false,false,false,false
4851,Silver Towers,Hell's Kitchen Polygon,2025-03,FREEMIUM,false,false,false,false
4852,Silver Towers,Hell's Kitchen Polygon,2025-03,FREEMIUM,false,false,false,false
4853,Silver Towers,Hell's Kitchen Polygon,2025-03,FREEMIUM,false,false,false,false
4854,Silver Towers,Hell's Kitchen Polygon,2025-03,FREEMIUM,false,false,false,false
4854,Silver Towers,Hell's Kitchen Polygon,2025-03,FREEMIUM,false,false,false,false
4854,Silver Towers,Hell's Kitchen Polygon,2025-03,FREEMIUM,false,false,false,false
4854,Silver Towers,Hell's Kitchen Polygon,2025-03,FREEMIUM,false,false,false,false
4854,Silver Towers,Hell's Kitchen Polygon,2025-03,FREEMIUM,false,false,false,false
4855,Silver Towers,Hell's Kitchen Polygon,2025-03,FREEMIUM,false,false,false,false
538,Silver Towers,Hell's Kitchen Polygon,2025-03,FREEMIUM,true,false,false,false
461,Silver Towers,Hell's Kitchen Polygon,2025-03,FREEMIUM,true,false,false,false
4856,Silver Towers,Hell's Kitchen Polygon,2025-03,FREEMIUM,false,false,false,false
4857,Silver Towers,Hell's Kitchen Polygon,2025-03,FREEMIUM,false,false,false,false
4858,Silver Towers,Hell's Kitchen Polygon,2025-03,FREEMIUM,false,false,false,false
4858,Silver Towers,Hell's Kitchen Polygon,2025-03,FREEMIUM,false,false,false,false
1379,Silver Towers,Hell's Kitchen Polygon,2025-03,FREEMIUM,false,false,false,false
1379,Silver Towers,Hell's Kitchen Polygon,2025-03,FREEMIUM,false,false,false,false
1379,Silver Towers,Hell's Kitchen Polygon,2025-03,FREEMIUM,false,false,false,false
1379,Silver Towers,Hell's Kitchen Polygon,2025-03,FREEMIUM,false,false,false,false
1379,Silver Towers,Hell's Kitchen Polygon,2025-03,FREEMIUM,false,false,false,false
4860,Silver Towers,Hell's Kitchen Polygon,2025-03,FREEMIUM,false,false,false,false
4861,Silver Towers,Hell's Kitchen Polygon,2025-03,FREEMIUM,false,false,false,false
4861,Silver Towers,Hell's Kitchen Polygon,2025-03,FREEMIUM,false,false,false,false
2455,Silver Towers,Hell's Kitchen Polygon,2025-03,FREEMIUM,false,false,false,false
4862,Silver Towers,Hell's Kitchen Polygon,2025-03,FREEMIUM,false,false,false,false
4863,Silver Towers,Hell's Kitchen Polygon,2025-03,FREEMIUM,false,false,false,false
4863,Silver Towers,Hell's Kitchen Polygon,2025-03,FREEMIUM,false,false,false,false
4863,Silver Towers,Hell's Kitchen Polygon,2025-03,FREEMIUM,false,false,false,false
4864,Silver Towers,Hell's Kitchen Polygon,2025-03,FREEMIUM,false,false,false,false
4865,Silver Towers,Hell's Kitchen Polygon,2025-03,FREEMIUM,false,false,false,false
4866,Silver Towers,Hell's Kitchen Polygon,2025-03,FREEMIUM,false,false,false,false
4867,Silver Towers,Hell's Kitchen Polygon,2025-03,FREEMIUM,false,false,false,false
4868,Silver Towers,Hell's Kitchen Polygon,2025-03,FREEMIUM,false,false,false,false
4868,Silver Towers,Hell's Kitchen Polygon,2025-03,FREEMIUM,false,false,false,false
4869,Silver Towers,Hell's Kitchen Polygon,2025-03,RECURRING_SUBSCRIPTION,false,true,true,false
4869,Silver Towers,Hell's Kitchen Polygon,2025-03,RECURRING_SUBSCRIPTION,false,true,true,false
4870,Silver Towers,Hell's Kitchen Polygon,2025-03,FREEMIUM,false,false,false,false
4800,Silver Towers,Hell's Kitchen Polygon,2025-03,FREEMIUM,false,false,false,false
4871,Silver Towers,Hell's Kitchen Polygon,2025-03,FREEMIUM,false,false,false,false
4872,Silver Towers,Hell's Kitchen Polygon,2025-03,FREEMIUM,false,false,false,false
4873,Silver Towers,Hell's Kitchen Polygon,2025-03,FREEMIUM,false,false,false,false
4874,Silver Towers,Hell's Kitchen Polygon,2025-03,FREEMIUM,false,false,false,false
4875,Silver Towers,Hell's Kitchen Polygon,2025-03,FREEMIUM,false,false,false,false
4876,Silver Towers,Hell's Kitchen Polygon,2025-03,FREEMIUM,false,false,false,false
2534,Silver Towers,Hell's Kitchen Polygon,2025-03,FREEMIUM,true,false,false,false
4877,Silver Towers,Hell's Kitchen Polygon,2025-03,FREEMIUM,false,false,false,false
4877,Silver Towers,Hell's Kitchen Polygon,2025-03,FREEMIUM,false,false,false,false
487,Silver Towers,Hell's Kitchen Polygon,2025-03,FREEMIUM,true,false,false,false
2620,Silver Towers,Hell's Kitchen Polygon,2025-03,FREEMIUM,true,false,false,false
4879,Silver Towers,Hell's Kitchen Polygon,2025-03,FREEMIUM,false,false,false,false
4880,Silver Towers,Hell's Kitchen Polygon,2025-03,FREEMIUM,false,false,false,false
4881,Silver Towers,Hell's Kitchen Polygon,2025-03,FREEMIUM,false,false,false,false
4882,Silver Towers,Hell's Kitchen Polygon,2025-03,FREEMIUM,false,false,false,false
4883,Silver Towers,Hell's Kitchen Polygon,2025-03,FREEMIUM,false,false,false,false
4884,Silver Towers,Hell's Kitchen Polygon,2025-03,FREEMIUM,false,false,false,false
2595,Silver Towers,Hell's Kitchen Polygon,2025-03,FREEMIUM,false,false,false,false
698,Silver Towers,Hell's Kitchen Polygon,2025-03,FREEMIUM,false,false,false,false
698,Silver Towers,Hell's Kitchen Polygon,2025-03,FREEMIUM,false,false,false,false
4885,Silver Towers,Hell's Kitchen Polygon,2025-03,FREEMIUM,false,false,false,false
4886,Silver Towers,Hell's Kitchen Polygon,2025-03,FREEMIUM,false,false,false,false
440,Silver Towers,Hell's Kitchen Polygon,2025-03,RECURRING_SUBSCRIPTION,true,true,true,false
4887,Silver Towers,Hell's Kitchen Polygon,2025-03,FREEMIUM,false,false,false,false
4887,Silver Towers,Hell's Kitchen Polygon,2025-03,FREEMIUM,false,false,false,false
4888,Silver Towers,Hell's Kitchen Polygon,2025-03,FREEMIUM,false,false,false,false
4889,Silver Towers,Hell's Kitchen Polygon,2025-03,FREEMIUM,false,false,false,false
4890,Silver Towers,Hell's Kitchen Polygon,2025-03,FREEMIUM,false,false,false,false
4890,Silver Towers,Hell's Kitchen Polygon,2025-03,FREEMIUM,false,false,false,false
4891,Silver Towers,Hell's Kitchen Polygon,2025-03,FREEMIUM,false,false,false,false
4892,Silver Towers,Hell's Kitchen Polygon,2025-03,FREEMIUM,false,false,false,false
4893,Silver Towers,Hell's Kitchen Polygon,2025-03,FREEMIUM,false,false,false,false
4894,Silver Towers,Hell's Kitchen Polygon,2025-03,FREEMIUM,false,false,false,false
4895,Silver Towers,Hell's Kitchen Polygon,2025-03,FREEMIUM,false,false,false,false
3079,Silver Towers,Hell's Kitchen Polygon,2025-03,FREEMIUM,false,false,false,false
4896,Silver Towers,Hell's Kitchen Polygon,2025-03,FREEMIUM,false,false,false,false
4897,Silver Towers,Hell's Kitchen Polygon,2025-03,FREEMIUM,true,false,false,false
4899,Silver Towers,Hell's Kitchen Polygon,2025-03,FREEMIUM,false,false,false,false
4901,Silver Towers,Hell's Kitchen Polygon,2025-03,FREEMIUM,false,false,false,false
4902,Silver Towers,Hell's Kitchen Polygon,2025-03,FREEMIUM,false,false,false,false
4903,Silver Towers,Hell's Kitchen Polygon,2025-03,FREEMIUM,false,false,false,false
4904,Silver Towers,Hell's Kitchen Polygon,2025-03,FREEMIUM,false,false,false,false
4905,Silver Towers,Hell's Kitchen Polygon,2025-03,ON_DEMAND_SUBSCRIPTION,false,true,false,true
4906,Silver Towers,Hell's Kitchen Polygon,2025-03,FREEMIUM,false,false,false,false
4906,Silver Towers,Hell's Kitchen Polygon,2025-03,FREEMIUM,false,false,false,false
4907,Silver Towers,Hell's Kitchen Polygon,2025-03,FREEMIUM,false,false,false,false
436,Silver Towers,Hell's Kitchen Polygon,2025-03,FREEMIUM,true,false,false,false
4908,Silver Towers,Hell's Kitchen Polygon,2025-03,FREEMIUM,false,false,false,false
4908,Silver Towers,Hell's Kitchen Polygon,2025-03,FREEMIUM,false,false,false,false
4908,Silver Towers,Hell's Kitchen Polygon,2025-03,FREEMIUM,false,false,false,false
515,Silver Towers,Hell's Kitchen Polygon,2025-03,FREEMIUM,true,false,false,false
4909,Silver Towers,Hell's Kitchen Polygon,2025-03,FREEMIUM,false,false,false,false
4910,Silver Towers,Hell's Kitchen Polygon,2025-03,FREEMIUM,false,false,false,false
4912,Silver Towers,Hell's Kitchen Polygon,2025-03,FREEMIUM,false,false,false,false
4912,Silver Towers,Hell's Kitchen Polygon,2025-03,FREEMIUM,false,false,false,false
4912,Silver Towers,Hell's Kitchen Polygon,2025-03,FREEMIUM,false,false,false,false
4913,Silver Towers,Hell's Kitchen Polygon,2025-03,FREEMIUM,false,false,false,false
4914,Silver Towers,Hell's Kitchen Polygon,2025-03,FREEMIUM,false,false,false,false
4914,Silver Towers,Hell's Kitchen Polygon,2025-03,FREEMIUM,false,false,false,false
4915,Silver Towers,Hell's Kitchen Polygon,2025-03,FREEMIUM,false,false,false,false
4916,Silver Towers,Hell's Kitchen Polygon,2025-03,FREEMIUM,false,false,false,false
4917,Silver Towers,Hell's Kitchen Polygon,2025-03,FREEMIUM,false,false,false,false
4918,Silver Towers,Hell's Kitchen Polygon,2025-03,FREEMIUM,false,false,false,false
4919,Silver Towers,Hell's Kitchen Polygon,2025-03,FREEMIUM,false,false,false,false
4920,Silver Towers,Hell's Kitchen Polygon,2025-03,FREEMIUM,false,false,false,false
4920,Silver Towers,Hell's Kitchen Polygon,2025-03,FREEMIUM,false,false,false,false
4921,Silver Towers,Hell's Kitchen Polygon,2025-03,FREEMIUM,false,false,false,false
4921,Silver Towers,Hell's Kitchen Polygon,2025-03,FREEMIUM,false,false,false,false
2532,Silver Towers,Hell's Kitchen Polygon,2025-03,FREEMIUM,false,false,false,false
4922,Silver Towers,Hell's Kitchen Polygon,2025-03,FREEMIUM,false,false,false,false
4923,Silver Towers,Hell's Kitchen Polygon,2025-03,WARM_LEAD,true,false,false,false
4923,Silver Towers,Hell's Kitchen Polygon,2025-03,WARM_LEAD,true,false,false,false
4924,Silver Towers,Hell's Kitchen Polygon,2025-03,FREEMIUM,false,false,false,false
4925,Silver Towers,Hell's Kitchen Polygon,2025-03,FREEMIUM,false,false,false,false
4925,Silver Towers,Hell's Kitchen Polygon,2025-03,FREEMIUM,false,false,false,false
4926,Silver Towers,Hell's Kitchen Polygon,2025-03,FREEMIUM,false,false,false,false
4927,Silver Towers,Hell's Kitchen Polygon,2025-03,FREEMIUM,false,false,false,false
4928,Silver Towers,Hell's Kitchen Polygon,2025-03,FREEMIUM,false,false,false,false
4929,Silver Towers,Hell's Kitchen Polygon,2025-03,FREEMIUM,false,false,false,false
4930,Silver Towers,Hell's Kitchen Polygon,2025-03,FREEMIUM,false,false,false,false
4931,Silver Towers,Hell's Kitchen Polygon,2025-03,FREEMIUM,false,false,false,false
4932,Silver Towers,Hell's Kitchen Polygon,2025-03,FREEMIUM,false,false,false,false
1987,Silver Towers,Hell's Kitchen Polygon,2025-03,FREEMIUM,false,false,false,false
4933,Silver Towers,Hell's Kitchen Polygon,2025-03,FREEMIUM,false,false,false,false
4934,Silver Towers,Hell's Kitchen Polygon,2025-03,FREEMIUM,false,false,false,false
4935,Silver Towers,Hell's Kitchen Polygon,2025-03,FREEMIUM,false,false,false,false
4936,Silver Towers,Hell's Kitchen Polygon,2025-03,FREEMIUM,false,false,false,false
4937,Silver Towers,Hell's Kitchen Polygon,2025-03,FREEMIUM,false,false,false,false
4938,Silver Towers,Hell's Kitchen Polygon,2025-03,FREEMIUM,false,false,false,false
4939,Silver Towers,Hell's Kitchen Polygon,2025-03,FREEMIUM,false,false,false,false
4941,Silver Towers,Hell's Kitchen Polygon,2025-03,FREEMIUM,false,false,false,false
4942,Silver Towers,Hell's Kitchen Polygon,2025-03,FREEMIUM,false,false,false,false
4942,Silver Towers,Hell's Kitchen Polygon,2025-03,FREEMIUM,false,false,false,false
2286,Silver Towers,Hell's Kitchen Polygon,2025-03,FREEMIUM,false,false,false,false
4943,Silver Towers,Hell's Kitchen Polygon,2025-03,FREEMIUM,false,false,false,false
4943,Silver Towers,Hell's Kitchen Polygon,2025-03,FREEMIUM,false,false,false,false
458,Silver Towers,Hell's Kitchen Polygon,2025-03,TRIAL,true,false,false,false
458,Silver Towers,Hell's Kitchen Polygon,2025-03,TRIAL,true,false,false,false
4944,Silver Towers,Hell's Kitchen Polygon,2025-03,FREEMIUM,false,false,false,false
2892,Silver Towers,Hell's Kitchen Polygon,2025-03,FREEMIUM,true,false,false,false
4945,Silver Towers,Hell's Kitchen Polygon,2025-03,FREEMIUM,false,false,false,false
4946,Silver Towers,Hell's Kitchen Polygon,2025-03,FREEMIUM,false,false,false,false
4947,Silver Towers,Hell's Kitchen Polygon,2025-03,FREEMIUM,false,false,false,false
4947,Silver Towers,Hell's Kitchen Polygon,2025-03,FREEMIUM,false,false,false,false
4948,Silver Towers,Hell's Kitchen Polygon,2025-03,FREEMIUM,false,false,false,false
4949,Silver Towers,Hell's Kitchen Polygon,2025-03,FREEMIUM,false,false,false,false
4950,Silver Towers,Hell's Kitchen Polygon,2025-03,FREEMIUM,false,false,false,false
4951,Silver Towers,Hell's Kitchen Polygon,2025-03,FREEMIUM,false,false,false,false
4952,Silver Towers,Hell's Kitchen Polygon,2025-03,FREEMIUM,false,false,false,false
4953,Silver Towers,Hell's Kitchen Polygon,2025-03,FREEMIUM,false,false,false,false
4954,Silver Towers,Hell's Kitchen Polygon,2025-03,FREEMIUM,false,false,false,false
4955,Silver Towers,Hell's Kitchen Polygon,2025-03,FREEMIUM,false,false,false,false
4956,Silver Towers,Hell's Kitchen Polygon,2025-03,FREEMIUM,false,false,false,false
4956,Silver Towers,Hell's Kitchen Polygon,2025-03,FREEMIUM,false,false,false,false
4956,Silver Towers,Hell's Kitchen Polygon,2025-03,FREEMIUM,false,false,false,false
4957,Silver Towers,Hell's Kitchen Polygon,2025-03,FREEMIUM,false,false,false,false
4958,Silver Towers,Hell's Kitchen Polygon,2025-03,FREEMIUM,false,false,false,false
4959,Silver Towers,Hell's Kitchen Polygon,2025-03,FREEMIUM,false,false,false,false
4960,Silver Towers,Hell's Kitchen Polygon,2025-03,FREEMIUM,false,false,false,false
4961,Silver Towers,Hell's Kitchen Polygon,2025-03,FREEMIUM,false,false,false,false
4962,Silver Towers,Hell's Kitchen Polygon,2025-03,FREEMIUM,false,false,false,false
4963,Silver Towers,Hell's Kitchen Polygon,2025-03,FREEMIUM,false,false,false,false
4963,Silver Towers,Hell's Kitchen Polygon,2025-03,FREEMIUM,false,false,false,false
4963,Silver Towers,Hell's Kitchen Polygon,2025-03,FREEMIUM,false,false,false,false
4964,Silver Towers,Hell's Kitchen Polygon,2025-03,FREEMIUM,false,false,false,false
4965,Silver Towers,Hell's Kitchen Polygon,2025-03,FREEMIUM,false,false,false,false
4966,Silver Towers,Hell's Kitchen Polygon,2025-03,CHURN,true,false,false,false
4966,Silver Towers,Hell's Kitchen Polygon,2025-03,CHURN,true,false,false,false
4967,Silver Towers,Hell's Kitchen Polygon,2025-03,FREEMIUM,false,false,false,false
1961,Silver Towers,Hell's Kitchen Polygon,2025-03,FREEMIUM,true,false,false,false
4968,Silver Towers,Hell's Kitchen Polygon,2025-03,FREEMIUM,true,false,false,false
4878,Silver Towers,Hell's Kitchen Polygon,2025-03,FREEMIUM,false,false,false,false
4969,Silver Towers,Hell's Kitchen Polygon,2025-03,FREEMIUM,false,false,false,false
618,Silver Towers,Hell's Kitchen Polygon,2025-03,FREEMIUM,true,false,false,false
1782,Silver Towers,Hell's Kitchen Polygon,2025-03,FREEMIUM,true,false,false,false
1782,Silver Towers,Hell's Kitchen Polygon,2025-03,FREEMIUM,true,false,false,false
4972,Silver Towers,Hell's Kitchen Polygon,2025-03,FREEMIUM,false,false,false,false
4973,Silver Towers,Hell's Kitchen Polygon,2025-03,FREEMIUM,true,false,false,false
4973,Silver Towers,Hell's Kitchen Polygon,2025-03,FREEMIUM,true,false,false,false
4974,Silver Towers,Hell's Kitchen Polygon,2025-03,FREEMIUM,false,false,false,false
4975,Silver Towers,Hell's Kitchen Polygon,2025-03,ON_DEMAND_SUBSCRIPTION,true,true,false,true
4975,Silver Towers,Hell's Kitchen Polygon,2025-03,ON_DEMAND_SUBSCRIPTION,true,true,false,true
4976,Silver Towers,Hell's Kitchen Polygon,2025-03,FREEMIUM,false,false,false,false
4977,Silver Towers,Hell's Kitchen Polygon,2025-03,CHURN,true,false,false,false
4977,Silver Towers,Hell's Kitchen Polygon,2025-03,CHURN,true,false,false,false
4977,Silver Towers,Hell's Kitchen Polygon,2025-03,CHURN,true,false,false,false
4977,Silver Towers,Hell's Kitchen Polygon,2025-03,CHURN,true,false,false,false
4978,Silver Towers,Hell's Kitchen Polygon,2025-03,FREEMIUM,false,false,false,false
856,Silver Towers,Hell's Kitchen Polygon,2025-03,FREEMIUM,false,false,false,false
4979,Silver Towers,Hell's Kitchen Polygon,2025-03,FREEMIUM,false,false,false,false
4979,Silver Towers,Hell's Kitchen Polygon,2025-03,FREEMIUM,false,false,false,false
4980,Silver Towers,Hell's Kitchen Polygon,2025-03,FREEMIUM,true,false,false,false
4981,Silver Towers,Hell's Kitchen Polygon,2025-03,FREEMIUM,false,false,false,false
4982,Silver Towers,Hell's Kitchen Polygon,2025-03,FREEMIUM,false,false,false,false
4983,Silver Towers,Hell's Kitchen Polygon,2025-03,FREEMIUM,false,false,false,false
4983,Silver Towers,Hell's Kitchen Polygon,2025-03,FREEMIUM,false,false,false,false
4984,Silver Towers,Hell's Kitchen Polygon,2025-03,FREEMIUM,false,false,false,false
4986,Silver Towers,Hell's Kitchen Polygon,2025-03,FREEMIUM,false,false,false,false
4987,Silver Towers,Hell's Kitchen Polygon,2025-03,FREEMIUM,false,false,false,false
4988,Silver Towers,Hell's Kitchen Polygon,2025-03,FREEMIUM,false,false,false,false
4988,Silver Towers,Hell's Kitchen Polygon,2025-03,FREEMIUM,false,false,false,false
4989,Silver Towers,Hell's Kitchen Polygon,2025-03,FREEMIUM,false,false,false,false
4990,Silver Towers,Hell's Kitchen Polygon,2025-03,FREEMIUM,false,false,false,false
4991,Silver Towers,Hell's Kitchen Polygon,2025-03,FREEMIUM,false,false,false,false
4992,Silver Towers,Hell's Kitchen Polygon,2025-03,FREEMIUM,false,false,false,false
4993,Silver Towers,Hell's Kitchen Polygon,2025-03,FREEMIUM,false,false,false,false
4993,Silver Towers,Hell's Kitchen Polygon,2025-03,FREEMIUM,false,false,false,false
4994,Silver Towers,Hell's Kitchen Polygon,2025-03,FREEMIUM,false,false,false,false
4995,Silver Towers,Hell's Kitchen Polygon,2025-03,FREEMIUM,false,false,false,false
4996,Silver Towers,Hell's Kitchen Polygon,2025-03,FREEMIUM,false,false,false,false
4997,Silver Towers,Hell's Kitchen Polygon,2025-03,FREEMIUM,false,false,false,false
4998,Silver Towers,Hell's Kitchen Polygon,2025-03,FREEMIUM,false,false,false,false
1269,Silver Towers,Hell's Kitchen Polygon,2025-03,FREEMIUM,false,false,false,false
4999,Silver Towers,Hell's Kitchen Polygon,2025-03,FREEMIUM,false,false,false,false
5000,Silver Towers,Hell's Kitchen Polygon,2025-03,TRIAL,true,false,false,false
5001,Silver Towers,Hell's Kitchen Polygon,2025-03,FREEMIUM,false,false,false,false
5001,Silver Towers,Hell's Kitchen Polygon,2025-03,FREEMIUM,false,false,false,false
5002,Silver Towers,Hell's Kitchen Polygon,2025-03,FREEMIUM,false,false,false,false
5003,Silver Towers,Hell's Kitchen Polygon,2025-03,FREEMIUM,false,false,false,false
5004,Silver Towers,Hell's Kitchen Polygon,2025-03,FREEMIUM,false,false,false,false
5005,Silver Towers,Hell's Kitchen Polygon,2025-03,FREEMIUM,false,false,false,false
5006,Silver Towers,Hell's Kitchen Polygon,2025-03,FREEMIUM,false,false,false,false
5007,Silver Towers,Hell's Kitchen Polygon,2025-03,FREEMIUM,false,false,false,false
5008,Silver Towers,Hell's Kitchen Polygon,2025-03,FREEMIUM,false,false,false,false
5009,Silver Towers,Hell's Kitchen Polygon,2025-03,FREEMIUM,false,false,false,false
5011,Silver Towers,Hell's Kitchen Polygon,2025-03,FREEMIUM,false,false,false,false
5012,Silver Towers,Hell's Kitchen Polygon,2025-03,FREEMIUM,false,false,false,false
5013,Silver Towers,Hell's Kitchen Polygon,2025-03,FREEMIUM,false,false,false,false
5013,Silver Towers,Hell's Kitchen Polygon,2025-03,FREEMIUM,false,false,false,false
2460,Silver Towers,Hell's Kitchen Polygon,2025-03,FREEMIUM,false,false,false,false
5014,Silver Towers,Hell's Kitchen Polygon,2025-03,FREEMIUM,false,false,false,false
2407,Silver Towers,Hell's Kitchen Polygon,2025-03,FREEMIUM,false,false,false,false
5015,Silver Towers,Hell's Kitchen Polygon,2025-03,FREEMIUM,false,false,false,false
5015,Silver Towers,Hell's Kitchen Polygon,2025-03,FREEMIUM,false,false,false,false
5016,Silver Towers,Hell's Kitchen Polygon,2025-03,FREEMIUM,false,false,false,false
5017,Silver Towers,Hell's Kitchen Polygon,2025-03,FREEMIUM,false,false,false,false
5018,Silver Towers,Hell's Kitchen Polygon,2025-03,FREEMIUM,false,false,false,false
5019,Silver Towers,Hell's Kitchen Polygon,2025-03,FREEMIUM,false,false,false,false
5020,Silver Towers,Hell's Kitchen Polygon,2025-03,FREEMIUM,false,false,false,false
5021,Silver Towers,Hell's Kitchen Polygon,2025-03,FREEMIUM,false,false,false,false
5021,Silver Towers,Hell's Kitchen Polygon,2025-03,FREEMIUM,false,false,false,false
5022,Silver Towers,Hell's Kitchen Polygon,2025-03,FREEMIUM,false,false,false,false
5022,Silver Towers,Hell's Kitchen Polygon,2025-03,FREEMIUM,false,false,false,false
5023,Silver Towers,Hell's Kitchen Polygon,2025-03,FREEMIUM,false,false,false,false
5023,Silver Towers,Hell's Kitchen Polygon,2025-03,FREEMIUM,false,false,false,false
5024,Silver Towers,Hell's Kitchen Polygon,2025-03,FREEMIUM,false,false,false,false
5025,Silver Towers,Hell's Kitchen Polygon,2025-03,FREEMIUM,false,false,false,false
5025,Silver Towers,Hell's Kitchen Polygon,2025-03,FREEMIUM,false,false,false,false
5026,Silver Towers,Hell's Kitchen Polygon,2025-03,FREEMIUM,false,false,false,false
5026,Silver Towers,Hell's Kitchen Polygon,2025-03,FREEMIUM,false,false,false,false
5027,Silver Towers,Hell's Kitchen Polygon,2025-03,FREEMIUM,false,false,false,false
5027,Silver Towers,Hell's Kitchen Polygon,2025-03,FREEMIUM,false,false,false,false
5028,Silver Towers,Hell's Kitchen Polygon,2025-03,FREEMIUM,true,false,false,false
5028,Silver Towers,Hell's Kitchen Polygon,2025-03,FREEMIUM,true,false,false,false
5029,Silver Towers,Hell's Kitchen Polygon,2025-03,FREEMIUM,false,false,false,false
5030,Silver Towers,Hell's Kitchen Polygon,2025-03,FREEMIUM,false,false,false,false
5030,Silver Towers,Hell's Kitchen Polygon,2025-03,FREEMIUM,false,false,false,false
5031,Silver Towers,Hell's Kitchen Polygon,2025-03,FREEMIUM,false,false,false,false
5031,Silver Towers,Hell's Kitchen Polygon,2025-03,FREEMIUM,false,false,false,false
1354,Silver Towers,Hell's Kitchen Polygon,2025-03,FREEMIUM,false,false,false,false
5032,Silver Towers,Hell's Kitchen Polygon,2025-03,FREEMIUM,false,false,false,false
5032,Silver Towers,Hell's Kitchen Polygon,2025-03,FREEMIUM,false,false,false,false
5033,Silver Towers,Hell's Kitchen Polygon,2025-03,FREEMIUM,false,false,false,false
5034,Silver Towers,Hell's Kitchen Polygon,2025-03,FREEMIUM,false,false,false,false
5035,Silver Towers,Hell's Kitchen Polygon,2025-03,FREEMIUM,true,false,false,false
5035,Silver Towers,Hell's Kitchen Polygon,2025-03,FREEMIUM,true,false,false,false
3189,Silver Towers,Hell's Kitchen Polygon,2025-03,FREEMIUM,true,false,false,false
5036,Silver Towers,Hell's Kitchen Polygon,2025-03,FREEMIUM,false,false,false,false
5036,Silver Towers,Hell's Kitchen Polygon,2025-03,FREEMIUM,false,false,false,false
5037,Silver Towers,Hell's Kitchen Polygon,2025-03,FREEMIUM,false,false,false,false
5037,Silver Towers,Hell's Kitchen Polygon,2025-03,FREEMIUM,false,false,false,false
5038,Silver Towers,Hell's Kitchen Polygon,2025-03,FREEMIUM,false,false,false,false
5038,Silver Towers,Hell's Kitchen Polygon,2025-03,FREEMIUM,false,false,false,false
5038,Silver Towers,Hell's Kitchen Polygon,2025-03,FREEMIUM,false,false,false,false
5039,Silver Towers,Hell's Kitchen Polygon,2025-03,FREEMIUM,false,false,false,false
5040,Silver Towers,Hell's Kitchen Polygon,2025-03,FREEMIUM,false,false,false,false
5040,Silver Towers,Hell's Kitchen Polygon,2025-03,FREEMIUM,false,false,false,false
5041,Silver Towers,Hell's Kitchen Polygon,2025-03,FREEMIUM,false,false,false,false
5042,Silver Towers,Hell's Kitchen Polygon,2025-03,FREEMIUM,false,false,false,false
1155,Silver Towers,Hell's Kitchen Polygon,2025-03,FREEMIUM,false,false,false,false
1155,Silver Towers,Hell's Kitchen Polygon,2025-03,FREEMIUM,false,false,false,false
5043,Silver Towers,Hell's Kitchen Polygon,2025-03,FREEMIUM,false,false,false,false
5044,Silver Towers,Hell's Kitchen Polygon,2025-03,FREEMIUM,false,false,false,false
5045,Silver Towers,Hell's Kitchen Polygon,2025-03,FREEMIUM,false,false,false,false
2761,Silver Towers,Hell's Kitchen Polygon,2025-03,ON_DEMAND_SUBSCRIPTION,false,true,false,true
5046,Silver Towers,Hell's Kitchen Polygon,2025-03,FREEMIUM,false,false,false,false
5047,Silver Towers,Hell's Kitchen Polygon,2025-03,FREEMIUM,false,false,false,false
1367,Silver Towers,Hell's Kitchen Polygon,2025-03,FREEMIUM,false,false,false,false
5049,Silver Towers,Hell's Kitchen Polygon,2025-03,FREEMIUM,false,false,false,false
3054,Silver Towers,Hell's Kitchen Polygon,2025-03,FREEMIUM,false,false,false,false
3054,Silver Towers,Hell's Kitchen Polygon,2025-03,FREEMIUM,false,false,false,false
5050,Silver Towers,Hell's Kitchen Polygon,2025-03,FREEMIUM,false,false,false,false
5050,Silver Towers,Hell's Kitchen Polygon,2025-03,FREEMIUM,false,false,false,false
2876,Silver Towers,Hell's Kitchen Polygon,2025-03,CHURN,true,false,false,false
5051,Silver Towers,Hell's Kitchen Polygon,2025-03,FREEMIUM,false,false,false,false
444,Silver Towers,Hell's Kitchen Polygon,2025-03,FREEMIUM,true,false,false,false
5052,Silver Towers,Hell's Kitchen Polygon,2025-03,FREEMIUM,false,false,false,false
5053,Silver Towers,Hell's Kitchen Polygon,2025-03,FREEMIUM,false,false,false,false
5054,Silver Towers,Hell's Kitchen Polygon,2025-03,TRIAL,false,false,false,false
5054,Silver Towers,Hell's Kitchen Polygon,2025-03,TRIAL,false,false,false,false
1058,Silver Towers,Hell's Kitchen Polygon,2025-03,FREEMIUM,false,false,false,false
5055,Silver Towers,Hell's Kitchen Polygon,2025-03,FREEMIUM,false,false,false,false
620,Silver Towers,Hell's Kitchen Polygon,2025-03,FREEMIUM,true,false,false,false
4973,Silver Towers,Hell's Kitchen Polygon,2025-03,FREEMIUM,true,false,false,false
1042,Silver Towers,Hell's Kitchen Polygon,2025-03,FREEMIUM,true,false,false,false
1042,Silver Towers,Hell's Kitchen Polygon,2025-03,FREEMIUM,true,false,false,false
5056,Silver Towers,Hell's Kitchen Polygon,2025-03,FREEMIUM,false,false,false,false
5057,Silver Towers,Hell's Kitchen Polygon,2025-03,FREEMIUM,false,false,false,false
5057,Silver Towers,Hell's Kitchen Polygon,2025-03,FREEMIUM,false,false,false,false
5058,Silver Towers,Hell's Kitchen Polygon,2025-03,ON_DEMAND_SUBSCRIPTION,true,true,false,true
5059,Silver Towers,Hell's Kitchen Polygon,2025-03,FREEMIUM,false,false,false,false
5059,Silver Towers,Hell's Kitchen Polygon,2025-03,FREEMIUM,false,false,false,false
5060,Silver Towers,Hell's Kitchen Polygon,2025-03,FREEMIUM,false,false,false,false
5061,Silver Towers,Hell's Kitchen Polygon,2025-03,FREEMIUM,false,false,false,false
5061,Silver Towers,Hell's Kitchen Polygon,2025-03,FREEMIUM,false,false,false,false
5062,Silver Towers,Hell's Kitchen Polygon,2025-03,FREEMIUM,false,false,false,false
5063,Silver Towers,Hell's Kitchen Polygon,2025-03,FREEMIUM,false,false,false,false
5064,Silver Towers,Hell's Kitchen Polygon,2025-03,FREEMIUM,false,false,false,false
5064,Silver Towers,Hell's Kitchen Polygon,2025-03,FREEMIUM,false,false,false,false
5066,Silver Towers,Hell's Kitchen Polygon,2025-03,FREEMIUM,false,false,false,false
5066,Silver Towers,Hell's Kitchen Polygon,2025-03,FREEMIUM,false,false,false,false
5067,Silver Towers,Hell's Kitchen Polygon,2025-03,FREEMIUM,false,false,false,false
617,Silver Towers,Hell's Kitchen Polygon,2025-03,FREEMIUM,true,false,false,false
1061,Silver Towers,Hell's Kitchen Polygon,2025-03,RECURRING_SUBSCRIPTION,false,true,true,false
5068,Silver Towers,Hell's Kitchen Polygon,2025-03,FREEMIUM,false,false,false,false
5068,Silver Towers,Hell's Kitchen Polygon,2025-03,FREEMIUM,false,false,false,false
5069,Silver Towers,Hell's Kitchen Polygon,2025-03,FREEMIUM,false,false,false,false
5070,Silver Towers,Hell's Kitchen Polygon,2025-03,FREEMIUM,false,false,false,false
5071,Silver Towers,Hell's Kitchen Polygon,2025-03,FREEMIUM,false,false,false,false
5071,Silver Towers,Hell's Kitchen Polygon,2025-03,FREEMIUM,false,false,false,false
5072,Silver Towers,Hell's Kitchen Polygon,2025-03,FREEMIUM,false,false,false,false
5073,Silver Towers,Hell's Kitchen Polygon,2025-03,FREEMIUM,false,false,false,false
5074,Silver Towers,Hell's Kitchen Polygon,2025-03,FREEMIUM,false,false,false,false
5075,Silver Towers,Hell's Kitchen Polygon,2025-03,FREEMIUM,false,false,false,false
5076,Silver Towers,Hell's Kitchen Polygon,2025-03,FREEMIUM,false,false,false,false
2663,Silver Towers,Hell's Kitchen Polygon,2025-03,FREEMIUM,false,false,false,false
5077,Silver Towers,Hell's Kitchen Polygon,2025-03,FREEMIUM,false,false,false,false
5077,Silver Towers,Hell's Kitchen Polygon,2025-03,FREEMIUM,false,false,false,false
3053,Silver Towers,Hell's Kitchen Polygon,2025-03,ON_DEMAND_SUBSCRIPTION,false,true,false,true
5078,Silver Towers,Hell's Kitchen Polygon,2025-03,FREEMIUM,false,false,false,false
5079,Silver Towers,Hell's Kitchen Polygon,2025-03,FREEMIUM,false,false,false,false
5080,Silver Towers,Hell's Kitchen Polygon,2025-03,FREEMIUM,false,false,false,false
5080,Silver Towers,Hell's Kitchen Polygon,2025-03,FREEMIUM,false,false,false,false
5081,Silver Towers,Hell's Kitchen Polygon,2025-03,FREEMIUM,false,false,false,false
5081,Silver Towers,Hell's Kitchen Polygon,2025-03,FREEMIUM,false,false,false,false
5083,Silver Towers,Hell's Kitchen Polygon,2025-03,FREEMIUM,false,false,false,false
5084,Silver Towers,Hell's Kitchen Polygon,2025-03,FREEMIUM,false,false,false,false
5084,Silver Towers,Hell's Kitchen Polygon,2025-03,FREEMIUM,false,false,false,false
5086,Silver Towers,Hell's Kitchen Polygon,2025-03,FREEMIUM,false,false,false,false
5086,Silver Towers,Hell's Kitchen Polygon,2025-03,FREEMIUM,false,false,false,false
5087,Silver Towers,Hell's Kitchen Polygon,2025-03,FREEMIUM,false,false,false,false
5088,Silver Towers,Hell's Kitchen Polygon,2025-03,FREEMIUM,false,false,false,false
5089,Silver Towers,Hell's Kitchen Polygon,2025-03,FREEMIUM,false,false,false,false
5090,Silver Towers,Hell's Kitchen Polygon,2025-03,FREEMIUM,false,false,false,false
5090,Silver Towers,Hell's Kitchen Polygon,2025-03,FREEMIUM,false,false,false,false
5091,Silver Towers,Hell's Kitchen Polygon,2025-03,FREEMIUM,false,false,false,false
5092,Silver Towers,Hell's Kitchen Polygon,2025-03,FREEMIUM,false,false,false,false
5092,Silver Towers,Hell's Kitchen Polygon,2025-03,FREEMIUM,false,false,false,false
5093,Silver Towers,Hell's Kitchen Polygon,2025-03,FREEMIUM,false,false,false,false
5094,Silver Towers,Hell's Kitchen Polygon,2025-03,FREEMIUM,false,false,false,false
5095,Silver Towers,Hell's Kitchen Polygon,2025-03,FREEMIUM,false,false,false,false
5095,Silver Towers,Hell's Kitchen Polygon,2025-03,FREEMIUM,false,false,false,false
5096,Silver Towers,Hell's Kitchen Polygon,2025-03,FREEMIUM,false,false,false,false
5097,Silver Towers,Hell's Kitchen Polygon,2025-03,FREEMIUM,false,false,false,false
5098,Silver Towers,Hell's Kitchen Polygon,2025-03,FREEMIUM,false,false,false,false
5098,Silver Towers,Hell's Kitchen Polygon,2025-03,FREEMIUM,false,false,false,false
5099,Silver Towers,Hell's Kitchen Polygon,2025-03,FREEMIUM,false,false,false,false
5100,Silver Towers,Hell's Kitchen Polygon,2025-03,FREEMIUM,false,false,false,false
2281,Silver Towers,Hell's Kitchen Polygon,2025-03,FREEMIUM,false,false,false,false
5101,Silver Towers,Hell's Kitchen Polygon,2025-03,WARM_LEAD,false,false,false,false
5102,Silver Towers,Hell's Kitchen Polygon,2025-03,FREEMIUM,false,false,false,false
5103,Silver Towers,Hell's Kitchen Polygon,2025-03,FREEMIUM,false,false,false,false
5103,Silver Towers,Hell's Kitchen Polygon,2025-03,FREEMIUM,false,false,false,false
5104,Silver Towers,Hell's Kitchen Polygon,2025-03,FREEMIUM,false,false,false,false
5105,Silver Towers,Hell's Kitchen Polygon,2025-03,FREEMIUM,false,false,false,false
5105,Silver Towers,Hell's Kitchen Polygon,2025-03,FREEMIUM,false,false,false,false
5106,Silver Towers,Hell's Kitchen Polygon,2025-03,FREEMIUM,false,false,false,false
5107,Silver Towers,Hell's Kitchen Polygon,2025-03,FREEMIUM,false,false,false,false
5108,Silver Towers,Hell's Kitchen Polygon,2025-03,FREEMIUM,false,false,false,false
5109,Silver Towers,Hell's Kitchen Polygon,2025-03,FREEMIUM,false,false,false,false
5109,Silver Towers,Hell's Kitchen Polygon,2025-03,FREEMIUM,false,false,false,false
5109,Silver Towers,Hell's Kitchen Polygon,2025-03,FREEMIUM,false,false,false,false
5110,Silver Towers,Hell's Kitchen Polygon,2025-03,WARM_LEAD,true,false,false,false
5111,Silver Towers,Hell's Kitchen Polygon,2025-03,FREEMIUM,false,false,false,false
5112,Silver Towers,Hell's Kitchen Polygon,2025-03,FREEMIUM,false,false,false,false
5114,Silver Towers,Hell's Kitchen Polygon,2025-03,FREEMIUM,false,false,false,false
5114,Silver Towers,Hell's Kitchen Polygon,2025-03,FREEMIUM,false,false,false,false
1217,Silver Towers,Hell's Kitchen Polygon,2025-03,FREEMIUM,false,false,false,false
1217,Silver Towers,Hell's Kitchen Polygon,2025-03,FREEMIUM,false,false,false,false
5115,Silver Towers,Hell's Kitchen Polygon,2025-03,FREEMIUM,false,false,false,false
5115,Silver Towers,Hell's Kitchen Polygon,2025-03,FREEMIUM,false,false,false,false
5116,Silver Towers,Hell's Kitchen Polygon,2025-03,FREEMIUM,false,false,false,false
5117,Silver Towers,Hell's Kitchen Polygon,2025-03,FREEMIUM,false,false,false,false
5118,Silver Towers,Hell's Kitchen Polygon,2025-03,FREEMIUM,false,false,false,false
3007,Silver Towers,Hell's Kitchen Polygon,2025-03,FREEMIUM,false,false,false,false
5119,Silver Towers,Hell's Kitchen Polygon,2025-03,FREEMIUM,false,false,false,false
5120,Silver Towers,Hell's Kitchen Polygon,2025-03,FREEMIUM,false,false,false,false
5120,Silver Towers,Hell's Kitchen Polygon,2025-03,FREEMIUM,false,false,false,false
5121,Silver Towers,Hell's Kitchen Polygon,2025-03,FREEMIUM,false,false,false,false
5122,Silver Towers,Hell's Kitchen Polygon,2025-03,FREEMIUM,false,false,false,false
5123,Silver Towers,Hell's Kitchen Polygon,2025-03,FREEMIUM,false,false,false,false
5124,Silver Towers,Hell's Kitchen Polygon,2025-03,FREEMIUM,false,false,false,false
5125,Silver Towers,Hell's Kitchen Polygon,2025-03,FREEMIUM,false,false,false,false
5125,Silver Towers,Hell's Kitchen Polygon,2025-03,FREEMIUM,false,false,false,false
5126,Silver Towers,Hell's Kitchen Polygon,2025-03,FREEMIUM,false,false,false,false
5126,Silver Towers,Hell's Kitchen Polygon,2025-03,FREEMIUM,false,false,false,false
5127,Silver Towers,Hell's Kitchen Polygon,2025-03,FREEMIUM,false,false,false,false
5128,Silver Towers,Hell's Kitchen Polygon,2025-03,FREEMIUM,false,false,false,false
5129,Silver Towers,Hell's Kitchen Polygon,2025-03,FREEMIUM,true,false,false,false
5130,Silver Towers,Hell's Kitchen Polygon,2025-03,FREEMIUM,false,false,false,false
5131,Silver Towers,Hell's Kitchen Polygon,2025-03,FREEMIUM,false,false,false,false
5132,Silver Towers,Hell's Kitchen Polygon,2025-03,FREEMIUM,false,false,false,false
5133,Silver Towers,Hell's Kitchen Polygon,2025-03,FREEMIUM,false,false,false,false
5134,Silver Towers,Hell's Kitchen Polygon,2025-03,FREEMIUM,false,false,false,false
5134,Silver Towers,Hell's Kitchen Polygon,2025-03,FREEMIUM,false,false,false,false
5135,Silver Towers,Hell's Kitchen Polygon,2025-03,FREEMIUM,false,false,false,false
5136,Silver Towers,Hell's Kitchen Polygon,2025-03,FREEMIUM,false,false,false,false
5136,Silver Towers,Hell's Kitchen Polygon,2025-03,FREEMIUM,false,false,false,false
5137,Silver Towers,Hell's Kitchen Polygon,2025-03,FREEMIUM,false,false,false,false
5138,Silver Towers,Hell's Kitchen Polygon,2025-03,FREEMIUM,false,false,false,false
5139,Silver Towers,Hell's Kitchen Polygon,2025-03,FREEMIUM,false,false,false,false
5140,Silver Towers,Hell's Kitchen Polygon,2025-03,FREEMIUM,false,false,false,false
5141,Silver Towers,Hell's Kitchen Polygon,2025-03,FREEMIUM,false,false,false,false
5142,Silver Towers,Hell's Kitchen Polygon,2025-03,FREEMIUM,false,false,false,false
5142,Silver Towers,Hell's Kitchen Polygon,2025-03,FREEMIUM,false,false,false,false
5143,Silver Towers,Hell's Kitchen Polygon,2025-03,FREEMIUM,false,false,false,false
5143,Silver Towers,Hell's Kitchen Polygon,2025-03,FREEMIUM,false,false,false,false
5144,Silver Towers,Hell's Kitchen Polygon,2025-03,FREEMIUM,false,false,false,false
5145,Silver Towers,Hell's Kitchen Polygon,2025-03,FREEMIUM,false,false,false,false
5145,Silver Towers,Hell's Kitchen Polygon,2025-03,FREEMIUM,false,false,false,false
5146,Silver Towers,Hell's Kitchen Polygon,2025-03,FREEMIUM,false,false,false,false
5146,Silver Towers,Hell's Kitchen Polygon,2025-03,FREEMIUM,false,false,false,false
5147,Silver Towers,Hell's Kitchen Polygon,2025-03,FREEMIUM,false,false,false,false
694,Silver Towers,Hell's Kitchen Polygon,2025-03,FREEMIUM,true,false,false,false
694,Silver Towers,Hell's Kitchen Polygon,2025-03,FREEMIUM,true,false,false,false
5148,Silver Towers,Hell's Kitchen Polygon,2025-03,FREEMIUM,false,false,false,false
5149,Silver Towers,Hell's Kitchen Polygon,2025-03,FREEMIUM,false,false,false,false
5110,Silver Towers,Hell's Kitchen Polygon,2025-03,WARM_LEAD,true,false,false,false
5149,Silver Towers,Hell's Kitchen Polygon,2025-03,FREEMIUM,false,false,false,false
5150,Silver Towers,Hell's Kitchen Polygon,2025-03,FREEMIUM,false,false,false,false
5151,Silver Towers,Hell's Kitchen Polygon,2025-03,FREEMIUM,false,false,false,false
2057,Silver Towers,Hell's Kitchen Polygon,2025-03,RECURRING_SUBSCRIPTION,true,true,true,false
2057,Silver Towers,Hell's Kitchen Polygon,2025-03,RECURRING_SUBSCRIPTION,true,true,true,false
2057,Silver Towers,Hell's Kitchen Polygon,2025-03,RECURRING_SUBSCRIPTION,true,true,true,false
5152,Silver Towers,Hell's Kitchen Polygon,2025-03,FREEMIUM,false,false,false,false
2585,Silver Towers,Hell's Kitchen Polygon,2025-03,ON_DEMAND_SUBSCRIPTION,true,true,false,true
2585,Silver Towers,Hell's Kitchen Polygon,2025-03,ON_DEMAND_SUBSCRIPTION,true,true,false,true
2585,Silver Towers,Hell's Kitchen Polygon,2025-03,ON_DEMAND_SUBSCRIPTION,true,true,false,true
2585,Silver Towers,Hell's Kitchen Polygon,2025-03,ON_DEMAND_SUBSCRIPTION,true,true,false,true
2585,Silver Towers,Hell's Kitchen Polygon,2025-03,ON_DEMAND_SUBSCRIPTION,true,true,false,true
5153,Silver Towers,Hell's Kitchen Polygon,2025-03,FREEMIUM,false,false,false,false
5153,Silver Towers,Hell's Kitchen Polygon,2025-03,FREEMIUM,false,false,false,false
5154,Silver Towers,Hell's Kitchen Polygon,2025-03,FREEMIUM,false,false,false,false
5155,Silver Towers,Hell's Kitchen Polygon,2025-03,FREEMIUM,false,false,false,false
5156,Silver Towers,Hell's Kitchen Polygon,2025-03,ON_DEMAND_SUBSCRIPTION,false,true,false,true
5156,Silver Towers,Hell's Kitchen Polygon,2025-03,ON_DEMAND_SUBSCRIPTION,false,true,false,true
5157,Silver Towers,Hell's Kitchen Polygon,2025-03,FREEMIUM,false,false,false,false
5158,Silver Towers,Hell's Kitchen Polygon,2025-03,FREEMIUM,false,false,false,false
5159,Silver Towers,Hell's Kitchen Polygon,2025-03,FREEMIUM,false,false,false,false
5160,Silver Towers,Hell's Kitchen Polygon,2025-03,FREEMIUM,false,false,false,false
5161,Silver Towers,Hell's Kitchen Polygon,2025-03,FREEMIUM,false,false,false,false
5161,Silver Towers,Hell's Kitchen Polygon,2025-03,FREEMIUM,false,false,false,false
5161,Silver Towers,Hell's Kitchen Polygon,2025-03,FREEMIUM,false,false,false,false
5161,Silver Towers,Hell's Kitchen Polygon,2025-03,FREEMIUM,false,false,false,false
5162,Silver Towers,Hell's Kitchen Polygon,2025-03,FREEMIUM,false,false,false,false
5162,Silver Towers,Hell's Kitchen Polygon,2025-03,FREEMIUM,false,false,false,false
5163,Silver Towers,Hell's Kitchen Polygon,2025-03,FREEMIUM,false,false,false,false
5163,Silver Towers,Hell's Kitchen Polygon,2025-03,FREEMIUM,false,false,false,false
5164,Silver Towers,Hell's Kitchen Polygon,2025-03,FREEMIUM,false,false,false,false
5165,Silver Towers,Hell's Kitchen Polygon,2025-03,FREEMIUM,false,false,false,false
5165,Silver Towers,Hell's Kitchen Polygon,2025-03,FREEMIUM,false,false,false,false
5166,Silver Towers,Hell's Kitchen Polygon,2025-03,FREEMIUM,false,false,false,false
1433,Silver Towers,Hell's Kitchen Polygon,2025-03,FREEMIUM,true,false,false,false
5167,Silver Towers,Hell's Kitchen Polygon,2025-03,ON_DEMAND_SUBSCRIPTION,false,true,false,true
5168,Silver Towers,Hell's Kitchen Polygon,2025-03,FREEMIUM,false,false,false,false
5168,Silver Towers,Hell's Kitchen Polygon,2025-03,FREEMIUM,false,false,false,false
5169,Silver Towers,Hell's Kitchen Polygon,2025-03,FREEMIUM,false,false,false,false
5169,Silver Towers,Hell's Kitchen Polygon,2025-03,FREEMIUM,false,false,false,false
5170,Silver Towers,Hell's Kitchen Polygon,2025-03,FREEMIUM,false,false,false,false
5171,Silver Towers,Hell's Kitchen Polygon,2025-03,FREEMIUM,false,false,false,false
5172,Silver Towers,Hell's Kitchen Polygon,2025-03,FREEMIUM,false,false,false,false
5172,Silver Towers,Hell's Kitchen Polygon,2025-03,FREEMIUM,false,false,false,false
5173,Silver Towers,Hell's Kitchen Polygon,2025-03,FREEMIUM,false,false,false,false
5173,Silver Towers,Hell's Kitchen Polygon,2025-03,FREEMIUM,false,false,false,false
5174,Silver Towers,Hell's Kitchen Polygon,2025-03,FREEMIUM,false,false,false,false
5175,Silver Towers,Hell's Kitchen Polygon,2025-03,FREEMIUM,false,false,false,false
5176,Silver Towers,Hell's Kitchen Polygon,2025-03,FREEMIUM,false,false,false,false
5177,Silver Towers,Hell's Kitchen Polygon,2025-03,FREEMIUM,false,false,false,false
5178,Silver Towers,Hell's Kitchen Polygon,2025-03,FREEMIUM,true,false,false,false
5178,Silver Towers,Hell's Kitchen Polygon,2025-03,FREEMIUM,true,false,false,false
5178,Silver Towers,Hell's Kitchen Polygon,2025-03,FREEMIUM,true,false,false,false
5179,Silver Towers,Hell's Kitchen Polygon,2025-03,FREEMIUM,false,false,false,false
5180,Silver Towers,Hell's Kitchen Polygon,2025-03,FREEMIUM,false,false,false,false
5180,Silver Towers,Hell's Kitchen Polygon,2025-03,FREEMIUM,false,false,false,false
5181,Silver Towers,Hell's Kitchen Polygon,2025-03,FREEMIUM,false,false,false,false
5181,Silver Towers,Hell's Kitchen Polygon,2025-03,FREEMIUM,false,false,false,false
5182,Silver Towers,Hell's Kitchen Polygon,2025-03,FREEMIUM,false,false,false,false
5182,Silver Towers,Hell's Kitchen Polygon,2025-03,FREEMIUM,false,false,false,false
5182,Silver Towers,Hell's Kitchen Polygon,2025-03,FREEMIUM,false,false,false,false
5183,Silver Towers,Hell's Kitchen Polygon,2025-03,FREEMIUM,false,false,false,false
5183,Silver Towers,Hell's Kitchen Polygon,2025-03,FREEMIUM,false,false,false,false
5184,Silver Towers,Hell's Kitchen Polygon,2025-03,FREEMIUM,false,false,false,false
5185,Silver Towers,Hell's Kitchen Polygon,2025-03,FREEMIUM,false,false,false,false
5186,Silver Towers,Hell's Kitchen Polygon,2025-03,FREEMIUM,false,false,false,false
5188,Silver Towers,Hell's Kitchen Polygon,2025-03,FREEMIUM,false,false,false,false
5189,Silver Towers,Hell's Kitchen Polygon,2025-03,FREEMIUM,false,false,false,false
5189,Silver Towers,Hell's Kitchen Polygon,2025-03,FREEMIUM,false,false,false,false
5190,Silver Towers,Hell's Kitchen Polygon,2025-03,FREEMIUM,false,false,false,false
5190,Silver Towers,Hell's Kitchen Polygon,2025-03,FREEMIUM,false,false,false,false
5190,Silver Towers,Hell's Kitchen Polygon,2025-03,FREEMIUM,false,false,false,false
5191,Silver Towers,Hell's Kitchen Polygon,2025-03,FREEMIUM,false,false,false,false
5191,Silver Towers,Hell's Kitchen Polygon,2025-03,FREEMIUM,false,false,false,false
5192,Silver Towers,Hell's Kitchen Polygon,2025-03,FREEMIUM,false,false,false,false
5192,Silver Towers,Hell's Kitchen Polygon,2025-03,FREEMIUM,false,false,false,false
5202,Silver Towers,Hell's Kitchen Polygon,2025-03,FREEMIUM,false,false,false,false
5043,Silver Towers,Hell's Kitchen Polygon,2025-03,FREEMIUM,false,false,false,false
2090,Silver Towers,Hell's Kitchen Polygon,2025-03,FREEMIUM,false,false,false,false
451,Silver Towers,Hell's Kitchen Polygon,2025-03,RECURRING_SUBSCRIPTION,true,true,true,false
5218,Silver Towers,Hell's Kitchen Polygon,2025-03,FREEMIUM,false,false,false,false
5224,Silver Towers,Hell's Kitchen Polygon,2025-03,FREEMIUM,false,false,false,false
5225,Silver Towers,Hell's Kitchen Polygon,2025-03,FREEMIUM,false,false,false,false
5077,Silver Towers,Hell's Kitchen Polygon,2025-03,FREEMIUM,false,false,false,false
5226,Silver Towers,Hell's Kitchen Polygon,2025-03,FREEMIUM,false,false,false,false
770,Silver Towers,Hell's Kitchen Polygon,2025-03,TRIAL,false,false,false,false
5223,Silver Towers,Hell's Kitchen Polygon,2025-03,FREEMIUM,false,false,false,false
5222,Silver Towers,Hell's Kitchen Polygon,2025-03,FREEMIUM,false,false,false,false
1356,Silver Towers,Hell's Kitchen Polygon,2025-03,CHURN,true,false,false,false
5010,Silver Towers,Hell's Kitchen Polygon,2025-03,WARM_LEAD,false,false,false,false
5048,Silver Towers,Hell's Kitchen Polygon,2025-03,CHURN,true,false,false,false
4859,Silver Towers,Hell's Kitchen Polygon,2025-03,FREEMIUM,true,false,false,false
4819,Silver Towers,Hell's Kitchen Polygon,2025-03,FREEMIUM,false,false,false,false
5219,Silver Towers,Hell's Kitchen Polygon,2025-03,FREEMIUM,true,false,false,false
3943,Silver Towers,Hell's Kitchen Polygon,2025-03,FREEMIUM,false,false,false,false
3914,Silver Towers,Hell's Kitchen Polygon,2025-03,ON_DEMAND_SUBSCRIPTION,false,true,false,true
4985,Silver Towers,Hell's Kitchen Polygon,2025-03,RECURRING_SUBSCRIPTION,true,true,true,false
4940,Silver Towers,Hell's Kitchen Polygon,2025-03,FREEMIUM,true,false,false,false
3861,Stonehill,Chatham / West Orange Polygon,2025-03,FREEMIUM,false,false,false,false
3570,Stonehill,Chatham / West Orange Polygon,2025-03,FREEMIUM,false,false,false,false
5198,The Boulevard,Floating Miami,2025-03,LEAD,false,false,false,false
5203,The Dime,Williamsburg Polygon,2025-03,FREEMIUM,true,false,false,false
3956,The Dime,Williamsburg Polygon,2025-03,CHURN,true,false,false,false
5199,The Dime,Williamsburg Polygon,2025-03,ON_DEMAND_SUBSCRIPTION,true,true,false,true
3597,The Eddy,Harrison Polygon,2025-03,FREEMIUM,false,false,false,false
3903,The Eddy,Harrison Polygon,2025-03,FREEMIUM,false,false,false,false
3915,The Eddy,Harrison Polygon,2025-03,FREEMIUM,false,false,false,false
3598,The Eddy,Harrison Polygon,2025-03,FREEMIUM,false,false,false,false
3714,The Eddy,Harrison Polygon,2025-03,FREEMIUM,false,false,false,false
3767,The Eddy,Harrison Polygon,2025-03,FREEMIUM,false,false,false,false
3565,The Enclave,Hoboken Polygon,2025-03,FREEMIUM,false,false,false,false
3887,The Enclave,Hoboken Polygon,2025-03,FREEMIUM,false,false,false,false
3716,The Ivy,Chatham / West Orange Polygon,2025-03,CHURN,true,false,false,false
5447,100 House,Hoboken Polygon,2025-04,WARM_LEAD,false,false,false,false
5428,100 House,Hoboken Polygon,2025-04,LEAD,false,false,false,false
5459,1 Boerum PL,Floating NY 2,2025-04,LEAD,false,false,false,false
5301,300 Somerset,Harrison Polygon,2025-04,WARM_LEAD,false,false,false,false
5282,300 Somerset,Harrison Polygon,2025-04,FREEMIUM,false,false,false,false
5455,330 Angelo Cifelli,Harrison Polygon,2025-04,LEAD,false,false,false,false
5456,330 Angelo Cifelli,Harrison Polygon,2025-04,RECURRING_SUBSCRIPTION,true,true,true,false
5430,330W-56th,Hell's Kitchen Polygon,2025-04,LEAD,false,false,false,false
5435,330W-56th,Hell's Kitchen Polygon,2025-04,LEAD,false,false,false,false
5283,655 Union,Boerum Hill Polygon,2025-04,ON_DEMAND_SUBSCRIPTION,false,true,false,true
5467,655 Union,Boerum Hill Polygon,2025-04,LEAD,false,false,false,false
5253,655 Union,Boerum Hill Polygon,2025-04,CHURN,true,false,false,false
5249,655 Union,Boerum Hill Polygon,2025-04,FREEMIUM,true,false,false,false
5240,655 Union,Boerum Hill Polygon,2025-04,FREEMIUM,false,false,false,false
5238,655 Union,Boerum Hill Polygon,2025-04,FREEMIUM,false,false,false,false
5248,655 Union,Boerum Hill Polygon,2025-04,FREEMIUM,true,false,false,false
5390,655 Union,Boerum Hill Polygon,2025-04,CHURN,true,false,false,false
5429,655 Union,Boerum Hill Polygon,2025-04,LEAD,false,false,false,false
5324,Azrieli TLV,Unknown,2025-04,COLD_LEAD,false,false,false,false
5444,Azrieli TLV,Unknown,2025-04,TRIAL,false,false,false,false
5230,Gindi 1,Unknown,2025-04,CHURN,true,false,false,false
1299,Gindi 1,Unknown,2025-04,TRIAL,false,false,false,false
3080,Gindi 1,Unknown,2025-04,COLD_LEAD,false,false,false,false
3080,Gindi 1,Unknown,2025-04,COLD_LEAD,false,false,false,false
5440,Gindi 2,Unknown,2025-04,COLD_LEAD,true,false,false,false
5279,Gindi 2,Unknown,2025-04,COLD_LEAD,false,false,false,false
539,Gindi 2,Unknown,2025-04,COLD_LEAD,false,false,false,false
189,Gindi 2,Unknown,2025-04,CHURN,false,false,false,false
2100,Gindi 2,Unknown,2025-04,COLD_LEAD,false,false,false,false
5490,Gindi 2,Unknown,2025-04,COLD_LEAD,false,false,false,false
5424,Gindi 2,Unknown,2025-04,TRIAL,false,false,false,false
5448,Gindi 3,Unknown,2025-04,ON_DEMAND_SUBSCRIPTION,false,true,false,true
5285,Gindi 3,Unknown,2025-04,COLD_LEAD,false,false,false,false
5268,Gindi 3,Unknown,2025-04,COLD_LEAD,false,false,false,false
5382,Gindi 3,Unknown,2025-04,COLD_LEAD,false,false,false,false
5496,Gindi 3,Unknown,2025-04,COLD_LEAD,false,false,false,false
2895,HaHehad,Unknown,2025-04,TRIAL,false,false,false,false
2596,HaHehad,Unknown,2025-04,ON_DEMAND_SUBSCRIPTION,false,true,false,true
5475,HaHehad,Unknown,2025-04,COLD_LEAD,false,false,false,false
5445,HaHehad,Unknown,2025-04,CHURN,true,false,false,false
5393,John Street 116,Financial District Polygon,2025-04,LEAD,false,false,false,false
2148,Nine 52,Hell's Kitchen Polygon,2025-04,LEAD,false,false,false,false
5303,Nine 52,Hell's Kitchen Polygon,2025-04,LEAD,false,false,false,false
5302,Nine 52,Hell's Kitchen Polygon,2025-04,CHURN,true,false,false,false
5464,Nine 52,Hell's Kitchen Polygon,2025-04,LEAD,true,false,false,false
5464,Nine 52,Hell's Kitchen Polygon,2025-04,LEAD,true,false,false,false
3021,Nine 52,Hell's Kitchen Polygon,2025-04,FREEMIUM,false,false,false,false
5385,One Ten,Hoboken Polygon,2025-04,LEAD,false,false,false,false
5469,One Ten,Hoboken Polygon,2025-04,WARM_LEAD,true,false,false,false
5479,River Place,Hell's Kitchen Polygon,2025-04,CHURN,true,false,false,false
3715,River Place,Hell's Kitchen Polygon,2025-04,FREEMIUM,false,false,false,false
4181,River Place,Hell's Kitchen Polygon,2025-04,FREEMIUM,false,false,false,false
5284,River Place,Hell's Kitchen Polygon,2025-04,FREEMIUM,false,false,false,false
5336,River Place,Hell's Kitchen Polygon,2025-04,TRIAL,false,false,false,false
5332,River Place,Hell's Kitchen Polygon,2025-04,TRIAL,true,false,false,false
2354,River Place,Hell's Kitchen Polygon,2025-04,RECURRING_SUBSCRIPTION,true,true,true,false
5307,River Place,Hell's Kitchen Polygon,2025-04,CHURN,true,false,false,false
5307,River Place,Hell's Kitchen Polygon,2025-04,CHURN,true,false,false,false
5281,River Place,Hell's Kitchen Polygon,2025-04,FREEMIUM,false,false,false,false
5262,River Place,Hell's Kitchen Polygon,2025-04,RECURRING_SUBSCRIPTION,true,true,true,false
2099,River Place,Hell's Kitchen Polygon,2025-04,RECURRING_SUBSCRIPTION,true,true,true,false
4525,River Place,Hell's Kitchen Polygon,2025-04,FREEMIUM,false,false,false,false
5465,River Place,Hell's Kitchen Polygon,2025-04,WARM_LEAD,false,false,false,false
1489,River Place,Hell's Kitchen Polygon,2025-04,FREEMIUM,true,false,false,false
1015,River Place,Hell's Kitchen Polygon,2025-04,TRIAL,true,false,false,false
5334,River Place,Hell's Kitchen Polygon,2025-04,RECURRING_SUBSCRIPTION,true,true,true,false
5403,River Place,Hell's Kitchen Polygon,2025-04,LEAD,false,false,false,false
1189,River Place,Hell's Kitchen Polygon,2025-04,FREEMIUM,false,false,false,false
5281,River Place,Hell's Kitchen Polygon,2025-04,FREEMIUM,false,false,false,false
5307,River Place,Hell's Kitchen Polygon,2025-04,CHURN,true,false,false,false
5289,River Place,Hell's Kitchen Polygon,2025-04,LEAD,false,false,false,false
2908,Silver Towers,Hell's Kitchen Polygon,2025-04,CHURN,true,false,false,false
5287,Silver Towers,Hell's Kitchen Polygon,2025-04,FREEMIUM,false,false,false,false
5286,Silver Towers,Hell's Kitchen Polygon,2025-04,FREEMIUM,false,false,false,false
4834,Silver Towers,Hell's Kitchen Polygon,2025-04,FREEMIUM,false,false,false,false
4817,Silver Towers,Hell's Kitchen Polygon,2025-04,FREEMIUM,false,false,false,false
5280,Silver Towers,Hell's Kitchen Polygon,2025-04,FREEMIUM,false,false,false,false
5252,Silver Towers,Hell's Kitchen Polygon,2025-04,FREEMIUM,false,false,false,false
5251,Silver Towers,Hell's Kitchen Polygon,2025-04,FREEMIUM,false,false,false,false
1356,Silver Towers,Hell's Kitchen Polygon,2025-04,CHURN,true,false,false,false
1413,Silver Towers,Hell's Kitchen Polygon,2025-04,TRIAL,false,false,false,false
4856,Silver Towers,Hell's Kitchen Polygon,2025-04,FREEMIUM,false,false,false,false
5229,Silver Towers,Hell's Kitchen Polygon,2025-04,FREEMIUM,false,false,false,false
5228,Silver Towers,Hell's Kitchen Polygon,2025-04,FREEMIUM,false,false,false,false
3053,Silver Towers,Hell's Kitchen Polygon,2025-04,ON_DEMAND_SUBSCRIPTION,false,true,false,true
5304,Silver Towers,Hell's Kitchen Polygon,2025-04,CHURN,true,false,false,false
4977,Silver Towers,Hell's Kitchen Polygon,2025-04,CHURN,true,false,false,false
5099,Silver Towers,Hell's Kitchen Polygon,2025-04,FREEMIUM,false,false,false,false
4974,Silver Towers,Hell's Kitchen Polygon,2025-04,FREEMIUM,false,false,false,false
5389,Silver Towers,Hell's Kitchen Polygon,2025-04,FREEMIUM,false,false,false,false
5236,Silver Towers,Hell's Kitchen Polygon,2025-04,FREEMIUM,true,false,false,false
5287,Silver Towers,Hell's Kitchen Polygon,2025-04,FREEMIUM,false,false,false,false
5392,Silver Towers,Hell's Kitchen Polygon,2025-04,FREEMIUM,false,false,false,false
5395,Silver Towers,Hell's Kitchen Polygon,2025-04,LEAD,false,false,false,false
5419,Silver Towers,Hell's Kitchen Polygon,2025-04,LEAD,false,false,false,false
1087,Silver Towers,Hell's Kitchen Polygon,2025-04,ON_DEMAND_SUBSCRIPTION,false,true,false,true
4990,Silver Towers,Hell's Kitchen Polygon,2025-04,FREEMIUM,false,false,false,false
5468,Silver Towers,Hell's Kitchen Polygon,2025-04,LEAD,false,false,false,false
5116,Silver Towers,Hell's Kitchen Polygon,2025-04,FREEMIUM,false,false,false,false
696,Silver Towers,Hell's Kitchen Polygon,2025-04,CHURN,true,false,false,false
1194,Silver Towers,Hell's Kitchen Polygon,2025-04,FREEMIUM,false,false,false,false
2760,Silver Towers,Hell's Kitchen Polygon,2025-04,TRIAL,false,false,false,false
735,Silver Towers,Hell's Kitchen Polygon,2025-04,TRIAL,false,false,false,false
5499,Silver Towers,Hell's Kitchen Polygon,2025-04,TRIAL,true,false,false,false
5000,Silver Towers,Hell's Kitchen Polygon,2025-04,TRIAL,true,false,false,false
5047,Silver Towers,Hell's Kitchen Polygon,2025-04,FREEMIUM,false,false,false,false
2026,Silver Towers,Hell's Kitchen Polygon,2025-04,TRIAL,true,false,false,false
5325,Silver Towers,Hell's Kitchen Polygon,2025-04,LEAD,false,false,false,false
4869,Silver Towers,Hell's Kitchen Polygon,2025-04,RECURRING_SUBSCRIPTION,false,true,true,false
5298,Stonehill,Chatham / West Orange Polygon,2025-04,LEAD,false,false,false,false
5452,Stonehill,Chatham / West Orange Polygon,2025-04,LEAD,false,false,false,false
5450,Stonehill,Chatham / West Orange Polygon,2025-04,LEAD,false,false,false,false
5478,Stonehill,Chatham / West Orange Polygon,2025-04,TRIAL,true,false,false,false
5335,Stonehill,Chatham / West Orange Polygon,2025-04,LEAD,false,false,false,false
5237,Stonehill,Chatham / West Orange Polygon,2025-04,FREEMIUM,false,false,false,false
5397,Stonehill,Chatham / West Orange Polygon,2025-04,WARM_LEAD,false,false,false,false
5398,Stonehill,Chatham / West Orange Polygon,2025-04,LEAD,false,false,false,false
5328,Stonehill,Chatham / West Orange Polygon,2025-04,LEAD,false,false,false,false
5423,Stonehill,Chatham / West Orange Polygon,2025-04,WARM_LEAD,true,false,false,false
5399,Stonehill,Chatham / West Orange Polygon,2025-04,LEAD,false,false,false,false
5411,Stonehill,Chatham / West Orange Polygon,2025-04,WARM_LEAD,true,false,false,false
5413,Stonehill,Chatham / West Orange Polygon,2025-04,LEAD,false,false,false,false
5443,Stonehill,Chatham / West Orange Polygon,2025-04,WARM_LEAD,true,false,false,false
5391,Stonehill,Chatham / West Orange Polygon,2025-04,LEAD,false,false,false,false
5387,Stonehill,Chatham / West Orange Polygon,2025-04,LEAD,false,false,false,false
5299,Stonehill,Chatham / West Orange Polygon,2025-04,LEAD,false,false,false,false
5297,Stonehill,Chatham / West Orange Polygon,2025-04,LEAD,false,false,false,false
5296,Stonehill,Chatham / West Orange Polygon,2025-04,LEAD,false,false,false,false
5295,Stonehill,Chatham / West Orange Polygon,2025-04,LEAD,false,false,false,false
5294,Stonehill,Chatham / West Orange Polygon,2025-04,LEAD,false,false,false,false
5293,Stonehill,Chatham / West Orange Polygon,2025-04,LEAD,false,false,false,false
5330,Stonehill,Chatham / West Orange Polygon,2025-04,LEAD,false,false,false,false
5329,Stonehill,Chatham / West Orange Polygon,2025-04,LEAD,false,false,false,false
5451,Stonehill,Chatham / West Orange Polygon,2025-04,ON_DEMAND_SUBSCRIPTION,false,true,false,true
5453,Stonehill,Chatham / West Orange Polygon,2025-04,LEAD,false,false,false,false
5333,Stonehill,Chatham / West Orange Polygon,2025-04,LEAD,true,false,false,false
5439,The Boulevard,Floating Miami,2025-04,WARM_LEAD,false,false,false,false
5433,The Boulevard,Floating Miami,2025-04,WARM_LEAD,false,false,false,false
5434,The Boulevard,Floating Miami,2025-04,WARM_LEAD,false,false,false,false
5438,The Boulevard,Floating Miami,2025-04,LEAD,false,false,false,false
5470,The Boulevard,Floating Miami,2025-04,TRIAL,true,false,false,false
5442,The Boulevard,Floating Miami,2025-04,WARM_LEAD,false,false,false,false
5432,The Boulevard,Floating Miami,2025-04,WARM_LEAD,false,false,false,false
5441,The Boulevard,Floating Miami,2025-04,WARM_LEAD,false,false,false,false
5437,The Boulevard,Floating Miami,2025-04,WARM_LEAD,false,false,false,false
5431,The Boulevard,Floating Miami,2025-04,LEAD,false,false,false,false
5351,The Devan,Hoboken Polygon,2025-04,WARM_LEAD,true,false,false,false
5446,The Devan,Hoboken Polygon,2025-04,LEAD,false,false,false,false
5363,The Devan,Hoboken Polygon,2025-04,LEAD,false,false,false,false
5372,The Devan,Hoboken Polygon,2025-04,RECURRING_SUBSCRIPTION,true,true,true,false
5376,The Devan,Hoboken Polygon,2025-04,RECURRING_SUBSCRIPTION,true,true,true,false
5380,The Devan,Hoboken Polygon,2025-04,LEAD,true,false,false,false
5358,The Devan,Hoboken Polygon,2025-04,LEAD,false,false,false,false
5355,The Devan,Hoboken Polygon,2025-04,CHURN,true,false,false,false
5343,The Devan,Hoboken Polygon,2025-04,LEAD,true,false,false,false
5345,The Devan,Hoboken Polygon,2025-04,LEAD,false,false,false,false
5425,The Devan,Hoboken Polygon,2025-04,LEAD,false,false,false,false
5356,The Devan,Hoboken Polygon,2025-04,LEAD,false,false,false,false
5420,The Devan,Hoboken Polygon,2025-04,LEAD,false,false,false,false
5379,The Devan,Hoboken Polygon,2025-04,RECURRING_SUBSCRIPTION,true,true,true,false
5412,The Devan,Hoboken Polygon,2025-04,CHURN,true,false,false,false
5414,The Devan,Hoboken Polygon,2025-04,LEAD,false,false,false,false
5368,The Devan,Hoboken Polygon,2025-04,LEAD,true,false,false,false
5409,The Devan,Hoboken Polygon,2025-04,LEAD,false,false,false,false
5388,The Devan,Hoboken Polygon,2025-04,LEAD,false,false,false,false
5408,The Devan,Hoboken Polygon,2025-04,LEAD,false,false,false,false
5407,The Devan,Hoboken Polygon,2025-04,LEAD,false,false,false,false
5406,The Devan,Hoboken Polygon,2025-04,LEAD,false,false,false,false
5405,The Devan,Hoboken Polygon,2025-04,LEAD,false,false,false,false
5384,The Devan,Hoboken Polygon,2025-04,TRIAL,false,false,false,false
5348,The Devan,Hoboken Polygon,2025-04,LEAD,false,false,false,false
5373,The Devan,Hoboken Polygon,2025-04,CHURN,true,false,false,false
5394,The Devan,Hoboken Polygon,2025-04,LEAD,true,false,false,false
5349,The Devan,Hoboken Polygon,2025-04,LEAD,false,false,false,false
5375,The Devan,Hoboken Polygon,2025-04,LEAD,false,false,false,false
5353,The Devan,Hoboken Polygon,2025-04,LEAD,false,false,false,false
5339,The Devan,Hoboken Polygon,2025-04,LEAD,true,false,false,false
5357,The Devan,Hoboken Polygon,2025-04,TRIAL,true,false,false,false
5338,The Devan,Hoboken Polygon,2025-04,TRIAL,true,false,false,false
5383,The Devan,Hoboken Polygon,2025-04,LEAD,false,false,false,false
5369,The Devan,Hoboken Polygon,2025-04,RECURRING_SUBSCRIPTION,true,true,true,false
5350,The Devan,Hoboken Polygon,2025-04,LEAD,false,false,false,false
5346,The Devan,Hoboken Polygon,2025-04,WARM_LEAD,true,false,false,false
5404,The Devan,Hoboken Polygon,2025-04,TRIAL,true,false,false,false
5364,The Devan,Hoboken Polygon,2025-04,LEAD,false,false,false,false
5361,The Devan,Hoboken Polygon,2025-04,LEAD,false,false,false,false
5360,The Devan,Hoboken Polygon,2025-04,LEAD,false,false,false,false
5340,The Devan,Hoboken Polygon,2025-04,LEAD,false,false,false,false
5344,The Devan,Hoboken Polygon,2025-04,CHURN,true,false,false,false
5410,The Devan,Hoboken Polygon,2025-04,FROZEN,false,false,false,false
5374,The Devan,Hoboken Polygon,2025-04,LEAD,false,false,false,false
5359,The Devan,Hoboken Polygon,2025-04,LEAD,false,false,false,false
5477,The Devan,Hoboken Polygon,2025-04,TRIAL,false,false,false,false
5354,The Devan,Hoboken Polygon,2025-04,LEAD,true,false,false,false
5352,The Devan,Hoboken Polygon,2025-04,LEAD,false,false,false,false
5342,The Devan,Hoboken Polygon,2025-04,LEAD,false,false,false,false
5472,The Devan,Hoboken Polygon,2025-04,WARM_LEAD,false,false,false,false
5471,The Devan,Hoboken Polygon,2025-04,LEAD,false,false,false,false
5367,The Devan,Hoboken Polygon,2025-04,LEAD,true,false,false,false
5362,The Devan,Hoboken Polygon,2025-04,CHURN,true,false,false,false
5466,The Devan,Hoboken Polygon,2025-04,LEAD,false,false,false,false
5474,The Devan,Hoboken Polygon,2025-04,RECURRING_SUBSCRIPTION,true,true,true,false
5366,The Devan,Hoboken Polygon,2025-04,LEAD,false,false,false,false
5371,The Devan,Hoboken Polygon,2025-04,LEAD,false,false,false,false
5370,The Devan,Hoboken Polygon,2025-04,LEAD,false,false,false,false
5386,The Devan,Hoboken Polygon,2025-04,RECURRING_SUBSCRIPTION,true,true,true,false
5365,The Devan,Hoboken Polygon,2025-04,LEAD,false,false,false,false
5347,The Devan,Hoboken Polygon,2025-04,RECURRING_SUBSCRIPTION,true,true,true,false
5341,The Devan,Hoboken Polygon,2025-04,RECURRING_SUBSCRIPTION,true,true,true,false
5381,The Devan,Hoboken Polygon,2025-04,ON_DEMAND_SUBSCRIPTION,true,true,false,true
5377,The Devan,Hoboken Polygon,2025-04,RECURRING_SUBSCRIPTION,false,true,true,false
5337,The Devan,Hoboken Polygon,2025-04,LEAD,false,false,false,false
5421,The Devan,Hoboken Polygon,2025-04,RECURRING_SUBSCRIPTION,true,true,true,false
5488,The Dime,Williamsburg Polygon,2025-04,LEAD,false,false,false,false
5473,The Dime,Williamsburg Polygon,2025-04,WARM_LEAD,true,false,false,false
5288,The Eddy,Harrison Polygon,2025-04,LEAD,false,false,false,false
5504,The Eddy,Harrison Polygon,2025-04,WARM_LEAD,false,false,false,false
5495,The Eddy,Harrison Polygon,2025-04,LEAD,false,false,false,false
5491,The Eddy,Harrison Polygon,2025-04,LEAD,false,false,false,false
5460,The Eddy,Harrison Polygon,2025-04,LEAD,false,false,false,false
5436,The Ivy,Chatham / West Orange Polygon,2025-04,WARM_LEAD,false,false,false,false
5327,The Ivy,Chatham / West Orange Polygon,2025-04,WARM_LEAD,false,false,false,false
5300,The Ivy,Chatham / West Orange Polygon,2025-04,LEAD,false,false,false,false
5243,The Ivy,Chatham / West Orange Polygon,2025-04,CHURN,false,false,false,false
5245,The Ivy,Chatham / West Orange Polygon,2025-04,FREEMIUM,true,false,false,false
5254,The Ivy,Chatham / West Orange Polygon,2025-04,FREEMIUM,false,false,false,false
5246,The Ivy,Chatham / West Orange Polygon,2025-04,FREEMIUM,false,false,false,false
5244,The Ivy,Chatham / West Orange Polygon,2025-04,FREEMIUM,false,false,false,false
5476,The Ivy,Chatham / West Orange Polygon,2025-04,CHURN,false,false,false,false
5292,The Ivy,Chatham / West Orange Polygon,2025-04,LEAD,false,false,false,false
6117,100 House,Hoboken Polygon,2025-05,WARM_LEAD,false,false,false,false
5525,100 House,Hoboken Polygon,2025-05,LEAD,false,false,false,false
6103,100 House,Hoboken Polygon,2025-05,WARM_LEAD,true,false,false,false
942,1 Boerum PL,Floating NY 2,2025-05,WARM_LEAD,false,false,false,false
5695,1 Boerum PL,Floating NY 2,2025-05,LEAD,true,false,false,false
5690,1 Boerum PL,Floating NY 2,2025-05,LEAD,false,false,false,false
6102,1 Boerum PL,Floating NY 2,2025-05,LEAD,false,false,false,false
5705,1 Boerum PL,Floating NY 2,2025-05,LEAD,false,false,false,false
5511,1 Boerum PL,Floating NY 2,2025-05,LEAD,false,false,false,false
5691,1 Boerum PL,Floating NY 2,2025-05,LEAD,false,false,false,false
5726,300 Somerset,Harrison Polygon,2025-05,WARM_LEAD,false,false,false,false
5516,300 Somerset,Harrison Polygon,2025-05,WARM_LEAD,false,false,false,false
5512,330 Angelo Cifelli,Harrison Polygon,2025-05,CHURN,true,false,false,false
5714,330W-56th,Hell's Kitchen Polygon,2025-05,LEAD,true,false,false,false
5689,655 Union,Boerum Hill Polygon,2025-05,LEAD,false,false,false,false
5688,655 Union,Boerum Hill Polygon,2025-05,LEAD,false,false,false,false
6130,655 Union,Boerum Hill Polygon,2025-05,LEAD,true,false,false,false
6148,655 Union,Boerum Hill Polygon,2025-05,LEAD,false,false,false,false
6138,655 Union,Boerum Hill Polygon,2025-05,TRIAL,true,false,false,false
5621,655 Union,Boerum Hill Polygon,2025-05,LEAD,false,false,false,false
6136,655 Union,Boerum Hill Polygon,2025-05,LEAD,false,false,false,false
5696,655 Union,Boerum Hill Polygon,2025-05,LEAD,false,false,false,false
5699,655 Union,Boerum Hill Polygon,2025-05,WARM_LEAD,false,false,false,false
5212,Azrieli TLV,Unknown,2025-05,TRIAL,true,false,false,false
978,Azrieli TLV,Unknown,2025-05,LEAD,false,false,false,false
6141,Azrieli TLV,Unknown,2025-05,COLD_LEAD,false,false,false,false
6106,Azrieli TLV,Unknown,2025-05,CHURN,false,false,false,false
5730,Azrieli TLV,Unknown,2025-05,CHURN,true,false,false,false
5522,Gindi 1,Unknown,2025-05,CHURN,true,false,false,false
1242,Gindi 1,Unknown,2025-05,COLD_LEAD,false,false,false,false
5709,Gindi 1,Unknown,2025-05,COLD_LEAD,false,false,false,false
5697,Gindi 1,Unknown,2025-05,COLD_LEAD,false,false,false,false
5708,Gindi 1,Unknown,2025-05,TRIAL,true,false,false,false
5279,Gindi 2,Unknown,2025-05,COLD_LEAD,false,false,false,false
369,Gindi 2,Unknown,2025-05,TRIAL,true,false,false,false
3194,Gindi 2,Unknown,2025-05,COLD_LEAD,false,false,false,false
2100,Gindi 2,Unknown,2025-05,COLD_LEAD,false,false,false,false
2858,Gindi 3,Unknown,2025-05,COLD_LEAD,false,false,false,false
3098,Gindi 3,Unknown,2025-05,COLD_LEAD,false,false,false,false
5694,Gindi 3,Unknown,2025-05,COLD_LEAD,false,false,false,false
6142,HaHehad,Unknown,2025-05,TRIAL,false,false,false,false
6151,HaHehad,Unknown,2025-05,CHURN,true,false,false,false
6142,HaHehad,Unknown,2025-05,TRIAL,false,false,false,false
1630,John Street 116,Financial District Polygon,2025-05,TRIAL,false,false,false,false
6098,John Street 116,Financial District Polygon,2025-05,WARM_LEAD,false,false,false,false
6098,John Street 116,Financial District Polygon,2025-05,WARM_LEAD,false,false,false,false
5520,Nine 52,Hell's Kitchen Polygon,2025-05,WARM_LEAD,true,false,false,false
5664,Nine 52,Hell's Kitchen Polygon,2025-05,LEAD,true,false,false,false
2185,Nine 52,Hell's Kitchen Polygon,2025-05,FREEMIUM,true,false,false,false
2082,Nine 52,Hell's Kitchen Polygon,2025-05,FREEMIUM,false,false,false,false
2082,Nine 52,Hell's Kitchen Polygon,2025-05,FREEMIUM,false,false,false,false
5744,Oliver on the Hudson,Floating Jersey,2025-05,CHURN,true,false,false,false
5733,Oliver on the Hudson,Floating Jersey,2025-05,TRIAL,true,false,false,false
6107,Oliver on the Hudson,Floating Jersey,2025-05,LEAD,true,false,false,false
2182,One Ten,Hoboken Polygon,2025-05,RECURRING_SUBSCRIPTION,true,true,true,false
5508,One Ten,Hoboken Polygon,2025-05,TRIAL,false,false,false,false
1369,One Ten,Hoboken Polygon,2025-05,WARM_LEAD,false,false,false,false
6112,One Ten,Hoboken Polygon,2025-05,WARM_LEAD,false,false,false,false
6100,One Ten,Hoboken Polygon,2025-05,ON_DEMAND_SUBSCRIPTION,false,true,false,true
1339,One Ten,Hoboken Polygon,2025-05,FREEMIUM,false,false,false,false
5599,River Place,Hell's Kitchen Polygon,2025-05,WARM_LEAD,false,false,false,false
921,River Place,Hell's Kitchen Polygon,2025-05,FREEMIUM,false,false,false,false
5523,River Place,Hell's Kitchen Polygon,2025-05,RECURRING_SUBSCRIPTION,true,true,true,false
791,River Place,Hell's Kitchen Polygon,2025-05,FREEMIUM,true,false,false,false
5706,River Place,Hell's Kitchen Polygon,2025-05,TRIAL,true,false,false,false
5465,River Place,Hell's Kitchen Polygon,2025-05,WARM_LEAD,false,false,false,false
5545,River Place,Hell's Kitchen Polygon,2025-05,LEAD,true,false,false,false
5521,Silver Towers,Hell's Kitchen Polygon,2025-05,LEAD,false,false,false,false
5389,Silver Towers,Hell's Kitchen Polygon,2025-05,FREEMIUM,false,false,false,false
4783,Silver Towers,Hell's Kitchen Polygon,2025-05,FREEMIUM,false,false,false,false
629,Silver Towers,Hell's Kitchen Polygon,2025-05,FREEMIUM,false,false,false,false
5506,Silver Towers,Hell's Kitchen Polygon,2025-05,RECURRING_SUBSCRIPTION,true,true,true,false
4798,Silver Towers,Hell's Kitchen Polygon,2025-05,TRIAL,false,false,false,false
5115,Silver Towers,Hell's Kitchen Polygon,2025-05,FREEMIUM,false,false,false,false
5202,Silver Towers,Hell's Kitchen Polygon,2025-05,FREEMIUM,false,false,false,false
4899,Silver Towers,Hell's Kitchen Polygon,2025-05,FREEMIUM,false,false,false,false
4630,Silver Towers,Hell's Kitchen Polygon,2025-05,FREEMIUM,false,false,false,false
5505,Silver Towers,Hell's Kitchen Polygon,2025-05,LEAD,false,false,false,false
5202,Silver Towers,Hell's Kitchen Polygon,2025-05,FREEMIUM,false,false,false,false
4857,Silver Towers,Hell's Kitchen Polygon,2025-05,FREEMIUM,false,false,false,false
6147,Silver Towers,Hell's Kitchen Polygon,2025-05,LEAD,false,false,false,false
4761,Silver Towers,Hell's Kitchen Polygon,2025-05,FREEMIUM,false,false,false,false
6111,Stonehill,Chatham / West Orange Polygon,2025-05,LEAD,false,false,false,false
5528,Stonehill,Chatham / West Orange Polygon,2025-05,LEAD,false,false,false,false
5538,Stonehill,Chatham / West Orange Polygon,2025-05,LEAD,false,false,false,false
5529,Stonehill,Chatham / West Orange Polygon,2025-05,LEAD,false,false,false,false
5539,Stonehill,Chatham / West Orange Polygon,2025-05,LEAD,false,false,false,false
5742,Stonehill,Chatham / West Orange Polygon,2025-05,LEAD,false,false,false,false
5535,Stonehill,Chatham / West Orange Polygon,2025-05,LEAD,false,false,false,false
6097,Stonehill,Chatham / West Orange Polygon,2025-05,ON_DEMAND_SUBSCRIPTION,false,true,false,true
5715,Stonehill,Chatham / West Orange Polygon,2025-05,WARM_LEAD,true,false,false,false
5716,Stonehill,Chatham / West Orange Polygon,2025-05,LEAD,true,false,false,false
5717,Stonehill,Chatham / West Orange Polygon,2025-05,LEAD,false,false,false,false
5719,Stonehill,Chatham / West Orange Polygon,2025-05,WARM_LEAD,false,false,false,false
5722,Stonehill,Chatham / West Orange Polygon,2025-05,LEAD,false,false,false,false
5723,Stonehill,Chatham / West Orange Polygon,2025-05,LEAD,false,false,false,false
5536,Stonehill,Chatham / West Orange Polygon,2025-05,WARM_LEAD,false,false,false,false
5533,Stonehill,Chatham / West Orange Polygon,2025-05,LEAD,false,false,false,false
5713,Stonehill,Chatham / West Orange Polygon,2025-05,LEAD,false,false,false,false
5741,Stonehill,Chatham / West Orange Polygon,2025-05,LEAD,false,false,false,false
5537,Stonehill,Chatham / West Orange Polygon,2025-05,LEAD,false,false,false,false
5534,Stonehill,Chatham / West Orange Polygon,2025-05,LEAD,false,false,false,false
5712,Stonehill,Chatham / West Orange Polygon,2025-05,LEAD,false,false,false,false
5711,Stonehill,Chatham / West Orange Polygon,2025-05,LEAD,false,false,false,false
5710,Stonehill,Chatham / West Orange Polygon,2025-05,LEAD,false,false,false,false
5531,Stonehill,Chatham / West Orange Polygon,2025-05,LEAD,false,false,false,false
5743,Stonehill,Chatham / West Orange Polygon,2025-05,LEAD,false,false,false,false
5740,Stonehill,Chatham / West Orange Polygon,2025-05,LEAD,false,false,false,false
5532,Stonehill,Chatham / West Orange Polygon,2025-05,LEAD,false,false,false,false
5530,Stonehill,Chatham / West Orange Polygon,2025-05,LEAD,false,false,false,false
5715,Stonehill,Chatham / West Orange Polygon,2025-05,WARM_LEAD,true,false,false,false
5731,The Boulevard,Floating Miami,2025-05,WARM_LEAD,true,false,false,false
5732,The Boulevard,Floating Miami,2025-05,CHURN,true,false,false,false
5746,The Boulevard,Floating Miami,2025-05,WARM_LEAD,true,false,false,false
5721,The Boulevard,Floating Miami,2025-05,WARM_LEAD,true,false,false,false
5727,The Boulevard,Floating Miami,2025-05,WARM_LEAD,false,false,false,false
5720,The Boulevard,Floating Miami,2025-05,ON_DEMAND_SUBSCRIPTION,true,true,false,true
5707,The Boulevard,Floating Miami,2025-05,ON_DEMAND_SUBSCRIPTION,true,true,false,true
5594,The Boulevard,Floating Miami,2025-05,TRIAL,true,false,false,false
5622,The Boulevard,Floating Miami,2025-05,WARM_LEAD,false,false,false,false
5603,The Boulevard,Floating Miami,2025-05,WARM_LEAD,false,false,false,false
5596,The Boulevard,Floating Miami,2025-05,WARM_LEAD,false,false,false,false
5595,The Boulevard,Floating Miami,2025-05,WARM_LEAD,false,false,false,false
5718,The Boulevard,Floating Miami,2025-05,WARM_LEAD,false,false,false,false
5601,The Boulevard,Floating Miami,2025-05,WARM_LEAD,false,false,false,false
5641,The Boulevard,Floating Miami,2025-05,WARM_LEAD,false,false,false,false
5649,The Boulevard,Floating Miami,2025-05,WARM_LEAD,false,false,false,false
5593,The Boulevard,Floating Miami,2025-05,CHURN,true,false,false,false
5600,The Boulevard,Floating Miami,2025-05,TRIAL,false,false,false,false
5659,The Boulevard,Floating Miami,2025-05,CHURN,true,false,false,false
5573,The Boulevard,Floating Miami,2025-05,WARM_LEAD,false,false,false,false
5578,The Boulevard,Floating Miami,2025-05,WARM_LEAD,false,false,false,false
5605,The Boulevard,Floating Miami,2025-05,WARM_LEAD,true,false,false,false
5604,The Boulevard,Floating Miami,2025-05,WARM_LEAD,false,false,false,false
5569,The Boulevard,Floating Miami,2025-05,TRIAL,true,false,false,false
5747,The Boulevard,Floating Miami,2025-05,WARM_LEAD,true,false,false,false
6143,The Boulevard,Floating Miami,2025-05,RECURRING_SUBSCRIPTION,true,true,true,false
6149,The Devan,Hoboken Polygon,2025-05,LEAD,false,false,false,false
5661,The Devan,Hoboken Polygon,2025-05,LEAD,false,false,false,false
6104,The Devan,Hoboken Polygon,2025-05,LEAD,false,false,false,false
5735,The Devan,Hoboken Polygon,2025-05,FROZEN,true,false,false,false
5602,The Devan,Hoboken Polygon,2025-05,RECURRING_SUBSCRIPTION,true,true,true,false
5518,The Devan,Hoboken Polygon,2025-05,LEAD,false,false,false,false
5703,The Dime,Williamsburg Polygon,2025-05,TRIAL,false,false,false,false
5510,The Eddy,Harrison Polygon,2025-05,LEAD,false,false,false,false
5507,The Eddy,Harrison Polygon,2025-05,LEAD,false,false,false,false
5663,The Eddy,Harrison Polygon,2025-05,LEAD,true,false,false,false
6140,The Eddy,Harrison Polygon,2025-05,TRIAL,true,false,false,false
6099,The Eddy,Harrison Polygon,2025-05,LEAD,true,false,false,false
6105,The Eddy,Harrison Polygon,2025-05,TRIAL,false,false,false,false
5524,The Enclave,Hoboken Polygon,2025-05,LEAD,false,false,false,false
5749,The Enclave,Hoboken Polygon,2025-05,TRIAL,false,false,false,false
6109,The Enclave,Hoboken Polygon,2025-05,LEAD,false,false,false,false
6108,The Enclave,Hoboken Polygon,2025-05,LEAD,false,false,false,false
6144,The Enclave,Hoboken Polygon,2025-05,RECURRING_SUBSCRIPTION,true,true,true,false
5527,The Ivy,Chatham / West Orange Polygon,2025-05,WARM_LEAD,false,false,false,false
5517,The Ivy,Chatham / West Orange Polygon,2025-05,WARM_LEAD,false,false,false,false
5526,The Ivy,Chatham / West Orange Polygon,2025-05,WARM_LEAD,false,false,false,false
2644,The Ivy,Chatham / West Orange Polygon,2025-05,CHURN,true,false,false,false
5739,The Ivy,Chatham / West Orange Polygon,2025-05,LEAD,false,false,false,false
2644,The Ivy,Chatham / West Orange Polygon,2025-05,CHURN,true,false,false,false
6110,The Ivy,Chatham / West Orange Polygon,2025-05,CHURN,false,false,false,false
5766,Woodside Central,Floating NY 1,2025-05,FREEMIUM,false,false,false,false
5843,Woodside Central,Floating NY 1,2025-05,CHURN,false,false,false,false
5864,Woodside Central,Floating NY 1,2025-05,FREEMIUM,false,false,false,false
5795,Woodside Central,Floating NY 1,2025-05,FREEMIUM,false,false,false,false
5681,Woodside Central,Floating NY 1,2025-05,FREEMIUM,false,false,false,false
6001,Woodside Central,Floating NY 1,2025-05,WARM_LEAD,false,false,false,false
5756,Woodside Central,Floating NY 1,2025-05,FREEMIUM,false,false,false,false
5759,Woodside Central,Floating NY 1,2025-05,FREEMIUM,false,false,false,false
5755,Woodside Central,Floating NY 1,2025-05,FREEMIUM,false,false,false,false
5754,Woodside Central,Floating NY 1,2025-05,FREEMIUM,false,false,false,false
5753,Woodside Central,Floating NY 1,2025-05,FREEMIUM,false,false,false,false
5752,Woodside Central,Floating NY 1,2025-05,FREEMIUM,false,false,false,false
5828,Woodside Central,Floating NY 1,2025-05,TRIAL,true,false,false,false
5760,Woodside Central,Floating NY 1,2025-05,FREEMIUM,false,false,false,false
5847,Woodside Central,Floating NY 1,2025-05,FREEMIUM,false,false,false,false
5824,Woodside Central,Floating NY 1,2025-05,FREEMIUM,true,false,false,false
5807,Woodside Central,Floating NY 1,2025-05,FREEMIUM,false,false,false,false
5761,Woodside Central,Floating NY 1,2025-05,FREEMIUM,false,false,false,false
6055,Woodside Central,Floating NY 1,2025-05,FREEMIUM,false,false,false,false
5762,Woodside Central,Floating NY 1,2025-05,FREEMIUM,false,false,false,false
5763,Woodside Central,Floating NY 1,2025-05,FREEMIUM,false,false,false,false
5767,Woodside Central,Floating NY 1,2025-05,FREEMIUM,false,false,false,false
5768,Woodside Central,Floating NY 1,2025-05,FREEMIUM,false,false,false,false
5769,Woodside Central,Floating NY 1,2025-05,FREEMIUM,false,false,false,false
5770,Woodside Central,Floating NY 1,2025-05,FREEMIUM,false,false,false,false
5771,Woodside Central,Floating NY 1,2025-05,FREEMIUM,false,false,false,false
5772,Woodside Central,Floating NY 1,2025-05,FREEMIUM,false,false,false,false
5773,Woodside Central,Floating NY 1,2025-05,FREEMIUM,false,false,false,false
5774,Woodside Central,Floating NY 1,2025-05,FREEMIUM,false,false,false,false
5919,Woodside Central,Floating NY 1,2025-05,FREEMIUM,false,false,false,false
5775,Woodside Central,Floating NY 1,2025-05,FREEMIUM,false,false,false,false
5775,Woodside Central,Floating NY 1,2025-05,FREEMIUM,false,false,false,false
5776,Woodside Central,Floating NY 1,2025-05,FREEMIUM,false,false,false,false
5777,Woodside Central,Floating NY 1,2025-05,FREEMIUM,false,false,false,false
5778,Woodside Central,Floating NY 1,2025-05,FREEMIUM,false,false,false,false
5779,Woodside Central,Floating NY 1,2025-05,FREEMIUM,false,false,false,false
5781,Woodside Central,Floating NY 1,2025-05,FREEMIUM,false,false,false,false
5782,Woodside Central,Floating NY 1,2025-05,FREEMIUM,false,false,false,false
5783,Woodside Central,Floating NY 1,2025-05,FREEMIUM,false,false,false,false
5784,Woodside Central,Floating NY 1,2025-05,FREEMIUM,false,false,false,false
5785,Woodside Central,Floating NY 1,2025-05,FREEMIUM,false,false,false,false
5786,Woodside Central,Floating NY 1,2025-05,FREEMIUM,false,false,false,false
5787,Woodside Central,Floating NY 1,2025-05,FREEMIUM,false,false,false,false
5788,Woodside Central,Floating NY 1,2025-05,FREEMIUM,false,false,false,false
5789,Woodside Central,Floating NY 1,2025-05,FREEMIUM,false,false,false,false
5790,Woodside Central,Floating NY 1,2025-05,FREEMIUM,false,false,false,false
5791,Woodside Central,Floating NY 1,2025-05,FREEMIUM,false,false,false,false
5792,Woodside Central,Floating NY 1,2025-05,FREEMIUM,false,false,false,false
5793,Woodside Central,Floating NY 1,2025-05,FREEMIUM,false,false,false,false
5794,Woodside Central,Floating NY 1,2025-05,FREEMIUM,false,false,false,false
5796,Woodside Central,Floating NY 1,2025-05,FREEMIUM,false,false,false,false
5798,Woodside Central,Floating NY 1,2025-05,FREEMIUM,false,false,false,false
5799,Woodside Central,Floating NY 1,2025-05,FREEMIUM,false,false,false,false
5757,Woodside Central,Floating NY 1,2025-05,FREEMIUM,false,false,false,false
5800,Woodside Central,Floating NY 1,2025-05,FREEMIUM,false,false,false,false
5801,Woodside Central,Floating NY 1,2025-05,FREEMIUM,false,false,false,false
5802,Woodside Central,Floating NY 1,2025-05,FREEMIUM,false,false,false,false
5803,Woodside Central,Floating NY 1,2025-05,FREEMIUM,false,false,false,false
5804,Woodside Central,Floating NY 1,2025-05,FREEMIUM,false,false,false,false
5804,Woodside Central,Floating NY 1,2025-05,FREEMIUM,false,false,false,false
5805,Woodside Central,Floating NY 1,2025-05,FREEMIUM,false,false,false,false
5806,Woodside Central,Floating NY 1,2025-05,FREEMIUM,false,false,false,false
5808,Woodside Central,Floating NY 1,2025-05,FREEMIUM,false,false,false,false
5810,Woodside Central,Floating NY 1,2025-05,FREEMIUM,false,false,false,false
5811,Woodside Central,Floating NY 1,2025-05,FREEMIUM,false,false,false,false
5812,Woodside Central,Floating NY 1,2025-05,FREEMIUM,false,false,false,false
5813,Woodside Central,Floating NY 1,2025-05,FREEMIUM,false,false,false,false
5814,Woodside Central,Floating NY 1,2025-05,FREEMIUM,false,false,false,false
5815,Woodside Central,Floating NY 1,2025-05,FREEMIUM,false,false,false,false
5816,Woodside Central,Floating NY 1,2025-05,FREEMIUM,false,false,false,false
5817,Woodside Central,Floating NY 1,2025-05,FREEMIUM,false,false,false,false
5818,Woodside Central,Floating NY 1,2025-05,FREEMIUM,false,false,false,false
5819,Woodside Central,Floating NY 1,2025-05,FREEMIUM,false,false,false,false
5820,Woodside Central,Floating NY 1,2025-05,FREEMIUM,false,false,false,false
5821,Woodside Central,Floating NY 1,2025-05,FREEMIUM,false,false,false,false
5822,Woodside Central,Floating NY 1,2025-05,WARM_LEAD,false,false,false,false
5822,Woodside Central,Floating NY 1,2025-05,WARM_LEAD,false,false,false,false
5825,Woodside Central,Floating NY 1,2025-05,FREEMIUM,false,false,false,false
5825,Woodside Central,Floating NY 1,2025-05,FREEMIUM,false,false,false,false
5826,Woodside Central,Floating NY 1,2025-05,FREEMIUM,false,false,false,false
5827,Woodside Central,Floating NY 1,2025-05,FREEMIUM,false,false,false,false
5829,Woodside Central,Floating NY 1,2025-05,LEAD,false,false,false,false
5829,Woodside Central,Floating NY 1,2025-05,LEAD,false,false,false,false
5831,Woodside Central,Floating NY 1,2025-05,FREEMIUM,false,false,false,false
5831,Woodside Central,Floating NY 1,2025-05,FREEMIUM,false,false,false,false
5831,Woodside Central,Floating NY 1,2025-05,FREEMIUM,false,false,false,false
5832,Woodside Central,Floating NY 1,2025-05,FREEMIUM,false,false,false,false
5833,Woodside Central,Floating NY 1,2025-05,FREEMIUM,false,false,false,false
5834,Woodside Central,Floating NY 1,2025-05,FREEMIUM,false,false,false,false
5835,Woodside Central,Floating NY 1,2025-05,FREEMIUM,false,false,false,false
5835,Woodside Central,Floating NY 1,2025-05,FREEMIUM,false,false,false,false
5836,Woodside Central,Floating NY 1,2025-05,FREEMIUM,false,false,false,false
5837,Woodside Central,Floating NY 1,2025-05,FREEMIUM,false,false,false,false
5838,Woodside Central,Floating NY 1,2025-05,FREEMIUM,false,false,false,false
5839,Woodside Central,Floating NY 1,2025-05,FREEMIUM,false,false,false,false
5840,Woodside Central,Floating NY 1,2025-05,FREEMIUM,false,false,false,false
5841,Woodside Central,Floating NY 1,2025-05,LEAD,false,false,false,false
5841,Woodside Central,Floating NY 1,2025-05,LEAD,false,false,false,false
5841,Woodside Central,Floating NY 1,2025-05,LEAD,false,false,false,false
5842,Woodside Central,Floating NY 1,2025-05,FREEMIUM,false,false,false,false
5843,Woodside Central,Floating NY 1,2025-05,CHURN,false,false,false,false
5845,Woodside Central,Floating NY 1,2025-05,LEAD,false,false,false,false
5846,Woodside Central,Floating NY 1,2025-05,WARM_LEAD,false,false,false,false
5848,Woodside Central,Floating NY 1,2025-05,FREEMIUM,false,false,false,false
5849,Woodside Central,Floating NY 1,2025-05,FREEMIUM,false,false,false,false
5850,Woodside Central,Floating NY 1,2025-05,FREEMIUM,false,false,false,false
5851,Woodside Central,Floating NY 1,2025-05,FREEMIUM,false,false,false,false
5852,Woodside Central,Floating NY 1,2025-05,FREEMIUM,false,false,false,false
5853,Woodside Central,Floating NY 1,2025-05,FREEMIUM,false,false,false,false
5854,Woodside Central,Floating NY 1,2025-05,FREEMIUM,false,false,false,false
5854,Woodside Central,Floating NY 1,2025-05,FREEMIUM,false,false,false,false
5686,Woodside Central,Floating NY 1,2025-05,WARM_LEAD,false,false,false,false
5909,Woodside Central,Floating NY 1,2025-05,FREEMIUM,false,false,false,false
5856,Woodside Central,Floating NY 1,2025-05,FREEMIUM,false,false,false,false
5857,Woodside Central,Floating NY 1,2025-05,FREEMIUM,false,false,false,false
5858,Woodside Central,Floating NY 1,2025-05,FREEMIUM,false,false,false,false
5859,Woodside Central,Floating NY 1,2025-05,FREEMIUM,false,false,false,false
5860,Woodside Central,Floating NY 1,2025-05,FREEMIUM,false,false,false,false
5861,Woodside Central,Floating NY 1,2025-05,FREEMIUM,false,false,false,false
5862,Woodside Central,Floating NY 1,2025-05,FREEMIUM,false,false,false,false
5863,Woodside Central,Floating NY 1,2025-05,FREEMIUM,false,false,false,false
5865,Woodside Central,Floating NY 1,2025-05,FREEMIUM,false,false,false,false
5866,Woodside Central,Floating NY 1,2025-05,FREEMIUM,false,false,false,false
5866,Woodside Central,Floating NY 1,2025-05,FREEMIUM,false,false,false,false
5867,Woodside Central,Floating NY 1,2025-05,FREEMIUM,false,false,false,false
5868,Woodside Central,Floating NY 1,2025-05,FREEMIUM,false,false,false,false
5869,Woodside Central,Floating NY 1,2025-05,FREEMIUM,false,false,false,false
5870,Woodside Central,Floating NY 1,2025-05,FREEMIUM,false,false,false,false
5871,Woodside Central,Floating NY 1,2025-05,FREEMIUM,false,false,false,false
5872,Woodside Central,Floating NY 1,2025-05,FREEMIUM,false,false,false,false
5873,Woodside Central,Floating NY 1,2025-05,FREEMIUM,false,false,false,false
5874,Woodside Central,Floating NY 1,2025-05,FREEMIUM,false,false,false,false
5876,Woodside Central,Floating NY 1,2025-05,FREEMIUM,false,false,false,false
5877,Woodside Central,Floating NY 1,2025-05,FREEMIUM,false,false,false,false
5877,Woodside Central,Floating NY 1,2025-05,FREEMIUM,false,false,false,false
5878,Woodside Central,Floating NY 1,2025-05,FREEMIUM,false,false,false,false
5879,Woodside Central,Floating NY 1,2025-05,LEAD,false,false,false,false
5879,Woodside Central,Floating NY 1,2025-05,LEAD,false,false,false,false
5880,Woodside Central,Floating NY 1,2025-05,FREEMIUM,false,false,false,false
5881,Woodside Central,Floating NY 1,2025-05,FREEMIUM,false,false,false,false
5882,Woodside Central,Floating NY 1,2025-05,FREEMIUM,false,false,false,false
5883,Woodside Central,Floating NY 1,2025-05,FREEMIUM,false,false,false,false
5883,Woodside Central,Floating NY 1,2025-05,FREEMIUM,false,false,false,false
5884,Woodside Central,Floating NY 1,2025-05,FREEMIUM,false,false,false,false
5885,Woodside Central,Floating NY 1,2025-05,FREEMIUM,false,false,false,false
5886,Woodside Central,Floating NY 1,2025-05,LEAD,false,false,false,false
5886,Woodside Central,Floating NY 1,2025-05,LEAD,false,false,false,false
5887,Woodside Central,Floating NY 1,2025-05,LEAD,false,false,false,false
5887,Woodside Central,Floating NY 1,2025-05,LEAD,false,false,false,false
5887,Woodside Central,Floating NY 1,2025-05,LEAD,false,false,false,false
5887,Woodside Central,Floating NY 1,2025-05,LEAD,false,false,false,false
5888,Woodside Central,Floating NY 1,2025-05,FREEMIUM,false,false,false,false
5889,Woodside Central,Floating NY 1,2025-05,FREEMIUM,false,false,false,false
5890,Woodside Central,Floating NY 1,2025-05,FREEMIUM,false,false,false,false
5891,Woodside Central,Floating NY 1,2025-05,FREEMIUM,false,false,false,false
5893,Woodside Central,Floating NY 1,2025-05,FREEMIUM,false,false,false,false
5893,Woodside Central,Floating NY 1,2025-05,FREEMIUM,false,false,false,false
5894,Woodside Central,Floating NY 1,2025-05,FREEMIUM,false,false,false,false
5765,Woodside Central,Floating NY 1,2025-05,FREEMIUM,false,false,false,false
5895,Woodside Central,Floating NY 1,2025-05,FREEMIUM,false,false,false,false
5895,Woodside Central,Floating NY 1,2025-05,FREEMIUM,false,false,false,false
5896,Woodside Central,Floating NY 1,2025-05,FREEMIUM,false,false,false,false
6056,Woodside Central,Floating NY 1,2025-05,LEAD,false,false,false,false
5897,Woodside Central,Floating NY 1,2025-05,FREEMIUM,false,false,false,false
5898,Woodside Central,Floating NY 1,2025-05,FREEMIUM,false,false,false,false
6031,Woodside Central,Floating NY 1,2025-05,FREEMIUM,false,false,false,false
6045,Woodside Central,Floating NY 1,2025-05,FREEMIUM,false,false,false,false
6061,Woodside Central,Floating NY 1,2025-05,FREEMIUM,false,false,false,false
6062,Woodside Central,Floating NY 1,2025-05,FREEMIUM,false,false,false,false
6062,Woodside Central,Floating NY 1,2025-05,FREEMIUM,false,false,false,false
6063,Woodside Central,Floating NY 1,2025-05,FREEMIUM,false,false,false,false
6064,Woodside Central,Floating NY 1,2025-05,FREEMIUM,false,false,false,false
5758,Woodside Central,Floating NY 1,2025-05,FREEMIUM,false,false,false,false
6064,Woodside Central,Floating NY 1,2025-05,FREEMIUM,false,false,false,false
6065,Woodside Central,Floating NY 1,2025-05,LEAD,false,false,false,false
6065,Woodside Central,Floating NY 1,2025-05,LEAD,false,false,false,false
6066,Woodside Central,Floating NY 1,2025-05,FREEMIUM,false,false,false,false
6067,Woodside Central,Floating NY 1,2025-05,FREEMIUM,false,false,false,false
6068,Woodside Central,Floating NY 1,2025-05,FREEMIUM,false,false,false,false
6069,Woodside Central,Floating NY 1,2025-05,FREEMIUM,false,false,false,false
6070,Woodside Central,Floating NY 1,2025-05,FREEMIUM,false,false,false,false
6071,Woodside Central,Floating NY 1,2025-05,FREEMIUM,false,false,false,false
6072,Woodside Central,Floating NY 1,2025-05,LEAD,false,false,false,false
6072,Woodside Central,Floating NY 1,2025-05,LEAD,false,false,false,false
6073,Woodside Central,Floating NY 1,2025-05,FREEMIUM,false,false,false,false
6073,Woodside Central,Floating NY 1,2025-05,FREEMIUM,false,false,false,false
6073,Woodside Central,Floating NY 1,2025-05,FREEMIUM,false,false,false,false
6074,Woodside Central,Floating NY 1,2025-05,FREEMIUM,false,false,false,false
6074,Woodside Central,Floating NY 1,2025-05,FREEMIUM,false,false,false,false
6075,Woodside Central,Floating NY 1,2025-05,FREEMIUM,false,false,false,false
6076,Woodside Central,Floating NY 1,2025-05,FREEMIUM,false,false,false,false
6077,Woodside Central,Floating NY 1,2025-05,FREEMIUM,false,false,false,false
6078,Woodside Central,Floating NY 1,2025-05,FREEMIUM,false,false,false,false
5648,Woodside Central,Floating NY 1,2025-05,ON_DEMAND_SUBSCRIPTION,true,true,false,true
6079,Woodside Central,Floating NY 1,2025-05,FREEMIUM,false,false,false,false
6079,Woodside Central,Floating NY 1,2025-05,FREEMIUM,false,false,false,false
6080,Woodside Central,Floating NY 1,2025-05,FREEMIUM,true,false,false,false
6081,Woodside Central,Floating NY 1,2025-05,FREEMIUM,false,false,false,false
6081,Woodside Central,Floating NY 1,2025-05,FREEMIUM,false,false,false,false
6082,Woodside Central,Floating NY 1,2025-05,FREEMIUM,false,false,false,false
6082,Woodside Central,Floating NY 1,2025-05,FREEMIUM,false,false,false,false
5643,Woodside Central,Floating NY 1,2025-05,RECURRING_SUBSCRIPTION,true,true,true,false
6083,Woodside Central,Floating NY 1,2025-05,LEAD,false,false,false,false
6083,Woodside Central,Floating NY 1,2025-05,LEAD,false,false,false,false
6084,Woodside Central,Floating NY 1,2025-05,FREEMIUM,false,false,false,false
6084,Woodside Central,Floating NY 1,2025-05,FREEMIUM,false,false,false,false
6085,Woodside Central,Floating NY 1,2025-05,FREEMIUM,false,false,false,false
6086,Woodside Central,Floating NY 1,2025-05,FREEMIUM,false,false,false,false
6087,Woodside Central,Floating NY 1,2025-05,FREEMIUM,false,false,false,false
6088,Woodside Central,Floating NY 1,2025-05,FREEMIUM,false,false,false,false
6089,Woodside Central,Floating NY 1,2025-05,FREEMIUM,false,false,false,false
6090,Woodside Central,Floating NY 1,2025-05,FREEMIUM,false,false,false,false
6091,Woodside Central,Floating NY 1,2025-05,FREEMIUM,false,false,false,false
6092,Woodside Central,Floating NY 1,2025-05,FREEMIUM,false,false,false,false
6093,Woodside Central,Floating NY 1,2025-05,FREEMIUM,false,false,false,false
6094,Woodside Central,Floating NY 1,2025-05,FREEMIUM,false,false,false,false
5899,Woodside Central,Floating NY 1,2025-05,FREEMIUM,false,false,false,false
5900,Woodside Central,Floating NY 1,2025-05,FREEMIUM,false,false,false,false
5900,Woodside Central,Floating NY 1,2025-05,FREEMIUM,false,false,false,false
5901,Woodside Central,Floating NY 1,2025-05,FREEMIUM,false,false,false,false
5902,Woodside Central,Floating NY 1,2025-05,FREEMIUM,false,false,false,false
5903,Woodside Central,Floating NY 1,2025-05,FREEMIUM,false,false,false,false
5904,Woodside Central,Floating NY 1,2025-05,LEAD,false,false,false,false
5905,Woodside Central,Floating NY 1,2025-05,FREEMIUM,false,false,false,false
5907,Woodside Central,Floating NY 1,2025-05,FREEMIUM,false,false,false,false
6061,Woodside Central,Floating NY 1,2025-05,FREEMIUM,false,false,false,false
6022,Woodside Central,Floating NY 1,2025-05,FREEMIUM,false,false,false,false
6023,Woodside Central,Floating NY 1,2025-05,FREEMIUM,true,false,false,false
6024,Woodside Central,Floating NY 1,2025-05,FREEMIUM,false,false,false,false
6025,Woodside Central,Floating NY 1,2025-05,FREEMIUM,false,false,false,false
6026,Woodside Central,Floating NY 1,2025-05,FREEMIUM,false,false,false,false
6028,Woodside Central,Floating NY 1,2025-05,FREEMIUM,false,false,false,false
6029,Woodside Central,Floating NY 1,2025-05,FREEMIUM,false,false,false,false
6030,Woodside Central,Floating NY 1,2025-05,FREEMIUM,false,false,false,false
6032,Woodside Central,Floating NY 1,2025-05,FREEMIUM,false,false,false,false
6033,Woodside Central,Floating NY 1,2025-05,FREEMIUM,false,false,false,false
6034,Woodside Central,Floating NY 1,2025-05,FREEMIUM,false,false,false,false
6035,Woodside Central,Floating NY 1,2025-05,FREEMIUM,false,false,false,false
6035,Woodside Central,Floating NY 1,2025-05,FREEMIUM,false,false,false,false
6036,Woodside Central,Floating NY 1,2025-05,FREEMIUM,false,false,false,false
6037,Woodside Central,Floating NY 1,2025-05,FREEMIUM,false,false,false,false
6038,Woodside Central,Floating NY 1,2025-05,FREEMIUM,false,false,false,false
6039,Woodside Central,Floating NY 1,2025-05,FREEMIUM,false,false,false,false
6040,Woodside Central,Floating NY 1,2025-05,FREEMIUM,false,false,false,false
6041,Woodside Central,Floating NY 1,2025-05,FREEMIUM,false,false,false,false
6042,Woodside Central,Floating NY 1,2025-05,FREEMIUM,false,false,false,false
6043,Woodside Central,Floating NY 1,2025-05,FREEMIUM,false,false,false,false
6044,Woodside Central,Floating NY 1,2025-05,FREEMIUM,false,false,false,false
6045,Woodside Central,Floating NY 1,2025-05,FREEMIUM,false,false,false,false
6046,Woodside Central,Floating NY 1,2025-05,FREEMIUM,false,false,false,false
6046,Woodside Central,Floating NY 1,2025-05,FREEMIUM,false,false,false,false
6047,Woodside Central,Floating NY 1,2025-05,FREEMIUM,false,false,false,false
6048,Woodside Central,Floating NY 1,2025-05,FREEMIUM,false,false,false,false
6049,Woodside Central,Floating NY 1,2025-05,FREEMIUM,false,false,false,false
6050,Woodside Central,Floating NY 1,2025-05,FREEMIUM,false,false,false,false
6050,Woodside Central,Floating NY 1,2025-05,FREEMIUM,false,false,false,false
6050,Woodside Central,Floating NY 1,2025-05,FREEMIUM,false,false,false,false
6051,Woodside Central,Floating NY 1,2025-05,FREEMIUM,false,false,false,false
6052,Woodside Central,Floating NY 1,2025-05,FREEMIUM,false,false,false,false
6053,Woodside Central,Floating NY 1,2025-05,FREEMIUM,false,false,false,false
6054,Woodside Central,Floating NY 1,2025-05,FREEMIUM,false,false,false,false
6057,Woodside Central,Floating NY 1,2025-05,FREEMIUM,false,false,false,false
6058,Woodside Central,Floating NY 1,2025-05,FREEMIUM,false,false,false,false
6058,Woodside Central,Floating NY 1,2025-05,FREEMIUM,false,false,false,false
6059,Woodside Central,Floating NY 1,2025-05,FREEMIUM,false,false,false,false
6060,Woodside Central,Floating NY 1,2025-05,FREEMIUM,false,false,false,false
5973,Woodside Central,Floating NY 1,2025-05,FREEMIUM,false,false,false,false
5908,Woodside Central,Floating NY 1,2025-05,FREEMIUM,false,false,false,false
6027,Woodside Central,Floating NY 1,2025-05,WARM_LEAD,true,false,false,false
5910,Woodside Central,Floating NY 1,2025-05,FREEMIUM,false,false,false,false
6020,Woodside Central,Floating NY 1,2025-05,FREEMIUM,false,false,false,false
6019,Woodside Central,Floating NY 1,2025-05,FREEMIUM,false,false,false,false
6018,Woodside Central,Floating NY 1,2025-05,FREEMIUM,false,false,false,false
6017,Woodside Central,Floating NY 1,2025-05,FREEMIUM,false,false,false,false
6015,Woodside Central,Floating NY 1,2025-05,FREEMIUM,false,false,false,false
6014,Woodside Central,Floating NY 1,2025-05,FREEMIUM,false,false,false,false
6013,Woodside Central,Floating NY 1,2025-05,FREEMIUM,false,false,false,false
6012,Woodside Central,Floating NY 1,2025-05,FREEMIUM,false,false,false,false
6011,Woodside Central,Floating NY 1,2025-05,FREEMIUM,false,false,false,false
6010,Woodside Central,Floating NY 1,2025-05,FREEMIUM,false,false,false,false
6009,Woodside Central,Floating NY 1,2025-05,FREEMIUM,false,false,false,false
6008,Woodside Central,Floating NY 1,2025-05,FREEMIUM,false,false,false,false
6007,Woodside Central,Floating NY 1,2025-05,FREEMIUM,false,false,false,false
6006,Woodside Central,Floating NY 1,2025-05,FREEMIUM,false,false,false,false
6005,Woodside Central,Floating NY 1,2025-05,FREEMIUM,false,false,false,false
6004,Woodside Central,Floating NY 1,2025-05,FREEMIUM,false,false,false,false
6003,Woodside Central,Floating NY 1,2025-05,FREEMIUM,false,false,false,false
6002,Woodside Central,Floating NY 1,2025-05,FREEMIUM,false,false,false,false
6000,Woodside Central,Floating NY 1,2025-05,FREEMIUM,false,false,false,false
5999,Woodside Central,Floating NY 1,2025-05,FREEMIUM,false,false,false,false
5998,Woodside Central,Floating NY 1,2025-05,FREEMIUM,false,false,false,false
5997,Woodside Central,Floating NY 1,2025-05,WARM_LEAD,false,false,false,false
5996,Woodside Central,Floating NY 1,2025-05,FREEMIUM,false,false,false,false
5995,Woodside Central,Floating NY 1,2025-05,FREEMIUM,false,false,false,false
5994,Woodside Central,Floating NY 1,2025-05,FREEMIUM,false,false,false,false
6021,Woodside Central,Floating NY 1,2025-05,FREEMIUM,false,false,false,false
5992,Woodside Central,Floating NY 1,2025-05,FREEMIUM,false,false,false,false
5990,Woodside Central,Floating NY 1,2025-05,FREEMIUM,false,false,false,false
5989,Woodside Central,Floating NY 1,2025-05,FREEMIUM,false,false,false,false
5988,Woodside Central,Floating NY 1,2025-05,FREEMIUM,false,false,false,false
5988,Woodside Central,Floating NY 1,2025-05,FREEMIUM,false,false,false,false
5987,Woodside Central,Floating NY 1,2025-05,FREEMIUM,false,false,false,false
5986,Woodside Central,Floating NY 1,2025-05,FREEMIUM,false,false,false,false
5985,Woodside Central,Floating NY 1,2025-05,FREEMIUM,false,false,false,false
5984,Woodside Central,Floating NY 1,2025-05,FREEMIUM,false,false,false,false
5983,Woodside Central,Floating NY 1,2025-05,FREEMIUM,false,false,false,false
5982,Woodside Central,Floating NY 1,2025-05,FREEMIUM,false,false,false,false
5981,Woodside Central,Floating NY 1,2025-05,FREEMIUM,false,false,false,false
5980,Woodside Central,Floating NY 1,2025-05,FREEMIUM,false,false,false,false
5979,Woodside Central,Floating NY 1,2025-05,FREEMIUM,false,false,false,false
5978,Woodside Central,Floating NY 1,2025-05,FREEMIUM,false,false,false,false
5977,Woodside Central,Floating NY 1,2025-05,FREEMIUM,false,false,false,false
5976,Woodside Central,Floating NY 1,2025-05,FREEMIUM,false,false,false,false
5975,Woodside Central,Floating NY 1,2025-05,FREEMIUM,false,false,false,false
5974,Woodside Central,Floating NY 1,2025-05,FREEMIUM,false,false,false,false
5973,Woodside Central,Floating NY 1,2025-05,FREEMIUM,false,false,false,false
5968,Woodside Central,Floating NY 1,2025-05,FREEMIUM,false,false,false,false
5972,Woodside Central,Floating NY 1,2025-05,FREEMIUM,false,false,false,false
5971,Woodside Central,Floating NY 1,2025-05,FREEMIUM,false,false,false,false
5970,Woodside Central,Floating NY 1,2025-05,FREEMIUM,false,false,false,false
5970,Woodside Central,Floating NY 1,2025-05,FREEMIUM,false,false,false,false
5654,Woodside Central,Floating NY 1,2025-05,LEAD,false,false,false,false
5969,Woodside Central,Floating NY 1,2025-05,FREEMIUM,false,false,false,false
5969,Woodside Central,Floating NY 1,2025-05,FREEMIUM,false,false,false,false
5967,Woodside Central,Floating NY 1,2025-05,FREEMIUM,false,false,false,false
5966,Woodside Central,Floating NY 1,2025-05,FREEMIUM,false,false,false,false
5965,Woodside Central,Floating NY 1,2025-05,FREEMIUM,false,false,false,false
5953,Woodside Central,Floating NY 1,2025-05,FREEMIUM,false,false,false,false
5941,Woodside Central,Floating NY 1,2025-05,FREEMIUM,false,false,false,false
5930,Woodside Central,Floating NY 1,2025-05,FREEMIUM,false,false,false,false
5917,Woodside Central,Floating NY 1,2025-05,FREEMIUM,false,false,false,false
5904,Woodside Central,Floating NY 1,2025-05,LEAD,false,false,false,false
5892,Woodside Central,Floating NY 1,2025-05,FREEMIUM,false,false,false,false
5882,Woodside Central,Floating NY 1,2025-05,FREEMIUM,false,false,false,false
5870,Woodside Central,Floating NY 1,2025-05,FREEMIUM,false,false,false,false
5858,Woodside Central,Floating NY 1,2025-05,FREEMIUM,false,false,false,false
5855,Woodside Central,Floating NY 1,2025-05,FREEMIUM,false,false,false,false
5844,Woodside Central,Floating NY 1,2025-05,FREEMIUM,false,false,false,false
5834,Woodside Central,Floating NY 1,2025-05,FREEMIUM,false,false,false,false
5823,Woodside Central,Floating NY 1,2025-05,FREEMIUM,false,false,false,false
5809,Woodside Central,Floating NY 1,2025-05,FREEMIUM,false,false,false,false
5780,Woodside Central,Floating NY 1,2025-05,FREEMIUM,false,false,false,false
5751,Woodside Central,Floating NY 1,2025-05,FREEMIUM,false,false,false,false
6016,Woodside Central,Floating NY 1,2025-05,FREEMIUM,false,false,false,false
5964,Woodside Central,Floating NY 1,2025-05,FREEMIUM,false,false,false,false
5963,Woodside Central,Floating NY 1,2025-05,FREEMIUM,false,false,false,false
5962,Woodside Central,Floating NY 1,2025-05,FREEMIUM,false,false,false,false
5961,Woodside Central,Floating NY 1,2025-05,FREEMIUM,false,false,false,false
5960,Woodside Central,Floating NY 1,2025-05,FREEMIUM,false,false,false,false
5959,Woodside Central,Floating NY 1,2025-05,FREEMIUM,false,false,false,false
5958,Woodside Central,Floating NY 1,2025-05,FREEMIUM,false,false,false,false
5957,Woodside Central,Floating NY 1,2025-05,FREEMIUM,false,false,false,false
5956,Woodside Central,Floating NY 1,2025-05,FREEMIUM,false,false,false,false
5955,Woodside Central,Floating NY 1,2025-05,FREEMIUM,false,false,false,false
5954,Woodside Central,Floating NY 1,2025-05,FREEMIUM,false,false,false,false
5953,Woodside Central,Floating NY 1,2025-05,FREEMIUM,false,false,false,false
5953,Woodside Central,Floating NY 1,2025-05,FREEMIUM,false,false,false,false
5952,Woodside Central,Floating NY 1,2025-05,FREEMIUM,false,false,false,false
5951,Woodside Central,Floating NY 1,2025-05,FREEMIUM,false,false,false,false
5950,Woodside Central,Floating NY 1,2025-05,FREEMIUM,false,false,false,false
5949,Woodside Central,Floating NY 1,2025-05,FREEMIUM,false,false,false,false
5637,Woodside Central,Floating NY 1,2025-05,FREEMIUM,false,false,false,false
5948,Woodside Central,Floating NY 1,2025-05,FREEMIUM,false,false,false,false
5947,Woodside Central,Floating NY 1,2025-05,FREEMIUM,false,false,false,false
5946,Woodside Central,Floating NY 1,2025-05,FREEMIUM,false,false,false,false
5945,Woodside Central,Floating NY 1,2025-05,FREEMIUM,false,false,false,false
5944,Woodside Central,Floating NY 1,2025-05,FREEMIUM,false,false,false,false
5943,Woodside Central,Floating NY 1,2025-05,LEAD,false,false,false,false
5943,Woodside Central,Floating NY 1,2025-05,LEAD,false,false,false,false
5942,Woodside Central,Floating NY 1,2025-05,FREEMIUM,false,false,false,false
5941,Woodside Central,Floating NY 1,2025-05,FREEMIUM,false,false,false,false
5940,Woodside Central,Floating NY 1,2025-05,FREEMIUM,false,false,false,false
5940,Woodside Central,Floating NY 1,2025-05,FREEMIUM,false,false,false,false
5939,Woodside Central,Floating NY 1,2025-05,FREEMIUM,false,false,false,false
5938,Woodside Central,Floating NY 1,2025-05,FREEMIUM,false,false,false,false
5937,Woodside Central,Floating NY 1,2025-05,FREEMIUM,false,false,false,false
5936,Woodside Central,Floating NY 1,2025-05,FREEMIUM,false,false,false,false
5935,Woodside Central,Floating NY 1,2025-05,LEAD,false,false,false,false
5934,Woodside Central,Floating NY 1,2025-05,FREEMIUM,false,false,false,false
5933,Woodside Central,Floating NY 1,2025-05,FREEMIUM,false,false,false,false
5932,Woodside Central,Floating NY 1,2025-05,FREEMIUM,false,false,false,false
5932,Woodside Central,Floating NY 1,2025-05,FREEMIUM,false,false,false,false
5932,Woodside Central,Floating NY 1,2025-05,FREEMIUM,false,false,false,false
5931,Woodside Central,Floating NY 1,2025-05,FREEMIUM,false,false,false,false
5929,Woodside Central,Floating NY 1,2025-05,FREEMIUM,false,false,false,false
5928,Woodside Central,Floating NY 1,2025-05,FREEMIUM,false,false,false,false
5927,Woodside Central,Floating NY 1,2025-05,FREEMIUM,false,false,false,false
5926,Woodside Central,Floating NY 1,2025-05,FREEMIUM,false,false,false,false
5925,Woodside Central,Floating NY 1,2025-05,FREEMIUM,false,false,false,false
5924,Woodside Central,Floating NY 1,2025-05,FREEMIUM,false,false,false,false
5923,Woodside Central,Floating NY 1,2025-05,FREEMIUM,false,false,false,false
5922,Woodside Central,Floating NY 1,2025-05,FREEMIUM,false,false,false,false
5922,Woodside Central,Floating NY 1,2025-05,FREEMIUM,false,false,false,false
5921,Woodside Central,Floating NY 1,2025-05,FREEMIUM,false,false,false,false
5920,Woodside Central,Floating NY 1,2025-05,FREEMIUM,false,false,false,false
5918,Woodside Central,Floating NY 1,2025-05,FREEMIUM,false,false,false,false
5917,Woodside Central,Floating NY 1,2025-05,FREEMIUM,false,false,false,false
5916,Woodside Central,Floating NY 1,2025-05,FREEMIUM,false,false,false,false
5915,Woodside Central,Floating NY 1,2025-05,FREEMIUM,false,false,false,false
5914,Woodside Central,Floating NY 1,2025-05,FREEMIUM,false,false,false,false
5913,Woodside Central,Floating NY 1,2025-05,FREEMIUM,false,false,false,false
5912,Woodside Central,Floating NY 1,2025-05,FREEMIUM,false,false,false,false
5911,Woodside Central,Floating NY 1,2025-05,FREEMIUM,false,false,false,false
5910,Woodside Central,Floating NY 1,2025-05,FREEMIUM,false,false,false,false
5628,Woodside Central,Floating NY 1,2025-05,WARM_LEAD,true,false,false,false
5660,Woodside Central,Floating NY 1,2025-05,RECURRING_SUBSCRIPTION,true,true,true,false
5797,Woodside Central,Floating NY 1,2025-05,FREEMIUM,true,false,false,false
5993,Woodside Central,Floating NY 1,2025-05,FREEMIUM,false,false,false,false
5656,Woodside Central,Floating NY 1,2025-05,FREEMIUM,true,false,false,false
5875,Woodside Central,Floating NY 1,2025-05,FREEMIUM,true,false,false,false
5678,Woodside Central,Floating NY 1,2025-05,RECURRING_SUBSCRIPTION,true,true,true,false
5643,Woodside Central,Floating NY 1,2025-05,RECURRING_SUBSCRIPTION,true,true,true,false
5830,Woodside Central,Floating NY 1,2025-05,FREEMIUM,false,false,false,false
5648,Woodside Central,Floating NY 1,2025-05,ON_DEMAND_SUBSCRIPTION,true,true,false,true
5639,Woodside Central,Floating NY 1,2025-05,FREEMIUM,true,false,false,false
5624,Woodside Central,Floating NY 1,2025-05,FREEMIUM,true,false,false,false
5654,Woodside Central,Floating NY 1,2025-05,LEAD,false,false,false,false
5623,Woodside Central,Floating NY 1,2025-05,FREEMIUM,false,false,false,false
5625,Woodside Central,Floating NY 1,2025-05,FREEMIUM,false,false,false,false
5626,Woodside Central,Floating NY 1,2025-05,FREEMIUM,false,false,false,false
5627,Woodside Central,Floating NY 1,2025-05,FREEMIUM,false,false,false,false
5630,Woodside Central,Floating NY 1,2025-05,FREEMIUM,true,false,false,false
5631,Woodside Central,Floating NY 1,2025-05,FREEMIUM,false,false,false,false
5632,Woodside Central,Floating NY 1,2025-05,FREEMIUM,false,false,false,false
5633,Woodside Central,Floating NY 1,2025-05,FREEMIUM,true,false,false,false
5634,Woodside Central,Floating NY 1,2025-05,FREEMIUM,false,false,false,false
5636,Woodside Central,Floating NY 1,2025-05,FREEMIUM,false,false,false,false
5637,Woodside Central,Floating NY 1,2025-05,FREEMIUM,false,false,false,false
5638,Woodside Central,Floating NY 1,2025-05,FREEMIUM,true,false,false,false
5640,Woodside Central,Floating NY 1,2025-05,FREEMIUM,false,false,false,false
5644,Woodside Central,Floating NY 1,2025-05,FREEMIUM,true,false,false,false
5645,Woodside Central,Floating NY 1,2025-05,FREEMIUM,false,false,false,false
5647,Woodside Central,Floating NY 1,2025-05,FREEMIUM,false,false,false,false
5650,Woodside Central,Floating NY 1,2025-05,FREEMIUM,false,false,false,false
5653,Woodside Central,Floating NY 1,2025-05,FREEMIUM,false,false,false,false
5642,Woodside Central,Floating NY 1,2025-05,FREEMIUM,false,false,false,false
5657,Woodside Central,Floating NY 1,2025-05,FREEMIUM,false,false,false,false
5658,Woodside Central,Floating NY 1,2025-05,FREEMIUM,true,false,false,false
5629,Woodside Central,Floating NY 1,2025-05,FREEMIUM,true,false,false,false
5662,Woodside Central,Floating NY 1,2025-05,ON_DEMAND_SUBSCRIPTION,true,true,false,true
5646,Woodside Central,Floating NY 1,2025-05,FREEMIUM,true,false,false,false
5655,Woodside Central,Floating NY 1,2025-05,ON_DEMAND_SUBSCRIPTION,true,true,false,true
5635,Woodside Central,Floating NY 1,2025-05,FREEMIUM,false,false,false,false
5991,Woodside Central,Floating NY 1,2025-05,ON_DEMAND_SUBSCRIPTION,true,true,false,true
5679,Woodside Central,Floating NY 1,2025-05,FREEMIUM,true,false,false,false
5680,Woodside Central,Floating NY 1,2025-05,FREEMIUM,false,false,false,false
5682,Woodside Central,Floating NY 1,2025-05,FREEMIUM,false,false,false,false
5684,Woodside Central,Floating NY 1,2025-05,FREEMIUM,false,false,false,false
5685,Woodside Central,Floating NY 1,2025-05,FREEMIUM,false,false,false,false
5686,Woodside Central,Floating NY 1,2025-05,WARM_LEAD,false,false,false,false
5734,Woodside Central,Floating NY 1,2025-05,CHURN,true,false,false,false
5736,Woodside Central,Floating NY 1,2025-05,FREEMIUM,true,false,false,false
5972,Woodside Central,Floating NY 1,2025-05,FREEMIUM,false,false,false,false
5906,Woodside Central,Floating NY 1,2025-05,FREEMIUM,false,false,false,false
5764,Woodside Central,Floating NY 1,2025-05,FREEMIUM,false,false,false,false
6204,100 House,Hoboken Polygon,2025-06,LEAD,false,false,false,false
6216,100 House,Hoboken Polygon,2025-06,ON_DEMAND_SUBSCRIPTION,false,true,false,true
2806,100 House,Hoboken Polygon,2025-06,FREEMIUM,true,false,false,false
6360,100 House,Hoboken Polygon,2025-06,CHURN,true,false,false,false
6256,100 House,Hoboken Polygon,2025-06,RECURRING_SUBSCRIPTION,true,true,true,false
6412,1 Boerum PL,Floating NY 2,2025-06,LEAD,false,false,false,false
6340,1 Boerum PL,Floating NY 2,2025-06,ON_DEMAND_SUBSCRIPTION,true,true,false,true
6153,1 Boerum PL,Floating NY 2,2025-06,LEAD,false,false,false,false
6273,1 Boerum PL,Floating NY 2,2025-06,TRIAL,true,false,false,false
6282,300 Somerset,Harrison Polygon,2025-06,TRIAL,false,false,false,false
6275,300 Somerset,Harrison Polygon,2025-06,LEAD,false,false,false,false
6292,300 Somerset,Harrison Polygon,2025-06,LEAD,true,false,false,false
6275,300 Somerset,Harrison Polygon,2025-06,LEAD,false,false,false,false
6441,300 Somerset,Harrison Polygon,2025-06,LEAD,false,false,false,false
6326,300 Somerset,Harrison Polygon,2025-06,LEAD,false,false,false,false
2188,300 Somerset,Harrison Polygon,2025-06,ON_DEMAND_SUBSCRIPTION,true,true,false,true
6351,300 Somerset,Harrison Polygon,2025-06,LEAD,true,false,false,false
6313,300 Somerset,Harrison Polygon,2025-06,LEAD,false,false,false,false
6312,300 Somerset,Harrison Polygon,2025-06,WARM_LEAD,true,false,false,false
6281,300 Somerset,Harrison Polygon,2025-06,CHURN,true,false,false,false
6299,300 Somerset,Harrison Polygon,2025-06,LEAD,false,false,false,false
6281,300 Somerset,Harrison Polygon,2025-06,CHURN,true,false,false,false
1885,330 Angelo Cifelli,Harrison Polygon,2025-06,RECURRING_SUBSCRIPTION,true,true,true,false
6295,330 Angelo Cifelli,Harrison Polygon,2025-06,WARM_LEAD,false,false,false,false
6319,330 Angelo Cifelli,Harrison Polygon,2025-06,LEAD,false,false,false,false
6339,330 Angelo Cifelli,Harrison Polygon,2025-06,CHURN,true,false,false,false
6294,330 Angelo Cifelli,Harrison Polygon,2025-06,WARM_LEAD,true,false,false,false
6316,330 Angelo Cifelli,Harrison Polygon,2025-06,LEAD,false,false,false,false
6276,330 Angelo Cifelli,Harrison Polygon,2025-06,RECURRING_SUBSCRIPTION,true,true,true,false
6287,330 Angelo Cifelli,Harrison Polygon,2025-06,TRIAL,true,false,false,false
6315,330 Angelo Cifelli,Harrison Polygon,2025-06,LEAD,false,false,false,false
3451,330W-56th,Hell's Kitchen Polygon,2025-06,FREEMIUM,false,false,false,false
6329,655 Union,Boerum Hill Polygon,2025-06,LEAD,true,false,false,false
6359,655 Union,Boerum Hill Polygon,2025-06,WARM_LEAD,false,false,false,false
6215,655 Union,Boerum Hill Polygon,2025-06,RECURRING_SUBSCRIPTION,true,true,true,false
6155,655 Union,Boerum Hill Polygon,2025-06,WARM_LEAD,true,false,false,false
6371,655 Union,Boerum Hill Polygon,2025-06,LEAD,true,false,false,false
6335,655 Union,Boerum Hill Polygon,2025-06,RECURRING_SUBSCRIPTION,true,true,true,false
6333,655 Union,Boerum Hill Polygon,2025-06,WARM_LEAD,false,false,false,false
6180,655 Union,Boerum Hill Polygon,2025-06,LEAD,false,false,false,false
6328,655 Union,Boerum Hill Polygon,2025-06,LEAD,false,false,false,false
6334,655 Union,Boerum Hill Polygon,2025-06,LEAD,true,false,false,false
6334,655 Union,Boerum Hill Polygon,2025-06,LEAD,true,false,false,false
6343,655 Union,Boerum Hill Polygon,2025-06,LEAD,false,false,false,false
6329,655 Union,Boerum Hill Polygon,2025-06,LEAD,true,false,false,false
6279,Agnes,Floating Jersey,2025-06,LEAD,true,false,false,false
2603,Agnes,Floating Jersey,2025-06,FREEMIUM,true,false,false,false
6302,Agnes,Floating Jersey,2025-06,LEAD,false,false,false,false
6279,Agnes,Floating Jersey,2025-06,LEAD,true,false,false,false
6304,Agnes,Floating Jersey,2025-06,LEAD,true,false,false,false
6284,Agnes,Floating Jersey,2025-06,LEAD,false,false,false,false
6311,Agnes,Floating Jersey,2025-06,LEAD,false,false,false,false
2670,Agnes,Floating Jersey,2025-06,FREEMIUM,false,false,false,false
6291,Agnes,Floating Jersey,2025-06,WARM_LEAD,false,false,false,false
6298,Agnes,Floating Jersey,2025-06,LEAD,false,false,false,false
6301,Agnes,Floating Jersey,2025-06,LEAD,false,false,false,false
6278,Agnes,Floating Jersey,2025-06,LEAD,false,false,false,false
6342,Alta,Floating NY 1,2025-06,LEAD,false,false,false,false
416,Azrieli TLV,Unknown,2025-06,COLD_LEAD,true,false,false,false
3166,Azrieli TLV,Unknown,2025-06,TRIAL,true,false,false,false
2701,Azrieli TLV,Unknown,2025-06,ON_DEMAND_SUBSCRIPTION,false,true,false,true
6257,Azrieli TLV,Unknown,2025-06,CHURN,false,false,false,false
416,Azrieli TLV,Unknown,2025-06,COLD_LEAD,true,false,false,false
2852,Azrieli TLV,Unknown,2025-06,COLD_LEAD,false,false,false,false
6651,Gindi 1,Unknown,2025-06,LEAD,false,false,false,false
5204,Gindi 1,Unknown,2025-06,COLD_LEAD,false,false,false,false
87,Gindi 1,Unknown,2025-06,FROZEN,false,false,false,false
6250,Gindi 1,Unknown,2025-06,TRIAL,true,false,false,false
6651,Gindi 1,Unknown,2025-06,LEAD,false,false,false,false
6431,Gindi 1,Unknown,2025-06,COLD_LEAD,false,false,false,false
6436,Gindi 1,Unknown,2025-06,COLD_LEAD,false,false,false,false
1242,Gindi 1,Unknown,2025-06,COLD_LEAD,false,false,false,false
3560,Gindi 1,Unknown,2025-06,COLD_LEAD,false,false,false,false
6357,Gindi 1,Unknown,2025-06,WARM_LEAD,false,false,false,false
6437,Gindi 2,Unknown,2025-06,TRIAL,false,false,false,false
387,Gindi 2,Unknown,2025-06,CHURN,true,false,false,false
6175,Gindi 2,Unknown,2025-06,COLD_LEAD,false,false,false,false
6363,Gindi 2,Unknown,2025-06,LEAD,false,false,false,false
6356,Gindi 3,Unknown,2025-06,CHURN,false,false,false,false
6356,Gindi 3,Unknown,2025-06,CHURN,false,false,false,false
6356,Gindi 3,Unknown,2025-06,CHURN,false,false,false,false
6142,HaHehad,Unknown,2025-06,TRIAL,false,false,false,false
2516,HaHehad,Unknown,2025-06,COLD_LEAD,false,false,false,false
2540,HaHehad,Unknown,2025-06,COLD_LEAD,false,false,false,false
6442,HaHehad,Unknown,2025-06,COLD_LEAD,false,false,false,false
6375,HaHehad,Unknown,2025-06,TRIAL,true,false,false,false
5196,HaHehad,Unknown,2025-06,TRIAL,false,false,false,false
6449,HaHehad,Unknown,2025-06,CHURN,false,false,false,false
6434,HaHehad,Unknown,2025-06,COLD_LEAD,false,false,false,false
6157,John Street 116,Financial District Polygon,2025-06,LEAD,false,false,false,false
5393,John Street 116,Financial District Polygon,2025-06,LEAD,false,false,false,false
6407,Nine 52,Hell's Kitchen Polygon,2025-06,LEAD,false,false,false,false
2080,Nine 52,Hell's Kitchen Polygon,2025-06,FREEMIUM,false,false,false,false
5520,Nine 52,Hell's Kitchen Polygon,2025-06,WARM_LEAD,true,false,false,false
6423,Oliver on the Hudson,Floating Jersey,2025-06,CHURN,true,false,false,false
6377,Oliver on the Hudson,Floating Jersey,2025-06,WARM_LEAD,false,false,false,false
6254,Oliver on the Hudson,Floating Jersey,2025-06,CHURN,true,false,false,false
6154,Oliver on the Hudson,Floating Jersey,2025-06,LEAD,false,false,false,false
6208,One Ten,Hoboken Polygon,2025-06,LEAD,false,false,false,false
6205,One Ten,Hoboken Polygon,2025-06,FREEMIUM,true,false,false,false
6408,One Ten,Hoboken Polygon,2025-06,TRIAL,false,false,false,false
6203,One Ten,Hoboken Polygon,2025-06,LEAD,false,false,false,false
6198,One Ten,Hoboken Polygon,2025-06,WARM_LEAD,false,false,false,false
2182,One Ten,Hoboken Polygon,2025-06,RECURRING_SUBSCRIPTION,true,true,true,false
6268,One Ten,Hoboken Polygon,2025-06,LEAD,false,false,false,false
6332,River Place,Hell's Kitchen Polygon,2025-06,LEAD,false,false,false,false
6324,River Place,Hell's Kitchen Polygon,2025-06,LEAD,false,false,false,false
6405,River Place,Hell's Kitchen Polygon,2025-06,TRIAL,false,false,false,false
4569,River Place,Hell's Kitchen Polygon,2025-06,FREEMIUM,false,false,false,false
6325,River Place,Hell's Kitchen Polygon,2025-06,LEAD,false,false,false,false
6163,River Place,Hell's Kitchen Polygon,2025-06,WARM_LEAD,false,false,false,false
5334,River Place,Hell's Kitchen Polygon,2025-06,RECURRING_SUBSCRIPTION,true,true,true,false
5334,River Place,Hell's Kitchen Polygon,2025-06,RECURRING_SUBSCRIPTION,true,true,true,false
4358,River Place,Hell's Kitchen Polygon,2025-06,FREEMIUM,false,false,false,false
4299,River Place,Hell's Kitchen Polygon,2025-06,FREEMIUM,false,false,false,false
1076,River Place,Hell's Kitchen Polygon,2025-06,FREEMIUM,true,false,false,false
4358,River Place,Hell's Kitchen Polygon,2025-06,FREEMIUM,false,false,false,false
4494,River Place,Hell's Kitchen Polygon,2025-06,FREEMIUM,false,false,false,false
4270,River Place,Hell's Kitchen Polygon,2025-06,CHURN,true,false,false,false
1336,River Place,Hell's Kitchen Polygon,2025-06,FREEMIUM,false,false,false,false
4430,River Place,Hell's Kitchen Polygon,2025-06,FREEMIUM,false,false,false,false
6176,River Place,Hell's Kitchen Polygon,2025-06,CHURN,true,false,false,false
6320,River Place,Hell's Kitchen Polygon,2025-06,LEAD,false,false,false,false
5224,Silver Towers,Hell's Kitchen Polygon,2025-06,FREEMIUM,false,false,false,false
1087,Silver Towers,Hell's Kitchen Polygon,2025-06,ON_DEMAND_SUBSCRIPTION,false,true,false,true
5116,Silver Towers,Hell's Kitchen Polygon,2025-06,FREEMIUM,false,false,false,false
6246,Silver Towers,Hell's Kitchen Polygon,2025-06,TRIAL,true,false,false,false
5000,Silver Towers,Hell's Kitchen Polygon,2025-06,TRIAL,true,false,false,false
624,Silver Towers,Hell's Kitchen Polygon,2025-06,TRIAL,false,false,false,false
4871,Silver Towers,Hell's Kitchen Polygon,2025-06,FREEMIUM,false,false,false,false
1353,Silver Towers,Hell's Kitchen Polygon,2025-06,FREEMIUM,false,false,false,false
4998,Silver Towers,Hell's Kitchen Polygon,2025-06,FREEMIUM,false,false,false,false
3136,Silver Towers,Hell's Kitchen Polygon,2025-06,FREEMIUM,false,false,false,false
624,Silver Towers,Hell's Kitchen Polygon,2025-06,TRIAL,false,false,false,false
5043,Silver Towers,Hell's Kitchen Polygon,2025-06,FREEMIUM,false,false,false,false
4802,Silver Towers,Hell's Kitchen Polygon,2025-06,ON_DEMAND_SUBSCRIPTION,false,true,false,true
460,Silver Towers,Hell's Kitchen Polygon,2025-06,TRIAL,true,false,false,false
4960,Silver Towers,Hell's Kitchen Polygon,2025-06,FREEMIUM,false,false,false,false
6435,Silver Towers,Hell's Kitchen Polygon,2025-06,LEAD,false,false,false,false
6170,Silver Towers,Hell's Kitchen Polygon,2025-06,LEAD,false,false,false,false
4897,Silver Towers,Hell's Kitchen Polygon,2025-06,FREEMIUM,true,false,false,false
4935,Silver Towers,Hell's Kitchen Polygon,2025-06,FREEMIUM,false,false,false,false
6433,Silver Towers,Hell's Kitchen Polygon,2025-06,WARM_LEAD,true,false,false,false
4899,Silver Towers,Hell's Kitchen Polygon,2025-06,FREEMIUM,false,false,false,false
6200,Silver Towers,Hell's Kitchen Polygon,2025-06,CHURN,false,false,false,false
6200,Silver Towers,Hell's Kitchen Polygon,2025-06,CHURN,false,false,false,false
6152,Silver Towers,Hell's Kitchen Polygon,2025-06,RECURRING_SUBSCRIPTION,true,true,true,false
1353,Silver Towers,Hell's Kitchen Polygon,2025-06,FREEMIUM,false,false,false,false
6221,Silver Towers,Hell's Kitchen Polygon,2025-06,FREEMIUM,false,false,false,false
6236,Stonehill,Chatham / West Orange Polygon,2025-06,LEAD,false,false,false,false
6447,Stonehill,Chatham / West Orange Polygon,2025-06,LEAD,false,false,false,false
6237,Stonehill,Chatham / West Orange Polygon,2025-06,LEAD,false,false,false,false
6259,Stonehill,Chatham / West Orange Polygon,2025-06,LEAD,false,false,false,false
6443,Stonehill,Chatham / West Orange Polygon,2025-06,LEAD,false,false,false,false
6261,Stonehill,Chatham / West Orange Polygon,2025-06,LEAD,false,false,false,false
6264,Stonehill,Chatham / West Orange Polygon,2025-06,TRIAL,true,false,false,false
6238,Stonehill,Chatham / West Orange Polygon,2025-06,WARM_LEAD,false,false,false,false
6267,Stonehill,Chatham / West Orange Polygon,2025-06,LEAD,true,false,false,false
6448,Stonehill,Chatham / West Orange Polygon,2025-06,WARM_LEAD,true,false,false,false
6260,Stonehill,Chatham / West Orange Polygon,2025-06,LEAD,false,false,false,false
5478,Stonehill,Chatham / West Orange Polygon,2025-06,TRIAL,true,false,false,false
6446,Stonehill,Chatham / West Orange Polygon,2025-06,LEAD,false,false,false,false
6367,Stonehill,Chatham / West Orange Polygon,2025-06,LEAD,false,false,false,false
6249,The Boulevard,Floating Miami,2025-06,WARM_LEAD,false,false,false,false
6227,The Boulevard,Floating Miami,2025-06,WARM_LEAD,true,false,false,false
6162,The Boulevard,Floating Miami,2025-06,CHURN,false,false,false,false
6192,The Boulevard,Floating Miami,2025-06,TRIAL,false,false,false,false
6450,The Boulevard,Floating Miami,2025-06,FROZEN,true,false,false,false
5659,The Boulevard,Floating Miami,2025-06,CHURN,true,false,false,false
6327,The Boulevard,Floating Miami,2025-06,RECURRING_SUBSCRIPTION,true,true,true,false
6158,The Boulevard,Floating Miami,2025-06,TRIAL,false,false,false,false
6265,The Boulevard,Floating Miami,2025-06,WARM_LEAD,false,false,false,false
6269,The Boulevard,Floating Miami,2025-06,WARM_LEAD,false,false,false,false
6161,The Boulevard,Floating Miami,2025-06,WARM_LEAD,true,false,false,false
6362,The Boulevard,Floating Miami,2025-06,ON_DEMAND_SUBSCRIPTION,false,true,false,true
6432,The Boulevard,Floating Miami,2025-06,WARM_LEAD,false,false,false,false
6372,The Boulevard,Floating Miami,2025-06,WARM_LEAD,false,false,false,false
6262,The Boulevard,Floating Miami,2025-06,WARM_LEAD,true,false,false,false
6308,The Boulevard,Floating Miami,2025-06,WARM_LEAD,false,false,false,false
6274,The Boulevard,Floating Miami,2025-06,WARM_LEAD,false,false,false,false
6317,The Boulevard,Floating Miami,2025-06,WARM_LEAD,false,false,false,false
6349,The Boulevard,Floating Miami,2025-06,WARM_LEAD,true,false,false,false
6344,The Boulevard,Floating Miami,2025-06,WARM_LEAD,false,false,false,false
6248,The Boulevard,Floating Miami,2025-06,WARM_LEAD,true,false,false,false
6258,The Boulevard,Floating Miami,2025-06,WARM_LEAD,false,false,false,false
6262,The Boulevard,Floating Miami,2025-06,WARM_LEAD,true,false,false,false
6247,The Boulevard,Floating Miami,2025-06,WARM_LEAD,true,false,false,false
6248,The Boulevard,Floating Miami,2025-06,WARM_LEAD,true,false,false,false
6400,The Buchanan,Floating NY 1,2025-06,LEAD,false,false,false,false
6387,The Buchanan,Floating NY 1,2025-06,LEAD,false,false,false,false
6388,The Buchanan,Floating NY 1,2025-06,LEAD,false,false,false,false
6395,The Buchanan,Floating NY 1,2025-06,LEAD,false,false,false,false
6393,The Buchanan,Floating NY 1,2025-06,LEAD,false,false,false,false
6394,The Buchanan,Floating NY 1,2025-06,LEAD,false,false,false,false
6391,The Buchanan,Floating NY 1,2025-06,LEAD,true,false,false,false
6389,The Buchanan,Floating NY 1,2025-06,LEAD,true,false,false,false
6401,The Buchanan,Floating NY 1,2025-06,RECURRING_SUBSCRIPTION,true,true,true,false
6398,The Buchanan,Floating NY 1,2025-06,RECURRING_SUBSCRIPTION,true,true,true,false
6402,The Buchanan,Floating NY 1,2025-06,LEAD,false,false,false,false
6391,The Buchanan,Floating NY 1,2025-06,LEAD,true,false,false,false
6396,The Buchanan,Floating NY 1,2025-06,LEAD,true,false,false,false
6399,The Buchanan,Floating NY 1,2025-06,LEAD,false,false,false,false
6383,The Buchanan,Floating NY 1,2025-06,LEAD,false,false,false,false
6406,The Buchanan,Floating NY 1,2025-06,LEAD,true,false,false,false
8847,The Buchanan,Floating NY 1,2025-06,CHURN,false,false,false,false
6370,The Buchanan,Floating NY 1,2025-06,LEAD,true,false,false,false
6392,The Buchanan,Floating NY 1,2025-06,LEAD,false,false,false,false
6382,The Buchanan,Floating NY 1,2025-06,LEAD,false,false,false,false
6427,The Buchanan,Floating NY 1,2025-06,RECURRING_SUBSCRIPTION,true,true,true,false
6440,The Buchanan,Floating NY 1,2025-06,TRIAL,false,false,false,false
6425,The Buchanan,Floating NY 1,2025-06,LEAD,true,false,false,false
6426,The Buchanan,Floating NY 1,2025-06,LEAD,false,false,false,false
6397,The Buchanan,Floating NY 1,2025-06,RECURRING_SUBSCRIPTION,true,true,true,false
6384,The Buchanan,Floating NY 1,2025-06,LEAD,false,false,false,false
6385,The Buchanan,Floating NY 1,2025-06,LEAD,false,false,false,false
6386,The Buchanan,Floating NY 1,2025-06,LEAD,false,false,false,false
6217,The Devan,Hoboken Polygon,2025-06,WARM_LEAD,false,false,false,false
6369,The Devan,Hoboken Polygon,2025-06,LEAD,false,false,false,false
6286,The Devan,Hoboken Polygon,2025-06,RECURRING_SUBSCRIPTION,true,true,true,false
6174,The Devan,Hoboken Polygon,2025-06,LEAD,true,false,false,false
6230,The Devan,Hoboken Polygon,2025-06,LEAD,false,false,false,false
6182,The Devan,Hoboken Polygon,2025-06,CHURN,true,false,false,false
6288,The Devan,Hoboken Polygon,2025-06,LEAD,false,false,false,false
6193,The Devan,Hoboken Polygon,2025-06,LEAD,false,false,false,false
6202,The Devan,Hoboken Polygon,2025-06,LEAD,false,false,false,false
6321,The Devan,Hoboken Polygon,2025-06,LEAD,false,false,false,false
6283,The Devan,Hoboken Polygon,2025-06,LEAD,false,false,false,false
6285,The Devan,Hoboken Polygon,2025-06,LEAD,false,false,false,false
6280,The Devan,Hoboken Polygon,2025-06,LEAD,false,false,false,false
5602,The Devan,Hoboken Polygon,2025-06,RECURRING_SUBSCRIPTION,true,true,true,false
6403,The Devan,Hoboken Polygon,2025-06,LEAD,false,false,false,false
6173,The Devan,Hoboken Polygon,2025-06,LEAD,false,false,false,false
6307,The Devan,Hoboken Polygon,2025-06,LEAD,false,false,false,false
6289,The Devan,Hoboken Polygon,2025-06,WARM_LEAD,true,false,false,false
6183,The Devan,Hoboken Polygon,2025-06,LEAD,true,false,false,false
2166,The Dime,Williamsburg Polygon,2025-06,TRIAL,false,false,false,false
6361,The Dime,Williamsburg Polygon,2025-06,LEAD,false,false,false,false
6353,The Dime,Williamsburg Polygon,2025-06,LEAD,false,false,false,false
6196,The Eddy,Harrison Polygon,2025-06,LEAD,true,false,false,false
5663,The Eddy,Harrison Polygon,2025-06,LEAD,true,false,false,false
6305,The Eddy,Harrison Polygon,2025-06,LEAD,false,false,false,false
1936,The Eddy,Harrison Polygon,2025-06,FREEMIUM,false,false,false,false
3915,The Eddy,Harrison Polygon,2025-06,FREEMIUM,false,false,false,false
1963,The Eddy,Harrison Polygon,2025-06,RECURRING_SUBSCRIPTION,true,true,true,false
1890,The Eddy,Harrison Polygon,2025-06,FREEMIUM,true,false,false,false
6354,The Eddy,Harrison Polygon,2025-06,WARM_LEAD,true,false,false,false
6368,The Eddy,Harrison Polygon,2025-06,LEAD,false,false,false,false
6290,The Eddy,Harrison Polygon,2025-06,LEAD,true,false,false,false
6350,The Eddy,Harrison Polygon,2025-06,LEAD,false,false,false,false
1926,The Eddy,Harrison Polygon,2025-06,FREEMIUM,true,false,false,false
1928,The Eddy,Harrison Polygon,2025-06,FREEMIUM,false,false,false,false
6293,The Eddy,Harrison Polygon,2025-06,LEAD,true,false,false,false
6352,The Enclave,Hoboken Polygon,2025-06,CHURN,true,false,false,false
6232,The Enclave,Hoboken Polygon,2025-06,RECURRING_SUBSCRIPTION,true,true,true,false
6266,The Enclave,Hoboken Polygon,2025-06,LEAD,false,false,false,false
1139,The Enclave,Hoboken Polygon,2025-06,FREEMIUM,false,false,false,false
1364,The Enclave,Hoboken Polygon,2025-06,FREEMIUM,false,false,false,false
6159,The Enclave,Hoboken Polygon,2025-06,LEAD,false,false,false,false
6300,The Enclave,Hoboken Polygon,2025-06,LEAD,false,false,false,false
6366,The Ivy,Chatham / West Orange Polygon,2025-06,ON_DEMAND_SUBSCRIPTION,false,true,false,true
6235,The Ivy,Chatham / West Orange Polygon,2025-06,LEAD,false,false,false,false
1734,The Ivy,Chatham / West Orange Polygon,2025-06,RECURRING_SUBSCRIPTION,true,true,true,false
6233,The Ivy,Chatham / West Orange Polygon,2025-06,LEAD,false,false,false,false
6160,The Ivy,Chatham / West Orange Polygon,2025-06,LEAD,false,false,false,false
6445,The Ivy,Chatham / West Orange Polygon,2025-06,LEAD,false,false,false,false
6234,The Ivy,Chatham / West Orange Polygon,2025-06,LEAD,false,false,false,false
6160,The Ivy,Chatham / West Orange Polygon,2025-06,LEAD,false,false,false,false
6235,The Ivy,Chatham / West Orange Polygon,2025-06,LEAD,false,false,false,false
6365,The Ivy,Chatham / West Orange Polygon,2025-06,LEAD,false,false,false,false
6417,Union Channel ,Boerum Hill Polygon,2025-06,LEAD,false,false,false,false
6418,Union Channel ,Boerum Hill Polygon,2025-06,LEAD,true,false,false,false
6413,Union Channel ,Boerum Hill Polygon,2025-06,LEAD,false,false,false,false
6420,Union Channel ,Boerum Hill Polygon,2025-06,LEAD,false,false,false,false
6421,Union Channel ,Boerum Hill Polygon,2025-06,LEAD,false,false,false,false
6415,Union Channel ,Boerum Hill Polygon,2025-06,TRIAL,true,false,false,false
6422,Union Channel ,Boerum Hill Polygon,2025-06,LEAD,true,false,false,false
6428,Union Channel ,Boerum Hill Polygon,2025-06,LEAD,true,false,false,false
6419,Union Channel ,Boerum Hill Polygon,2025-06,LEAD,false,false,false,false
6424,Union Channel ,Boerum Hill Polygon,2025-06,CHURN,true,false,false,false
6416,Union Channel ,Boerum Hill Polygon,2025-06,LEAD,false,false,false,false
6414,Union Channel ,Boerum Hill Polygon,2025-06,LEAD,false,false,false,false
6430,Union Channel ,Boerum Hill Polygon,2025-06,LEAD,false,false,false,false
6429,Union Channel ,Boerum Hill Polygon,2025-06,TRIAL,true,false,false,false
6296,Woodside Central,Floating NY 1,2025-06,LEAD,false,false,false,false
6270,Woodside Central,Floating NY 1,2025-06,WARM_LEAD,true,false,false,false
6345,Woodside Central,Floating NY 1,2025-06,LEAD,true,false,false,false
5644,Woodside Central,Floating NY 1,2025-06,FREEMIUM,true,false,false,false
6318,Woodside Central,Floating NY 1,2025-06,WARM_LEAD,true,false,false,false
6272,Woodside Central,Floating NY 1,2025-06,LEAD,false,false,false,false
6271,Woodside Central,Floating NY 1,2025-06,LEAD,true,false,false,false
5950,Woodside Central,Floating NY 1,2025-06,FREEMIUM,false,false,false,false
6374,Woodside Central,Floating NY 1,2025-06,LEAD,true,false,false,false
6684,100 House,Hoboken Polygon,2025-07,WARM_LEAD,false,false,false,false
6589,100 House,Hoboken Polygon,2025-07,LEAD,false,false,false,false
6491,1 Boerum PL,Floating NY 2,2025-07,CHURN,false,false,false,false
6873,300 Somerset,Harrison Polygon,2025-07,WARM_LEAD,false,false,false,false
6756,330 Angelo Cifelli,Harrison Polygon,2025-07,TRIAL,true,false,false,false
6475,330 Angelo Cifelli,Harrison Polygon,2025-07,WARM_LEAD,false,false,false,false
6789,416 Kent Avenue,Williamsburg Polygon,2025-07,LEAD,true,false,false,false
6798,416 Kent Avenue,Williamsburg Polygon,2025-07,FROZEN,true,false,false,false
6817,416 Kent Avenue,Williamsburg Polygon,2025-07,LEAD,false,false,false,false
6880,416 Kent Avenue,Williamsburg Polygon,2025-07,LEAD,false,false,false,false
6792,416 Kent Avenue,Williamsburg Polygon,2025-07,LEAD,false,false,false,false
6843,416 Kent Avenue,Williamsburg Polygon,2025-07,LEAD,false,false,false,false
6793,416 Kent Avenue,Williamsburg Polygon,2025-07,LEAD,true,false,false,false
6875,416 Kent Avenue,Williamsburg Polygon,2025-07,LEAD,false,false,false,false
6886,416 Kent Avenue,Williamsburg Polygon,2025-07,LEAD,false,false,false,false
6856,416 Kent Avenue,Williamsburg Polygon,2025-07,LEAD,false,false,false,false
6790,416 Kent Avenue,Williamsburg Polygon,2025-07,CHURN,true,false,false,false
6876,416 Kent Avenue,Williamsburg Polygon,2025-07,LEAD,false,false,false,false
6794,416 Kent Avenue,Williamsburg Polygon,2025-07,LEAD,false,false,false,false
6861,416 Kent Avenue,Williamsburg Polygon,2025-07,LEAD,false,false,false,false
6864,416 Kent Avenue,Williamsburg Polygon,2025-07,LEAD,false,false,false,false
6816,416 Kent Avenue,Williamsburg Polygon,2025-07,ON_DEMAND_SUBSCRIPTION,false,true,false,true
6826,416 Kent Avenue,Williamsburg Polygon,2025-07,LEAD,false,false,false,false
6862,416 Kent Avenue,Williamsburg Polygon,2025-07,ON_DEMAND_SUBSCRIPTION,true,true,false,true
6879,416 Kent Avenue,Williamsburg Polygon,2025-07,ON_DEMAND_SUBSCRIPTION,false,true,false,true
6885,416 Kent Avenue,Williamsburg Polygon,2025-07,LEAD,true,false,false,false
6799,420 Kent Avenue,Williamsburg Polygon,2025-07,WARM_LEAD,true,false,false,false
6821,420 Kent Avenue,Williamsburg Polygon,2025-07,LEAD,false,false,false,false
6850,420 Kent Avenue,Williamsburg Polygon,2025-07,CHURN,false,false,false,false
6838,420 Kent Avenue,Williamsburg Polygon,2025-07,RECURRING_SUBSCRIPTION,true,true,true,false
6806,420 Kent Avenue,Williamsburg Polygon,2025-07,LEAD,false,false,false,false
6809,420 Kent Avenue,Williamsburg Polygon,2025-07,ON_DEMAND_SUBSCRIPTION,true,true,false,true
6846,420 Kent Avenue,Williamsburg Polygon,2025-07,LEAD,true,false,false,false
6795,420 Kent Avenue,Williamsburg Polygon,2025-07,ON_DEMAND_SUBSCRIPTION,true,true,false,true
6839,420 Kent Avenue,Williamsburg Polygon,2025-07,ON_DEMAND_SUBSCRIPTION,true,true,false,true
6805,420 Kent Avenue,Williamsburg Polygon,2025-07,LEAD,false,false,false,false
6812,420 Kent Avenue,Williamsburg Polygon,2025-07,RECURRING_SUBSCRIPTION,false,true,true,false
6872,420 Kent Avenue,Williamsburg Polygon,2025-07,LEAD,false,false,false,false
6819,420 Kent Avenue,Williamsburg Polygon,2025-07,LEAD,false,false,false,false
6802,420 Kent Avenue,Williamsburg Polygon,2025-07,RECURRING_SUBSCRIPTION,true,true,true,false
6848,420 Kent Avenue,Williamsburg Polygon,2025-07,LEAD,false,false,false,false
6818,420 Kent Avenue,Williamsburg Polygon,2025-07,CHURN,true,false,false,false
6825,420 Kent Avenue,Williamsburg Polygon,2025-07,LEAD,false,false,false,false
6859,420 Kent Avenue,Williamsburg Polygon,2025-07,RECURRING_SUBSCRIPTION,true,true,true,false
6858,420 Kent Avenue,Williamsburg Polygon,2025-07,LEAD,true,false,false,false
6847,420 Kent Avenue,Williamsburg Polygon,2025-07,RECURRING_SUBSCRIPTION,true,true,true,false
6884,420 Kent Avenue,Williamsburg Polygon,2025-07,LEAD,false,false,false,false
6810,420 Kent Avenue,Williamsburg Polygon,2025-07,LEAD,false,false,false,false
6869,420 Kent Avenue,Williamsburg Polygon,2025-07,LEAD,true,false,false,false
6841,420 Kent Avenue,Williamsburg Polygon,2025-07,ON_DEMAND_SUBSCRIPTION,true,true,false,true
6874,420 Kent Avenue,Williamsburg Polygon,2025-07,ON_DEMAND_SUBSCRIPTION,true,true,false,true
6881,420 Kent Avenue,Williamsburg Polygon,2025-07,RECURRING_SUBSCRIPTION,true,true,true,false
6807,420 Kent Avenue,Williamsburg Polygon,2025-07,TRIAL,true,false,false,false
6844,420 Kent Avenue,Williamsburg Polygon,2025-07,LEAD,false,false,false,false
6842,420 Kent Avenue,Williamsburg Polygon,2025-07,LEAD,false,false,false,false
6836,420 Kent Avenue,Williamsburg Polygon,2025-07,WARM_LEAD,true,false,false,false
6840,420 Kent Avenue,Williamsburg Polygon,2025-07,LEAD,false,false,false,false
6796,420 Kent Avenue,Williamsburg Polygon,2025-07,LEAD,false,false,false,false
6808,420 Kent Avenue,Williamsburg Polygon,2025-07,LEAD,false,false,false,false
6828,420 Kent Avenue,Williamsburg Polygon,2025-07,LEAD,false,false,false,false
6857,420 Kent Avenue,Williamsburg Polygon,2025-07,LEAD,false,false,false,false
6815,420 Kent Avenue,Williamsburg Polygon,2025-07,WARM_LEAD,true,false,false,false
6835,420 Kent Avenue,Williamsburg Polygon,2025-07,TRIAL,true,false,false,false
6871,420 Kent Avenue,Williamsburg Polygon,2025-07,CHURN,true,false,false,false
6853,420 Kent Avenue,Williamsburg Polygon,2025-07,LEAD,false,false,false,false
6830,420 Kent Avenue,Williamsburg Polygon,2025-07,WARM_LEAD,true,false,false,false
6834,420 Kent Avenue,Williamsburg Polygon,2025-07,LEAD,false,false,false,false
6829,420 Kent Avenue,Williamsburg Polygon,2025-07,CHURN,false,false,false,false
6860,420 Kent Avenue,Williamsburg Polygon,2025-07,LEAD,false,false,false,false
6833,420 Kent Avenue,Williamsburg Polygon,2025-07,LEAD,false,false,false,false
6832,420 Kent Avenue,Williamsburg Polygon,2025-07,LEAD,false,false,false,false
6831,420 Kent Avenue,Williamsburg Polygon,2025-07,LEAD,false,false,false,false
6863,420 Kent Avenue,Williamsburg Polygon,2025-07,LEAD,false,false,false,false
6813,420 Kent Avenue,Williamsburg Polygon,2025-07,CHURN,true,false,false,false
6814,420 Kent Avenue,Williamsburg Polygon,2025-07,WARM_LEAD,false,false,false,false
6865,420 Kent Avenue,Williamsburg Polygon,2025-07,LEAD,false,false,false,false
6803,420 Kent Avenue,Williamsburg Polygon,2025-07,TRIAL,true,false,false,false
6820,420 Kent Avenue,Williamsburg Polygon,2025-07,WARM_LEAD,false,false,false,false
6827,420 Kent Avenue,Williamsburg Polygon,2025-07,LEAD,false,false,false,false
6811,420 Kent Avenue,Williamsburg Polygon,2025-07,LEAD,true,false,false,false
6866,420 Kent Avenue,Williamsburg Polygon,2025-07,LEAD,true,false,false,false
6824,420 Kent Avenue,Williamsburg Polygon,2025-07,LEAD,false,false,false,false
6822,420 Kent Avenue,Williamsburg Polygon,2025-07,LEAD,false,false,false,false
6867,420 Kent Avenue,Williamsburg Polygon,2025-07,TRIAL,true,false,false,false
6823,420 Kent Avenue,Williamsburg Polygon,2025-07,TRIAL,false,false,false,false
6801,420 Kent Avenue,Williamsburg Polygon,2025-07,LEAD,false,false,false,false
6804,420 Kent Avenue,Williamsburg Polygon,2025-07,TRIAL,false,false,false,false
6851,420 Kent Avenue,Williamsburg Polygon,2025-07,CHURN,true,false,false,false
6797,420 Kent Avenue,Williamsburg Polygon,2025-07,CHURN,true,false,false,false
6845,420 Kent Avenue,Williamsburg Polygon,2025-07,LEAD,false,false,false,false
6849,420 Kent Avenue,Williamsburg Polygon,2025-07,LEAD,false,false,false,false
6852,420 Kent Avenue,Williamsburg Polygon,2025-07,LEAD,false,false,false,false
6854,420 Kent Avenue,Williamsburg Polygon,2025-07,LEAD,false,false,false,false
6855,420 Kent Avenue,Williamsburg Polygon,2025-07,LEAD,true,false,false,false
6870,420 Kent Avenue,Williamsburg Polygon,2025-07,WARM_LEAD,true,false,false,false
6800,420 Kent Avenue,Williamsburg Polygon,2025-07,LEAD,false,false,false,false
6877,420 Kent Avenue,Williamsburg Polygon,2025-07,LEAD,false,false,false,false
6882,420 Kent Avenue,Williamsburg Polygon,2025-07,LEAD,true,false,false,false
6837,420 Kent Avenue,Williamsburg Polygon,2025-07,TRIAL,true,false,false,false
6883,420 Kent Avenue,Williamsburg Polygon,2025-07,LEAD,false,false,false,false
6868,420 Kent Avenue,Williamsburg Polygon,2025-07,LEAD,false,false,false,false
6508,655 Union,Boerum Hill Polygon,2025-07,LEAD,false,false,false,false
6791,655 Union,Williamsburg Polygon,2025-07,CHURN,true,false,false,false
6474,655 Union,Boerum Hill Polygon,2025-07,LEAD,true,false,false,false
6579,Agnes,Floating Jersey,2025-07,LEAD,false,false,false,false
6568,Agnes,Floating Jersey,2025-07,LEAD,false,false,false,false
6572,Agnes,Floating Jersey,2025-07,LEAD,false,false,false,false
6567,Agnes,Floating Jersey,2025-07,LEAD,false,false,false,false
6613,Agnes,Floating Jersey,2025-07,LEAD,false,false,false,false
6737,Alta,Floating NY 1,2025-07,LEAD,false,false,false,false
6618,Alta,Floating NY 1,2025-07,LEAD,false,false,false,false
6619,Alta,Floating NY 1,2025-07,LEAD,false,false,false,false
6620,Alta,Floating NY 1,2025-07,LEAD,false,false,false,false
6493,Alta,Floating NY 1,2025-07,CHURN,true,false,false,false
6623,Alta,Floating NY 1,2025-07,WARM_LEAD,false,false,false,false
6624,Alta,Floating NY 1,2025-07,LEAD,false,false,false,false
6625,Alta,Floating NY 1,2025-07,LEAD,false,false,false,false
6631,Alta,Floating NY 1,2025-07,LEAD,false,false,false,false
6632,Alta,Floating NY 1,2025-07,LEAD,false,false,false,false
6594,Alta,Floating NY 1,2025-07,WARM_LEAD,false,false,false,false
6505,Alta,Floating NY 1,2025-07,CHURN,true,false,false,false
6493,Alta,Floating NY 1,2025-07,CHURN,true,false,false,false
6467,Alta,Floating NY 1,2025-07,LEAD,false,false,false,false
6755,Alta,Floating NY 1,2025-07,LEAD,true,false,false,false
6466,Alta,Floating NY 1,2025-07,LEAD,true,false,false,false
6736,Alta,Floating NY 1,2025-07,WARM_LEAD,true,false,false,false
6750,Alta,Floating NY 1,2025-07,LEAD,false,false,false,false
6707,Alta,Floating NY 1,2025-07,CHURN,true,false,false,false
6562,Alta,Floating NY 1,2025-07,LEAD,false,false,false,false
6742,Alta,Floating NY 1,2025-07,LEAD,false,false,false,false
6741,Alta,Floating NY 1,2025-07,LEAD,false,false,false,false
6740,Alta,Floating NY 1,2025-07,LEAD,true,false,false,false
6616,Alta,Floating NY 1,2025-07,WARM_LEAD,false,false,false,false
6743,Alta,Floating NY 1,2025-07,ON_DEMAND_SUBSCRIPTION,false,true,false,true
6609,Alta,Floating NY 1,2025-07,ON_DEMAND_SUBSCRIPTION,false,true,false,true
6701,Alta,Floating NY 1,2025-07,LEAD,true,false,false,false
6642,Alta,Floating NY 1,2025-07,LEAD,false,false,false,false
6646,Alta,Floating NY 1,2025-07,LEAD,false,false,false,false
6644,Alta,Floating NY 1,2025-07,LEAD,false,false,false,false
6634,Alta,Floating NY 1,2025-07,LEAD,false,false,false,false
6643,Alta,Floating NY 1,2025-07,LEAD,false,false,false,false
6641,Alta,Floating NY 1,2025-07,LEAD,false,false,false,false
6640,Alta,Floating NY 1,2025-07,LEAD,false,false,false,false
6639,Alta,Floating NY 1,2025-07,LEAD,false,false,false,false
6638,Alta,Floating NY 1,2025-07,LEAD,false,false,false,false
6637,Alta,Floating NY 1,2025-07,LEAD,false,false,false,false
6636,Alta,Floating NY 1,2025-07,LEAD,false,false,false,false
6636,Alta,Floating NY 1,2025-07,LEAD,false,false,false,false
6635,Alta,Floating NY 1,2025-07,LEAD,false,false,false,false
6629,Alta,Floating NY 1,2025-07,LEAD,true,false,false,false
6634,Alta,Floating NY 1,2025-07,LEAD,false,false,false,false
6633,Alta,Floating NY 1,2025-07,LEAD,false,false,false,false
6630,Alta,Floating NY 1,2025-07,LEAD,false,false,false,false
6689,Alta,Floating NY 1,2025-07,LEAD,false,false,false,false
6675,Alta,Floating NY 1,2025-07,LEAD,false,false,false,false
6623,Alta,Floating NY 1,2025-07,WARM_LEAD,false,false,false,false
6603,Alta,Floating NY 1,2025-07,RECURRING_SUBSCRIPTION,true,true,true,false
6653,Alta,Floating NY 1,2025-07,WARM_LEAD,false,false,false,false
6664,Alta,Floating NY 1,2025-07,LEAD,false,false,false,false
6661,Alta,Floating NY 1,2025-07,LEAD,false,false,false,false
6660,Alta,Floating NY 1,2025-07,LEAD,true,false,false,false
6656,Alta,Floating NY 1,2025-07,LEAD,false,false,false,false
6655,Alta,Floating NY 1,2025-07,LEAD,false,false,false,false
6654,Alta,Floating NY 1,2025-07,LEAD,false,false,false,false
6464,Alta,Floating NY 1,2025-07,LEAD,false,false,false,false
6468,Alta,Floating NY 1,2025-07,LEAD,true,false,false,false
6467,Alta,Floating NY 1,2025-07,LEAD,false,false,false,false
6526,Alta,Floating NY 1,2025-07,RECURRING_SUBSCRIPTION,true,true,true,false
6471,Alta,Floating NY 1,2025-07,CHURN,true,false,false,false
6487,Alta,Floating NY 1,2025-07,LEAD,false,false,false,false
6494,Alta,Floating NY 1,2025-07,LEAD,true,false,false,false
6498,Alta,Floating NY 1,2025-07,LEAD,false,false,false,false
6500,Alta,Floating NY 1,2025-07,LEAD,false,false,false,false
6503,Alta,Floating NY 1,2025-07,LEAD,true,false,false,false
6505,Alta,Floating NY 1,2025-07,CHURN,true,false,false,false
6513,Alta,Floating NY 1,2025-07,LEAD,false,false,false,false
6515,Alta,Floating NY 1,2025-07,LEAD,false,false,false,false
6489,Alta,Floating NY 1,2025-07,ON_DEMAND_SUBSCRIPTION,true,true,false,true
6609,Alta,Floating NY 1,2025-07,ON_DEMAND_SUBSCRIPTION,false,true,false,true
6688,Alta,Floating NY 1,2025-07,RECURRING_SUBSCRIPTION,true,true,true,false
6652,Alta,Floating NY 1,2025-07,LEAD,false,false,false,false
6523,Alta,Floating NY 1,2025-07,RECURRING_SUBSCRIPTION,false,true,true,false
6652,Alta,Floating NY 1,2025-07,LEAD,false,false,false,false
6496,Alta,Floating NY 1,2025-07,RECURRING_SUBSCRIPTION,true,true,true,false
6525,Alta,Floating NY 1,2025-07,ON_DEMAND_SUBSCRIPTION,true,true,false,true
6496,Alta,Floating NY 1,2025-07,RECURRING_SUBSCRIPTION,true,true,true,false
6650,Alta,Floating NY 1,2025-07,LEAD,false,false,false,false
6649,Alta,Floating NY 1,2025-07,LEAD,false,false,false,false
6527,Alta,Floating NY 1,2025-07,WARM_LEAD,true,false,false,false
6531,Alta,Floating NY 1,2025-07,LEAD,false,false,false,false
6532,Alta,Floating NY 1,2025-07,LEAD,false,false,false,false
6648,Alta,Floating NY 1,2025-07,LEAD,false,false,false,false
6647,Alta,Floating NY 1,2025-07,LEAD,false,false,false,false
6496,Alta,Floating NY 1,2025-07,RECURRING_SUBSCRIPTION,true,true,true,false
6470,Alta,Floating NY 1,2025-07,LEAD,true,false,false,false
6598,Alta,Floating NY 1,2025-07,LEAD,false,false,false,false
6600,Alta,Floating NY 1,2025-07,LEAD,false,false,false,false
6616,Alta,Floating NY 1,2025-07,WARM_LEAD,false,false,false,false
6615,Alta,Floating NY 1,2025-07,LEAD,false,false,false,false
6616,Alta,Floating NY 1,2025-07,WARM_LEAD,false,false,false,false
6658,Azrieli TLV,Unknown,2025-07,TRIAL,false,false,false,false
6729,Azrieli TLV,Unknown,2025-07,COLD_LEAD,false,false,false,false
6658,Azrieli TLV,Unknown,2025-07,TRIAL,false,false,false,false
6501,Azrieli TLV,Unknown,2025-07,COLD_LEAD,true,false,false,false
6663,Azrieli TLV,Unknown,2025-07,COLD_LEAD,false,false,false,false
6456,Azrieli TLV,Unknown,2025-07,TRIAL,false,false,false,false
6501,Azrieli TLV,Unknown,2025-07,COLD_LEAD,true,false,false,false
6539,Azrieli TLV,Unknown,2025-07,COLD_LEAD,false,false,false,false
2268,Azrieli TLV,Unknown,2025-07,CHURN,true,false,false,false
6610,Azrieli TLV,Unknown,2025-07,COLD_LEAD,false,false,false,false
978,Azrieli TLV,Unknown,2025-07,LEAD,false,false,false,false
6535,Azrieli TLV,Unknown,2025-07,COLD_LEAD,false,false,false,false
6754,Gindi 1,Unknown,2025-07,COLD_LEAD,false,false,false,false
6674,Gindi 1,Unknown,2025-07,COLD_LEAD,true,false,false,false
1697,Gindi 1,Unknown,2025-07,TRIAL,false,false,false,false
6602,Gindi 1,Unknown,2025-07,COLD_LEAD,false,false,false,false
909,Gindi 1,Unknown,2025-07,COLD_LEAD,true,false,false,false
6662,Gindi 1,Unknown,2025-07,COLD_LEAD,false,false,false,false
6566,Gindi 2,Unknown,2025-07,COLD_LEAD,false,false,false,false
6704,Gindi 2,Unknown,2025-07,COLD_LEAD,false,false,false,false
6492,Gindi 2,Unknown,2025-07,COLD_LEAD,false,false,false,false
2873,Gindi 2,Unknown,2025-07,TRIAL,true,false,false,false
2775,Gindi 2,Unknown,2025-07,CHURN,false,false,false,false
6694,Gindi 3,Unknown,2025-07,COLD_LEAD,true,false,false,false
6744,Gindi 3,Unknown,2025-07,COLD_LEAD,false,false,false,false
6488,Gindi 3,Unknown,2025-07,COLD_LEAD,false,false,false,false
2691,Gindi 3,Unknown,2025-07,COLD_LEAD,false,false,false,false
1007,Gindi 3,Unknown,2025-07,ON_DEMAND_SUBSCRIPTION,false,true,false,true
1007,Gindi 3,Unknown,2025-07,ON_DEMAND_SUBSCRIPTION,false,true,false,true
2818,Gindi 3,Unknown,2025-07,COLD_LEAD,true,false,false,false
6783,Gindi 3,Unknown,2025-07,COLD_LEAD,false,false,false,false
2283,Gindi 3,Unknown,2025-07,COLD_LEAD,false,false,false,false
6522,Gindi 3,Unknown,2025-07,COLD_LEAD,false,false,false,false
3056,Gindi 3,Unknown,2025-07,ON_DEMAND_SUBSCRIPTION,false,true,false,true
1622,Gindi 4,Unknown,2025-07,CHURN,false,false,false,false
2468,HaHehad,Unknown,2025-07,COLD_LEAD,true,false,false,false
2597,HaHehad,Unknown,2025-07,CHURN,false,false,false,false
6375,HaHehad,Unknown,2025-07,TRIAL,true,false,false,false
6455,HaHehad,Unknown,2025-07,WARM_LEAD,false,false,false,false
6455,HaHehad,Unknown,2025-07,WARM_LEAD,false,false,false,false
2816,HaHehad,Unknown,2025-07,COLD_LEAD,false,false,false,false
6540,HaHehad,Unknown,2025-07,COLD_LEAD,false,false,false,false
6455,HaHehad,Unknown,2025-07,WARM_LEAD,false,false,false,false
2848,HaHehad,Unknown,2025-07,TRIAL,false,false,false,false
917,John Street 116,Financial District Polygon,2025-07,WARM_LEAD,true,false,false,false
919,John Street 116,Financial District Polygon,2025-07,RECURRING_SUBSCRIPTION,true,true,true,false
2085,Nine 52,Hell's Kitchen Polygon,2025-07,TRIAL,true,false,false,false
6482,Nine 52,Hell's Kitchen Polygon,2025-07,LEAD,false,false,false,false
6607,Nine 52,Hell's Kitchen Polygon,2025-07,LEAD,false,false,false,false
6564,Oliver on the Hudson,Floating Jersey,2025-07,WARM_LEAD,true,false,false,false
6676,Oliver on the Hudson,Floating Jersey,2025-07,RECURRING_SUBSCRIPTION,true,true,true,false
6551,Oliver on the Hudson,Floating Jersey,2025-07,LEAD,false,false,false,false
6550,Oliver on the Hudson,Floating Jersey,2025-07,LEAD,false,false,false,false
6495,Oliver on the Hudson,Floating Jersey,2025-07,LEAD,true,false,false,false
6529,Oliver on the Hudson,Floating Jersey,2025-07,LEAD,true,false,false,false
6254,Oliver on the Hudson,Floating Jersey,2025-07,CHURN,true,false,false,false
6533,Oliver on the Hudson,Floating Jersey,2025-07,RECURRING_SUBSCRIPTION,true,true,true,false
6780,Oliver on the Hudson,Floating Jersey,2025-07,WARM_LEAD,false,false,false,false
6552,Oliver on the Hudson,Floating Jersey,2025-07,LEAD,false,false,false,false
6553,Oliver on the Hudson,Floating Jersey,2025-07,LEAD,false,false,false,false
6762,One Ten,Hoboken Polygon,2025-07,LEAD,false,false,false,false
1146,One Ten,Hoboken Polygon,2025-07,FREEMIUM,false,false,false,false
6672,One Ten,Hoboken Polygon,2025-07,LEAD,false,false,false,false
6673,One Ten,Hoboken Polygon,2025-07,CHURN,false,false,false,false
6490,One Ten,Hoboken Polygon,2025-07,LEAD,false,false,false,false
6580,One Ten,Hoboken Polygon,2025-07,ON_DEMAND_SUBSCRIPTION,false,true,false,true
1543,River Place,Hell's Kitchen Polygon,2025-07,FREEMIUM,true,false,false,false
1111,River Place,Hell's Kitchen Polygon,2025-07,RECURRING_SUBSCRIPTION,false,true,true,false
4407,River Place,Hell's Kitchen Polygon,2025-07,RECURRING_SUBSCRIPTION,false,true,true,false
6549,River Place,Hell's Kitchen Polygon,2025-07,TRIAL,false,false,false,false
6771,River Place,Hell's Kitchen Polygon,2025-07,LEAD,false,false,false,false
4152,River Place,Hell's Kitchen Polygon,2025-07,FREEMIUM,false,false,false,false
6770,River Place,Hell's Kitchen Polygon,2025-07,LEAD,false,false,false,false
4399,River Place,Hell's Kitchen Polygon,2025-07,FREEMIUM,false,false,false,false
6659,River Place,Hell's Kitchen Polygon,2025-07,LEAD,false,false,false,false
580,River Place,Hell's Kitchen Polygon,2025-07,TRIAL,true,false,false,false
6782,River Place,Hell's Kitchen Polygon,2025-07,LEAD,false,false,false,false
1333,River Place,Hell's Kitchen Polygon,2025-07,ON_DEMAND_SUBSCRIPTION,false,true,false,true
6405,River Place,Hell's Kitchen Polygon,2025-07,TRIAL,false,false,false,false
4500,River Place,Hell's Kitchen Polygon,2025-07,FREEMIUM,false,false,false,false
6542,River Place,Hell's Kitchen Polygon,2025-07,LEAD,true,false,false,false
1374,River Place,Hell's Kitchen Polygon,2025-07,FREEMIUM,false,false,false,false
4191,River Place,Hell's Kitchen Polygon,2025-07,FREEMIUM,false,false,false,false
1374,River Place,Hell's Kitchen Polygon,2025-07,FREEMIUM,false,false,false,false
753,River Place,Hell's Kitchen Polygon,2025-07,TRIAL,false,false,false,false
2608,River Place,Hell's Kitchen Polygon,2025-07,FREEMIUM,false,false,false,false
6583,River Place,Hell's Kitchen Polygon,2025-07,RECURRING_SUBSCRIPTION,true,true,true,false
6578,River Place,Hell's Kitchen Polygon,2025-07,RECURRING_SUBSCRIPTION,true,true,true,false
6757,Silver Towers,Hell's Kitchen Polygon,2025-07,WARM_LEAD,false,false,false,false
1004,Silver Towers,Hell's Kitchen Polygon,2025-07,RECURRING_SUBSCRIPTION,true,true,true,false
6599,Silver Towers,Hell's Kitchen Polygon,2025-07,RECURRING_SUBSCRIPTION,true,true,true,false
4751,Silver Towers,Hell's Kitchen Polygon,2025-07,FREEMIUM,false,false,false,false
4791,Silver Towers,Hell's Kitchen Polygon,2025-07,ON_DEMAND_SUBSCRIPTION,false,true,false,true
6745,Silver Towers,Hell's Kitchen Polygon,2025-07,LEAD,false,false,false,false
6460,Silver Towers,Hell's Kitchen Polygon,2025-07,ON_DEMAND_SUBSCRIPTION,true,true,false,true
4975,Silver Towers,Hell's Kitchen Polygon,2025-07,ON_DEMAND_SUBSCRIPTION,true,true,false,true
4784,Silver Towers,Hell's Kitchen Polygon,2025-07,FREEMIUM,false,false,false,false
6458,Silver Towers,Hell's Kitchen Polygon,2025-07,LEAD,false,false,false,false
6481,Silver Towers,Hell's Kitchen Polygon,2025-07,LEAD,false,false,false,false
2105,Silver Towers,Hell's Kitchen Polygon,2025-07,CHURN,false,false,false,false
6692,Silver Towers,Hell's Kitchen Polygon,2025-07,LEAD,false,false,false,false
6457,Silver Towers,Hell's Kitchen Polygon,2025-07,RECURRING_SUBSCRIPTION,false,true,true,false
4866,Silver Towers,Hell's Kitchen Polygon,2025-07,FREEMIUM,false,false,false,false
2876,Silver Towers,Hell's Kitchen Polygon,2025-07,CHURN,true,false,false,false
5177,Silver Towers,Hell's Kitchen Polygon,2025-07,FREEMIUM,false,false,false,false
4721,Silver Towers,Hell's Kitchen Polygon,2025-07,FREEMIUM,false,false,false,false
6459,Silver Towers,Hell's Kitchen Polygon,2025-07,WARM_LEAD,false,false,false,false
3540,Silver Towers,Hell's Kitchen Polygon,2025-07,FREEMIUM,false,false,false,false
6433,Silver Towers,Hell's Kitchen Polygon,2025-07,WARM_LEAD,true,false,false,false
6520,Stonehill,Chatham / West Orange Polygon,2025-07,LEAD,false,false,false,false
6764,Stonehill,Chatham / West Orange Polygon,2025-07,LEAD,false,false,false,false
6697,Stonehill,Chatham / West Orange Polygon,2025-07,LEAD,false,false,false,false
6518,Stonehill,Chatham / West Orange Polygon,2025-07,LEAD,false,false,false,false
6521,Stonehill,Chatham / West Orange Polygon,2025-07,LEAD,false,false,false,false
6561,Stonehill,Chatham / West Orange Polygon,2025-07,TRIAL,true,false,false,false
6506,Stonehill,Chatham / West Orange Polygon,2025-07,ON_DEMAND_SUBSCRIPTION,true,true,false,true
6763,Stonehill,Chatham / West Orange Polygon,2025-07,LEAD,false,false,false,false
6696,Stonehill,Chatham / West Orange Polygon,2025-07,LEAD,false,false,false,false
6519,Stonehill,Chatham / West Orange Polygon,2025-07,LEAD,false,false,false,false
6534,Stonehill,Chatham / West Orange Polygon,2025-07,LEAD,false,false,false,false
6591,Stonehill,Chatham / West Orange Polygon,2025-07,RECURRING_SUBSCRIPTION,false,true,true,false
6504,Stonehill,Chatham / West Orange Polygon,2025-07,LEAD,false,false,false,false
6779,Stonehill,Chatham / West Orange Polygon,2025-07,LEAD,false,false,false,false
6590,Stonehill,Chatham / West Orange Polygon,2025-07,LEAD,false,false,false,false
6452,The Boulevard,Floating Miami,2025-07,WARM_LEAD,true,false,false,false
6502,The Boulevard,Floating Miami,2025-07,RECURRING_SUBSCRIPTION,true,true,true,false
6690,The Boulevard,Floating Miami,2025-07,LEAD,false,false,false,false
6538,The Boulevard,Floating Miami,2025-07,WARM_LEAD,false,false,false,false
6753,The Boulevard,Floating Miami,2025-07,LEAD,false,false,false,false
6528,The Boulevard,Floating Miami,2025-07,WARM_LEAD,false,false,false,false
6451,The Boulevard,Floating Miami,2025-07,ON_DEMAND_SUBSCRIPTION,false,true,false,true
5594,The Boulevard,Floating Miami,2025-07,TRIAL,true,false,false,false
6683,The Boulevard,Floating Miami,2025-07,LEAD,false,false,false,false
6738,The Buchanan,Floating NY 1,2025-07,RECURRING_SUBSCRIPTION,true,true,true,false
6571,The Buchanan,Floating NY 1,2025-07,TRIAL,true,false,false,false
6679,The Buchanan,Floating NY 1,2025-07,LEAD,false,false,false,false
6680,The Buchanan,Floating NY 1,2025-07,LEAD,false,false,false,false
6682,The Buchanan,Floating NY 1,2025-07,LEAD,false,false,false,false
6725,The Buchanan,Floating NY 1,2025-07,RECURRING_SUBSCRIPTION,false,true,true,false
6671,The Buchanan,Floating NY 1,2025-07,LEAD,false,false,false,false
6681,The Buchanan,Floating NY 1,2025-07,RECURRING_SUBSCRIPTION,false,true,true,false
6665,The Buchanan,Floating NY 1,2025-07,LEAD,false,false,false,false
6693,The Buchanan,Floating NY 1,2025-07,LEAD,false,false,false,false
6719,The Buchanan,Floating NY 1,2025-07,RECURRING_SUBSCRIPTION,true,true,true,false
6723,The Buchanan,Floating NY 1,2025-07,CHURN,true,false,false,false
6709,The Buchanan,Floating NY 1,2025-07,LEAD,false,false,false,false
6710,The Buchanan,Floating NY 1,2025-07,LEAD,false,false,false,false
6711,The Buchanan,Floating NY 1,2025-07,LEAD,false,false,false,false
6712,The Buchanan,Floating NY 1,2025-07,LEAD,false,false,false,false
6713,The Buchanan,Floating NY 1,2025-07,LEAD,false,false,false,false
6714,The Buchanan,Floating NY 1,2025-07,LEAD,false,false,false,false
6715,The Buchanan,Floating NY 1,2025-07,LEAD,false,false,false,false
6716,The Buchanan,Floating NY 1,2025-07,LEAD,false,false,false,false
6720,The Buchanan,Floating NY 1,2025-07,LEAD,false,false,false,false
6726,The Buchanan,Floating NY 1,2025-07,ON_DEMAND_SUBSCRIPTION,false,true,false,true
6722,The Buchanan,Floating NY 1,2025-07,LEAD,false,false,false,false
6721,The Buchanan,Floating NY 1,2025-07,LEAD,true,false,false,false
6774,The Buchanan,Floating NY 1,2025-07,WARM_LEAD,true,false,false,false
6724,The Buchanan,Floating NY 1,2025-07,LEAD,false,false,false,false
6728,The Buchanan,Floating NY 1,2025-07,LEAD,false,false,false,false
6718,The Buchanan,Floating NY 1,2025-07,CHURN,true,false,false,false
6735,The Buchanan,Floating NY 1,2025-07,LEAD,false,false,false,false
6565,The Buchanan,Floating NY 1,2025-07,LEAD,false,false,false,false
6732,The Buchanan,Floating NY 1,2025-07,ON_DEMAND_SUBSCRIPTION,false,true,false,true
6733,The Buchanan,Floating NY 1,2025-07,LEAD,false,false,false,false
6739,The Buchanan,Floating NY 1,2025-07,WARM_LEAD,false,false,false,false
6748,The Buchanan,Floating NY 1,2025-07,LEAD,false,false,false,false
6681,The Buchanan,Floating NY 1,2025-07,RECURRING_SUBSCRIPTION,false,true,true,false
6727,The Buchanan,Floating NY 1,2025-07,WARM_LEAD,false,false,false,false
6554,The Buchanan,Floating NY 1,2025-07,LEAD,false,false,false,false
6769,The Buchanan,Floating NY 1,2025-07,LEAD,true,false,false,false
6717,The Buchanan,Floating NY 1,2025-07,LEAD,true,false,false,false
6476,The Buchanan,Floating NY 1,2025-07,WARM_LEAD,true,false,false,false
6772,The Buchanan,Floating NY 1,2025-07,LEAD,false,false,false,false
6766,The Buchanan,Floating NY 1,2025-07,TRIAL,true,false,false,false
6478,The Devan,Hoboken Polygon,2025-07,TRIAL,true,false,false,false
6289,The Devan,Hoboken Polygon,2025-07,WARM_LEAD,true,false,false,false
6612,The Devan,Hoboken Polygon,2025-07,LEAD,false,false,false,false
6499,The Devan,Hoboken Polygon,2025-07,CHURN,true,false,false,false
6657,The Devan,Hoboken Polygon,2025-07,RECURRING_SUBSCRIPTION,true,true,true,false
6751,The Devan,Hoboken Polygon,2025-07,LEAD,false,false,false,false
6483,The Devan,Hoboken Polygon,2025-07,WARM_LEAD,false,false,false,false
6559,The Devan,Hoboken Polygon,2025-07,TRIAL,false,false,false,false
5735,The Devan,Hoboken Polygon,2025-07,FROZEN,true,false,false,false
6570,The Dime,Williamsburg Polygon,2025-07,RECURRING_SUBSCRIPTION,true,true,true,false
6702,The Dime,Williamsburg Polygon,2025-07,CHURN,false,false,false,false
6705,The Eddy,Harrison Polygon,2025-07,LEAD,false,false,false,false
6773,The Eddy,Harrison Polygon,2025-07,RECURRING_SUBSCRIPTION,true,true,true,false
6354,The Eddy,Harrison Polygon,2025-07,WARM_LEAD,true,false,false,false
6588,The Enclave,Hoboken Polygon,2025-07,LEAD,false,false,false,false
6761,The Enclave,Hoboken Polygon,2025-07,WARM_LEAD,true,false,false,false
6473,The Enclave,Hoboken Polygon,2025-07,WARM_LEAD,false,false,false,false
3089,The Enclave,Hoboken Polygon,2025-07,FREEMIUM,true,false,false,false
1453,The Enclave,Hoboken Polygon,2025-07,TRIAL,false,false,false,false
6581,The Enclave,Hoboken Polygon,2025-07,LEAD,true,false,false,false
1274,The Ivy,Chatham / West Orange Polygon,2025-07,FREEMIUM,false,false,false,false
1419,The Ivy,Chatham / West Orange Polygon,2025-07,FREEMIUM,true,false,false,false
6611,The Ivy,Chatham / West Orange Polygon,2025-07,LEAD,true,false,false,false
6695,The Ivy,Chatham / West Orange Polygon,2025-07,LEAD,false,false,false,false
6517,The Ivy,Chatham / West Orange Polygon,2025-07,LEAD,false,false,false,false
1375,The Ivy,Chatham / West Orange Polygon,2025-07,FREEMIUM,false,false,false,false
6569,Union Channel ,Boerum Hill Polygon,2025-07,LEAD,false,false,false,false
6699,Union Channel ,Boerum Hill Polygon,2025-07,LEAD,false,false,false,false
5986,Woodside Central,Floating NY 1,2025-07,FREEMIUM,false,false,false,false
6555,Woodside Central,Floating NY 1,2025-07,LEAD,false,false,false,false
6469,Woodside Central,Floating NY 1,2025-07,LEAD,false,false,false,false
6667,Woodside Central,Floating NY 1,2025-07,WARM_LEAD,false,false,false,false
6560,Woodside Central,Floating NY 1,2025-07,LEAD,false,false,false,false
6597,Woodside Central,Floating NY 1,2025-07,FROZEN,true,false,false,false
3823,100 House,Hoboken Polygon,2025-08,FREEMIUM,false,false,false,false
1348,100 House,Hoboken Polygon,2025-08,WARM_LEAD,true,false,false,false
7120,100 House,Hoboken Polygon,2025-08,LEAD,false,false,false,false
7092,100 House,Hoboken Polygon,2025-08,LEAD,false,false,false,false
7078,1 Boerum PL,Floating NY 2,2025-08,LEAD,false,false,false,false
7396,1 Boerum PL,Floating NY 2,2025-08,LEAD,false,false,false,false
2909,1 Boerum PL,Floating NY 2,2025-08,FREEMIUM,false,false,false,false
7230,1 Boerum PL,Floating NY 2,2025-08,LEAD,false,false,false,false
7469,20 Broad Street,Financial District Polygon,2025-08,LEAD,false,false,false,false
7535,20 Broad Street,Financial District Polygon,2025-08,LEAD,true,false,false,false
7444,20 Broad Street,Financial District Polygon,2025-08,ON_DEMAND_SUBSCRIPTION,true,true,false,true
7576,20 Broad Street,Financial District Polygon,2025-08,CHURN,true,false,false,false
7499,20 Broad Street,Financial District Polygon,2025-08,CHURN,true,false,false,false
7507,20 Broad Street,Financial District Polygon,2025-08,LEAD,true,false,false,false
7509,20 Broad Street,Financial District Polygon,2025-08,LEAD,false,false,false,false
7510,20 Broad Street,Financial District Polygon,2025-08,LEAD,true,false,false,false
7512,20 Broad Street,Financial District Polygon,2025-08,LEAD,true,false,false,false
7514,20 Broad Street,Financial District Polygon,2025-08,LEAD,false,false,false,false
7516,20 Broad Street,Financial District Polygon,2025-08,LEAD,false,false,false,false
7517,20 Broad Street,Financial District Polygon,2025-08,LEAD,true,false,false,false
7505,20 Broad Street,Financial District Polygon,2025-08,LEAD,false,false,false,false
7525,20 Broad Street,Financial District Polygon,2025-08,LEAD,false,false,false,false
7553,20 Broad Street,Financial District Polygon,2025-08,LEAD,false,false,false,false
7524,20 Broad Street,Financial District Polygon,2025-08,CHURN,true,false,false,false
7519,20 Broad Street,Financial District Polygon,2025-08,LEAD,false,false,false,false
7529,20 Broad Street,Financial District Polygon,2025-08,LEAD,false,false,false,false
7524,20 Broad Street,Financial District Polygon,2025-08,CHURN,true,false,false,false
7548,20 Broad Street,Financial District Polygon,2025-08,ON_DEMAND_SUBSCRIPTION,false,true,false,true
7557,20 Broad Street,Financial District Polygon,2025-08,LEAD,false,false,false,false
7598,20 Broad Street,Financial District Polygon,2025-08,LEAD,false,false,false,false
7567,20 Broad Street,Financial District Polygon,2025-08,LEAD,true,false,false,false
7499,20 Broad Street,Financial District Polygon,2025-08,CHURN,true,false,false,false
7582,20 Broad Street,Financial District Polygon,2025-08,LEAD,false,false,false,false
7594,20 Broad Street,Financial District Polygon,2025-08,LEAD,false,false,false,false
7595,20 Broad Street,Financial District Polygon,2025-08,LEAD,false,false,false,false
7518,20 Broad Street,Financial District Polygon,2025-08,CHURN,true,false,false,false
7555,20 Broad Street,Financial District Polygon,2025-08,WARM_LEAD,true,false,false,false
7522,20 Broad Street,Financial District Polygon,2025-08,LEAD,true,false,false,false
7597,20 Broad Street,Financial District Polygon,2025-08,LEAD,false,false,false,false
7523,20 Broad Street,Financial District Polygon,2025-08,LEAD,false,false,false,false
7605,20 Broad Street,Financial District Polygon,2025-08,LEAD,true,false,false,false
7607,20 Broad Street,Financial District Polygon,2025-08,LEAD,true,false,false,false
7651,20 Broad Street,Financial District Polygon,2025-08,LEAD,false,false,false,false
7561,20 Broad Street,Financial District Polygon,2025-08,CHURN,true,false,false,false
7543,20 Broad Street,Financial District Polygon,2025-08,WARM_LEAD,true,false,false,false
7621,20 Broad Street,Financial District Polygon,2025-08,LEAD,false,false,false,false
7521,20 Broad Street,Financial District Polygon,2025-08,LEAD,false,false,false,false
7626,20 Broad Street,Financial District Polygon,2025-08,LEAD,false,false,false,false
7628,20 Broad Street,Financial District Polygon,2025-08,LEAD,false,false,false,false
7629,20 Broad Street,Financial District Polygon,2025-08,LEAD,false,false,false,false
7631,20 Broad Street,Financial District Polygon,2025-08,LEAD,true,false,false,false
7630,20 Broad Street,Financial District Polygon,2025-08,WARM_LEAD,true,false,false,false
7474,20 Broad Street,Financial District Polygon,2025-08,ON_DEMAND_SUBSCRIPTION,true,true,false,true
7520,20 Broad Street,Financial District Polygon,2025-08,CHURN,true,false,false,false
7625,20 Broad Street,Financial District Polygon,2025-08,TRIAL,true,false,false,false
7513,20 Broad Street,Financial District Polygon,2025-08,RECURRING_SUBSCRIPTION,true,true,true,false
7568,20 Broad Street,Financial District Polygon,2025-08,RECURRING_SUBSCRIPTION,true,true,true,false
7624,20 Broad Street,Financial District Polygon,2025-08,RECURRING_SUBSCRIPTION,true,true,true,false
7608,20 Broad Street,Financial District Polygon,2025-08,RECURRING_SUBSCRIPTION,true,true,true,false
7558,20 Broad Street,Financial District Polygon,2025-08,RECURRING_SUBSCRIPTION,true,true,true,false
7506,20 Broad Street,Financial District Polygon,2025-08,CHURN,true,false,false,false
7614,20 Broad Street,Financial District Polygon,2025-08,WARM_LEAD,true,false,false,false
7577,20 Broad Street,Financial District Polygon,2025-08,CHURN,true,false,false,false
7511,20 Broad Street,Financial District Polygon,2025-08,TRIAL,true,false,false,false
7527,20 Broad Street,Financial District Polygon,2025-08,RECURRING_SUBSCRIPTION,true,true,true,false
7532,20 Broad Street,Financial District Polygon,2025-08,RECURRING_SUBSCRIPTION,false,true,true,false
7508,20 Broad Street,Financial District Polygon,2025-08,RECURRING_SUBSCRIPTION,false,true,true,false
6873,300 Somerset,Harrison Polygon,2025-08,WARM_LEAD,false,false,false,false
7073,300 Somerset,Harrison Polygon,2025-08,LEAD,false,false,false,false
1832,300 Somerset,Harrison Polygon,2025-08,FREEMIUM,true,false,false,false
7410,330 Angelo Cifelli,Harrison Polygon,2025-08,LEAD,true,false,false,false
7320,330 Angelo Cifelli,Harrison Polygon,2025-08,CHURN,true,false,false,false
7112,330 Angelo Cifelli,Harrison Polygon,2025-08,LEAD,false,false,false,false
7135,330 Angelo Cifelli,Harrison Polygon,2025-08,TRIAL,true,false,false,false
7118,345 Baldwin Avenue,Floating Jersey,2025-08,RECURRING_SUBSCRIPTION,true,true,true,false
7106,345 Baldwin Avenue,Floating Jersey,2025-08,WARM_LEAD,true,false,false,false
7103,345 Baldwin Avenue,Floating Jersey,2025-08,LEAD,false,false,false,false
7101,345 Baldwin Avenue,Floating Jersey,2025-08,LEAD,false,false,false,false
7620,345 Baldwin Avenue,Floating Jersey,2025-08,CHURN,true,false,false,false
7378,345 Baldwin Avenue,Floating Jersey,2025-08,ON_DEMAND_SUBSCRIPTION,true,true,false,true
7376,345 Baldwin Avenue,Floating Jersey,2025-08,LEAD,false,false,false,false
7440,345 Baldwin Avenue,Floating Jersey,2025-08,LEAD,false,false,false,false
7411,345 Baldwin Avenue,Floating Jersey,2025-08,ON_DEMAND_SUBSCRIPTION,true,true,false,true
7414,345 Baldwin Avenue,Floating Jersey,2025-08,RECURRING_SUBSCRIPTION,true,true,true,false
7384,345 Baldwin Avenue,Floating Jersey,2025-08,WARM_LEAD,true,false,false,false
7121,345 Baldwin Avenue,Floating Jersey,2025-08,RECURRING_SUBSCRIPTION,true,true,true,false
7392,345 Baldwin Avenue,Floating Jersey,2025-08,LEAD,false,false,false,false
7466,345 Baldwin Avenue,Floating Jersey,2025-08,LEAD,false,false,false,false
7115,345 Baldwin Avenue,Floating Jersey,2025-08,LEAD,true,false,false,false
7123,345 Baldwin Avenue,Floating Jersey,2025-08,LEAD,false,false,false,false
7316,416 Kent Avenue,Williamsburg Polygon,2025-08,LEAD,true,false,false,false
7132,416 Kent Avenue,Williamsburg Polygon,2025-08,CHURN,true,false,false,false
7156,416 Kent Avenue,Williamsburg Polygon,2025-08,LEAD,false,false,false,false
6987,416 Kent Avenue,Williamsburg Polygon,2025-08,ON_DEMAND_SUBSCRIPTION,true,true,false,true
7143,416 Kent Avenue,Williamsburg Polygon,2025-08,LEAD,true,false,false,false
7155,416 Kent Avenue,Williamsburg Polygon,2025-08,LEAD,false,false,false,false
7153,416 Kent Avenue,Williamsburg Polygon,2025-08,LEAD,false,false,false,false
7150,416 Kent Avenue,Williamsburg Polygon,2025-08,LEAD,true,false,false,false
7152,416 Kent Avenue,Williamsburg Polygon,2025-08,LEAD,false,false,false,false
7151,416 Kent Avenue,Williamsburg Polygon,2025-08,LEAD,false,false,false,false
7148,416 Kent Avenue,Williamsburg Polygon,2025-08,LEAD,false,false,false,false
7147,416 Kent Avenue,Williamsburg Polygon,2025-08,LEAD,false,false,false,false
7146,416 Kent Avenue,Williamsburg Polygon,2025-08,LEAD,true,false,false,false
7145,416 Kent Avenue,Williamsburg Polygon,2025-08,LEAD,true,false,false,false
7143,416 Kent Avenue,Williamsburg Polygon,2025-08,LEAD,true,false,false,false
7142,416 Kent Avenue,Williamsburg Polygon,2025-08,LEAD,true,false,false,false
7141,416 Kent Avenue,Williamsburg Polygon,2025-08,LEAD,false,false,false,false
7140,416 Kent Avenue,Williamsburg Polygon,2025-08,TRIAL,true,false,false,false
7203,416 Kent Avenue,Williamsburg Polygon,2025-08,LEAD,false,false,false,false
7139,416 Kent Avenue,Williamsburg Polygon,2025-08,LEAD,false,false,false,false
7138,416 Kent Avenue,Williamsburg Polygon,2025-08,LEAD,false,false,false,false
7140,416 Kent Avenue,Williamsburg Polygon,2025-08,TRIAL,true,false,false,false
7175,416 Kent Avenue,Williamsburg Polygon,2025-08,WARM_LEAD,true,false,false,false
7127,416 Kent Avenue,Williamsburg Polygon,2025-08,LEAD,false,false,false,false
7171,416 Kent Avenue,Williamsburg Polygon,2025-08,LEAD,false,false,false,false
7107,416 Kent Avenue,Williamsburg Polygon,2025-08,WARM_LEAD,true,false,false,false
7056,416 Kent Avenue,Williamsburg Polygon,2025-08,LEAD,false,false,false,false
7049,416 Kent Avenue,Williamsburg Polygon,2025-08,TRIAL,true,false,false,false
7051,416 Kent Avenue,Williamsburg Polygon,2025-08,LEAD,false,false,false,false
6798,416 Kent Avenue,Williamsburg Polygon,2025-08,FROZEN,true,false,false,false
7001,416 Kent Avenue,Williamsburg Polygon,2025-08,RECURRING_SUBSCRIPTION,true,true,true,false
7031,416 Kent Avenue,Williamsburg Polygon,2025-08,LEAD,true,false,false,false
7045,416 Kent Avenue,Williamsburg Polygon,2025-08,LEAD,true,false,false,false
7043,416 Kent Avenue,Williamsburg Polygon,2025-08,LEAD,true,false,false,false
7616,416 Kent Avenue,Williamsburg Polygon,2025-08,LEAD,false,false,false,false
7039,416 Kent Avenue,Williamsburg Polygon,2025-08,LEAD,false,false,false,false
7040,416 Kent Avenue,Williamsburg Polygon,2025-08,LEAD,false,false,false,false
7032,416 Kent Avenue,Williamsburg Polygon,2025-08,LEAD,false,false,false,false
7020,416 Kent Avenue,Williamsburg Polygon,2025-08,LEAD,false,false,false,false
7020,416 Kent Avenue,Williamsburg Polygon,2025-08,LEAD,false,false,false,false
6969,416 Kent Avenue,Williamsburg Polygon,2025-08,CHURN,true,false,false,false
7000,416 Kent Avenue,Williamsburg Polygon,2025-08,LEAD,false,false,false,false
6998,416 Kent Avenue,Williamsburg Polygon,2025-08,LEAD,false,false,false,false
6995,416 Kent Avenue,Williamsburg Polygon,2025-08,LEAD,false,false,false,false
7003,416 Kent Avenue,Williamsburg Polygon,2025-08,LEAD,false,false,false,false
6970,416 Kent Avenue,Williamsburg Polygon,2025-08,CHURN,true,false,false,false
6935,416 Kent Avenue,Williamsburg Polygon,2025-08,TRIAL,true,false,false,false
6926,416 Kent Avenue,Williamsburg Polygon,2025-08,LEAD,false,false,false,false
6951,416 Kent Avenue,Williamsburg Polygon,2025-08,LEAD,false,false,false,false
6932,416 Kent Avenue,Williamsburg Polygon,2025-08,LEAD,false,false,false,false
7248,416 Kent Avenue,Williamsburg Polygon,2025-08,LEAD,false,false,false,false
6922,416 Kent Avenue,Williamsburg Polygon,2025-08,LEAD,false,false,false,false
6909,416 Kent Avenue,Williamsburg Polygon,2025-08,RECURRING_SUBSCRIPTION,true,true,true,false
6898,416 Kent Avenue,Williamsburg Polygon,2025-08,LEAD,true,false,false,false
6896,416 Kent Avenue,Williamsburg Polygon,2025-08,TRIAL,true,false,false,false
6888,416 Kent Avenue,Williamsburg Polygon,2025-08,LEAD,true,false,false,false
6897,416 Kent Avenue,Williamsburg Polygon,2025-08,CHURN,true,false,false,false
6892,416 Kent Avenue,Williamsburg Polygon,2025-08,LEAD,true,false,false,false
7193,416 Kent Avenue,Williamsburg Polygon,2025-08,LEAD,true,false,false,false
7192,416 Kent Avenue,Williamsburg Polygon,2025-08,LEAD,false,false,false,false
7149,416 Kent Avenue,Williamsburg Polygon,2025-08,TRIAL,false,false,false,false
7130,416 Kent Avenue,Williamsburg Polygon,2025-08,LEAD,false,false,false,false
7267,416 Kent Avenue,Williamsburg Polygon,2025-08,RECURRING_SUBSCRIPTION,true,true,true,false
7173,416 Kent Avenue,Williamsburg Polygon,2025-08,LEAD,false,false,false,false
7170,416 Kent Avenue,Williamsburg Polygon,2025-08,LEAD,false,false,false,false
7193,416 Kent Avenue,Williamsburg Polygon,2025-08,LEAD,true,false,false,false
7168,416 Kent Avenue,Williamsburg Polygon,2025-08,LEAD,true,false,false,false
7183,416 Kent Avenue,Williamsburg Polygon,2025-08,RECURRING_SUBSCRIPTION,true,true,true,false
7167,416 Kent Avenue,Williamsburg Polygon,2025-08,LEAD,false,false,false,false
7166,416 Kent Avenue,Williamsburg Polygon,2025-08,LEAD,false,false,false,false
7161,416 Kent Avenue,Williamsburg Polygon,2025-08,LEAD,true,false,false,false
7160,416 Kent Avenue,Williamsburg Polygon,2025-08,LEAD,false,false,false,false
7158,416 Kent Avenue,Williamsburg Polygon,2025-08,LEAD,false,false,false,false
7157,416 Kent Avenue,Williamsburg Polygon,2025-08,LEAD,true,false,false,false
7034,420 Kent Avenue,Williamsburg Polygon,2025-08,LEAD,false,false,false,false
7023,420 Kent Avenue,Williamsburg Polygon,2025-08,LEAD,false,false,false,false
6993,420 Kent Avenue,Williamsburg Polygon,2025-08,TRIAL,true,false,false,false
6874,420 Kent Avenue,Williamsburg Polygon,2025-08,ON_DEMAND_SUBSCRIPTION,true,true,false,true
6887,420 Kent Avenue,Williamsburg Polygon,2025-08,TRIAL,false,false,false,false
7199,420 Kent Avenue,Williamsburg Polygon,2025-08,WARM_LEAD,false,false,false,false
6982,420 Kent Avenue,Williamsburg Polygon,2025-08,TRIAL,false,false,false,false
7636,420 Kent Avenue,Williamsburg Polygon,2025-08,WARM_LEAD,true,false,false,false
6985,420 Kent Avenue,Williamsburg Polygon,2025-08,CHURN,true,false,false,false
7490,420 Kent Avenue,Williamsburg Polygon,2025-08,LEAD,true,false,false,false
6889,420 Kent Avenue,Williamsburg Polygon,2025-08,LEAD,false,false,false,false
6890,420 Kent Avenue,Williamsburg Polygon,2025-08,LEAD,false,false,false,false
6891,420 Kent Avenue,Williamsburg Polygon,2025-08,LEAD,false,false,false,false
6894,420 Kent Avenue,Williamsburg Polygon,2025-08,LEAD,false,false,false,false
7439,420 Kent Avenue,Williamsburg Polygon,2025-08,RECURRING_SUBSCRIPTION,true,true,true,false
6899,420 Kent Avenue,Williamsburg Polygon,2025-08,LEAD,false,false,false,false
7169,420 Kent Avenue,Williamsburg Polygon,2025-08,LEAD,true,false,false,false
6893,420 Kent Avenue,Williamsburg Polygon,2025-08,LEAD,false,false,false,false
6907,420 Kent Avenue,Williamsburg Polygon,2025-08,LEAD,false,false,false,false
6911,420 Kent Avenue,Williamsburg Polygon,2025-08,LEAD,false,false,false,false
6916,420 Kent Avenue,Williamsburg Polygon,2025-08,LEAD,true,false,false,false
6920,420 Kent Avenue,Williamsburg Polygon,2025-08,LEAD,false,false,false,false
6929,420 Kent Avenue,Williamsburg Polygon,2025-08,LEAD,false,false,false,false
7014,420 Kent Avenue,Williamsburg Polygon,2025-08,ON_DEMAND_SUBSCRIPTION,false,true,false,true
6946,420 Kent Avenue,Williamsburg Polygon,2025-08,LEAD,false,false,false,false
6948,420 Kent Avenue,Williamsburg Polygon,2025-08,LEAD,true,false,false,false
6913,420 Kent Avenue,Williamsburg Polygon,2025-08,CHURN,true,false,false,false
6823,420 Kent Avenue,Williamsburg Polygon,2025-08,TRIAL,false,false,false,false
6964,420 Kent Avenue,Williamsburg Polygon,2025-08,LEAD,false,false,false,false
6930,420 Kent Avenue,Williamsburg Polygon,2025-08,WARM_LEAD,true,false,false,false
6908,420 Kent Avenue,Williamsburg Polygon,2025-08,WARM_LEAD,true,false,false,false
6955,420 Kent Avenue,Williamsburg Polygon,2025-08,CHURN,true,false,false,false
6931,420 Kent Avenue,Williamsburg Polygon,2025-08,LEAD,false,false,false,false
6979,420 Kent Avenue,Williamsburg Polygon,2025-08,LEAD,false,false,false,false
6983,420 Kent Avenue,Williamsburg Polygon,2025-08,LEAD,false,false,false,false
6984,420 Kent Avenue,Williamsburg Polygon,2025-08,LEAD,false,false,false,false
6986,420 Kent Avenue,Williamsburg Polygon,2025-08,LEAD,false,false,false,false
6988,420 Kent Avenue,Williamsburg Polygon,2025-08,LEAD,false,false,false,false
6990,420 Kent Avenue,Williamsburg Polygon,2025-08,LEAD,false,false,false,false
6994,420 Kent Avenue,Williamsburg Polygon,2025-08,LEAD,false,false,false,false
6999,420 Kent Avenue,Williamsburg Polygon,2025-08,LEAD,false,false,false,false
7007,420 Kent Avenue,Williamsburg Polygon,2025-08,WARM_LEAD,true,false,false,false
7008,420 Kent Avenue,Williamsburg Polygon,2025-08,LEAD,false,false,false,false
7010,420 Kent Avenue,Williamsburg Polygon,2025-08,LEAD,false,false,false,false
6980,420 Kent Avenue,Williamsburg Polygon,2025-08,RECURRING_SUBSCRIPTION,false,true,true,false
7002,420 Kent Avenue,Williamsburg Polygon,2025-08,LEAD,false,false,false,false
7013,420 Kent Avenue,Williamsburg Polygon,2025-08,LEAD,true,false,false,false
7016,420 Kent Avenue,Williamsburg Polygon,2025-08,LEAD,false,false,false,false
7017,420 Kent Avenue,Williamsburg Polygon,2025-08,LEAD,false,false,false,false
7019,420 Kent Avenue,Williamsburg Polygon,2025-08,LEAD,false,false,false,false
6860,420 Kent Avenue,Williamsburg Polygon,2025-08,LEAD,false,false,false,false
7021,420 Kent Avenue,Williamsburg Polygon,2025-08,LEAD,true,false,false,false
6989,420 Kent Avenue,Williamsburg Polygon,2025-08,WARM_LEAD,true,false,false,false
7030,420 Kent Avenue,Williamsburg Polygon,2025-08,WARM_LEAD,true,false,false,false
7024,420 Kent Avenue,Williamsburg Polygon,2025-08,LEAD,false,false,false,false
7025,420 Kent Avenue,Williamsburg Polygon,2025-08,LEAD,false,false,false,false
7026,420 Kent Avenue,Williamsburg Polygon,2025-08,LEAD,true,false,false,false
7027,420 Kent Avenue,Williamsburg Polygon,2025-08,LEAD,false,false,false,false
7028,420 Kent Avenue,Williamsburg Polygon,2025-08,LEAD,false,false,false,false
7029,420 Kent Avenue,Williamsburg Polygon,2025-08,LEAD,false,false,false,false
7033,420 Kent Avenue,Williamsburg Polygon,2025-08,LEAD,false,false,false,false
6991,420 Kent Avenue,Williamsburg Polygon,2025-08,LEAD,true,false,false,false
7034,420 Kent Avenue,Williamsburg Polygon,2025-08,LEAD,false,false,false,false
7036,420 Kent Avenue,Williamsburg Polygon,2025-08,LEAD,false,false,false,false
7037,420 Kent Avenue,Williamsburg Polygon,2025-08,LEAD,false,false,false,false
7038,420 Kent Avenue,Williamsburg Polygon,2025-08,LEAD,false,false,false,false
7026,420 Kent Avenue,Williamsburg Polygon,2025-08,LEAD,true,false,false,false
7042,420 Kent Avenue,Williamsburg Polygon,2025-08,LEAD,false,false,false,false
7128,420 Kent Avenue,Williamsburg Polygon,2025-08,ON_DEMAND_SUBSCRIPTION,false,true,false,true
7046,420 Kent Avenue,Williamsburg Polygon,2025-08,LEAD,false,false,false,false
6917,420 Kent Avenue,Williamsburg Polygon,2025-08,CHURN,true,false,false,false
7022,420 Kent Avenue,Williamsburg Polygon,2025-08,RECURRING_SUBSCRIPTION,true,true,true,false
6992,420 Kent Avenue,Williamsburg Polygon,2025-08,LEAD,true,false,false,false
7018,420 Kent Avenue,Williamsburg Polygon,2025-08,LEAD,true,false,false,false
7035,420 Kent Avenue,Williamsburg Polygon,2025-08,TRIAL,false,false,false,false
6913,420 Kent Avenue,Williamsburg Polygon,2025-08,CHURN,true,false,false,false
7048,420 Kent Avenue,Williamsburg Polygon,2025-08,LEAD,false,false,false,false
7050,420 Kent Avenue,Williamsburg Polygon,2025-08,ON_DEMAND_SUBSCRIPTION,true,true,false,true
7052,420 Kent Avenue,Williamsburg Polygon,2025-08,LEAD,false,false,false,false
7053,420 Kent Avenue,Williamsburg Polygon,2025-08,LEAD,false,false,false,false
7044,420 Kent Avenue,Williamsburg Polygon,2025-08,TRIAL,true,false,false,false
7057,420 Kent Avenue,Williamsburg Polygon,2025-08,LEAD,false,false,false,false
7047,420 Kent Avenue,Williamsburg Polygon,2025-08,LEAD,true,false,false,false
7072,420 Kent Avenue,Williamsburg Polygon,2025-08,LEAD,true,false,false,false
7079,420 Kent Avenue,Williamsburg Polygon,2025-08,LEAD,false,false,false,false
6895,420 Kent Avenue,Williamsburg Polygon,2025-08,CHURN,true,false,false,false
7050,420 Kent Avenue,Williamsburg Polygon,2025-08,ON_DEMAND_SUBSCRIPTION,true,true,false,true
6867,420 Kent Avenue,Williamsburg Polygon,2025-08,TRIAL,true,false,false,false
7365,420 Kent Avenue,Williamsburg Polygon,2025-08,LEAD,true,false,false,false
7075,420 Kent Avenue,Williamsburg Polygon,2025-08,WARM_LEAD,false,false,false,false
7104,420 Kent Avenue,Williamsburg Polygon,2025-08,RECURRING_SUBSCRIPTION,false,true,true,false
7124,420 Kent Avenue,Williamsburg Polygon,2025-08,LEAD,false,false,false,false
7124,420 Kent Avenue,Williamsburg Polygon,2025-08,LEAD,false,false,false,false
7131,420 Kent Avenue,Williamsburg Polygon,2025-08,WARM_LEAD,true,false,false,false
7133,420 Kent Avenue,Williamsburg Polygon,2025-08,LEAD,false,false,false,false
6981,420 Kent Avenue,Williamsburg Polygon,2025-08,TRIAL,true,false,false,false
7172,420 Kent Avenue,Williamsburg Polygon,2025-08,LEAD,true,false,false,false
6996,420 Kent Avenue,Williamsburg Polygon,2025-08,RECURRING_SUBSCRIPTION,false,true,true,false
7154,420 Kent Avenue,Williamsburg Polygon,2025-08,LEAD,true,false,false,false
7159,420 Kent Avenue,Williamsburg Polygon,2025-08,LEAD,false,false,false,false
7162,420 Kent Avenue,Williamsburg Polygon,2025-08,LEAD,false,false,false,false
7169,420 Kent Avenue,Williamsburg Polygon,2025-08,LEAD,true,false,false,false
7165,420 Kent Avenue,Williamsburg Polygon,2025-08,LEAD,true,false,false,false
6981,420 Kent Avenue,Williamsburg Polygon,2025-08,TRIAL,true,false,false,false
7174,420 Kent Avenue,Williamsburg Polygon,2025-08,WARM_LEAD,true,false,false,false
7176,420 Kent Avenue,Williamsburg Polygon,2025-08,TRIAL,true,false,false,false
7002,420 Kent Avenue,Williamsburg Polygon,2025-08,LEAD,false,false,false,false
7180,420 Kent Avenue,Williamsburg Polygon,2025-08,LEAD,true,false,false,false
6989,420 Kent Avenue,Williamsburg Polygon,2025-08,WARM_LEAD,true,false,false,false
7185,420 Kent Avenue,Williamsburg Polygon,2025-08,LEAD,false,false,false,false
7194,420 Kent Avenue,Williamsburg Polygon,2025-08,LEAD,false,false,false,false
7198,420 Kent Avenue,Williamsburg Polygon,2025-08,LEAD,false,false,false,false
7190,420 Kent Avenue,Williamsburg Polygon,2025-08,TRIAL,true,false,false,false
7200,420 Kent Avenue,Williamsburg Polygon,2025-08,LEAD,false,false,false,false
7201,420 Kent Avenue,Williamsburg Polygon,2025-08,LEAD,false,false,false,false
7205,420 Kent Avenue,Williamsburg Polygon,2025-08,ON_DEMAND_SUBSCRIPTION,false,true,false,true
7207,420 Kent Avenue,Williamsburg Polygon,2025-08,LEAD,false,false,false,false
7225,420 Kent Avenue,Williamsburg Polygon,2025-08,LEAD,false,false,false,false
7226,420 Kent Avenue,Williamsburg Polygon,2025-08,LEAD,false,false,false,false
7227,420 Kent Avenue,Williamsburg Polygon,2025-08,LEAD,false,false,false,false
7229,420 Kent Avenue,Williamsburg Polygon,2025-08,LEAD,false,false,false,false
7228,420 Kent Avenue,Williamsburg Polygon,2025-08,WARM_LEAD,true,false,false,false
7182,420 Kent Avenue,Williamsburg Polygon,2025-08,RECURRING_SUBSCRIPTION,true,true,true,false
6917,420 Kent Avenue,Williamsburg Polygon,2025-08,CHURN,true,false,false,false
7233,420 Kent Avenue,Williamsburg Polygon,2025-08,TRIAL,true,false,false,false
7162,420 Kent Avenue,Williamsburg Polygon,2025-08,LEAD,false,false,false,false
7606,535 W 43rd Street,Hell's Kitchen Polygon,2025-08,RECURRING_SUBSCRIPTION,true,true,true,false
7645,535 W 43rd Street,Hell's Kitchen Polygon,2025-08,LEAD,false,false,false,false
7646,535 W 43rd Street,Hell's Kitchen Polygon,2025-08,LEAD,false,false,false,false
7644,535 W 43rd Street,Hell's Kitchen Polygon,2025-08,LEAD,true,false,false,false
7235,655 Union,Boerum Hill Polygon,2025-08,WARM_LEAD,true,false,false,false
7241,655 Union,Boerum Hill Polygon,2025-08,TRIAL,true,false,false,false
7232,655 Union,Boerum Hill Polygon,2025-08,LEAD,false,false,false,false
7269,655 Union,Boerum Hill Polygon,2025-08,CHURN,true,false,false,false
7593,66 Rockwell Place,Brooklyn Heights Polygon,2025-08,LEAD,true,false,false,false
7186,Alta,Floating NY 1,2025-08,WARM_LEAD,true,false,false,false
7063,Alta,Floating NY 1,2025-08,LEAD,false,false,false,false
7064,Alta,Floating NY 1,2025-08,LEAD,false,false,false,false
7065,Alta,Floating NY 1,2025-08,LEAD,false,false,false,false
7054,Alta,Floating NY 1,2025-08,LEAD,false,false,false,false
7197,Alta,Floating NY 1,2025-08,LEAD,false,false,false,false
6927,Alta,Floating NY 1,2025-08,RECURRING_SUBSCRIPTION,true,true,true,false
6914,Alta,Floating NY 1,2025-08,LEAD,true,false,false,false
7489,Alta,Floating NY 1,2025-08,TRIAL,false,false,false,false
7473,Alta,Floating NY 1,2025-08,LEAD,false,false,false,false
7239,Alta,Floating NY 1,2025-08,LEAD,false,false,false,false
6523,Alta,Floating NY 1,2025-08,RECURRING_SUBSCRIPTION,false,true,true,false
7270,Alta,Floating NY 1,2025-08,WARM_LEAD,false,false,false,false
7211,Alta,Floating NY 1,2025-08,LEAD,false,false,false,false
7066,Alta,Floating NY 1,2025-08,LEAD,false,false,false,false
7068,Alta,Floating NY 1,2025-08,LEAD,false,false,false,false
7077,Alta,Floating NY 1,2025-08,RECURRING_SUBSCRIPTION,true,true,true,false
7471,Alta,Floating NY 1,2025-08,TRIAL,false,false,false,false
7071,Alta,Floating NY 1,2025-08,LEAD,false,false,false,false
6966,Alta,Floating NY 1,2025-08,LEAD,false,false,false,false
7436,Alta,Floating NY 1,2025-08,LEAD,false,false,false,false
7211,Alta,Floating NY 1,2025-08,LEAD,false,false,false,false
7395,Azrieli TLV,Unknown,2025-08,CHURN,true,false,false,false
7004,Azrieli TLV,Unknown,2025-08,TRIAL,false,false,false,false
7004,Azrieli TLV,Unknown,2025-08,TRIAL,false,false,false,false
7395,Azrieli TLV,Unknown,2025-08,CHURN,true,false,false,false
978,Azrieli TLV,Unknown,2025-08,LEAD,false,false,false,false
1624,Azrieli TLV,Unknown,2025-08,COLD_LEAD,false,false,false,false
2849,Gindi 1,Unknown,2025-08,COLD_LEAD,true,false,false,false
7268,Gindi 1,Unknown,2025-08,LEAD,true,false,false,false
7134,Gindi 1,Unknown,2025-08,COLD_LEAD,false,false,false,false
909,Gindi 1,Unknown,2025-08,COLD_LEAD,true,false,false,false
1513,Gindi 1,Unknown,2025-08,COLD_LEAD,true,false,false,false
6977,Gindi 1,Unknown,2025-08,TRIAL,false,false,false,false
2849,Gindi 1,Unknown,2025-08,COLD_LEAD,true,false,false,false
7480,Gindi 1,Unknown,2025-08,COLD_LEAD,false,false,false,false
7015,Gindi 1,Unknown,2025-08,ON_DEMAND_SUBSCRIPTION,false,true,false,true
3123,Gindi 2,Unknown,2025-08,COLD_LEAD,false,false,false,false
178,Gindi 2,Unknown,2025-08,LEAD,false,false,false,false
7144,Gindi 2,Unknown,2025-08,TRIAL,false,false,false,false
7278,Gindi 2,Unknown,2025-08,LEAD,false,false,false,false
7252,Gindi 2,Unknown,2025-08,CHURN,true,false,false,false
7635,Gindi 2,Unknown,2025-08,TRIAL,false,false,false,false
7252,Gindi 2,Unknown,2025-08,CHURN,true,false,false,false
1408,Gindi 2,Unknown,2025-08,CHURN,true,false,false,false
1408,Gindi 2,Unknown,2025-08,CHURN,true,false,false,false
6945,Gindi 3,Unknown,2025-08,TRIAL,true,false,false,false
245,Gindi 3,Unknown,2025-08,COLD_LEAD,false,false,false,false
7273,Gindi 3,Unknown,2025-08,TRIAL,false,false,false,false
7455,Gindi 3,Unknown,2025-08,COLD_LEAD,false,false,false,false
7251,Gindi 3,Unknown,2025-08,TRIAL,false,false,false,false
7442,Gindi 3,Unknown,2025-08,COLD_LEAD,false,false,false,false
7069,Gindi 3,Unknown,2025-08,LEAD,false,false,false,false
7196,Gindi 3,Unknown,2025-08,CHURN,false,false,false,false
2474,Gindi 3,Unknown,2025-08,COLD_LEAD,false,false,false,false
274,Gindi 3,Unknown,2025-08,COLD_LEAD,true,false,false,false
7639,Gindi 4,Unknown,2025-08,COLD_LEAD,false,false,false,false
7502,Gindi 4,Unknown,2025-08,COLD_LEAD,false,false,false,false
7385,Gindi 4,Unknown,2025-08,TRIAL,false,false,false,false
7610,Gindi 4,Unknown,2025-08,TRIAL,false,false,false,false
1622,Gindi 4,Unknown,2025-08,CHURN,false,false,false,false
7390,Gindi 4,Unknown,2025-08,COLD_LEAD,false,false,false,false
7389,Gindi 4,Unknown,2025-08,TRIAL,false,false,false,false
6934,Gindi 4,Unknown,2025-08,ON_DEMAND_SUBSCRIPTION,false,true,false,true
7191,Gindi 4,Unknown,2025-08,COLD_LEAD,false,false,false,false
2544,HaHehad,Unknown,2025-08,COLD_LEAD,false,false,false,false
2439,HaHehad,Unknown,2025-08,LEAD,true,false,false,false
5445,HaHehad,Unknown,2025-08,CHURN,true,false,false,false
2984,HaHehad,Unknown,2025-08,COLD_LEAD,false,false,false,false
7070,John Street 116,Financial District Polygon,2025-08,RECURRING_SUBSCRIPTION,true,true,true,false
7240,John Street 116,Financial District Polygon,2025-08,LEAD,true,false,false,false
7236,John Street 116,Financial District Polygon,2025-08,RECURRING_SUBSCRIPTION,true,true,true,false
697,John Street 116,Financial District Polygon,2025-08,TRIAL,true,false,false,false
7479,John Street 116,Financial District Polygon,2025-08,LEAD,false,false,false,false
7288,Midtown 5,Floating Miami,2025-08,LEAD,false,false,false,false
7504,Midtown 5,Floating Miami,2025-08,ON_DEMAND_SUBSCRIPTION,false,true,false,true
7310,Midtown 5,Floating Miami,2025-08,LEAD,false,false,false,false
7323,Midtown 5,Floating Miami,2025-08,LEAD,true,false,false,false
7283,Midtown 5,Floating Miami,2025-08,LEAD,false,false,false,false
7434,Midtown 5,Floating Miami,2025-08,LEAD,true,false,false,false
7309,Midtown 5,Floating Miami,2025-08,LEAD,false,false,false,false
7432,Midtown 5,Floating Miami,2025-08,LEAD,false,false,false,false
7319,Midtown 5,Floating Miami,2025-08,LEAD,false,false,false,false
7433,Midtown 5,Floating Miami,2025-08,WARM_LEAD,true,false,false,false
7291,Midtown 5,Floating Miami,2025-08,LEAD,false,false,false,false
7315,Midtown 5,Floating Miami,2025-08,CHURN,true,false,false,false
7296,Midtown 5,Floating Miami,2025-08,LEAD,true,false,false,false
7297,Midtown 5,Floating Miami,2025-08,LEAD,false,false,false,false
7303,Midtown 5,Floating Miami,2025-08,ON_DEMAND_SUBSCRIPTION,false,true,false,true
7294,Midtown 5,Floating Miami,2025-08,LEAD,false,false,false,false
7314,Midtown 5,Floating Miami,2025-08,LEAD,false,false,false,false
7475,Midtown 5,Floating Miami,2025-08,LEAD,true,false,false,false
7420,Midtown 5,Floating Miami,2025-08,LEAD,false,false,false,false
7417,Midtown 5,Floating Miami,2025-08,LEAD,false,false,false,false
7313,Midtown 5,Floating Miami,2025-08,LEAD,false,false,false,false
7415,Midtown 5,Floating Miami,2025-08,LEAD,true,false,false,false
7632,Midtown 5,Floating Miami,2025-08,WARM_LEAD,true,false,false,false
7412,Midtown 5,Floating Miami,2025-08,LEAD,false,false,false,false
7299,Midtown 5,Floating Miami,2025-08,WARM_LEAD,true,false,false,false
7287,Midtown 5,Floating Miami,2025-08,LEAD,false,false,false,false
7623,Midtown 5,Floating Miami,2025-08,LEAD,false,false,false,false
7238,Midtown 5,Floating Miami,2025-08,LEAD,false,false,false,false
7619,Midtown 5,Floating Miami,2025-08,ON_DEMAND_SUBSCRIPTION,true,true,false,true
7293,Midtown 5,Floating Miami,2025-08,LEAD,false,false,false,false
7622,Midtown 5,Floating Miami,2025-08,TRIAL,true,false,false,false
7295,Midtown 5,Floating Miami,2025-08,TRIAL,true,false,false,false
7637,Midtown 5,Floating Miami,2025-08,LEAD,false,false,false,false
7284,Midtown 5,Floating Miami,2025-08,LEAD,false,false,false,false
7312,Midtown 5,Floating Miami,2025-08,LEAD,false,false,false,false
7286,Midtown 5,Floating Miami,2025-08,LEAD,false,false,false,false
7380,Midtown 5,Floating Miami,2025-08,LEAD,false,false,false,false
7377,Midtown 5,Floating Miami,2025-08,LEAD,false,false,false,false
7301,Midtown 5,Floating Miami,2025-08,WARM_LEAD,true,false,false,false
7642,Midtown 5,Floating Miami,2025-08,LEAD,false,false,false,false
7526,Midtown 5,Floating Miami,2025-08,WARM_LEAD,false,false,false,false
7375,Midtown 5,Floating Miami,2025-08,LEAD,true,false,false,false
7305,Midtown 5,Floating Miami,2025-08,LEAD,false,false,false,false
7325,Midtown 5,Floating Miami,2025-08,LEAD,false,false,false,false
7456,Midtown 5,Floating Miami,2025-08,TRIAL,true,false,false,false
7302,Midtown 5,Floating Miami,2025-08,LEAD,false,false,false,false
7304,Midtown 5,Floating Miami,2025-08,TRIAL,true,false,false,false
7318,Midtown 5,Floating Miami,2025-08,RECURRING_SUBSCRIPTION,true,true,true,false
7306,Midtown 5,Floating Miami,2025-08,WARM_LEAD,true,false,false,false
7322,Midtown 5,Floating Miami,2025-08,LEAD,false,false,false,false
7308,Midtown 5,Floating Miami,2025-08,WARM_LEAD,false,false,false,false
7285,Midtown 5,Floating Miami,2025-08,LEAD,true,false,false,false
7298,Midtown 5,Floating Miami,2025-08,LEAD,true,false,false,false
7299,Midtown 5,Floating Miami,2025-08,WARM_LEAD,true,false,false,false
7447,Midtown 5,Floating Miami,2025-08,LEAD,false,false,false,false
7282,Midtown 5,Floating Miami,2025-08,WARM_LEAD,true,false,false,false
7495,Midtown 5,Floating Miami,2025-08,TRIAL,false,false,false,false
7528,Midtown 5,Floating Miami,2025-08,RECURRING_SUBSCRIPTION,true,true,true,false
7289,Midtown 5,Floating Miami,2025-08,LEAD,true,false,false,false
7317,Midtown 5,Floating Miami,2025-08,RECURRING_SUBSCRIPTION,false,true,true,false
7445,Midtown 5,Floating Miami,2025-08,LEAD,false,false,false,false
7324,Midtown 5,Floating Miami,2025-08,TRIAL,true,false,false,false
7290,Midtown 5,Floating Miami,2025-08,LEAD,true,false,false,false
7361,Midtown 5,Floating Miami,2025-08,RECURRING_SUBSCRIPTION,true,true,true,false
7374,Midtown 5,Floating Miami,2025-08,ON_DEMAND_SUBSCRIPTION,true,true,false,true
7450,Midtown 5,Floating Miami,2025-08,LEAD,true,false,false,false
7476,Midtown 5,Floating Miami,2025-08,LEAD,false,false,false,false
7554,Midtown 5,Floating Miami,2025-08,LEAD,false,false,false,false
7292,Midtown 5,Floating Miami,2025-08,LEAD,false,false,false,false
7485,Midtown 5,Floating Miami,2025-08,LEAD,false,false,false,false
7292,Midtown 5,Floating Miami,2025-08,LEAD,false,false,false,false
7307,Midtown 5,Floating Miami,2025-08,LEAD,false,false,false,false
7465,Midtown 5,Floating Miami,2025-08,LEAD,false,false,false,false
7500,Midtown 5,Floating Miami,2025-08,LEAD,false,false,false,false
7467,Midtown 5,Floating Miami,2025-08,LEAD,false,false,false,false
7501,Midtown 5,Floating Miami,2025-08,LEAD,true,false,false,false
7464,Midtown 5,Floating Miami,2025-08,LEAD,true,false,false,false
7457,Midtown 5,Floating Miami,2025-08,LEAD,false,false,false,false
7435,Midtown 5,Floating Miami,2025-08,LEAD,true,false,false,false
7300,Midtown 5,Floating Miami,2025-08,LEAD,false,false,false,false
7453,Midtown 5,Floating Miami,2025-08,LEAD,false,false,false,false
7452,Midtown 5,Floating Miami,2025-08,LEAD,false,false,false,false
7326,Midtown 5,Floating Miami,2025-08,LEAD,false,false,false,false
7503,Midtown 5,Floating Miami,2025-08,LEAD,false,false,false,false
7515,Midtown 5,Floating Miami,2025-08,LEAD,false,false,false,false
7415,Midtown 5,Floating Miami,2025-08,LEAD,true,false,false,false
7437,Midtown 5,Floating Miami,2025-08,CHURN,true,false,false,false
7321,Midtown 5,Floating Miami,2025-08,WARM_LEAD,false,false,false,false
7497,Midtown 5,Floating Miami,2025-08,WARM_LEAD,true,false,false,false
6904,Nine 52,Hell's Kitchen Polygon,2025-08,LEAD,false,false,false,false
7640,Oliver on the Hudson,Floating Jersey,2025-08,TRIAL,true,false,false,false
6997,Oliver on the Hudson,Floating Jersey,2025-08,LEAD,false,false,false,false
7419,Oliver on the Hudson,Floating Jersey,2025-08,WARM_LEAD,true,false,false,false
7451,Oliver on the Hudson,Floating Jersey,2025-08,LEAD,true,false,false,false
6947,Oliver on the Hudson,Floating Jersey,2025-08,LEAD,false,false,false,false
7423,Oliver on the Hudson,Floating Jersey,2025-08,LEAD,true,false,false,false
7055,Oliver on the Hudson,Floating Jersey,2025-08,TRIAL,true,false,false,false
7418,Oliver on the Hudson,Floating Jersey,2025-08,LEAD,false,false,false,false
7009,Oliver on the Hudson,Floating Jersey,2025-08,LEAD,true,false,false,false
7429,Oliver on the Hudson,Floating Jersey,2025-08,LEAD,false,false,false,false
6912,Oliver on the Hudson,Floating Jersey,2025-08,LEAD,false,false,false,false
1230,One Ten,Hoboken Polygon,2025-08,FREEMIUM,false,false,false,false
7482,One Ten,Hoboken Polygon,2025-08,LEAD,false,false,false,false
7093,One Ten,Hoboken Polygon,2025-08,LEAD,false,false,false,false
7061,One Ten,Hoboken Polygon,2025-08,CHURN,false,false,false,false
1652,One Ten,Hoboken Polygon,2025-08,FREEMIUM,false,false,false,false
6971,One Ten,Hoboken Polygon,2025-08,LEAD,false,false,false,false
7275,One Ten,Hoboken Polygon,2025-08,LEAD,false,false,false,false
6938,One Ten,Hoboken Polygon,2025-08,LEAD,false,false,false,false
6937,One Ten,Hoboken Polygon,2025-08,LEAD,false,false,false,false
145,One Ten,Hoboken Polygon,2025-08,FREEMIUM,false,false,false,false
7163,One Ten,Hoboken Polygon,2025-08,ON_DEMAND_SUBSCRIPTION,true,true,false,true
582,River Place,Hell's Kitchen Polygon,2025-08,FREEMIUM,true,false,false,false
4215,River Place,Hell's Kitchen Polygon,2025-08,FREEMIUM,false,false,false,false
3616,River Place,Hell's Kitchen Polygon,2025-08,FREEMIUM,false,false,false,false
836,River Place,Hell's Kitchen Polygon,2025-08,RECURRING_SUBSCRIPTION,true,true,true,false
4373,River Place,Hell's Kitchen Polygon,2025-08,FREEMIUM,false,false,false,false
1334,River Place,Hell's Kitchen Polygon,2025-08,FREEMIUM,false,false,false,false
1378,River Place,Hell's Kitchen Polygon,2025-08,TRIAL,false,false,false,false
4152,River Place,Hell's Kitchen Polygon,2025-08,FREEMIUM,false,false,false,false
7179,River Place,Hell's Kitchen Polygon,2025-08,LEAD,false,false,false,false
4191,River Place,Hell's Kitchen Polygon,2025-08,FREEMIUM,false,false,false,false
7179,River Place,Hell's Kitchen Polygon,2025-08,LEAD,false,false,false,false
4486,River Place,Hell's Kitchen Polygon,2025-08,FREEMIUM,false,false,false,false
6901,River Place,Hell's Kitchen Polygon,2025-08,RECURRING_SUBSCRIPTION,false,true,true,false
543,River Place,Hell's Kitchen Polygon,2025-08,FREEMIUM,true,false,false,false
4416,River Place,Hell's Kitchen Polygon,2025-08,RECURRING_SUBSCRIPTION,false,true,true,false
4110,River Place,Hell's Kitchen Polygon,2025-08,FREEMIUM,false,false,false,false
4178,River Place,Hell's Kitchen Polygon,2025-08,FREEMIUM,false,false,false,false
635,River Place,Hell's Kitchen Polygon,2025-08,FREEMIUM,false,false,false,false
5122,Silver Towers,Hell's Kitchen Polygon,2025-08,FREEMIUM,false,false,false,false
4821,Silver Towers,Hell's Kitchen Polygon,2025-08,CHURN,false,false,false,false
3018,Silver Towers,Hell's Kitchen Polygon,2025-08,FREEMIUM,false,false,false,false
5053,Silver Towers,Hell's Kitchen Polygon,2025-08,FREEMIUM,false,false,false,false
4786,Silver Towers,Hell's Kitchen Polygon,2025-08,FREEMIUM,false,false,false,false
5392,Silver Towers,Hell's Kitchen Polygon,2025-08,FREEMIUM,false,false,false,false
4869,Silver Towers,Hell's Kitchen Polygon,2025-08,RECURRING_SUBSCRIPTION,false,true,true,false
2292,Silver Towers,Hell's Kitchen Polygon,2025-08,FREEMIUM,false,false,false,false
7413,Silver Towers,Hell's Kitchen Polygon,2025-08,WARM_LEAD,false,false,false,false
5031,Silver Towers,Hell's Kitchen Polygon,2025-08,FREEMIUM,false,false,false,false
5052,Silver Towers,Hell's Kitchen Polygon,2025-08,FREEMIUM,false,false,false,false
7177,Silver Towers,Hell's Kitchen Polygon,2025-08,LEAD,false,false,false,false
1368,Silver Towers,Hell's Kitchen Polygon,2025-08,FREEMIUM,false,false,false,false
5129,Silver Towers,Hell's Kitchen Polygon,2025-08,FREEMIUM,true,false,false,false
5031,Silver Towers,Hell's Kitchen Polygon,2025-08,FREEMIUM,false,false,false,false
1433,Silver Towers,Hell's Kitchen Polygon,2025-08,FREEMIUM,true,false,false,false
4869,Silver Towers,Hell's Kitchen Polygon,2025-08,RECURRING_SUBSCRIPTION,false,true,true,false
7362,Silver Towers,Hell's Kitchen Polygon,2025-08,LEAD,false,false,false,false
5101,Silver Towers,Hell's Kitchen Polygon,2025-08,WARM_LEAD,false,false,false,false
7234,Silver Towers,Hell's Kitchen Polygon,2025-08,CHURN,true,false,false,false
6940,Stonehill,Chatham / West Orange Polygon,2025-08,LEAD,false,false,false,false
6942,Stonehill,Chatham / West Orange Polygon,2025-08,LEAD,false,false,false,false
6943,Stonehill,Chatham / West Orange Polygon,2025-08,LEAD,false,false,false,false
7095,Stonehill,Chatham / West Orange Polygon,2025-08,LEAD,false,false,false,false
6944,Stonehill,Chatham / West Orange Polygon,2025-08,LEAD,false,false,false,false
7096,Stonehill,Chatham / West Orange Polygon,2025-08,LEAD,false,false,false,false
7097,Stonehill,Chatham / West Orange Polygon,2025-08,LEAD,false,false,false,false
7125,Stonehill,Chatham / West Orange Polygon,2025-08,LEAD,false,false,false,false
7311,Stonehill,Chatham / West Orange Polygon,2025-08,LEAD,true,false,false,false
7094,Stonehill,Chatham / West Orange Polygon,2025-08,LEAD,false,false,false,false
7483,Stonehill,Chatham / West Orange Polygon,2025-08,LEAD,false,false,false,false
7277,Stonehill,Chatham / West Orange Polygon,2025-08,LEAD,false,false,false,false
7276,Stonehill,Chatham / West Orange Polygon,2025-08,LEAD,false,false,false,false
6939,Stonehill,Chatham / West Orange Polygon,2025-08,LEAD,false,false,false,false
6941,Stonehill,Chatham / West Orange Polygon,2025-08,LEAD,false,false,false,false
7649,The Bergen,Boerum Hill Polygon,2025-08,TRIAL,false,false,false,false
7612,The Bergen,Boerum Hill Polygon,2025-08,LEAD,false,false,false,false
7613,The Bergen,Boerum Hill Polygon,2025-08,RECURRING_SUBSCRIPTION,true,true,true,false
7615,The Bergen,Boerum Hill Polygon,2025-08,LEAD,true,false,false,false
7643,The Bergen,Boerum Hill Polygon,2025-08,LEAD,true,false,false,false
7498,The Bergen,Boerum Hill Polygon,2025-08,LEAD,false,false,false,false
7556,The Bergen,Boerum Hill Polygon,2025-08,CHURN,true,false,false,false
7210,The Boulevard,Floating Miami,2025-08,LEAD,false,false,false,false
7494,The Boulevard,Floating Miami,2025-08,WARM_LEAD,true,false,false,false
7611,The Boulevard,Floating Miami,2025-08,LEAD,true,false,false,false
7012,The Boulevard,Floating Miami,2025-08,TRIAL,true,false,false,false
7416,The Boulevard,Floating Miami,2025-08,LEAD,true,false,false,false
7041,The Boulevard,Floating Miami,2025-08,LEAD,true,false,false,false
7443,The Boulevard,Floating Miami,2025-08,LEAD,false,false,false,false
7011,The Boulevard,Floating Miami,2025-08,RECURRING_SUBSCRIPTION,true,true,true,false
7379,The Buchanan,Floating NY 1,2025-08,RECURRING_SUBSCRIPTION,true,true,true,false
6679,The Buchanan,Floating NY 1,2025-08,LEAD,false,false,false,false
7488,The Buchanan,Floating NY 1,2025-08,LEAD,false,false,false,false
6978,The Buchanan,Floating NY 1,2025-08,LEAD,false,false,false,false
6953,The Buchanan,Floating NY 1,2025-08,RECURRING_SUBSCRIPTION,true,true,true,false
6928,The Buchanan,Floating NY 1,2025-08,LEAD,false,false,false,false
6928,The Buchanan,Floating NY 1,2025-08,LEAD,false,false,false,false
7202,The Buchanan,Floating NY 1,2025-08,LEAD,false,false,false,false
7448,The Buchanan,Floating NY 1,2025-08,WARM_LEAD,false,false,false,false
7113,The Buchanan,Floating NY 1,2025-08,WARM_LEAD,false,false,false,false
7204,The Buchanan,Floating NY 1,2025-08,WARM_LEAD,true,false,false,false
7208,The Buchanan,Floating NY 1,2025-08,LEAD,false,false,false,false
7634,The Buchanan,Floating NY 1,2025-08,LEAD,false,false,false,false
6476,The Buchanan,Floating NY 1,2025-08,WARM_LEAD,true,false,false,false
7062,The Buchanan,Floating NY 1,2025-08,WARM_LEAD,false,false,false,false
6950,The Buchanan,Floating NY 1,2025-08,RECURRING_SUBSCRIPTION,false,true,true,false
7243,The Buchanan,Floating NY 1,2025-08,LEAD,false,false,false,false
6476,The Buchanan,Floating NY 1,2025-08,WARM_LEAD,true,false,false,false
7119,The Buchanan,Floating NY 1,2025-08,RECURRING_SUBSCRIPTION,true,true,true,false
7074,The Buchanan,Floating NY 1,2025-08,LEAD,false,false,false,false
6721,The Buchanan,Floating NY 1,2025-08,LEAD,true,false,false,false
7206,The Buchanan,Floating NY 1,2025-08,LEAD,false,false,false,false
7164,The Buchanan,Floating NY 1,2025-08,WARM_LEAD,false,false,false,false
6905,The Buchanan,Floating NY 1,2025-08,LEAD,false,false,false,false
7409,The Buchanan,Floating NY 1,2025-08,LEAD,false,false,false,false
7181,The Devan,Hoboken Polygon,2025-08,LEAD,false,false,false,false
7060,The Devan,Hoboken Polygon,2025-08,LEAD,false,false,false,false
6499,The Devan,Hoboken Polygon,2025-08,CHURN,true,false,false,false
7373,The Devan,Hoboken Polygon,2025-08,WARM_LEAD,true,false,false,false
7491,The Devan,Hoboken Polygon,2025-08,LEAD,false,false,false,false
7058,The Dime,Williamsburg Polygon,2025-08,RECURRING_SUBSCRIPTION,true,true,true,false
7126,The Dime,Williamsburg Polygon,2025-08,LEAD,false,false,false,false
7271,The Dime,Williamsburg Polygon,2025-08,LEAD,false,false,false,false
7470,The Eddy,Harrison Polygon,2025-08,LEAD,false,false,false,false
7496,The Eddy,Harrison Polygon,2025-08,WARM_LEAD,true,false,false,false
2771,The Eddy,Harrison Polygon,2025-08,FREEMIUM,false,false,false,false
7067,The Eddy,Harrison Polygon,2025-08,LEAD,false,false,false,false
7650,The Eddy,Harrison Polygon,2025-08,LEAD,true,false,false,false
7178,The Eddy,Harrison Polygon,2025-08,LEAD,false,false,false,false
6915,The Eddy,Harrison Polygon,2025-08,LEAD,false,false,false,false
7391,The Eddy,Harrison Polygon,2025-08,LEAD,false,false,false,false
7080,The Enclave,Hoboken Polygon,2025-08,LEAD,false,false,false,false
7242,The Enclave,Hoboken Polygon,2025-08,RECURRING_SUBSCRIPTION,true,true,true,false
7441,The Enclave,Hoboken Polygon,2025-08,LEAD,false,false,false,false
7091,The Enclave,Hoboken Polygon,2025-08,LEAD,false,false,false,false
7006,The Ivy,Chatham / West Orange Polygon,2025-08,LEAD,false,false,false,false
3716,The Ivy,Chatham / West Orange Polygon,2025-08,CHURN,true,false,false,false
7005,The Ivy,Chatham / West Orange Polygon,2025-08,LEAD,false,false,false,false
6936,The Ivy,Chatham / West Orange Polygon,2025-08,LEAD,false,false,false,false
6952,The Ivy,Chatham / West Orange Polygon,2025-08,LEAD,false,false,false,false
1734,The Ivy,Chatham / West Orange Polygon,2025-08,RECURRING_SUBSCRIPTION,true,true,true,false
7481,The Ivy,Chatham / West Orange Polygon,2025-08,LEAD,false,false,false,false
7638,The Landon,Hell's Kitchen Polygon,2025-08,LEAD,false,false,false,false
7486,The Landon,Hell's Kitchen Polygon,2025-08,CHURN,true,false,false,false
7627,The Landon,Hell's Kitchen Polygon,2025-08,LEAD,false,false,false,false
7633,The Landon,Hell's Kitchen Polygon,2025-08,LEAD,true,false,false,false
6973,Woodside Central,Floating NY 1,2025-08,WARM_LEAD,true,false,false,false
5822,Woodside Central,Floating NY 1,2025-08,WARM_LEAD,false,false,false,false
7231,Woodside Central,Floating NY 1,2025-08,LEAD,false,false,false,false
6972,Woodside Central,Floating NY 1,2025-08,LEAD,false,false,false,false
7237,Woodside Central,Floating NY 1,2025-08,LEAD,false,false,false,false
7751,100 House,Hoboken Polygon,2025-09,ON_DEMAND_SUBSCRIPTION,false,true,false,true
7911,100 House,Hoboken Polygon,2025-09,LEAD,false,false,false,false
8023,100 House,Hoboken Polygon,2025-09,WARM_LEAD,false,false,false,false
270,100 House,Hoboken Polygon,2025-09,FREEMIUM,true,false,false,false
8460,100 House,Hoboken Polygon,2025-09,LEAD,false,false,false,false
8484,1 Boerum PL,Floating NY 2,2025-09,LEAD,false,false,false,false
7951,20 Broad Street,Financial District Polygon,2025-09,ON_DEMAND_SUBSCRIPTION,true,true,false,true
7856,20 Broad Street,Financial District Polygon,2025-09,CHURN,true,false,false,false
8072,20 Broad Street,Financial District Polygon,2025-09,LEAD,true,false,false,false
8083,20 Broad Street,Financial District Polygon,2025-09,LEAD,false,false,false,false
8085,20 Broad Street,Financial District Polygon,2025-09,LEAD,false,false,false,false
8095,20 Broad Street,Financial District Polygon,2025-09,LEAD,true,false,false,false
8110,20 Broad Street,Financial District Polygon,2025-09,LEAD,true,false,false,false
7665,20 Broad Street,Financial District Polygon,2025-09,ON_DEMAND_SUBSCRIPTION,true,true,false,true
8071,20 Broad Street,Financial District Polygon,2025-09,TRIAL,true,false,false,false
8094,20 Broad Street,Financial District Polygon,2025-09,ON_DEMAND_SUBSCRIPTION,true,true,false,true
7959,20 Broad Street,Financial District Polygon,2025-09,LEAD,false,false,false,false
8079,20 Broad Street,Financial District Polygon,2025-09,LEAD,true,false,false,false
8393,20 Broad Street,Financial District Polygon,2025-09,TRIAL,true,false,false,false
8487,20 Broad Street,Financial District Polygon,2025-09,ON_DEMAND_SUBSCRIPTION,false,true,false,true
8103,20 Broad Street,Financial District Polygon,2025-09,LEAD,true,false,false,false
8109,20 Broad Street,Financial District Polygon,2025-09,WARM_LEAD,true,false,false,false
8108,20 Broad Street,Financial District Polygon,2025-09,LEAD,true,false,false,false
8104,20 Broad Street,Financial District Polygon,2025-09,LEAD,true,false,false,false
8093,20 Broad Street,Financial District Polygon,2025-09,LEAD,false,false,false,false
7873,20 Broad Street,Financial District Polygon,2025-09,WARM_LEAD,false,false,false,false
8030,20 Broad Street,Financial District Polygon,2025-09,LEAD,false,false,false,false
8045,20 Broad Street,Financial District Polygon,2025-09,LEAD,false,false,false,false
7972,20 Broad Street,Financial District Polygon,2025-09,LEAD,false,false,false,false
8073,20 Broad Street,Financial District Polygon,2025-09,ON_DEMAND_SUBSCRIPTION,true,true,false,true
8106,20 Broad Street,Financial District Polygon,2025-09,RECURRING_SUBSCRIPTION,true,true,true,false
8089,20 Broad Street,Financial District Polygon,2025-09,LEAD,true,false,false,false
8088,20 Broad Street,Financial District Polygon,2025-09,LEAD,true,false,false,false
7967,20 Broad Street,Financial District Polygon,2025-09,WARM_LEAD,false,false,false,false
8107,20 Broad Street,Financial District Polygon,2025-09,LEAD,true,false,false,false
7512,20 Broad Street,Financial District Polygon,2025-09,LEAD,true,false,false,false
8471,20 Broad Street,Financial District Polygon,2025-09,LEAD,true,false,false,false
8080,20 Broad Street,Financial District Polygon,2025-09,WARM_LEAD,false,false,false,false
8066,20 Broad Street,Financial District Polygon,2025-09,LEAD,true,false,false,false
8067,20 Broad Street,Financial District Polygon,2025-09,LEAD,true,false,false,false
8068,20 Broad Street,Financial District Polygon,2025-09,LEAD,false,false,false,false
8074,20 Broad Street,Financial District Polygon,2025-09,LEAD,true,false,false,false
8075,20 Broad Street,Financial District Polygon,2025-09,LEAD,false,false,false,false
7898,20 Broad Street,Financial District Polygon,2025-09,WARM_LEAD,true,false,false,false
7724,20 Broad Street,Financial District Polygon,2025-09,LEAD,false,false,false,false
8086,20 Broad Street,Financial District Polygon,2025-09,LEAD,true,false,false,false
7730,20 Broad Street,Financial District Polygon,2025-09,RECURRING_SUBSCRIPTION,true,true,true,false
8092,20 Broad Street,Financial District Polygon,2025-09,LEAD,false,false,false,false
7875,20 Broad Street,Financial District Polygon,2025-09,LEAD,true,false,false,false
7726,20 Broad Street,Financial District Polygon,2025-09,LEAD,true,false,false,false
7960,20 Broad Street,Financial District Polygon,2025-09,ON_DEMAND_SUBSCRIPTION,true,true,false,true
8077,20 Broad Street,Financial District Polygon,2025-09,LEAD,false,false,false,false
8504,20 Broad Street,Financial District Polygon,2025-09,LEAD,false,false,false,false
8019,20 Broad Street,Financial District Polygon,2025-09,LEAD,true,false,false,false
7678,20 Broad Street,Financial District Polygon,2025-09,WARM_LEAD,false,false,false,false
8081,20 Broad Street,Financial District Polygon,2025-09,LEAD,false,false,false,false
7882,20 Broad Street,Financial District Polygon,2025-09,LEAD,false,false,false,false
8076,20 Broad Street,Financial District Polygon,2025-09,LEAD,true,false,false,false
7746,20 Broad Street,Financial District Polygon,2025-09,RECURRING_SUBSCRIPTION,true,true,true,false
8082,20 Broad Street,Financial District Polygon,2025-09,LEAD,false,false,false,false
8481,20 Broad Street,Financial District Polygon,2025-09,ON_DEMAND_SUBSCRIPTION,true,true,false,true
8084,20 Broad Street,Financial District Polygon,2025-09,LEAD,false,false,false,false
8488,20 Broad Street,Financial District Polygon,2025-09,ON_DEMAND_SUBSCRIPTION,true,true,false,true
7979,20 Broad Street,Financial District Polygon,2025-09,CHURN,true,false,false,false
7665,20 Broad Street,Financial District Polygon,2025-09,ON_DEMAND_SUBSCRIPTION,true,true,false,true
8090,20 Broad Street,Financial District Polygon,2025-09,LEAD,false,false,false,false
8111,20 Broad Street,Financial District Polygon,2025-09,LEAD,false,false,false,false
8114,20 Broad Street,Financial District Polygon,2025-09,LEAD,false,false,false,false
7625,20 Broad Street,Financial District Polygon,2025-09,TRIAL,true,false,false,false
7654,20 Broad Street,Financial District Polygon,2025-09,WARM_LEAD,true,false,false,false
8019,20 Broad Street,Financial District Polygon,2025-09,LEAD,true,false,false,false
7655,20 Broad Street,Financial District Polygon,2025-09,LEAD,false,false,false,false
8096,20 Broad Street,Financial District Polygon,2025-09,LEAD,true,false,false,false
7510,20 Broad Street,Financial District Polygon,2025-09,LEAD,true,false,false,false
8069,20 Broad Street,Financial District Polygon,2025-09,LEAD,true,false,false,false
8091,20 Broad Street,Financial District Polygon,2025-09,LEAD,false,false,false,false
8097,20 Broad Street,Financial District Polygon,2025-09,LEAD,true,false,false,false
8098,20 Broad Street,Financial District Polygon,2025-09,LEAD,true,false,false,false
7520,20 Broad Street,Financial District Polygon,2025-09,CHURN,true,false,false,false
7667,20 Broad Street,Financial District Polygon,2025-09,LEAD,false,false,false,false
8099,20 Broad Street,Financial District Polygon,2025-09,LEAD,true,false,false,false
8032,20 Broad Street,Financial District Polygon,2025-09,WARM_LEAD,true,false,false,false
7996,20 Broad Street,Financial District Polygon,2025-09,WARM_LEAD,true,false,false,false
7956,20 Broad Street,Financial District Polygon,2025-09,LEAD,false,false,false,false
8100,20 Broad Street,Financial District Polygon,2025-09,LEAD,true,false,false,false
7731,20 Broad Street,Financial District Polygon,2025-09,TRIAL,true,false,false,false
7726,20 Broad Street,Financial District Polygon,2025-09,LEAD,true,false,false,false
8101,20 Broad Street,Financial District Polygon,2025-09,LEAD,true,false,false,false
7771,20 Broad Street,Financial District Polygon,2025-09,LEAD,true,false,false,false
7735,20 Broad Street,Financial District Polygon,2025-09,LEAD,false,false,false,false
8102,20 Broad Street,Financial District Polygon,2025-09,LEAD,false,false,false,false
7970,300 Somerset,Harrison Polygon,2025-09,WARM_LEAD,true,false,false,false
7833,300 Somerset,Harrison Polygon,2025-09,LEAD,false,false,false,false
8193,330 Angelo Cifelli,Harrison Polygon,2025-09,ON_DEMAND_SUBSCRIPTION,false,true,false,true
7958,345 Baldwin Avenue,Floating Jersey,2025-09,WARM_LEAD,false,false,false,false
8403,345 Baldwin Avenue,Floating Jersey,2025-09,LEAD,false,false,false,false
8405,345 Baldwin Avenue,Floating Jersey,2025-09,CHURN,true,false,false,false
8408,345 Baldwin Avenue,Floating Jersey,2025-09,LEAD,false,false,false,false
8402,345 Baldwin Avenue,Floating Jersey,2025-09,LEAD,true,false,false,false
8401,345 Baldwin Avenue,Floating Jersey,2025-09,LEAD,true,false,false,false
8408,345 Baldwin Avenue,Floating Jersey,2025-09,LEAD,false,false,false,false
8470,345 Baldwin Avenue,Floating Jersey,2025-09,LEAD,false,false,false,false
8406,345 Baldwin Avenue,Floating Jersey,2025-09,LEAD,true,false,false,false
8407,345 Baldwin Avenue,Floating Jersey,2025-09,LEAD,false,false,false,false
8409,345 Baldwin Avenue,Floating Jersey,2025-09,LEAD,false,false,false,false
7652,345 Baldwin Avenue,Floating Jersey,2025-09,ON_DEMAND_SUBSCRIPTION,true,true,false,true
8178,345 Baldwin Avenue,Floating Jersey,2025-09,WARM_LEAD,false,false,false,false
8483,416 Kent Avenue,Williamsburg Polygon,2025-09,TRIAL,true,false,false,false
8465,420 Kent Avenue,Williamsburg Polygon,2025-09,CHURN,true,false,false,false
8497,420 Kent Avenue,Williamsburg Polygon,2025-09,LEAD,false,false,false,false
7950,420 Kent Avenue,Williamsburg Polygon,2025-09,LEAD,false,false,false,false
7029,420 Kent Avenue,Williamsburg Polygon,2025-09,LEAD,false,false,false,false
8465,420 Kent Avenue,Williamsburg Polygon,2025-09,CHURN,true,false,false,false
7205,420 Kent Avenue,Williamsburg Polygon,2025-09,ON_DEMAND_SUBSCRIPTION,false,true,false,true
7992,420 Kent Avenue,Williamsburg Polygon,2025-09,TRIAL,true,false,false,false
7007,420 Kent Avenue,Williamsburg Polygon,2025-09,WARM_LEAD,true,false,false,false
8004,535 W 43rd Street,Hell's Kitchen Polygon,2025-09,LEAD,true,false,false,false
7910,535 W 43rd Street,Hell's Kitchen Polygon,2025-09,LEAD,false,false,false,false
7942,535 W 43rd Street,Hell's Kitchen Polygon,2025-09,LEAD,true,false,false,false
7851,535 W 43rd Street,Hell's Kitchen Polygon,2025-09,LEAD,true,false,false,false
7761,535 W 43rd Street,Hell's Kitchen Polygon,2025-09,LEAD,false,false,false,false
7764,535 W 43rd Street,Hell's Kitchen Polygon,2025-09,LEAD,false,false,false,false
7763,535 W 43rd Street,Hell's Kitchen Polygon,2025-09,LEAD,false,false,false,false
7672,535 W 43rd Street,Hell's Kitchen Polygon,2025-09,TRIAL,true,false,false,false
7773,535 W 43rd Street,Hell's Kitchen Polygon,2025-09,LEAD,false,false,false,false
7949,535 W 43rd Street,Hell's Kitchen Polygon,2025-09,LEAD,false,false,false,false
7866,535 W 43rd Street,Hell's Kitchen Polygon,2025-09,CHURN,true,false,false,false
7809,535 W 43rd Street,Hell's Kitchen Polygon,2025-09,LEAD,false,false,false,false
7810,535 W 43rd Street,Hell's Kitchen Polygon,2025-09,LEAD,false,false,false,false
7913,535 W 43rd Street,Hell's Kitchen Polygon,2025-09,LEAD,false,false,false,false
7907,535 W 43rd Street,Hell's Kitchen Polygon,2025-09,TRIAL,true,false,false,false
8000,655 Union,Boerum Hill Polygon,2025-09,ON_DEMAND_SUBSCRIPTION,false,true,false,true
7768,66 Rockwell Place,Brooklyn Heights Polygon,2025-09,WARM_LEAD,true,false,false,false
7855,66 Rockwell Place,Brooklyn Heights Polygon,2025-09,LEAD,false,false,false,false
7711,66 Rockwell Place,Brooklyn Heights Polygon,2025-09,LEAD,false,false,false,false
7719,66 Rockwell Place,Brooklyn Heights Polygon,2025-09,LEAD,false,false,false,false
7720,66 Rockwell Place,Brooklyn Heights Polygon,2025-09,LEAD,false,false,false,false
7732,66 Rockwell Place,Brooklyn Heights Polygon,2025-09,LEAD,false,false,false,false
8149,66 Rockwell Place,Brooklyn Heights Polygon,2025-09,LEAD,true,false,false,false
8155,66 Rockwell Place,Brooklyn Heights Polygon,2025-09,ON_DEMAND_SUBSCRIPTION,false,true,false,true
7799,66 Rockwell Place,Brooklyn Heights Polygon,2025-09,LEAD,false,false,false,false
7753,66 Rockwell Place,Brooklyn Heights Polygon,2025-09,CHURN,true,false,false,false
7749,66 Rockwell Place,Brooklyn Heights Polygon,2025-09,LEAD,false,false,false,false
7750,66 Rockwell Place,Brooklyn Heights Polygon,2025-09,LEAD,false,false,false,false
7754,66 Rockwell Place,Brooklyn Heights Polygon,2025-09,LEAD,false,false,false,false
7755,66 Rockwell Place,Brooklyn Heights Polygon,2025-09,LEAD,true,false,false,false
7756,66 Rockwell Place,Brooklyn Heights Polygon,2025-09,LEAD,false,false,false,false
7757,66 Rockwell Place,Brooklyn Heights Polygon,2025-09,LEAD,false,false,false,false
7758,66 Rockwell Place,Brooklyn Heights Polygon,2025-09,LEAD,false,false,false,false
7762,66 Rockwell Place,Brooklyn Heights Polygon,2025-09,LEAD,false,false,false,false
8026,66 Rockwell Place,Brooklyn Heights Polygon,2025-09,LEAD,false,false,false,false
7766,66 Rockwell Place,Brooklyn Heights Polygon,2025-09,LEAD,false,false,false,false
7759,66 Rockwell Place,Brooklyn Heights Polygon,2025-09,TRIAL,true,false,false,false
8148,66 Rockwell Place,Brooklyn Heights Polygon,2025-09,LEAD,true,false,false,false
7737,66 Rockwell Place,Brooklyn Heights Polygon,2025-09,LEAD,true,false,false,false
7714,66 Rockwell Place,Brooklyn Heights Polygon,2025-09,TRIAL,true,false,false,false
8152,66 Rockwell Place,Brooklyn Heights Polygon,2025-09,LEAD,true,false,false,false
7713,66 Rockwell Place,Brooklyn Heights Polygon,2025-09,CHURN,false,false,false,false
7768,66 Rockwell Place,Brooklyn Heights Polygon,2025-09,WARM_LEAD,true,false,false,false
8150,66 Rockwell Place,Brooklyn Heights Polygon,2025-09,RECURRING_SUBSCRIPTION,true,true,true,false
7716,66 Rockwell Place,Brooklyn Heights Polygon,2025-09,RECURRING_SUBSCRIPTION,true,true,true,false
8027,66 Rockwell Place,Brooklyn Heights Polygon,2025-09,RECURRING_SUBSCRIPTION,true,true,true,false
8058,66 Rockwell Place,Brooklyn Heights Polygon,2025-09,LEAD,false,false,false,false
7717,66 Rockwell Place,Brooklyn Heights Polygon,2025-09,RECURRING_SUBSCRIPTION,true,true,true,false
7934,66 Rockwell Place,Brooklyn Heights Polygon,2025-09,LEAD,false,false,false,false
8503,66 Rockwell Place,Brooklyn Heights Polygon,2025-09,LEAD,true,false,false,false
8511,66 Rockwell Place,Brooklyn Heights Polygon,2025-09,TRIAL,true,false,false,false
8503,66 Rockwell Place,Brooklyn Heights Polygon,2025-09,LEAD,true,false,false,false
8200,66 Rockwell Place,Brooklyn Heights Polygon,2025-09,RECURRING_SUBSCRIPTION,true,true,true,false
8060,66 Rockwell Place,Brooklyn Heights Polygon,2025-09,LEAD,true,false,false,false
8002,66 Rockwell Place,Brooklyn Heights Polygon,2025-09,RECURRING_SUBSCRIPTION,true,true,true,false
7862,66 Rockwell Place,Brooklyn Heights Polygon,2025-09,LEAD,false,false,false,false
7715,66 Rockwell Place,Brooklyn Heights Polygon,2025-09,CHURN,true,false,false,false
8485,66 Rockwell Place,Brooklyn Heights Polygon,2025-09,LEAD,true,false,false,false
8472,66 Rockwell Place,Brooklyn Heights Polygon,2025-09,CHURN,true,false,false,false
7760,66 Rockwell Place,Brooklyn Heights Polygon,2025-09,RECURRING_SUBSCRIPTION,true,true,true,false
8121,Agnes,Floating Jersey,2025-09,WARM_LEAD,false,false,false,false
8188,Alta,Floating NY 1,2025-09,LEAD,true,false,false,false
8196,Alta,Floating NY 1,2025-09,LEAD,true,false,false,false
6498,Alta,Floating NY 1,2025-09,LEAD,false,false,false,false
7857,Alta,Floating NY 1,2025-09,ON_DEMAND_SUBSCRIPTION,true,true,false,true
8021,Alta,Floating NY 1,2025-09,LEAD,false,false,false,false
7905,Alta,Floating NY 1,2025-09,LEAD,false,false,false,false
978,Azrieli TLV,Unknown,2025-09,LEAD,false,false,false,false
7738,Azrieli TLV,Unknown,2025-09,COLD_LEAD,false,false,false,false
7932,Azrieli TLV,Unknown,2025-09,CHURN,true,false,false,false
6610,Azrieli TLV,Unknown,2025-09,COLD_LEAD,false,false,false,false
7933,Azrieli TLV,Unknown,2025-09,COLD_LEAD,false,false,false,false
7935,Azrieli TLV,Unknown,2025-09,LEAD,false,false,false,false
33,Azrieli TLV,Unknown,2025-09,COLD_LEAD,false,false,false,false
9460,Azrieli TLV,Unknown,2025-09,LEAD,false,false,false,false
7936,Azrieli TLV,Unknown,2025-09,LEAD,true,false,false,false
7936,Azrieli TLV,Unknown,2025-09,LEAD,true,false,false,false
8492,Azrieli TLV,Unknown,2025-09,TRIAL,true,false,false,false
8256,Brooklyn Crossing,Boerum Hill Polygon,2025-09,LEAD,false,false,false,false
8258,Brooklyn Crossing,Boerum Hill Polygon,2025-09,LEAD,false,false,false,false
8221,Brooklyn Crossing,Boerum Hill Polygon,2025-09,TRIAL,true,false,false,false
8283,Brooklyn Crossing,Boerum Hill Polygon,2025-09,RECURRING_SUBSCRIPTION,false,true,true,false
8262,Brooklyn Crossing,Boerum Hill Polygon,2025-09,LEAD,false,false,false,false
8264,Brooklyn Crossing,Boerum Hill Polygon,2025-09,LEAD,false,false,false,false
8265,Brooklyn Crossing,Boerum Hill Polygon,2025-09,LEAD,false,false,false,false
8234,Brooklyn Crossing,Boerum Hill Polygon,2025-09,LEAD,false,false,false,false
8294,Brooklyn Crossing,Boerum Hill Polygon,2025-09,LEAD,false,false,false,false
8295,Brooklyn Crossing,Boerum Hill Polygon,2025-09,LEAD,false,false,false,false
8284,Brooklyn Crossing,Boerum Hill Polygon,2025-09,LEAD,false,false,false,false
8237,Brooklyn Crossing,Boerum Hill Polygon,2025-09,LEAD,false,false,false,false
8315,Brooklyn Crossing,Boerum Hill Polygon,2025-09,ON_DEMAND_SUBSCRIPTION,false,true,false,true
8292,Brooklyn Crossing,Boerum Hill Polygon,2025-09,RECURRING_SUBSCRIPTION,false,true,true,false
8285,Brooklyn Crossing,Boerum Hill Polygon,2025-09,LEAD,false,false,false,false
8296,Brooklyn Crossing,Boerum Hill Polygon,2025-09,RECURRING_SUBSCRIPTION,true,true,true,false
8297,Brooklyn Crossing,Boerum Hill Polygon,2025-09,LEAD,false,false,false,false
8298,Brooklyn Crossing,Boerum Hill Polygon,2025-09,LEAD,false,false,false,false
8238,Brooklyn Crossing,Boerum Hill Polygon,2025-09,LEAD,false,false,false,false
8271,Brooklyn Crossing,Boerum Hill Polygon,2025-09,ON_DEMAND_SUBSCRIPTION,false,true,false,true
8300,Brooklyn Crossing,Boerum Hill Polygon,2025-09,LEAD,false,false,false,false
8439,Brooklyn Crossing,Boerum Hill Polygon,2025-09,LEAD,false,false,false,false
8304,Brooklyn Crossing,Boerum Hill Polygon,2025-09,LEAD,true,false,false,false
8305,Brooklyn Crossing,Boerum Hill Polygon,2025-09,LEAD,false,false,false,false
8306,Brooklyn Crossing,Boerum Hill Polygon,2025-09,LEAD,false,false,false,false
8308,Brooklyn Crossing,Boerum Hill Polygon,2025-09,LEAD,false,false,false,false
8309,Brooklyn Crossing,Boerum Hill Polygon,2025-09,LEAD,false,false,false,false
8301,Brooklyn Crossing,Boerum Hill Polygon,2025-09,TRIAL,true,false,false,false
8232,Brooklyn Crossing,Boerum Hill Polygon,2025-09,LEAD,false,false,false,false
8231,Brooklyn Crossing,Boerum Hill Polygon,2025-09,LEAD,false,false,false,false
8230,Brooklyn Crossing,Boerum Hill Polygon,2025-09,LEAD,false,false,false,false
8246,Brooklyn Crossing,Boerum Hill Polygon,2025-09,WARM_LEAD,false,false,false,false
8229,Brooklyn Crossing,Boerum Hill Polygon,2025-09,LEAD,false,false,false,false
8228,Brooklyn Crossing,Boerum Hill Polygon,2025-09,LEAD,false,false,false,false
8263,Brooklyn Crossing,Boerum Hill Polygon,2025-09,TRIAL,true,false,false,false
8226,Brooklyn Crossing,Boerum Hill Polygon,2025-09,LEAD,false,false,false,false
8222,Brooklyn Crossing,Boerum Hill Polygon,2025-09,LEAD,true,false,false,false
8220,Brooklyn Crossing,Boerum Hill Polygon,2025-09,LEAD,false,false,false,false
8219,Brooklyn Crossing,Boerum Hill Polygon,2025-09,LEAD,false,false,false,false
8218,Brooklyn Crossing,Boerum Hill Polygon,2025-09,LEAD,false,false,false,false
8250,Brooklyn Crossing,Boerum Hill Polygon,2025-09,LEAD,false,false,false,false
8291,Brooklyn Crossing,Boerum Hill Polygon,2025-09,WARM_LEAD,true,false,false,false
8217,Brooklyn Crossing,Boerum Hill Polygon,2025-09,LEAD,false,false,false,false
8216,Brooklyn Crossing,Boerum Hill Polygon,2025-09,LEAD,false,false,false,false
8214,Brooklyn Crossing,Boerum Hill Polygon,2025-09,LEAD,false,false,false,false
8282,Brooklyn Crossing,Boerum Hill Polygon,2025-09,ON_DEMAND_SUBSCRIPTION,false,true,false,true
8208,Brooklyn Crossing,Boerum Hill Polygon,2025-09,LEAD,true,false,false,false
8253,Brooklyn Crossing,Boerum Hill Polygon,2025-09,ON_DEMAND_SUBSCRIPTION,false,true,false,true
8261,Brooklyn Crossing,Boerum Hill Polygon,2025-09,TRIAL,true,false,false,false
8286,Brooklyn Crossing,Boerum Hill Polygon,2025-09,WARM_LEAD,true,false,false,false
8236,Brooklyn Crossing,Boerum Hill Polygon,2025-09,LEAD,false,false,false,false
8227,Brooklyn Crossing,Boerum Hill Polygon,2025-09,CHURN,true,false,false,false
8498,Brooklyn Crossing,Boerum Hill Polygon,2025-09,CHURN,true,false,false,false
8491,Brooklyn Crossing,Boerum Hill Polygon,2025-09,LEAD,false,false,false,false
8490,Brooklyn Crossing,Boerum Hill Polygon,2025-09,LEAD,false,false,false,false
8489,Brooklyn Crossing,Boerum Hill Polygon,2025-09,LEAD,false,false,false,false
8279,Brooklyn Crossing,Boerum Hill Polygon,2025-09,RECURRING_SUBSCRIPTION,true,true,true,false
8311,Brooklyn Crossing,Boerum Hill Polygon,2025-09,WARM_LEAD,true,false,false,false
8498,Brooklyn Crossing,Boerum Hill Polygon,2025-09,CHURN,true,false,false,false
8281,Brooklyn Crossing,Boerum Hill Polygon,2025-09,LEAD,false,false,false,false
8394,Brooklyn Crossing,Boerum Hill Polygon,2025-09,RECURRING_SUBSCRIPTION,true,true,true,false
8185,Brooklyn Crossing,Boerum Hill Polygon,2025-09,LEAD,false,false,false,false
8225,Brooklyn Crossing,Boerum Hill Polygon,2025-09,LEAD,false,false,false,false
8235,Brooklyn Crossing,Boerum Hill Polygon,2025-09,LEAD,false,false,false,false
8480,Brooklyn Crossing,Boerum Hill Polygon,2025-09,LEAD,false,false,false,false
8478,Brooklyn Crossing,Boerum Hill Polygon,2025-09,WARM_LEAD,true,false,false,false
8287,Brooklyn Crossing,Boerum Hill Polygon,2025-09,LEAD,true,false,false,false
8296,Brooklyn Crossing,Boerum Hill Polygon,2025-09,RECURRING_SUBSCRIPTION,true,true,true,false
8278,Brooklyn Crossing,Boerum Hill Polygon,2025-09,LEAD,false,false,false,false
8277,Brooklyn Crossing,Boerum Hill Polygon,2025-09,LEAD,false,false,false,false
8276,Brooklyn Crossing,Boerum Hill Polygon,2025-09,LEAD,false,false,false,false
8206,Brooklyn Crossing,Boerum Hill Polygon,2025-09,WARM_LEAD,false,false,false,false
8293,Brooklyn Crossing,Boerum Hill Polygon,2025-09,CHURN,true,false,false,false
8310,Brooklyn Crossing,Boerum Hill Polygon,2025-09,LEAD,false,false,false,false
8260,Brooklyn Crossing,Boerum Hill Polygon,2025-09,CHURN,false,false,false,false
8223,Brooklyn Crossing,Boerum Hill Polygon,2025-09,LEAD,false,false,false,false
8274,Brooklyn Crossing,Boerum Hill Polygon,2025-09,LEAD,false,false,false,false
8314,Brooklyn Crossing,Boerum Hill Polygon,2025-09,LEAD,false,false,false,false
8288,Brooklyn Crossing,Boerum Hill Polygon,2025-09,LEAD,true,false,false,false
8476,Brooklyn Crossing,Boerum Hill Polygon,2025-09,LEAD,false,false,false,false
8273,Brooklyn Crossing,Boerum Hill Polygon,2025-09,LEAD,false,false,false,false
8353,Brooklyn Crossing,Boerum Hill Polygon,2025-09,LEAD,true,false,false,false
8352,Brooklyn Crossing,Boerum Hill Polygon,2025-09,LEAD,false,false,false,false
8351,Brooklyn Crossing,Boerum Hill Polygon,2025-09,LEAD,false,false,false,false
8350,Brooklyn Crossing,Boerum Hill Polygon,2025-09,LEAD,false,false,false,false
8272,Brooklyn Crossing,Boerum Hill Polygon,2025-09,LEAD,true,false,false,false
8246,Brooklyn Crossing,Boerum Hill Polygon,2025-09,WARM_LEAD,false,false,false,false
8290,Brooklyn Crossing,Boerum Hill Polygon,2025-09,LEAD,true,false,false,false
8224,Brooklyn Crossing,Boerum Hill Polygon,2025-09,TRIAL,false,false,false,false
8233,Brooklyn Crossing,Boerum Hill Polygon,2025-09,WARM_LEAD,true,false,false,false
8303,Brooklyn Crossing,Boerum Hill Polygon,2025-09,LEAD,false,false,false,false
8249,Brooklyn Crossing,Boerum Hill Polygon,2025-09,RECURRING_SUBSCRIPTION,true,true,true,false
8354,Brooklyn Crossing,Boerum Hill Polygon,2025-09,RECURRING_SUBSCRIPTION,true,true,true,false
8289,Brooklyn Crossing,Boerum Hill Polygon,2025-09,WARM_LEAD,true,false,false,false
8266,Brooklyn Crossing,Boerum Hill Polygon,2025-09,RECURRING_SUBSCRIPTION,true,true,true,false
8270,Brooklyn Crossing,Boerum Hill Polygon,2025-09,LEAD,false,false,false,false
8240,Brooklyn Crossing,Boerum Hill Polygon,2025-09,ON_DEMAND_SUBSCRIPTION,true,true,false,true
8268,Brooklyn Crossing,Boerum Hill Polygon,2025-09,LEAD,false,false,false,false
8239,Brooklyn Crossing,Boerum Hill Polygon,2025-09,LEAD,false,false,false,false
8215,Brooklyn Crossing,Boerum Hill Polygon,2025-09,CHURN,true,false,false,false
8242,Brooklyn Crossing,Boerum Hill Polygon,2025-09,LEAD,false,false,false,false
8243,Brooklyn Crossing,Boerum Hill Polygon,2025-09,LEAD,false,false,false,false
8275,Brooklyn Crossing,Boerum Hill Polygon,2025-09,WARM_LEAD,true,false,false,false
8267,Brooklyn Crossing,Boerum Hill Polygon,2025-09,LEAD,false,false,false,false
8280,Brooklyn Crossing,Boerum Hill Polygon,2025-09,RECURRING_SUBSCRIPTION,false,true,true,false
8244,Brooklyn Crossing,Boerum Hill Polygon,2025-09,LEAD,false,false,false,false
8313,Brooklyn Crossing,Boerum Hill Polygon,2025-09,CHURN,true,false,false,false
8245,Brooklyn Crossing,Boerum Hill Polygon,2025-09,LEAD,false,false,false,false
8247,Brooklyn Crossing,Boerum Hill Polygon,2025-09,LEAD,false,false,false,false
8254,Brooklyn Crossing,Boerum Hill Polygon,2025-09,RECURRING_SUBSCRIPTION,true,true,true,false
8248,Brooklyn Crossing,Boerum Hill Polygon,2025-09,LEAD,false,false,false,false
8394,Brooklyn Crossing,Boerum Hill Polygon,2025-09,RECURRING_SUBSCRIPTION,true,true,true,false
8252,Brooklyn Crossing,Boerum Hill Polygon,2025-09,LEAD,false,false,false,false
8241,Brooklyn Crossing,Boerum Hill Polygon,2025-09,RECURRING_SUBSCRIPTION,true,true,true,false
8251,Brooklyn Crossing,Boerum Hill Polygon,2025-09,LEAD,false,false,false,false
8259,Brooklyn Crossing,Boerum Hill Polygon,2025-09,ON_DEMAND_SUBSCRIPTION,false,true,false,true
8255,Brooklyn Crossing,Boerum Hill Polygon,2025-09,LEAD,false,false,false,false
8269,Brooklyn Crossing,Boerum Hill Polygon,2025-09,RECURRING_SUBSCRIPTION,true,true,true,false
8257,Brooklyn Crossing,Boerum Hill Polygon,2025-09,LEAD,false,false,false,false
7915,Flamingo Point Center Tower,Miami Beach Polygon,2025-09,LEAD,true,false,false,false
7919,Flamingo Point Center Tower,Miami Beach Polygon,2025-09,LEAD,false,false,false,false
8205,Flamingo Point Center Tower,Miami Beach Polygon,2025-09,CHURN,true,false,false,false
7826,Flamingo Point Center Tower,Miami Beach Polygon,2025-09,LEAD,true,false,false,false
7820,Flamingo Point Center Tower,Miami Beach Polygon,2025-09,LEAD,false,false,false,false
7852,Flamingo Point Center Tower,Miami Beach Polygon,2025-09,LEAD,false,false,false,false
7825,Flamingo Point Center Tower,Miami Beach Polygon,2025-09,LEAD,false,false,false,false
7829,Flamingo Point Center Tower,Miami Beach Polygon,2025-09,LEAD,false,false,false,false
8477,Flamingo Point Center Tower,Miami Beach Polygon,2025-09,LEAD,false,false,false,false
7830,Flamingo Point Center Tower,Miami Beach Polygon,2025-09,LEAD,false,false,false,false
8167,Flamingo Point Center Tower,Miami Beach Polygon,2025-09,LEAD,false,false,false,false
7831,Flamingo Point Center Tower,Miami Beach Polygon,2025-09,WARM_LEAD,true,false,false,false
7813,Flamingo Point Center Tower,Miami Beach Polygon,2025-09,WARM_LEAD,false,false,false,false
8477,Flamingo Point Center Tower,Miami Beach Polygon,2025-09,LEAD,false,false,false,false
8173,Flamingo Point Center Tower,Miami Beach Polygon,2025-09,LEAD,false,false,false,false
8161,Flamingo Point Center Tower,Miami Beach Polygon,2025-09,LEAD,false,false,false,false
8134,Flamingo Point Center Tower,Miami Beach Polygon,2025-09,ON_DEMAND_SUBSCRIPTION,true,true,false,true
8122,Flamingo Point Center Tower,Miami Beach Polygon,2025-09,WARM_LEAD,true,false,false,false
7999,Flamingo Point Center Tower,Miami Beach Polygon,2025-09,RECURRING_SUBSCRIPTION,true,true,true,false
8153,Flamingo Point Center Tower,Miami Beach Polygon,2025-09,LEAD,false,false,false,false
7899,Flamingo Point Center Tower,Miami Beach Polygon,2025-09,RECURRING_SUBSCRIPTION,true,true,true,false
8170,Flamingo Point Center Tower,Miami Beach Polygon,2025-09,RECURRING_SUBSCRIPTION,true,true,true,false
8176,Flamingo Point Center Tower,Miami Beach Polygon,2025-09,LEAD,false,false,false,false
7823,Flamingo Point Center Tower,Miami Beach Polygon,2025-09,ON_DEMAND_SUBSCRIPTION,true,true,false,true
8474,Flamingo Point Center Tower,Miami Beach Polygon,2025-09,LEAD,false,false,false,false
8057,Flamingo Point Center Tower,Miami Beach Polygon,2025-09,RECURRING_SUBSCRIPTION,true,true,true,false
7814,Flamingo Point Center Tower,Miami Beach Polygon,2025-09,ON_DEMAND_SUBSCRIPTION,true,true,false,true
7842,Flamingo Point Center Tower,Miami Beach Polygon,2025-09,RECURRING_SUBSCRIPTION,true,true,true,false
8118,Flamingo Point Center Tower,Miami Beach Polygon,2025-09,LEAD,false,false,false,false
7827,Flamingo Point Center Tower,Miami Beach Polygon,2025-09,TRIAL,true,false,false,false
7980,Flamingo Point Center Tower,Miami Beach Polygon,2025-09,LEAD,false,false,false,false
8018,Flamingo Point Center Tower,Miami Beach Polygon,2025-09,LEAD,true,false,false,false
7929,Flamingo Point Center Tower,Miami Beach Polygon,2025-09,CHURN,false,false,false,false
7995,Flamingo Point Center Tower,Miami Beach Polygon,2025-09,WARM_LEAD,false,false,false,false
7884,Flamingo Point Center Tower,Miami Beach Polygon,2025-09,LEAD,true,false,false,false
7963,Flamingo Point Center Tower,Miami Beach Polygon,2025-09,CHURN,true,false,false,false
8388,Flamingo Point Center Tower,Miami Beach Polygon,2025-09,LEAD,true,false,false,false
8179,Flamingo Point Center Tower,Miami Beach Polygon,2025-09,RECURRING_SUBSCRIPTION,true,true,true,false
8125,Flamingo Point Center Tower,Miami Beach Polygon,2025-09,ON_DEMAND_SUBSCRIPTION,false,true,false,true
7902,Flamingo Point Center Tower,Miami Beach Polygon,2025-09,RECURRING_SUBSCRIPTION,true,true,true,false
7931,Flamingo Point Center Tower,Miami Beach Polygon,2025-09,ON_DEMAND_SUBSCRIPTION,true,true,false,true
7900,Flamingo Point Center Tower,Miami Beach Polygon,2025-09,RECURRING_SUBSCRIPTION,true,true,true,false
7836,Flamingo Point Center Tower,Miami Beach Polygon,2025-09,FROZEN,true,false,false,false
7925,Flamingo Point Center Tower,Miami Beach Polygon,2025-09,CHURN,false,false,false,false
8302,Flamingo Point Center Tower,Miami Beach Polygon,2025-09,LEAD,true,false,false,false
8411,Flamingo Point Center Tower,Miami Beach Polygon,2025-09,LEAD,false,false,false,false
7957,Flamingo Point Center Tower,Miami Beach Polygon,2025-09,TRIAL,true,false,false,false
7991,Flamingo Point Center Tower,Miami Beach Polygon,2025-09,TRIAL,true,false,false,false
7815,Flamingo Point Center Tower,Miami Beach Polygon,2025-09,CHURN,true,false,false,false
7988,Flamingo Point Center Tower,Miami Beach Polygon,2025-09,LEAD,false,false,false,false
7927,Flamingo Point Center Tower,Miami Beach Polygon,2025-09,ON_DEMAND_SUBSCRIPTION,true,true,false,true
7928,Flamingo Point Center Tower,Miami Beach Polygon,2025-09,LEAD,false,false,false,false
8355,Flamingo Point Center Tower,Miami Beach Polygon,2025-09,WARM_LEAD,true,false,false,false
8169,Flamingo Point North Tower,Miami Beach Polygon,2025-09,WARM_LEAD,false,false,false,false
7994,Flamingo Point North Tower,Miami Beach Polygon,2025-09,RECURRING_SUBSCRIPTION,false,true,true,false
8165,Flamingo Point North Tower,Miami Beach Polygon,2025-09,WARM_LEAD,false,false,false,false
7939,Flamingo Point North Tower,Miami Beach Polygon,2025-09,LEAD,false,false,false,false
8053,Flamingo Point North Tower,Miami Beach Polygon,2025-09,CHURN,true,false,false,false
8513,Flamingo Point North Tower,Miami Beach Polygon,2025-09,LEAD,false,false,false,false
7923,Flamingo Point North Tower,Miami Beach Polygon,2025-09,LEAD,true,false,false,false
7921,Flamingo Point North Tower,Miami Beach Polygon,2025-09,LEAD,false,false,false,false
7920,Flamingo Point North Tower,Miami Beach Polygon,2025-09,LEAD,false,false,false,false
7828,Flamingo Point North Tower,Miami Beach Polygon,2025-09,RECURRING_SUBSCRIPTION,true,true,true,false
8189,Flamingo Point North Tower,Miami Beach Polygon,2025-09,WARM_LEAD,false,false,false,false
7917,Flamingo Point North Tower,Miami Beach Polygon,2025-09,LEAD,true,false,false,false
7916,Flamingo Point North Tower,Miami Beach Polygon,2025-09,LEAD,false,false,false,false
7812,Flamingo Point North Tower,Miami Beach Polygon,2025-09,LEAD,false,false,false,false
7981,Flamingo Point North Tower,Miami Beach Polygon,2025-09,LEAD,false,false,false,false
8001,Flamingo Point North Tower,Miami Beach Polygon,2025-09,LEAD,false,false,false,false
7817,Flamingo Point North Tower,Miami Beach Polygon,2025-09,LEAD,false,false,false,false
8029,Flamingo Point North Tower,Miami Beach Polygon,2025-09,CHURN,false,false,false,false
7977,Flamingo Point North Tower,Miami Beach Polygon,2025-09,WARM_LEAD,false,false,false,false
8163,Flamingo Point North Tower,Miami Beach Polygon,2025-09,LEAD,true,false,false,false
8166,Flamingo Point North Tower,Miami Beach Polygon,2025-09,LEAD,false,false,false,false
8020,Flamingo Point North Tower,Miami Beach Polygon,2025-09,LEAD,true,false,false,false
7878,Flamingo Point North Tower,Miami Beach Polygon,2025-09,WARM_LEAD,false,false,false,false
7922,Flamingo Point North Tower,Miami Beach Polygon,2025-09,WARM_LEAD,false,false,false,false
7867,Flamingo Point North Tower,Miami Beach Polygon,2025-09,ON_DEMAND_SUBSCRIPTION,true,true,false,true
7978,Flamingo Point North Tower,Miami Beach Polygon,2025-09,LEAD,false,false,false,false
7954,Flamingo Point North Tower,Miami Beach Polygon,2025-09,RECURRING_SUBSCRIPTION,true,true,true,false
8017,Flamingo Point North Tower,Miami Beach Polygon,2025-09,LEAD,true,false,false,false
8007,Flamingo Point North Tower,Miami Beach Polygon,2025-09,LEAD,true,false,false,false
8047,Flamingo Point North Tower,Miami Beach Polygon,2025-09,LEAD,false,false,false,false
7901,Flamingo Point North Tower,Miami Beach Polygon,2025-09,LEAD,true,false,false,false
7973,Flamingo Point North Tower,Miami Beach Polygon,2025-09,WARM_LEAD,true,false,false,false
8124,Flamingo Point North Tower,Miami Beach Polygon,2025-09,CHURN,true,false,false,false
8410,Flamingo Point North Tower,Miami Beach Polygon,2025-09,LEAD,true,false,false,false
8115,Flamingo Point North Tower,Miami Beach Polygon,2025-09,RECURRING_SUBSCRIPTION,true,true,true,false
8138,Flamingo Point North Tower,Miami Beach Polygon,2025-09,FROZEN,true,false,false,false
7971,Flamingo Point North Tower,Miami Beach Polygon,2025-09,CHURN,false,false,false,false
8020,Flamingo Point North Tower,Miami Beach Polygon,2025-09,LEAD,true,false,false,false
7968,Flamingo Point North Tower,Miami Beach Polygon,2025-09,LEAD,false,false,false,false
7924,Flamingo Point North Tower,Miami Beach Polygon,2025-09,RECURRING_SUBSCRIPTION,true,true,true,false
7998,Flamingo Point North Tower,Miami Beach Polygon,2025-09,RECURRING_SUBSCRIPTION,false,true,true,false
7989,Flamingo Point North Tower,Miami Beach Polygon,2025-09,ON_DEMAND_SUBSCRIPTION,true,true,false,true
8357,Flamingo Point North Tower,Miami Beach Polygon,2025-09,LEAD,false,false,false,false
8128,Flamingo Point North Tower,Miami Beach Polygon,2025-09,TRIAL,true,false,false,false
8116,Flamingo Point North Tower,Miami Beach Polygon,2025-09,LEAD,true,false,false,false
8003,Flamingo Point North Tower,Miami Beach Polygon,2025-09,RECURRING_SUBSCRIPTION,true,true,true,false
8001,Flamingo Point North Tower,Miami Beach Polygon,2025-09,LEAD,false,false,false,false
8117,Flamingo Point North Tower,Miami Beach Polygon,2025-09,CHURN,true,false,false,false
7930,Flamingo Point North Tower,Miami Beach Polygon,2025-09,LEAD,false,false,false,false
7869,Flamingo Point North Tower,Miami Beach Polygon,2025-09,LEAD,false,false,false,false
7993,Flamingo Point North Tower,Miami Beach Polygon,2025-09,LEAD,false,false,false,false
8033,Flamingo Point North Tower,Miami Beach Polygon,2025-09,LEAD,false,false,false,false
7966,Flamingo Point North Tower,Miami Beach Polygon,2025-09,LEAD,true,false,false,false
8028,Flamingo Point North Tower,Miami Beach Polygon,2025-09,RECURRING_SUBSCRIPTION,true,true,true,false
8177,Flamingo Point North Tower,Miami Beach Polygon,2025-09,LEAD,false,false,false,false
7940,Flamingo Point North Tower,Miami Beach Polygon,2025-09,LEAD,false,false,false,false
8190,Flamingo South Beach,Miami Beach Polygon,2025-09,TRIAL,true,false,false,false
7824,Flamingo South Beach,Miami Beach Polygon,2025-09,LEAD,false,false,false,false
7845,Flamingo South Beach,Miami Beach Polygon,2025-09,LEAD,true,false,false,false
8120,Flamingo South Beach,Miami Beach Polygon,2025-09,WARM_LEAD,true,false,false,false
8174,Flamingo South Beach,Miami Beach Polygon,2025-09,LEAD,false,false,false,false
8175,Flamingo South Beach,Miami Beach Polygon,2025-09,LEAD,false,false,false,false
7816,Flamingo South Beach,Miami Beach Polygon,2025-09,LEAD,true,false,false,false
8182,Flamingo South Beach,Miami Beach Polygon,2025-09,RECURRING_SUBSCRIPTION,true,true,true,false
7832,Flamingo South Beach,Miami Beach Polygon,2025-09,RECURRING_SUBSCRIPTION,true,true,true,false
7821,Flamingo South Beach,Miami Beach Polygon,2025-09,CHURN,true,false,false,false
7918,Flamingo South Beach,Miami Beach Polygon,2025-09,LEAD,false,false,false,false
8209,Flamingo South Beach,Miami Beach Polygon,2025-09,FROZEN,true,false,false,false
8168,Flamingo South Beach,Miami Beach Polygon,2025-09,CHURN,true,false,false,false
7975,Flamingo South Beach,Miami Beach Polygon,2025-09,RECURRING_SUBSCRIPTION,false,true,true,false
8464,Flamingo South Beach,Miami Beach Polygon,2025-09,LEAD,true,false,false,false
8499,Flamingo South Beach,Miami Beach Polygon,2025-09,RECURRING_SUBSCRIPTION,true,true,true,false
7948,Flamingo South Beach,Miami Beach Polygon,2025-09,CHURN,true,false,false,false
8338,Flamingo South Beach,Miami Beach Polygon,2025-09,WARM_LEAD,true,false,false,false
8186,Flamingo South Beach,Miami Beach Polygon,2025-09,TRIAL,false,false,false,false
7794,Flamingo South Beach,Miami Beach Polygon,2025-09,CHURN,true,false,false,false
7945,Flamingo South Beach,Miami Beach Polygon,2025-09,ON_DEMAND_SUBSCRIPTION,true,true,false,true
7819,Flamingo South Beach,Miami Beach Polygon,2025-09,CHURN,true,false,false,false
7969,Flamingo South Beach,Miami Beach Polygon,2025-09,LEAD,true,false,false,false
8395,Flamingo South Beach,Miami Beach Polygon,2025-09,CHURN,true,false,false,false
8376,Flamingo South Beach,Miami Beach Polygon,2025-09,TRIAL,false,false,false,false
7974,Flamingo South Beach,Miami Beach Polygon,2025-09,LEAD,false,false,false,false
7976,Flamingo South Beach,Miami Beach Polygon,2025-09,LEAD,false,false,false,false
7982,Flamingo South Beach,Miami Beach Polygon,2025-09,LEAD,false,false,false,false
7983,Flamingo South Beach,Miami Beach Polygon,2025-09,LEAD,true,false,false,false
7984,Flamingo South Beach,Miami Beach Polygon,2025-09,LEAD,true,false,false,false
7985,Flamingo South Beach,Miami Beach Polygon,2025-09,LEAD,false,false,false,false
7990,Flamingo South Beach,Miami Beach Polygon,2025-09,LEAD,false,false,false,false
8164,Flamingo South Beach,Miami Beach Polygon,2025-09,WARM_LEAD,false,false,false,false
7962,Flamingo South Beach,Miami Beach Polygon,2025-09,ON_DEMAND_SUBSCRIPTION,true,true,false,true
8510,Flamingo South Beach,Miami Beach Polygon,2025-09,RECURRING_SUBSCRIPTION,true,true,true,false
8041,Flamingo South Beach,Miami Beach Polygon,2025-09,LEAD,false,false,false,false
7818,Flamingo South Beach,Miami Beach Polygon,2025-09,RECURRING_SUBSCRIPTION,true,true,true,false
8151,Flamingo South Beach,Miami Beach Polygon,2025-09,TRIAL,true,false,false,false
8475,Flamingo South Beach,Miami Beach Polygon,2025-09,CHURN,true,false,false,false
8147,Flamingo South Beach,Miami Beach Polygon,2025-09,WARM_LEAD,false,false,false,false
8171,Flamingo South Beach,Miami Beach Polygon,2025-09,WARM_LEAD,true,false,false,false
8119,Flamingo South Beach,Miami Beach Polygon,2025-09,LEAD,false,false,false,false
8160,Flamingo South Beach,Miami Beach Polygon,2025-09,LEAD,false,false,false,false
8515,Gindi 1,Unknown,2025-09,LEAD,false,false,false,false
7670,Gindi 1,Unknown,2025-09,CHURN,true,false,false,false
8137,Gindi 1,Unknown,2025-09,LEAD,false,false,false,false
125,Gindi 1,Unknown,2025-09,TRIAL,true,false,false,false
8501,Gindi 1,Unknown,2025-09,TRIAL,true,false,false,false
6662,Gindi 1,Unknown,2025-09,COLD_LEAD,false,false,false,false
7252,Gindi 2,Unknown,2025-09,CHURN,true,false,false,false
7718,Gindi 2,Unknown,2025-09,COLD_LEAD,false,false,false,false
7835,Gindi 2,Unknown,2025-09,TRIAL,false,false,false,false
8043,Gindi 2,Unknown,2025-09,LEAD,false,false,false,false
2873,Gindi 2,Unknown,2025-09,TRIAL,true,false,false,false
6704,Gindi 2,Unknown,2025-09,COLD_LEAD,false,false,false,false
8195,Gindi 2,Unknown,2025-09,ON_DEMAND_SUBSCRIPTION,false,true,false,true
8507,Gindi 3,Unknown,2025-09,LEAD,true,false,false,false
7843,Gindi 3,Unknown,2025-09,COLD_LEAD,false,false,false,false
885,Gindi 3,Unknown,2025-09,COLD_LEAD,true,false,false,false
601,Gindi 3,Unknown,2025-09,CHURN,true,false,false,false
8194,Gindi 3,Unknown,2025-09,COLD_LEAD,false,false,false,false
7843,Gindi 3,Unknown,2025-09,COLD_LEAD,false,false,false,false
3035,Gindi 3,Unknown,2025-09,COLD_LEAD,false,false,false,false
7273,Gindi 3,Unknown,2025-09,TRIAL,false,false,false,false
338,Gindi 3,Unknown,2025-09,COLD_LEAD,true,false,false,false
8044,Gindi 3,Unknown,2025-09,LEAD,false,false,false,false
3807,Gindi 3,Unknown,2025-09,COLD_LEAD,false,false,false,false
7926,Gindi 3,Unknown,2025-09,CHURN,true,false,false,false
1410,Gindi 3,Unknown,2025-09,ON_DEMAND_SUBSCRIPTION,false,true,false,true
3035,Gindi 3,Unknown,2025-09,COLD_LEAD,false,false,false,false
8194,Gindi 3,Unknown,2025-09,COLD_LEAD,false,false,false,false
1410,Gindi 3,Unknown,2025-09,ON_DEMAND_SUBSCRIPTION,false,true,false,true
8061,Gindi 3,Unknown,2025-09,LEAD,false,false,false,false
7965,Gindi 3,Unknown,2025-09,CHURN,true,false,false,false
7872,Gindi 3,Unknown,2025-09,COLD_LEAD,false,false,false,false
1449,Gindi 3,Unknown,2025-09,FROZEN,false,false,false,false
7740,Gindi 4,Unknown,2025-09,COLD_LEAD,false,false,false,false
7610,Gindi 4,Unknown,2025-09,TRIAL,false,false,false,false
7879,Gindi 4,Unknown,2025-09,COLD_LEAD,false,false,false,false
8463,Gindi 4,Unknown,2025-09,LEAD,false,false,false,false
8031,Gindi 4,Unknown,2025-09,COLD_LEAD,false,false,false,false
8031,Gindi 4,Unknown,2025-09,COLD_LEAD,false,false,false,false
7389,Gindi 4,Unknown,2025-09,TRIAL,false,false,false,false
8042,Gindi 4,Unknown,2025-09,LEAD,false,false,false,false
8399,Gindi 4,Unknown,2025-09,LEAD,false,false,false,false
8180,Gindi 4,Unknown,2025-09,ON_DEMAND_SUBSCRIPTION,false,true,false,true
8052,Gindi 4,Unknown,2025-09,CHURN,false,false,false,false
7863,Gindi 4,Unknown,2025-09,COLD_LEAD,false,false,false,false
8505,Gindi 4,Unknown,2025-09,LEAD,false,false,false,false
7673,Gindi 4,Unknown,2025-09,COLD_LEAD,false,false,false,false
7662,Gindi 4,Unknown,2025-09,WARM_LEAD,false,false,false,false
8390,Gindi 4,Unknown,2025-09,LEAD,false,false,false,false
8197,Gindi 4,Unknown,2025-09,LEAD,false,false,false,false
8463,Gindi 4,Unknown,2025-09,LEAD,false,false,false,false
7943,Gindi 4,Unknown,2025-09,CHURN,true,false,false,false
7997,Gindi 4,Unknown,2025-09,COLD_LEAD,false,false,false,false
7938,Gindi 4,Unknown,2025-09,LEAD,false,false,false,false
8132,Gindi 4,Unknown,2025-09,WARM_LEAD,false,false,false,false
8307,Grove Central Residences,Floating Miami,2025-09,LEAD,false,false,false,false
7877,Grove Central Residences,Floating Miami,2025-09,TRIAL,true,false,false,false
7864,Grove Central Residences,Floating Miami,2025-09,ON_DEMAND_SUBSCRIPTION,true,true,false,true
8448,Grove Central Residences,Floating Miami,2025-09,LEAD,false,false,false,false
8056,Grove Central Residences,Floating Miami,2025-09,LEAD,true,false,false,false
8039,Grove Central Residences,Floating Miami,2025-09,WARM_LEAD,false,false,false,false
7848,Grove Central Residences,Floating Miami,2025-09,LEAD,false,false,false,false
8449,Grove Central Residences,Floating Miami,2025-09,WARM_LEAD,true,false,false,false
8404,Grove Central Residences,Floating Miami,2025-09,LEAD,false,false,false,false
7947,Grove Central Residences,Floating Miami,2025-09,LEAD,true,false,false,false
7953,Grove Central Residences,Floating Miami,2025-09,LEAD,false,false,false,false
7952,Grove Central Residences,Floating Miami,2025-09,LEAD,false,false,false,false
8451,Grove Central Residences,Floating Miami,2025-09,LEAD,false,false,false,false
8050,Grove Central Residences,Floating Miami,2025-09,LEAD,false,false,false,false
7876,Grove Central Residences,Floating Miami,2025-09,CHURN,true,false,false,false
7883,Grove Central Residences,Floating Miami,2025-09,LEAD,false,false,false,false
7912,Grove Central Residences,Floating Miami,2025-09,LEAD,false,false,false,false
7874,Grove Central Residences,Floating Miami,2025-09,LEAD,false,false,false,false
8458,Grove Central Residences,Floating Miami,2025-09,WARM_LEAD,true,false,false,false
7860,Grove Central Residences,Floating Miami,2025-09,CHURN,true,false,false,false
8113,Grove Central Residences,Floating Miami,2025-09,CHURN,false,false,false,false
7861,Grove Central Residences,Floating Miami,2025-09,LEAD,false,false,false,false
8324,Grove Central Residences,Floating Miami,2025-09,LEAD,false,false,false,false
7859,Grove Central Residences,Floating Miami,2025-09,LEAD,false,false,false,false
7846,Grove Central Residences,Floating Miami,2025-09,CHURN,true,false,false,false
8447,Grove Central Residences,Floating Miami,2025-09,TRIAL,true,false,false,false
7858,Grove Central Residences,Floating Miami,2025-09,LEAD,false,false,false,false
7850,Grove Central Residences,Floating Miami,2025-09,WARM_LEAD,true,false,false,false
8008,Grove Central Residences,Floating Miami,2025-09,LEAD,false,false,false,false
7847,Grove Central Residences,Floating Miami,2025-09,WARM_LEAD,true,false,false,false
8159,Grove Central Residences,Floating Miami,2025-09,RECURRING_SUBSCRIPTION,true,true,true,false
8456,Grove Central Residences,Floating Miami,2025-09,LEAD,false,false,false,false
7854,Grove Central Residences,Floating Miami,2025-09,LEAD,false,false,false,false
7853,Grove Central Residences,Floating Miami,2025-09,LEAD,true,false,false,false
7849,Grove Central Residences,Floating Miami,2025-09,LEAD,true,false,false,false
8519,Grove Central Residences,Floating Miami,2025-09,RECURRING_SUBSCRIPTION,true,true,true,false
8207,Grove Central Residences,Floating Miami,2025-09,LEAD,false,false,false,false
7865,Grove Central Residences,Floating Miami,2025-09,WARM_LEAD,true,false,false,false
7987,Grove Central Residences,Floating Miami,2025-09,LEAD,false,false,false,false
8459,Grove Central Residences,Floating Miami,2025-09,LEAD,false,false,false,false
8457,Grove Central Residences,Floating Miami,2025-09,LEAD,false,false,false,false
3773,HaHehad,Unknown,2025-09,TRIAL,false,false,false,false
8198,HaHehad,Unknown,2025-09,LEAD,false,false,false,false
6375,HaHehad,Unknown,2025-09,TRIAL,true,false,false,false
2439,HaHehad,Unknown,2025-09,LEAD,true,false,false,false
8040,HaHehad,Unknown,2025-09,CHURN,false,false,false,false
5475,HaHehad,Unknown,2025-09,COLD_LEAD,false,false,false,false
2516,HaHehad,Unknown,2025-09,COLD_LEAD,false,false,false,false
2895,HaHehad,Unknown,2025-09,TRIAL,false,false,false,false
6540,HaHehad,Unknown,2025-09,COLD_LEAD,false,false,false,false
5475,HaHehad,Unknown,2025-09,COLD_LEAD,false,false,false,false
6540,HaHehad,Unknown,2025-09,COLD_LEAD,false,false,false,false
8461,HaHehad,Unknown,2025-09,CHURN,true,false,false,false
8462,John Street 116,Financial District Polygon,2025-09,WARM_LEAD,false,false,false,false
8512,John Street 116,Financial District Polygon,2025-09,RECURRING_SUBSCRIPTION,true,true,true,false
7886,Midtown 5,Floating Miami,2025-09,LEAD,false,false,false,false
8046,Midtown 5,Floating Miami,2025-09,TRIAL,true,false,false,false
8184,Midtown 5,Floating Miami,2025-09,LEAD,false,false,false,false
7937,Midtown 5,Floating Miami,2025-09,LEAD,true,false,false,false
8500,Midtown 5,Floating Miami,2025-09,LEAD,false,false,false,false
8358,Midtown 5,Floating Miami,2025-09,LEAD,false,false,false,false
7697,Midtown 5,Floating Miami,2025-09,LEAD,false,false,false,false
8466,Midtown 5,Floating Miami,2025-09,TRIAL,true,false,false,false
8514,Midtown 5,Floating Miami,2025-09,LEAD,true,false,false,false
7671,Midtown 5,Floating Miami,2025-09,ON_DEMAND_SUBSCRIPTION,true,true,false,true
8468,Midtown 5,Floating Miami,2025-09,LEAD,false,false,false,false
8391,Midtown 5,Floating Miami,2025-09,WARM_LEAD,true,false,false,false
8201,Midtown 5,Floating Miami,2025-09,CHURN,true,false,false,false
7315,Midtown 5,Floating Miami,2025-09,CHURN,true,false,false,false
7903,Midtown 5,Floating Miami,2025-09,LEAD,false,false,false,false
7906,Midtown 5,Floating Miami,2025-09,WARM_LEAD,false,false,false,false
7964,Midtown 5,Floating Miami,2025-09,CHURN,false,false,false,false
7752,Midtown 5,Floating Miami,2025-09,LEAD,false,false,false,false
7733,Midtown 5,Floating Miami,2025-09,LEAD,false,false,false,false
7674,Midtown 5,Floating Miami,2025-09,LEAD,false,false,false,false
7811,Midtown 5,Floating Miami,2025-09,WARM_LEAD,true,false,false,false
8022,Midtown 5,Floating Miami,2025-09,LEAD,false,false,false,false
8038,Nine 52,Hell's Kitchen Polygon,2025-09,LEAD,false,false,false,false
2446,Nine 52,Hell's Kitchen Polygon,2025-09,FREEMIUM,false,false,false,false
2201,Nine 52,Hell's Kitchen Polygon,2025-09,TRIAL,true,false,false,false
8187,Nine 52,Hell's Kitchen Polygon,2025-09,LEAD,false,false,false,false
7880,Oliver on the Hudson,Floating Jersey,2025-09,RECURRING_SUBSCRIPTION,false,true,true,false
7666,Oliver on the Hudson,Floating Jersey,2025-09,CHURN,true,false,false,false
8162,Oliver on the Hudson,Floating Jersey,2025-09,RECURRING_SUBSCRIPTION,true,true,true,false
152,One Ten,Hoboken Polygon,2025-09,FREEMIUM,false,false,false,false
7659,One Ten,Hoboken Polygon,2025-09,LEAD,false,false,false,false
8516,Plank Road,Boerum Hill Polygon,2025-09,RECURRING_SUBSCRIPTION,true,true,true,false
8364,Plank Road,Boerum Hill Polygon,2025-09,TRIAL,true,false,false,false
8378,Plank Road,Boerum Hill Polygon,2025-09,CHURN,true,false,false,false
8380,Plank Road,Boerum Hill Polygon,2025-09,TRIAL,true,false,false,false
8385,Plank Road,Boerum Hill Polygon,2025-09,RECURRING_SUBSCRIPTION,true,true,true,false
8382,Plank Road,Boerum Hill Polygon,2025-09,LEAD,false,false,false,false
8383,Plank Road,Boerum Hill Polygon,2025-09,LEAD,true,false,false,false
8384,Plank Road,Boerum Hill Polygon,2025-09,LEAD,false,false,false,false
8379,Plank Road,Boerum Hill Polygon,2025-09,LEAD,true,false,false,false
8386,Plank Road,Boerum Hill Polygon,2025-09,LEAD,false,false,false,false
8387,Plank Road,Boerum Hill Polygon,2025-09,LEAD,false,false,false,false
8389,Plank Road,Boerum Hill Polygon,2025-09,LEAD,false,false,false,false
8396,Plank Road,Boerum Hill Polygon,2025-09,LEAD,false,false,false,false
8377,Plank Road,Boerum Hill Polygon,2025-09,LEAD,false,false,false,false
8397,Plank Road,Boerum Hill Polygon,2025-09,LEAD,false,false,false,false
8375,Plank Road,Boerum Hill Polygon,2025-09,LEAD,false,false,false,false
8374,Plank Road,Boerum Hill Polygon,2025-09,LEAD,false,false,false,false
8364,Plank Road,Boerum Hill Polygon,2025-09,TRIAL,true,false,false,false
8502,Plank Road,Boerum Hill Polygon,2025-09,LEAD,false,false,false,false
8494,Plank Road,Boerum Hill Polygon,2025-09,WARM_LEAD,true,false,false,false
8372,Plank Road,Boerum Hill Polygon,2025-09,LEAD,false,false,false,false
8370,Plank Road,Boerum Hill Polygon,2025-09,LEAD,false,false,false,false
8486,Plank Road,Boerum Hill Polygon,2025-09,LEAD,false,false,false,false
8368,Plank Road,Boerum Hill Polygon,2025-09,LEAD,false,false,false,false
8367,Plank Road,Boerum Hill Polygon,2025-09,LEAD,false,false,false,false
8366,Plank Road,Boerum Hill Polygon,2025-09,LEAD,false,false,false,false
8365,Plank Road,Boerum Hill Polygon,2025-09,LEAD,false,false,false,false
8363,Plank Road,Boerum Hill Polygon,2025-09,LEAD,false,false,false,false
8362,Plank Road,Boerum Hill Polygon,2025-09,LEAD,false,false,false,false
8361,Plank Road,Boerum Hill Polygon,2025-09,LEAD,false,false,false,false
8360,Plank Road,Boerum Hill Polygon,2025-09,LEAD,false,false,false,false
8359,Plank Road,Boerum Hill Polygon,2025-09,LEAD,false,false,false,false
8356,Plank Road,Boerum Hill Polygon,2025-09,LEAD,true,false,false,false
8381,Plank Road,Boerum Hill Polygon,2025-09,TRIAL,true,false,false,false
8371,Plank Road,Boerum Hill Polygon,2025-09,LEAD,false,false,false,false
8473,Plank Road,Boerum Hill Polygon,2025-09,LEAD,false,false,false,false
8467,Plank Road,Boerum Hill Polygon,2025-09,LEAD,false,false,false,false
8373,Plank Road,Boerum Hill Polygon,2025-09,CHURN,true,false,false,false
8392,Plank Road,Boerum Hill Polygon,2025-09,LEAD,true,false,false,false
8369,Plank Road,Boerum Hill Polygon,2025-09,LEAD,false,false,false,false
8202,Plank Road,Boerum Hill Polygon,2025-09,LEAD,false,false,false,false
4532,River Place,Hell's Kitchen Polygon,2025-09,FREEMIUM,false,false,false,false
4183,River Place,Hell's Kitchen Polygon,2025-09,FREEMIUM,false,false,false,false
1199,River Place,Hell's Kitchen Polygon,2025-09,FREEMIUM,false,false,false,false
2700,River Place,Hell's Kitchen Polygon,2025-09,ON_DEMAND_SUBSCRIPTION,true,true,false,true
4398,River Place,Hell's Kitchen Polygon,2025-09,FREEMIUM,false,false,false,false
4324,River Place,Hell's Kitchen Polygon,2025-09,FREEMIUM,false,false,false,false
7742,River Place,Hell's Kitchen Polygon,2025-09,LEAD,false,false,false,false
5336,River Place,Hell's Kitchen Polygon,2025-09,TRIAL,false,false,false,false
627,River Place,Hell's Kitchen Polygon,2025-09,TRIAL,true,false,false,false
4353,River Place,Hell's Kitchen Polygon,2025-09,FREEMIUM,false,false,false,false
5336,River Place,Hell's Kitchen Polygon,2025-09,TRIAL,false,false,false,false
4373,River Place,Hell's Kitchen Polygon,2025-09,FREEMIUM,false,false,false,false
9045,River Place,Hell's Kitchen Polygon,2025-09,ON_DEMAND_SUBSCRIPTION,false,true,false,true
4386,River Place,Hell's Kitchen Polygon,2025-09,FREEMIUM,false,false,false,false
2700,River Place,Hell's Kitchen Polygon,2025-09,ON_DEMAND_SUBSCRIPTION,true,true,false,true
8412,Silver Towers,Hell's Kitchen Polygon,2025-09,LEAD,true,false,false,false
1244,Silver Towers,Hell's Kitchen Polygon,2025-09,WARM_LEAD,true,false,false,false
8212,Silver Towers,Hell's Kitchen Polygon,2025-09,LEAD,false,false,false,false
4709,Silver Towers,Hell's Kitchen Polygon,2025-09,ON_DEMAND_SUBSCRIPTION,false,true,false,true
7946,Silver Towers,Hell's Kitchen Polygon,2025-09,LEAD,false,false,false,false
1068,Silver Towers,Hell's Kitchen Polygon,2025-09,TRIAL,true,false,false,false
8158,Silver Towers,Hell's Kitchen Polygon,2025-09,LEAD,false,false,false,false
7769,Silver Towers,Hell's Kitchen Polygon,2025-09,LEAD,false,false,false,false
2035,Silver Towers,Hell's Kitchen Polygon,2025-09,ON_DEMAND_SUBSCRIPTION,false,true,false,true
7961,Silver Towers,Hell's Kitchen Polygon,2025-09,LEAD,false,false,false,false
8142,Silver Towers,Hell's Kitchen Polygon,2025-09,RECURRING_SUBSCRIPTION,false,true,true,false
4900,Silver Towers,Hell's Kitchen Polygon,2025-09,RECURRING_SUBSCRIPTION,true,true,true,false
1657,Silver Towers,Hell's Kitchen Polygon,2025-09,TRIAL,false,false,false,false
5076,Silver Towers,Hell's Kitchen Polygon,2025-09,FREEMIUM,false,false,false,false
1359,Silver Towers,Hell's Kitchen Polygon,2025-09,TRIAL,true,false,false,false
4900,Silver Towers,Hell's Kitchen Polygon,2025-09,RECURRING_SUBSCRIPTION,true,true,true,false
4738,Silver Towers,Hell's Kitchen Polygon,2025-09,FREEMIUM,false,false,false,false
7887,Silver Towers,Hell's Kitchen Polygon,2025-09,WARM_LEAD,false,false,false,false
8479,Silver Towers,Hell's Kitchen Polygon,2025-09,LEAD,false,false,false,false
8211,Silver Towers,Hell's Kitchen Polygon,2025-09,LEAD,true,false,false,false
8445,Silver Towers,Hell's Kitchen Polygon,2025-09,LEAD,true,false,false,false
4764,Silver Towers,Hell's Kitchen Polygon,2025-09,FREEMIUM,false,false,false,false
8070,Silver Towers,Hell's Kitchen Polygon,2025-09,LEAD,false,false,false,false
8157,Silver Towers,Hell's Kitchen Polygon,2025-09,WARM_LEAD,true,false,false,false
1047,Silver Towers,Hell's Kitchen Polygon,2025-09,FREEMIUM,false,false,false,false
5101,Silver Towers,Hell's Kitchen Polygon,2025-09,WARM_LEAD,false,false,false,false
2470,Stonehill,Chatham / West Orange Polygon,2025-09,ON_DEMAND_SUBSCRIPTION,false,true,false,true
7891,Stonehill,Chatham / West Orange Polygon,2025-09,LEAD,false,false,false,false
7892,Stonehill,Chatham / West Orange Polygon,2025-09,LEAD,false,false,false,false
5719,Stonehill,Chatham / West Orange Polygon,2025-09,WARM_LEAD,false,false,false,false
7660,Stonehill,Chatham / West Orange Polygon,2025-09,LEAD,false,false,false,false
8181,Stonehill,Chatham / West Orange Polygon,2025-09,WARM_LEAD,false,false,false,false
7712,Stonehill,Chatham / West Orange Polygon,2025-09,LEAD,false,false,false,false
7661,Stonehill,Chatham / West Orange Polygon,2025-09,RECURRING_SUBSCRIPTION,true,true,true,false
8191,Stonehill,Chatham / West Orange Polygon,2025-09,LEAD,false,false,false,false
7893,Stonehill,Chatham / West Orange Polygon,2025-09,LEAD,false,false,false,false
7895,Stonehill,Chatham / West Orange Polygon,2025-09,LEAD,false,false,false,false
7896,Stonehill,Chatham / West Orange Polygon,2025-09,LEAD,false,false,false,false
7894,Stonehill,Chatham / West Orange Polygon,2025-09,LEAD,false,false,false,false
7897,Stonehill,Chatham / West Orange Polygon,2025-09,LEAD,false,false,false,false
7904,Stonehill,Chatham / West Orange Polygon,2025-09,LEAD,false,false,false,false
7765,The Boulevard,Floating Miami,2025-09,LEAD,false,false,false,false
6161,The Boulevard,Floating Miami,2025-09,WARM_LEAD,true,false,false,false
8055,The Boulevard,Floating Miami,2025-09,TRIAL,true,false,false,false
8496,The Boulevard,Floating Miami,2025-09,ON_DEMAND_SUBSCRIPTION,true,true,false,true
8055,The Boulevard,Floating Miami,2025-09,TRIAL,true,false,false,false
8495,The Boulevard,Floating Miami,2025-09,LEAD,false,false,false,false
8299,The Buchanan,Floating NY 1,2025-09,LEAD,false,false,false,false
8054,The Buchanan,Floating NY 1,2025-09,LEAD,false,false,false,false
7955,The Buchanan,Floating NY 1,2025-09,LEAD,false,false,false,false
8139,The Buchanan,Floating NY 1,2025-09,LEAD,false,false,false,false
7725,The Buchanan,Floating NY 1,2025-09,CHURN,false,false,false,false
8127,The Devan,Hoboken Polygon,2025-09,LEAD,false,false,false,false
8059,The Devan,Hoboken Polygon,2025-09,LEAD,true,false,false,false
8183,The Devan,Hoboken Polygon,2025-09,LEAD,false,false,false,false
7870,The Dime,Williamsburg Polygon,2025-09,LEAD,false,false,false,false
8016,The Dime,Williamsburg Polygon,2025-09,LEAD,true,false,false,false
7721,The Eddy,Harrison Polygon,2025-09,LEAD,false,false,false,false
8156,The Eddy,Harrison Polygon,2025-09,LEAD,false,false,false,false
1845,The Eddy,Harrison Polygon,2025-09,TRIAL,true,false,false,false
7881,The Eddy,Harrison Polygon,2025-09,ON_DEMAND_SUBSCRIPTION,false,true,false,true
7656,The Enclave,Hoboken Polygon,2025-09,LEAD,false,false,false,false
7657,The Ivy,Chatham / West Orange Polygon,2025-09,LEAD,false,false,false,false
7658,The Ivy,Chatham / West Orange Polygon,2025-09,LEAD,false,false,false,false
8323,The Kestrel,Floating NY 2,2025-09,LEAD,true,false,false,false
8321,The Kestrel,Floating NY 2,2025-09,CHURN,true,false,false,false
8203,The Kestrel,Floating NY 2,2025-09,RECURRING_SUBSCRIPTION,true,true,true,false
8325,The Kestrel,Floating NY 2,2025-09,LEAD,false,false,false,false
8329,The Kestrel,Floating NY 2,2025-09,CHURN,true,false,false,false
8326,The Kestrel,Floating NY 2,2025-09,LEAD,true,false,false,false
8342,The Kestrel,Floating NY 2,2025-09,ON_DEMAND_SUBSCRIPTION,true,true,false,true
8320,The Kestrel,Floating NY 2,2025-09,WARM_LEAD,true,false,false,false
8327,The Kestrel,Floating NY 2,2025-09,LEAD,false,false,false,false
8330,The Kestrel,Floating NY 2,2025-09,LEAD,true,false,false,false
8331,The Kestrel,Floating NY 2,2025-09,LEAD,true,false,false,false
8332,The Kestrel,Floating NY 2,2025-09,LEAD,true,false,false,false
8333,The Kestrel,Floating NY 2,2025-09,LEAD,true,false,false,false
8334,The Kestrel,Floating NY 2,2025-09,LEAD,true,false,false,false
8335,The Kestrel,Floating NY 2,2025-09,LEAD,true,false,false,false
8336,The Kestrel,Floating NY 2,2025-09,LEAD,true,false,false,false
8337,The Kestrel,Floating NY 2,2025-09,LEAD,true,false,false,false
8339,The Kestrel,Floating NY 2,2025-09,LEAD,false,false,false,false
8340,The Kestrel,Floating NY 2,2025-09,LEAD,true,false,false,false
8325,The Kestrel,Floating NY 2,2025-09,LEAD,false,false,false,false
8341,The Kestrel,Floating NY 2,2025-09,LEAD,true,false,false,false
8343,The Kestrel,Floating NY 2,2025-09,LEAD,true,false,false,false
8344,The Kestrel,Floating NY 2,2025-09,LEAD,false,false,false,false
8345,The Kestrel,Floating NY 2,2025-09,LEAD,true,false,false,false
8347,The Kestrel,Floating NY 2,2025-09,LEAD,true,false,false,false
8348,The Kestrel,Floating NY 2,2025-09,LEAD,true,false,false,false
8316,The Kestrel,Floating NY 2,2025-09,ON_DEMAND_SUBSCRIPTION,true,true,false,true
8349,The Kestrel,Floating NY 2,2025-09,LEAD,true,false,false,false
8322,The Kestrel,Floating NY 2,2025-09,LEAD,false,false,false,false
8140,The Kestrel,Floating NY 2,2025-09,LEAD,false,false,false,false
8141,The Kestrel,Floating NY 2,2025-09,LEAD,true,false,false,false
8316,The Kestrel,Floating NY 2,2025-09,ON_DEMAND_SUBSCRIPTION,true,true,false,true
8136,The Kestrel,Floating NY 2,2025-09,LEAD,false,false,false,false
8154,The Kestrel,Floating NY 2,2025-09,LEAD,false,false,false,false
8141,The Kestrel,Floating NY 2,2025-09,LEAD,true,false,false,false
8145,The Kestrel,Floating NY 2,2025-09,LEAD,false,false,false,false
8319,The Kestrel,Floating NY 2,2025-09,WARM_LEAD,true,false,false,false
8135,The Kestrel,Floating NY 2,2025-09,LEAD,false,false,false,false
8318,The Kestrel,Floating NY 2,2025-09,LEAD,false,false,false,false
8143,The Kestrel,Floating NY 2,2025-09,RECURRING_SUBSCRIPTION,true,true,true,false
8317,The Kestrel,Floating NY 2,2025-09,LEAD,true,false,false,false
8346,The Kestrel,Floating NY 2,2025-09,WARM_LEAD,true,false,false,false
7743,The Landon,Hell's Kitchen Polygon,2025-09,LEAD,false,false,false,false
7791,The Landon,Hell's Kitchen Polygon,2025-09,LEAD,false,false,false,false
7914,The Landon,Hell's Kitchen Polygon,2025-09,WARM_LEAD,true,false,false,false
7778,The Landon,Hell's Kitchen Polygon,2025-09,LEAD,true,false,false,false
8024,The Landon,Hell's Kitchen Polygon,2025-09,TRIAL,true,false,false,false
7808,The Landon,Hell's Kitchen Polygon,2025-09,RECURRING_SUBSCRIPTION,true,true,true,false
7744,The Landon,Hell's Kitchen Polygon,2025-09,LEAD,true,false,false,false
7789,The Landon,Hell's Kitchen Polygon,2025-09,LEAD,true,false,false,false
7776,The Landon,Hell's Kitchen Polygon,2025-09,LEAD,true,false,false,false
7792,The Landon,Hell's Kitchen Polygon,2025-09,LEAD,true,false,false,false
7780,The Landon,Hell's Kitchen Polygon,2025-09,LEAD,false,false,false,false
7767,The Landon,Hell's Kitchen Polygon,2025-09,LEAD,true,false,false,false
7774,The Landon,Hell's Kitchen Polygon,2025-09,LEAD,true,false,false,false
7796,The Landon,Hell's Kitchen Polygon,2025-09,LEAD,true,false,false,false
7770,The Landon,Hell's Kitchen Polygon,2025-09,LEAD,false,false,false,false
7653,The Landon,Hell's Kitchen Polygon,2025-09,CHURN,true,false,false,false
7781,The Landon,Hell's Kitchen Polygon,2025-09,LEAD,false,false,false,false
7798,The Landon,Hell's Kitchen Polygon,2025-09,LEAD,true,false,false,false
7802,The Landon,Hell's Kitchen Polygon,2025-09,LEAD,false,false,false,false
7782,The Landon,Hell's Kitchen Polygon,2025-09,LEAD,true,false,false,false
7785,The Landon,Hell's Kitchen Polygon,2025-09,LEAD,false,false,false,false
7803,The Landon,Hell's Kitchen Polygon,2025-09,LEAD,false,false,false,false
7747,The Landon,Hell's Kitchen Polygon,2025-09,LEAD,false,false,false,false
7745,The Landon,Hell's Kitchen Polygon,2025-09,LEAD,false,false,false,false
7744,The Landon,Hell's Kitchen Polygon,2025-09,LEAD,true,false,false,false
7804,The Landon,Hell's Kitchen Polygon,2025-09,LEAD,false,false,false,false
7805,The Landon,Hell's Kitchen Polygon,2025-09,LEAD,true,false,false,false
7806,The Landon,Hell's Kitchen Polygon,2025-09,LEAD,true,false,false,false
7797,The Landon,Hell's Kitchen Polygon,2025-09,LEAD,true,false,false,false
7784,The Landon,Hell's Kitchen Polygon,2025-09,LEAD,true,false,false,false
7786,The Landon,Hell's Kitchen Polygon,2025-09,LEAD,false,false,false,false
7793,The Landon,Hell's Kitchen Polygon,2025-09,LEAD,true,false,false,false
7787,The Landon,Hell's Kitchen Polygon,2025-09,LEAD,true,false,false,false
7788,The Landon,Hell's Kitchen Polygon,2025-09,LEAD,true,false,false,false
7777,The Landon,Hell's Kitchen Polygon,2025-09,LEAD,false,false,false,false
7801,The Landon,Hell's Kitchen Polygon,2025-09,ON_DEMAND_SUBSCRIPTION,true,true,false,true
7775,The Landon,Hell's Kitchen Polygon,2025-09,LEAD,true,false,false,false
7795,The Landon,Hell's Kitchen Polygon,2025-09,TRIAL,true,false,false,false
7822,The Landon,Hell's Kitchen Polygon,2025-09,LEAD,false,false,false,false
7986,The Landon,Hell's Kitchen Polygon,2025-09,LEAD,false,false,false,false
7944,The Landon,Hell's Kitchen Polygon,2025-09,LEAD,true,false,false,false
7807,The Landon,Hell's Kitchen Polygon,2025-09,LEAD,false,false,false,false
7783,The Landon,Hell's Kitchen Polygon,2025-09,LEAD,true,false,false,false
7779,The Landon,Hell's Kitchen Polygon,2025-09,LEAD,true,false,false,false
7800,The Landon,Hell's Kitchen Polygon,2025-09,LEAD,true,false,false,false
7486,The Landon,Hell's Kitchen Polygon,2025-09,CHURN,true,false,false,false
8430,The Vitagraph,Floating NY 2,2025-09,LEAD,true,false,false,false
8454,The Vitagraph,Floating NY 2,2025-09,LEAD,true,false,false,false
8450,The Vitagraph,Floating NY 2,2025-09,LEAD,true,false,false,false
8172,The Vitagraph,Floating NY 2,2025-09,LEAD,false,false,false,false
8482,The Vitagraph,Floating NY 2,2025-09,LEAD,false,false,false,false
8192,The Vitagraph,Floating NY 2,2025-09,LEAD,false,false,false,false
8400,The Vitagraph,Floating NY 2,2025-09,TRIAL,true,false,false,false
8432,The Vitagraph,Floating NY 2,2025-09,WARM_LEAD,true,false,false,false
8453,The Vitagraph,Floating NY 2,2025-09,LEAD,true,false,false,false
8452,The Vitagraph,Floating NY 2,2025-09,LEAD,true,false,false,false
8204,The Vitagraph,Floating NY 2,2025-09,LEAD,false,false,false,false
8415,The Vitagraph,Floating NY 2,2025-09,WARM_LEAD,true,false,false,false
8413,The Vitagraph,Floating NY 2,2025-09,LEAD,true,false,false,false
8414,The Vitagraph,Floating NY 2,2025-09,WARM_LEAD,true,false,false,false
8416,The Vitagraph,Floating NY 2,2025-09,LEAD,true,false,false,false
8420,The Vitagraph,Floating NY 2,2025-09,LEAD,true,false,false,false
8421,The Vitagraph,Floating NY 2,2025-09,LEAD,true,false,false,false
8417,The Vitagraph,Floating NY 2,2025-09,LEAD,true,false,false,false
8428,The Vitagraph,Floating NY 2,2025-09,LEAD,true,false,false,false
8429,The Vitagraph,Floating NY 2,2025-09,LEAD,true,false,false,false
8431,The Vitagraph,Floating NY 2,2025-09,LEAD,true,false,false,false
8434,The Vitagraph,Floating NY 2,2025-09,LEAD,true,false,false,false
8435,The Vitagraph,Floating NY 2,2025-09,LEAD,true,false,false,false
8436,The Vitagraph,Floating NY 2,2025-09,LEAD,true,false,false,false
8438,The Vitagraph,Floating NY 2,2025-09,LEAD,true,false,false,false
8440,The Vitagraph,Floating NY 2,2025-09,LEAD,true,false,false,false
8441,The Vitagraph,Floating NY 2,2025-09,LEAD,false,false,false,false
8144,The Vitagraph,Floating NY 2,2025-09,CHURN,true,false,false,false
8446,The Vitagraph,Floating NY 2,2025-09,LEAD,true,false,false,false
8444,The Vitagraph,Floating NY 2,2025-09,TRIAL,true,false,false,false
8419,The Vitagraph,Floating NY 2,2025-09,LEAD,false,false,false,false
8418,The Vitagraph,Floating NY 2,2025-09,LEAD,true,false,false,false
8455,The Vitagraph,Floating NY 2,2025-09,LEAD,true,false,false,false
8648,100 House,Hoboken Polygon,2025-10,WARM_LEAD,false,false,false,false
8662,100 House,Hoboken Polygon,2025-10,LEAD,true,false,false,false
8634,100 House,Hoboken Polygon,2025-10,LEAD,false,false,false,false
7120,100 House,Hoboken Polygon,2025-10,LEAD,false,false,false,false
8671,100 House,Hoboken Polygon,2025-10,LEAD,false,false,false,false
8667,100 House,Hoboken Polygon,2025-10,LEAD,false,false,false,false
9018,100 House,Hoboken Polygon,2025-10,LEAD,true,false,false,false
8785,100 House,Hoboken Polygon,2025-10,LEAD,true,false,false,false
1049,100 House,Hoboken Polygon,2025-10,FREEMIUM,false,false,false,false
8671,100 House,Hoboken Polygon,2025-10,LEAD,false,false,false,false
8657,100 House,Hoboken Polygon,2025-10,LEAD,true,false,false,false
1049,100 House,Hoboken Polygon,2025-10,FREEMIUM,false,false,false,false
7911,100 House,Hoboken Polygon,2025-10,LEAD,false,false,false,false
8958,100 House,Hoboken Polygon,2025-10,LEAD,true,false,false,false
8658,100 House,Hoboken Polygon,2025-10,LEAD,false,false,false,false
9027,100 House,Hoboken Polygon,2025-10,LEAD,true,false,false,false
1049,100 House,Hoboken Polygon,2025-10,FREEMIUM,false,false,false,false
8801,100 House,Hoboken Polygon,2025-10,LEAD,false,false,false,false
9034,100 House,Hoboken Polygon,2025-10,LEAD,true,false,false,false
6684,100 House,Hoboken Polygon,2025-10,WARM_LEAD,false,false,false,false
9005,100 House,Hoboken Polygon,2025-10,LEAD,true,false,false,false
8931,100 House,Hoboken Polygon,2025-10,LEAD,true,false,false,false
8539,100 House,Hoboken Polygon,2025-10,LEAD,true,false,false,false
8650,100 House,Hoboken Polygon,2025-10,LEAD,false,false,false,false
9010,100 House,Hoboken Polygon,2025-10,LEAD,true,false,false,false
8639,100 House,Hoboken Polygon,2025-10,LEAD,true,false,false,false
8905,1 Boerum PL,Floating NY 2,2025-10,LEAD,false,false,false,false
8699,20 Broad Street,Financial District Polygon,2025-10,CHURN,true,false,false,false
8666,20 Broad Street,Financial District Polygon,2025-10,WARM_LEAD,false,false,false,false
9029,20 Broad Street,Financial District Polygon,2025-10,LEAD,false,false,false,false
8779,20 Broad Street,Financial District Polygon,2025-10,LEAD,false,false,false,false
8790,20 Broad Street,Financial District Polygon,2025-10,RECURRING_SUBSCRIPTION,true,true,true,false
8541,20 Broad Street,Financial District Polygon,2025-10,ON_DEMAND_SUBSCRIPTION,true,true,false,true
8822,20 Broad Street,Financial District Polygon,2025-10,WARM_LEAD,false,false,false,false
8803,20 Broad Street,Financial District Polygon,2025-10,LEAD,true,false,false,false
8828,20 Broad Street,Financial District Polygon,2025-10,LEAD,true,false,false,false
8576,20 Broad Street,Financial District Polygon,2025-10,LEAD,false,false,false,false
8706,20 Broad Street,Financial District Polygon,2025-10,LEAD,true,false,false,false
7519,20 Broad Street,Financial District Polygon,2025-10,LEAD,false,false,false,false
8775,20 Broad Street,Financial District Polygon,2025-10,ON_DEMAND_SUBSCRIPTION,true,true,false,true
8529,20 Broad Street,Financial District Polygon,2025-10,LEAD,true,false,false,false
8520,20 Broad Street,Financial District Polygon,2025-10,RECURRING_SUBSCRIPTION,true,true,true,false
8904,20 Broad Street,Financial District Polygon,2025-10,LEAD,false,false,false,false
8652,20 Broad Street,Financial District Polygon,2025-10,LEAD,false,false,false,false
8868,220 East 72nd Street,Floating NY 2,2025-10,LEAD,false,false,false,false
8734,220 East 72nd Street,Floating NY 2,2025-10,LEAD,false,false,false,false
8747,220 East 72nd Street,Floating NY 2,2025-10,LEAD,false,false,false,false
8729,220 East 72nd Street,Floating NY 2,2025-10,LEAD,false,false,false,false
8737,220 East 72nd Street,Floating NY 2,2025-10,LEAD,true,false,false,false
8730,220 East 72nd Street,Floating NY 2,2025-10,WARM_LEAD,false,false,false,false
8736,220 East 72nd Street,Floating NY 2,2025-10,WARM_LEAD,true,false,false,false
8742,220 East 72nd Street,Floating NY 2,2025-10,LEAD,false,false,false,false
8733,220 East 72nd Street,Floating NY 2,2025-10,LEAD,false,false,false,false
8739,220 East 72nd Street,Floating NY 2,2025-10,LEAD,false,false,false,false
8740,220 East 72nd Street,Floating NY 2,2025-10,LEAD,false,false,false,false
8746,220 East 72nd Street,Floating NY 2,2025-10,LEAD,false,false,false,false
8731,220 East 72nd Street,Floating NY 2,2025-10,WARM_LEAD,true,false,false,false
8748,220 East 72nd Street,Floating NY 2,2025-10,ON_DEMAND_SUBSCRIPTION,true,true,false,true
8755,220 East 72nd Street,Floating NY 2,2025-10,WARM_LEAD,false,false,false,false
8728,220 East 72nd Street,Floating NY 2,2025-10,WARM_LEAD,true,false,false,false
8850,220 East 72nd Street,Floating NY 2,2025-10,LEAD,true,false,false,false
8848,220 East 72nd Street,Floating NY 2,2025-10,LEAD,true,false,false,false
8730,220 East 72nd Street,Floating NY 2,2025-10,WARM_LEAD,false,false,false,false
8849,220 East 72nd Street,Floating NY 2,2025-10,LEAD,true,false,false,false
8852,220 East 72nd Street,Floating NY 2,2025-10,LEAD,true,false,false,false
8853,220 East 72nd Street,Floating NY 2,2025-10,LEAD,true,false,false,false
8854,220 East 72nd Street,Floating NY 2,2025-10,LEAD,true,false,false,false
8856,220 East 72nd Street,Floating NY 2,2025-10,LEAD,false,false,false,false
8858,220 East 72nd Street,Floating NY 2,2025-10,LEAD,true,false,false,false
8859,220 East 72nd Street,Floating NY 2,2025-10,LEAD,false,false,false,false
8860,220 East 72nd Street,Floating NY 2,2025-10,LEAD,true,false,false,false
8861,220 East 72nd Street,Floating NY 2,2025-10,LEAD,true,false,false,false
8867,220 East 72nd Street,Floating NY 2,2025-10,LEAD,false,false,false,false
8869,220 East 72nd Street,Floating NY 2,2025-10,LEAD,true,false,false,false
8870,220 East 72nd Street,Floating NY 2,2025-10,LEAD,true,false,false,false
8871,220 East 72nd Street,Floating NY 2,2025-10,LEAD,false,false,false,false
8865,220 East 72nd Street,Floating NY 2,2025-10,LEAD,true,false,false,false
8906,220 East 72nd Street,Floating NY 2,2025-10,LEAD,false,false,false,false
8857,220 East 72nd Street,Floating NY 2,2025-10,LEAD,false,false,false,false
8864,220 East 72nd Street,Floating NY 2,2025-10,LEAD,false,false,false,false
8866,220 East 72nd Street,Floating NY 2,2025-10,LEAD,false,false,false,false
8695,220 East 72nd Street,Floating NY 2,2025-10,LEAD,false,false,false,false
8695,220 East 72nd Street,Floating NY 2,2025-10,LEAD,false,false,false,false
8833,250 E Houston,Floating NY 2,2025-10,LEAD,false,false,false,false
8863,250 E Houston,Floating NY 2,2025-10,LEAD,false,false,false,false
8835,250 E Houston,Floating NY 2,2025-10,RECURRING_SUBSCRIPTION,false,true,true,false
8752,250 E Houston,Floating NY 2,2025-10,LEAD,true,false,false,false
8646,250 E Houston,Floating NY 2,2025-10,LEAD,false,false,false,false
8909,250 E Houston,Floating NY 2,2025-10,LEAD,false,false,false,false
8831,250 E Houston,Floating NY 2,2025-10,LEAD,true,false,false,false
8834,250 E Houston,Floating NY 2,2025-10,LEAD,false,false,false,false
8753,250 E Houston,Floating NY 2,2025-10,LEAD,false,false,false,false
8593,250 E Houston,Floating NY 2,2025-10,LEAD,false,false,false,false
8841,250 E Houston,Floating NY 2,2025-10,LEAD,false,false,false,false
8862,250 E Houston,Floating NY 2,2025-10,WARM_LEAD,true,false,false,false
8784,250 E Houston,Floating NY 2,2025-10,LEAD,true,false,false,false
8832,250 E Houston,Floating NY 2,2025-10,WARM_LEAD,false,false,false,false
8836,250 E Houston,Floating NY 2,2025-10,LEAD,false,false,false,false
8837,250 E Houston,Floating NY 2,2025-10,LEAD,false,false,false,false
8840,250 E Houston,Floating NY 2,2025-10,LEAD,false,false,false,false
8830,250 E Houston,Floating NY 2,2025-10,RECURRING_SUBSCRIPTION,false,true,true,false
8995,250 E Houston,Floating NY 2,2025-10,LEAD,true,false,false,false
8749,250 E Houston,Floating NY 2,2025-10,LEAD,false,false,false,false
8771,300 Somerset,Harrison Polygon,2025-10,LEAD,true,false,false,false
8623,300 Somerset,Harrison Polygon,2025-10,LEAD,true,false,false,false
8619,300 Somerset,Harrison Polygon,2025-10,LEAD,false,false,false,false
8776,300 Somerset,Harrison Polygon,2025-10,ON_DEMAND_SUBSCRIPTION,true,true,false,true
8769,300 Somerset,Harrison Polygon,2025-10,LEAD,true,false,false,false
8770,300 Somerset,Harrison Polygon,2025-10,TRIAL,true,false,false,false
8591,300 Somerset,Harrison Polygon,2025-10,LEAD,false,false,false,false
1825,300 Somerset,Harrison Polygon,2025-10,FREEMIUM,true,false,false,false
8765,300 Somerset,Harrison Polygon,2025-10,LEAD,true,false,false,false
2703,300 Somerset,Harrison Polygon,2025-10,FREEMIUM,true,false,false,false
1917,300 Somerset,Harrison Polygon,2025-10,ON_DEMAND_SUBSCRIPTION,true,true,false,true
8763,300 Somerset,Harrison Polygon,2025-10,LEAD,true,false,false,false
8968,300 Somerset,Harrison Polygon,2025-10,LEAD,false,false,false,false
8615,300 Somerset,Harrison Polygon,2025-10,LEAD,true,false,false,false
8764,300 Somerset,Harrison Polygon,2025-10,LEAD,true,false,false,false
8591,300 Somerset,Harrison Polygon,2025-10,LEAD,false,false,false,false
8762,300 Somerset,Harrison Polygon,2025-10,LEAD,true,false,false,false
8683,330 Angelo Cifelli,Harrison Polygon,2025-10,LEAD,true,false,false,false
8978,330 Angelo Cifelli,Harrison Polygon,2025-10,LEAD,true,false,false,false
8627,330 Angelo Cifelli,Harrison Polygon,2025-10,LEAD,true,false,false,false
8959,330 Angelo Cifelli,Harrison Polygon,2025-10,LEAD,false,false,false,false
8617,330 Angelo Cifelli,Harrison Polygon,2025-10,LEAD,false,false,false,false
8624,330 Angelo Cifelli,Harrison Polygon,2025-10,LEAD,true,false,false,false
8626,330 Angelo Cifelli,Harrison Polygon,2025-10,LEAD,false,false,false,false
8663,330 Angelo Cifelli,Harrison Polygon,2025-10,LEAD,false,false,false,false
8964,330 Angelo Cifelli,Harrison Polygon,2025-10,WARM_LEAD,false,false,false,false
1844,330 Angelo Cifelli,Harrison Polygon,2025-10,TRIAL,true,false,false,false
8751,330 Angelo Cifelli,Harrison Polygon,2025-10,LEAD,false,false,false,false
8562,330 Angelo Cifelli,Harrison Polygon,2025-10,LEAD,false,false,false,false
8625,330 Angelo Cifelli,Harrison Polygon,2025-10,LEAD,true,false,false,false
3450,330W-56th,Hell's Kitchen Polygon,2025-10,FREEMIUM,false,false,false,false
3288,330W-56th,Hell's Kitchen Polygon,2025-10,FREEMIUM,true,false,false,false
8645,345 Baldwin Avenue,Floating Jersey,2025-10,LEAD,false,false,false,false
8789,345 Baldwin Avenue,Floating Jersey,2025-10,WARM_LEAD,true,false,false,false
8526,345 Baldwin Avenue,Floating Jersey,2025-10,LEAD,false,false,false,false
8982,345 Baldwin Avenue,Floating Jersey,2025-10,LEAD,false,false,false,false
9030,345 Baldwin Avenue,Floating Jersey,2025-10,LEAD,true,false,false,false
8531,345 Baldwin Avenue,Floating Jersey,2025-10,RECURRING_SUBSCRIPTION,true,true,true,false
8409,345 Baldwin Avenue,Floating Jersey,2025-10,LEAD,false,false,false,false
8698,345 Baldwin Avenue,Floating Jersey,2025-10,WARM_LEAD,true,false,false,false
8927,345 Baldwin Avenue,Floating Jersey,2025-10,LEAD,false,false,false,false
8802,416 Kent Avenue,Williamsburg Polygon,2025-10,RECURRING_SUBSCRIPTION,true,true,true,false
8651,416 Kent Avenue,Williamsburg Polygon,2025-10,LEAD,true,false,false,false
6813,420 Kent Avenue,Williamsburg Polygon,2025-10,CHURN,true,false,false,false
8544,420 Kent Avenue,Williamsburg Polygon,2025-10,TRIAL,true,false,false,false
6846,420 Kent Avenue,Williamsburg Polygon,2025-10,LEAD,true,false,false,false
8654,420 Kent Avenue,Williamsburg Polygon,2025-10,RECURRING_SUBSCRIPTION,true,true,true,false
8537,420 Kent Avenue,Williamsburg Polygon,2025-10,LEAD,true,false,false,false
9001,535 W 43rd Street,Hell's Kitchen Polygon,2025-10,LEAD,false,false,false,false
9007,535 W 43rd Street,Hell's Kitchen Polygon,2025-10,LEAD,false,false,false,false
7645,535 W 43rd Street,Hell's Kitchen Polygon,2025-10,LEAD,false,false,false,false
8937,535 W 43rd Street,Hell's Kitchen Polygon,2025-10,LEAD,false,false,false,false
8877,535 W 43rd Street,Hell's Kitchen Polygon,2025-10,LEAD,false,false,false,false
8915,535 W 43rd Street,Hell's Kitchen Polygon,2025-10,LEAD,false,false,false,false
8907,535 W 43rd Street,Hell's Kitchen Polygon,2025-10,LEAD,false,false,false,false
8661,535 W 43rd Street,Hell's Kitchen Polygon,2025-10,LEAD,false,false,false,false
8602,535 W 43rd Street,Hell's Kitchen Polygon,2025-10,LEAD,false,false,false,false
8583,535 W 43rd Street,Hell's Kitchen Polygon,2025-10,WARM_LEAD,true,false,false,false
8946,535 W 43rd Street,Hell's Kitchen Polygon,2025-10,LEAD,false,false,false,false
8917,535 W 43rd Street,Hell's Kitchen Polygon,2025-10,LEAD,false,false,false,false
8935,655 Union,Boerum Hill Polygon,2025-10,LEAD,false,false,false,false
5238,655 Union,Boerum Hill Polygon,2025-10,FREEMIUM,false,false,false,false
8918,655 Union,Boerum Hill Polygon,2025-10,LEAD,false,false,false,false
5249,655 Union,Boerum Hill Polygon,2025-10,FREEMIUM,true,false,false,false
8876,66 Rockwell Place,Brooklyn Heights Polygon,2025-10,LEAD,false,false,false,false
8530,66 Rockwell Place,Brooklyn Heights Polygon,2025-10,LEAD,true,false,false,false
8525,66 Rockwell Place,Brooklyn Heights Polygon,2025-10,LEAD,false,false,false,false
8595,66 Rockwell Place,Brooklyn Heights Polygon,2025-10,LEAD,true,false,false,false
8690,Agnes,Floating Jersey,2025-10,LEAD,false,false,false,false
8121,Agnes,Floating Jersey,2025-10,WARM_LEAD,false,false,false,false
8622,Agnes,Floating Jersey,2025-10,LEAD,true,false,false,false
8596,Agnes,Floating Jersey,2025-10,TRIAL,true,false,false,false
8799,Agnes,Floating Jersey,2025-10,LEAD,false,false,false,false
8620,Agnes,Floating Jersey,2025-10,LEAD,false,false,false,false
8738,Agnes,Floating Jersey,2025-10,LEAD,false,false,false,false
8618,Agnes,Floating Jersey,2025-10,WARM_LEAD,false,false,false,false
8630,Agnes,Floating Jersey,2025-10,LEAD,true,false,false,false
2588,Agnes,Floating Jersey,2025-10,FREEMIUM,true,false,false,false
9024,Agnes,Floating Jersey,2025-10,LEAD,true,false,false,false
8741,Agnes,Floating Jersey,2025-10,WARM_LEAD,false,false,false,false
8632,Agnes,Floating Jersey,2025-10,LEAD,true,false,false,false
8690,Agnes,Floating Jersey,2025-10,LEAD,false,false,false,false
8621,Agnes,Floating Jersey,2025-10,LEAD,false,false,false,false
9002,Agnes,Floating Jersey,2025-10,TRIAL,false,false,false,false
8818,Alta,Floating NY 1,2025-10,RECURRING_SUBSCRIPTION,true,true,true,false
8644,Alta,Floating NY 1,2025-10,ON_DEMAND_SUBSCRIPTION,true,true,false,true
8874,Alta,Floating NY 1,2025-10,WARM_LEAD,true,false,false,false
8880,Alta,Floating NY 1,2025-10,RECURRING_SUBSCRIPTION,true,true,true,false
8536,Alta,Floating NY 1,2025-10,CHURN,true,false,false,false
8684,Alta,Floating NY 1,2025-10,LEAD,false,false,false,false
8953,Alta,Floating NY 1,2025-10,LEAD,false,false,false,false
8649,Alta,Floating NY 1,2025-10,WARM_LEAD,true,false,false,false
8960,Alta,Floating NY 1,2025-10,RECURRING_SUBSCRIPTION,true,true,true,false
8880,Alta,Floating NY 1,2025-10,RECURRING_SUBSCRIPTION,true,true,true,false
6496,Alta,Floating NY 1,2025-10,RECURRING_SUBSCRIPTION,true,true,true,false
8796,Arabella 101,Floating NY 2,2025-10,LEAD,true,false,false,false
8997,Arabella 101,Floating NY 2,2025-10,LEAD,false,false,false,false
9016,Arabella 101,Floating NY 2,2025-10,LEAD,false,false,false,false
9009,Arabella 101,Floating NY 2,2025-10,LEAD,false,false,false,false
9021,Arabella 101,Floating NY 2,2025-10,LEAD,true,false,false,false
8524,Azrieli TLV,Unknown,2025-10,COLD_LEAD,false,false,false,false
5212,Azrieli TLV,Unknown,2025-10,TRIAL,true,false,false,false
8521,Azrieli TLV,Unknown,2025-10,TRIAL,true,false,false,false
8521,Azrieli TLV,Unknown,2025-10,TRIAL,true,false,false,false
1921,Azrieli TLV,Unknown,2025-10,COLD_LEAD,false,false,false,false
8979,Azrieli TLV,Unknown,2025-10,CHURN,false,false,false,false
23,Azrieli TLV,Unknown,2025-10,CHURN,false,false,false,false
7738,Azrieli TLV,Unknown,2025-10,COLD_LEAD,false,false,false,false
8590,Azrieli TLV,Unknown,2025-10,COLD_LEAD,false,false,false,false
8524,Azrieli TLV,Unknown,2025-10,COLD_LEAD,false,false,false,false
8566,Brooklyn Crossing,Boerum Hill Polygon,2025-10,TRIAL,true,false,false,false
8768,Brooklyn Crossing,Boerum Hill Polygon,2025-10,LEAD,true,false,false,false
8678,Brooklyn Crossing,Boerum Hill Polygon,2025-10,LEAD,false,false,false,false
8350,Brooklyn Crossing,Boerum Hill Polygon,2025-10,LEAD,false,false,false,false
8555,Brooklyn Crossing,Boerum Hill Polygon,2025-10,CHURN,true,false,false,false
8701,Brooklyn Crossing,Boerum Hill Polygon,2025-10,WARM_LEAD,false,false,false,false
8913,Brooklyn Crossing,Boerum Hill Polygon,2025-10,LEAD,false,false,false,false
8791,Brooklyn Crossing,Boerum Hill Polygon,2025-10,LEAD,true,false,false,false
8893,Brooklyn Crossing,Boerum Hill Polygon,2025-10,LEAD,false,false,false,false
8891,Brooklyn Crossing,Boerum Hill Polygon,2025-10,RECURRING_SUBSCRIPTION,true,true,true,false
8522,Brooklyn Crossing,Boerum Hill Polygon,2025-10,TRIAL,false,false,false,false
8589,Brooklyn Crossing,Boerum Hill Polygon,2025-10,WARM_LEAD,true,false,false,false
8551,Brooklyn Crossing,Boerum Hill Polygon,2025-10,CHURN,false,false,false,false
8676,Brooklyn Crossing,Boerum Hill Polygon,2025-10,LEAD,false,false,false,false
8890,Brooklyn Crossing,Boerum Hill Polygon,2025-10,LEAD,true,false,false,false
8756,Brooklyn Crossing,Boerum Hill Polygon,2025-10,ON_DEMAND_SUBSCRIPTION,true,true,false,true
8886,Brooklyn Crossing,Boerum Hill Polygon,2025-10,TRIAL,false,false,false,false
8940,Brooklyn Crossing,Boerum Hill Polygon,2025-10,LEAD,true,false,false,false
8888,Brooklyn Crossing,Boerum Hill Polygon,2025-10,LEAD,true,false,false,false
8693,Brooklyn Crossing,Boerum Hill Polygon,2025-10,RECURRING_SUBSCRIPTION,false,true,true,false
8887,Brooklyn Crossing,Boerum Hill Polygon,2025-10,LEAD,false,false,false,false
8892,Brooklyn Crossing,Boerum Hill Polygon,2025-10,RECURRING_SUBSCRIPTION,true,true,true,false
8889,Brooklyn Crossing,Boerum Hill Polygon,2025-10,CHURN,false,false,false,false
8571,Brooklyn Crossing,Boerum Hill Polygon,2025-10,LEAD,false,false,false,false
8585,Brooklyn Crossing,Boerum Hill Polygon,2025-10,CHURN,true,false,false,false
8556,Brooklyn Crossing,Boerum Hill Polygon,2025-10,ON_DEMAND_SUBSCRIPTION,true,true,false,true
8554,Brooklyn Crossing,Boerum Hill Polygon,2025-10,LEAD,false,false,false,false
8947,Brooklyn Crossing,Boerum Hill Polygon,2025-10,LEAD,true,false,false,false
8581,Brooklyn Crossing,Boerum Hill Polygon,2025-10,LEAD,true,false,false,false
8774,Brooklyn Crossing,Boerum Hill Polygon,2025-10,ON_DEMAND_SUBSCRIPTION,true,true,false,true
8569,Brooklyn Crossing,Boerum Hill Polygon,2025-10,CHURN,true,false,false,false
8767,Brooklyn Crossing,Boerum Hill Polygon,2025-10,LEAD,true,false,false,false
8552,Flamingo Point Center Tower,Miami Beach Polygon,2025-10,LEAD,true,false,false,false
8948,Flamingo Point Center Tower,Miami Beach Polygon,2025-10,WARM_LEAD,false,false,false,false
8778,Flamingo Point Center Tower,Miami Beach Polygon,2025-10,LEAD,false,false,false,false
8528,Flamingo Point Center Tower,Miami Beach Polygon,2025-10,LEAD,false,false,false,false
8535,Flamingo Point Center Tower,Miami Beach Polygon,2025-10,LEAD,false,false,false,false
8560,Flamingo Point Center Tower,Miami Beach Polygon,2025-10,LEAD,false,false,false,false
9025,Flamingo Point Center Tower,Miami Beach Polygon,2025-10,WARM_LEAD,true,false,false,false
8587,Flamingo Point Center Tower,Miami Beach Polygon,2025-10,LEAD,true,false,false,false
8971,Flamingo Point Center Tower,Miami Beach Polygon,2025-10,LEAD,false,false,false,false
8966,Flamingo Point Center Tower,Miami Beach Polygon,2025-10,LEAD,false,false,false,false
8700,Flamingo Point Center Tower,Miami Beach Polygon,2025-10,TRIAL,true,false,false,false
8921,Flamingo Point Center Tower,Miami Beach Polygon,2025-10,LEAD,false,false,false,false
8916,Flamingo Point Center Tower,Miami Beach Polygon,2025-10,LEAD,false,false,false,false
8672,Flamingo Point Center Tower,Miami Beach Polygon,2025-10,WARM_LEAD,true,false,false,false
8754,Flamingo Point Center Tower,Miami Beach Polygon,2025-10,WARM_LEAD,true,false,false,false
8758,Flamingo Point Center Tower,Miami Beach Polygon,2025-10,LEAD,false,false,false,false
8660,Flamingo Point Center Tower,Miami Beach Polygon,2025-10,LEAD,false,false,false,false
8682,Flamingo Point Center Tower,Miami Beach Polygon,2025-10,RECURRING_SUBSCRIPTION,true,true,true,false
8567,Flamingo Point North Tower,Miami Beach Polygon,2025-10,CHURN,true,false,false,false
8826,Flamingo Point North Tower,Miami Beach Polygon,2025-10,ON_DEMAND_SUBSCRIPTION,true,true,false,true
8781,Flamingo Point North Tower,Miami Beach Polygon,2025-10,LEAD,false,false,false,false
8586,Flamingo Point North Tower,Miami Beach Polygon,2025-10,TRIAL,true,false,false,false
8932,Flamingo Point North Tower,Miami Beach Polygon,2025-10,WARM_LEAD,false,false,false,false
8597,Flamingo Point North Tower,Miami Beach Polygon,2025-10,RECURRING_SUBSCRIPTION,true,true,true,false
8673,Flamingo Point North Tower,Miami Beach Polygon,2025-10,TRIAL,true,false,false,false
8704,Flamingo Point North Tower,Miami Beach Polygon,2025-10,CHURN,true,false,false,false
8603,Flamingo South Beach,Miami Beach Polygon,2025-10,LEAD,false,false,false,false
8881,Flamingo South Beach,Miami Beach Polygon,2025-10,LEAD,false,false,false,false
8957,Flamingo South Beach,Miami Beach Polygon,2025-10,RECURRING_SUBSCRIPTION,true,true,true,false
8999,Flamingo South Beach,Miami Beach Polygon,2025-10,LEAD,true,false,false,false
8708,Flamingo South Beach,Miami Beach Polygon,2025-10,LEAD,true,false,false,false
8795,Gindi 1,Unknown,2025-10,COLD_LEAD,false,false,false,false
8792,Gindi 1,Unknown,2025-10,WARM_LEAD,false,false,false,false
8951,Gindi 1,Unknown,2025-10,COLD_LEAD,false,false,false,false
8787,Gindi 2,Unknown,2025-10,COLD_LEAD,true,false,false,false
462,Gindi 2,Unknown,2025-10,LEAD,true,false,false,false
8961,Gindi 2,Unknown,2025-10,WARM_LEAD,false,false,false,false
8787,Gindi 2,Unknown,2025-10,COLD_LEAD,true,false,false,false
8744,Gindi 2,Unknown,2025-10,COLD_LEAD,false,false,false,false
539,Gindi 2,Unknown,2025-10,COLD_LEAD,false,false,false,false
8965,Gindi 2,Unknown,2025-10,COLD_LEAD,true,false,false,false
8542,Gindi 2,Unknown,2025-10,LEAD,false,false,false,false
2092,Gindi 3,Unknown,2025-10,COLD_LEAD,false,false,false,false
1642,Gindi 3,Unknown,2025-10,COLD_LEAD,false,false,false,false
1855,Gindi 3,Unknown,2025-10,COLD_LEAD,true,false,false,false
1766,Gindi 3,Unknown,2025-10,COLD_LEAD,false,false,false,false
1245,Gindi 3,Unknown,2025-10,COLD_LEAD,false,false,false,false
399,Gindi 3,Unknown,2025-10,CHURN,true,false,false,false
8577,Gindi 4,Unknown,2025-10,FROZEN,false,false,false,false
8605,Gindi 4,Unknown,2025-10,COLD_LEAD,false,false,false,false
8727,Gindi 4,Unknown,2025-10,COLD_LEAD,false,false,false,false
8967,Gindi 4,Unknown,2025-10,WARM_LEAD,false,false,false,false
8825,Gindi 4,Unknown,2025-10,COLD_LEAD,false,false,false,false
8843,Gindi 4,Unknown,2025-10,COLD_LEAD,false,false,false,false
8823,Gindi 4,Unknown,2025-10,ON_DEMAND_SUBSCRIPTION,false,true,false,true
8568,Gindi 4,Unknown,2025-10,COLD_LEAD,false,false,false,false
8954,Gindi 4,Unknown,2025-10,WARM_LEAD,false,false,false,false
9017,Gindi 4,Unknown,2025-10,CHURN,true,false,false,false
8031,Gindi 4,Unknown,2025-10,COLD_LEAD,false,false,false,false
8547,Gindi 4,Unknown,2025-10,LEAD,false,false,false,false
8883,Gindi 4,Unknown,2025-10,COLD_LEAD,true,false,false,false
8884,Gindi 4,Unknown,2025-10,COLD_LEAD,false,false,false,false
8584,Grove Central Residences,Floating Miami,2025-10,RECURRING_SUBSCRIPTION,false,true,true,false
8574,Grove Central Residences,Floating Miami,2025-10,LEAD,false,false,false,false
8527,Grove Central Residences,Floating Miami,2025-10,LEAD,true,false,false,false
8800,Grove Central Residences,Floating Miami,2025-10,LEAD,false,false,false,false
8553,Grove Central Residences,Floating Miami,2025-10,LEAD,true,false,false,false
7846,Grove Central Residences,Floating Miami,2025-10,CHURN,true,false,false,false
8687,Grove Central Residences,Floating Miami,2025-10,LEAD,false,false,false,false
8806,Grove Central Residences,Floating Miami,2025-10,LEAD,false,false,false,false
8807,Grove Central Residences,Floating Miami,2025-10,CHURN,false,false,false,false
8606,Grove Central Residences,Floating Miami,2025-10,LEAD,true,false,false,false
8532,Grove Central Residences,Floating Miami,2025-10,LEAD,false,false,false,false
8820,Grove Central Residences,Floating Miami,2025-10,LEAD,false,false,false,false
8872,Grove Central Residences,Floating Miami,2025-10,LEAD,true,false,false,false
8534,Grove Central Residences,Floating Miami,2025-10,CHURN,false,false,false,false
8938,Grove Central Residences,Floating Miami,2025-10,LEAD,true,false,false,false
6540,HaHehad,Unknown,2025-10,COLD_LEAD,false,false,false,false
8558,HaHehad,Unknown,2025-10,COLD_LEAD,false,false,false,false
3849,HaHehad,Unknown,2025-10,TRIAL,true,false,false,false
8808,HaHehad,Unknown,2025-10,COLD_LEAD,false,false,false,false
8808,HaHehad,Unknown,2025-10,COLD_LEAD,false,false,false,false
6540,HaHehad,Unknown,2025-10,COLD_LEAD,false,false,false,false
2597,HaHehad,Unknown,2025-10,CHURN,false,false,false,false
8461,HaHehad,Unknown,2025-10,CHURN,true,false,false,false
1491,John Street 116,Financial District Polygon,2025-10,FREEMIUM,false,false,false,false
8540,Midtown 5,Floating Miami,2025-10,ON_DEMAND_SUBSCRIPTION,true,true,false,true
8559,Midtown 5,Floating Miami,2025-10,LEAD,false,false,false,false
8184,Midtown 5,Floating Miami,2025-10,LEAD,false,false,false,false
8546,Midtown 5,Floating Miami,2025-10,LEAD,false,false,false,false
8782,Midtown 5,Floating Miami,2025-10,WARM_LEAD,true,false,false,false
8557,Midtown 5,Floating Miami,2025-10,LEAD,false,false,false,false
8616,Midtown 5,Floating Miami,2025-10,LEAD,false,false,false,false
8575,Midtown 5,Floating Miami,2025-10,LEAD,false,false,false,false
8641,Midtown 5,Floating Miami,2025-10,WARM_LEAD,true,false,false,false
8782,Midtown 5,Floating Miami,2025-10,WARM_LEAD,true,false,false,false
8545,Midtown 5,Floating Miami,2025-10,LEAD,false,false,false,false
8538,Midtown 5,Floating Miami,2025-10,RECURRING_SUBSCRIPTION,true,true,true,false
7454,Midtown 5,Floating Miami,2025-10,LEAD,false,false,false,false
8797,Midtown 5,Floating Miami,2025-10,WARM_LEAD,true,false,false,false
8201,Midtown 5,Floating Miami,2025-10,CHURN,true,false,false,false
8677,Midtown 5,Floating Miami,2025-10,LEAD,true,false,false,false
8572,Nine 52,Hell's Kitchen Polygon,2025-10,LEAD,false,false,false,false
8821,Nine 52,Hell's Kitchen Polygon,2025-10,LEAD,false,false,false,false
8750,Nine 52,Hell's Kitchen Polygon,2025-10,LEAD,false,false,false,false
8598,Oliver on the Hudson,Floating Jersey,2025-10,LEAD,false,false,false,false
8573,Oliver on the Hudson,Floating Jersey,2025-10,LEAD,false,false,false,false
7451,Oliver on the Hudson,Floating Jersey,2025-10,LEAD,true,false,false,false
8543,Oliver on the Hudson,Floating Jersey,2025-10,WARM_LEAD,false,false,false,false
8523,Oliver on the Hudson,Floating Jersey,2025-10,WARM_LEAD,false,false,false,false
8804,Oliver on the Hudson,Floating Jersey,2025-10,RECURRING_SUBSCRIPTION,true,true,true,false
8582,One Ten,Hoboken Polygon,2025-10,WARM_LEAD,false,false,false,false
373,One Ten,Hoboken Polygon,2025-10,FREEMIUM,true,false,false,false
8599,One Ten,Hoboken Polygon,2025-10,LEAD,false,false,false,false
8685,Plank Road,Boerum Hill Polygon,2025-10,TRIAL,false,false,false,false
8579,Plank Road,Boerum Hill Polygon,2025-10,LEAD,false,false,false,false
8670,Plank Road,Boerum Hill Polygon,2025-10,LEAD,true,false,false,false
8594,Plank Road,Boerum Hill Polygon,2025-10,LEAD,false,false,false,false
8819,River Place,Hell's Kitchen Polygon,2025-10,LEAD,true,false,false,false
4470,River Place,Hell's Kitchen Polygon,2025-10,FREEMIUM,false,false,false,false
595,River Place,Hell's Kitchen Polygon,2025-10,TRIAL,true,false,false,false
8712,River Place,Hell's Kitchen Polygon,2025-10,TRIAL,false,false,false,false
1753,River Place,Hell's Kitchen Polygon,2025-10,ON_DEMAND_SUBSCRIPTION,false,true,false,true
9019,River Place,Hell's Kitchen Polygon,2025-10,LEAD,false,false,false,false
9020,River Place,Hell's Kitchen Polygon,2025-10,LEAD,false,false,false,false
4500,River Place,Hell's Kitchen Polygon,2025-10,FREEMIUM,false,false,false,false
8930,River Place,Hell's Kitchen Polygon,2025-10,LEAD,false,false,false,false
4325,River Place,Hell's Kitchen Polygon,2025-10,FREEMIUM,false,false,false,false
3985,River Place,Hell's Kitchen Polygon,2025-10,TRIAL,true,false,false,false
4145,River Place,Hell's Kitchen Polygon,2025-10,ON_DEMAND_SUBSCRIPTION,false,true,false,true
4490,River Place,Hell's Kitchen Polygon,2025-10,FREEMIUM,false,false,false,false
2773,River Place,Hell's Kitchen Polygon,2025-10,WARM_LEAD,true,false,false,false
8998,River Place,Hell's Kitchen Polygon,2025-10,LEAD,false,false,false,false
3132,Silver Towers,Hell's Kitchen Polygon,2025-10,FREEMIUM,false,false,false,false
4806,Silver Towers,Hell's Kitchen Polygon,2025-10,FREEMIUM,false,false,false,false
11932,Silver Towers,Hell's Kitchen Polygon,2025-10,TRIAL,false,false,false,false
5468,Silver Towers,Hell's Kitchen Polygon,2025-10,LEAD,false,false,false,false
8829,Silver Towers,Hell's Kitchen Polygon,2025-10,WARM_LEAD,false,false,false,false
1379,Silver Towers,Hell's Kitchen Polygon,2025-10,FREEMIUM,false,false,false,false
1068,Silver Towers,Hell's Kitchen Polygon,2025-10,TRIAL,true,false,false,false
5081,Silver Towers,Hell's Kitchen Polygon,2025-10,FREEMIUM,false,false,false,false
8851,Silver Towers,Hell's Kitchen Polygon,2025-10,LEAD,false,false,false,false
4755,Silver Towers,Hell's Kitchen Polygon,2025-10,FREEMIUM,false,false,false,false
5081,Silver Towers,Hell's Kitchen Polygon,2025-10,FREEMIUM,false,false,false,false
8855,Stonehill,Chatham / West Orange Polygon,2025-10,LEAD,true,false,false,false
8777,Stonehill,Chatham / West Orange Polygon,2025-10,WARM_LEAD,true,false,false,false
5423,Stonehill,Chatham / West Orange Polygon,2025-10,WARM_LEAD,true,false,false,false
8724,The Addison,Brooklyn Heights Polygon,2025-10,LEAD,false,false,false,false
8780,The Addison,Brooklyn Heights Polygon,2025-10,LEAD,false,false,false,false
9031,The Addison,Brooklyn Heights Polygon,2025-10,LEAD,false,false,false,false
9023,The Addison,Brooklyn Heights Polygon,2025-10,LEAD,false,false,false,false
8718,The Addison,Brooklyn Heights Polygon,2025-10,LEAD,false,false,false,false
8732,The Addison,Brooklyn Heights Polygon,2025-10,TRIAL,true,false,false,false
9011,The Addison,Brooklyn Heights Polygon,2025-10,LEAD,true,false,false,false
8760,The Addison,Brooklyn Heights Polygon,2025-10,LEAD,true,false,false,false
8717,The Addison,Brooklyn Heights Polygon,2025-10,LEAD,false,false,false,false
8981,The Addison,Brooklyn Heights Polygon,2025-10,WARM_LEAD,true,false,false,false
8726,The Addison,Brooklyn Heights Polygon,2025-10,LEAD,false,false,false,false
8694,The Addison,Brooklyn Heights Polygon,2025-10,LEAD,false,false,false,false
8713,The Addison,Brooklyn Heights Polygon,2025-10,TRIAL,false,false,false,false
8793,The Addison,Brooklyn Heights Polygon,2025-10,LEAD,true,false,false,false
8925,The Addison,Brooklyn Heights Polygon,2025-10,WARM_LEAD,true,false,false,false
8720,The Addison,Brooklyn Heights Polygon,2025-10,LEAD,false,false,false,false
8788,The Addison,Brooklyn Heights Polygon,2025-10,LEAD,false,false,false,false
8659,The Addison,Brooklyn Heights Polygon,2025-10,LEAD,true,false,false,false
8709,The Addison,Brooklyn Heights Polygon,2025-10,LEAD,false,false,false,false
8714,The Addison,Brooklyn Heights Polygon,2025-10,LEAD,false,false,false,false
8711,The Addison,Brooklyn Heights Polygon,2025-10,LEAD,false,false,false,false
8710,The Addison,Brooklyn Heights Polygon,2025-10,LEAD,false,false,false,false
8694,The Addison,Brooklyn Heights Polygon,2025-10,LEAD,false,false,false,false
8721,The Addison,Brooklyn Heights Polygon,2025-10,WARM_LEAD,false,false,false,false
8715,The Addison,Brooklyn Heights Polygon,2025-10,CHURN,false,false,false,false
8716,The Addison,Brooklyn Heights Polygon,2025-10,LEAD,false,false,false,false
8725,The Addison,Brooklyn Heights Polygon,2025-10,LEAD,false,false,false,false
8798,The Addison,Brooklyn Heights Polygon,2025-10,WARM_LEAD,true,false,false,false
8723,The Addison,Brooklyn Heights Polygon,2025-10,LEAD,true,false,false,false
8878,The Bergen,Boerum Hill Polygon,2025-10,LEAD,false,false,false,false
9022,The Bergen,Boerum Hill Polygon,2025-10,LEAD,false,false,false,false
8548,The Bergen,Boerum Hill Polygon,2025-10,LEAD,false,false,false,false
8722,The Bergen,Boerum Hill Polygon,2025-10,WARM_LEAD,true,false,false,false
8656,The Boulevard,Floating Miami,2025-10,LEAD,true,false,false,false
8972,The Boulevard,Floating Miami,2025-10,LEAD,false,false,false,false
8969,The Boulevard,Floating Miami,2025-10,LEAD,false,false,false,false
8882,The Boulevard,Floating Miami,2025-10,RECURRING_SUBSCRIPTION,true,true,true,false
7611,The Boulevard,Floating Miami,2025-10,LEAD,true,false,false,false
6158,The Boulevard,Floating Miami,2025-10,TRIAL,false,false,false,false
8923,The Boulevard,Floating Miami,2025-10,LEAD,false,false,false,false
8842,The Boulevard,Floating Miami,2025-10,LEAD,true,false,false,false
8637,The Boulevard,Floating Miami,2025-10,LEAD,true,false,false,false
8873,The Boulevard,Floating Miami,2025-10,WARM_LEAD,false,false,false,false
8550,The Boulevard,Floating Miami,2025-10,LEAD,true,false,false,false
9008,The Boulevard,Floating Miami,2025-10,LEAD,true,false,false,false
8786,The Boulevard,Floating Miami,2025-10,WARM_LEAD,true,false,false,false
8656,The Boulevard,Floating Miami,2025-10,LEAD,true,false,false,false
8949,The Boulevard,Floating Miami,2025-10,LEAD,true,false,false,false
8950,The Boulevard,Floating Miami,2025-10,LEAD,false,false,false,false
8600,The Buchanan,Floating NY 1,2025-10,TRIAL,false,false,false,false
6390,The Buchanan,Floating NY 1,2025-10,ON_DEMAND_SUBSCRIPTION,true,true,false,true
9000,The Buchanan,Floating NY 1,2025-10,LEAD,false,false,false,false
8743,The Buchanan,Floating NY 1,2025-10,WARM_LEAD,true,false,false,false
8928,The Buchanan,Floating NY 1,2025-10,TRIAL,true,false,false,false
8794,The Buchanan,Floating NY 1,2025-10,LEAD,true,false,false,false
9032,The Devan,Hoboken Polygon,2025-10,LEAD,false,false,false,false
8942,The Dime,Williamsburg Polygon,2025-10,LEAD,false,false,false,false
8757,The Dime,Williamsburg Polygon,2025-10,LEAD,false,false,false,false
8759,The Dime,Williamsburg Polygon,2025-10,LEAD,false,false,false,false
8988,The Eddy,Harrison Polygon,2025-10,LEAD,false,false,false,false
8991,The Eddy,Harrison Polygon,2025-10,LEAD,false,false,false,false
2866,The Eddy,Harrison Polygon,2025-10,FREEMIUM,false,false,false,false
8992,The Eddy,Harrison Polygon,2025-10,LEAD,false,false,false,false
2350,The Eddy,Harrison Polygon,2025-10,FREEMIUM,false,false,false,false
8614,The Eddy,Harrison Polygon,2025-10,LEAD,false,false,false,false
8980,The Eddy,Harrison Polygon,2025-10,LEAD,false,false,false,false
2783,The Eddy,Harrison Polygon,2025-10,FREEMIUM,true,false,false,false
8920,The Eddy,Harrison Polygon,2025-10,WARM_LEAD,false,false,false,false
8612,The Eddy,Harrison Polygon,2025-10,RECURRING_SUBSCRIPTION,false,true,true,false
8993,The Eddy,Harrison Polygon,2025-10,LEAD,false,false,false,false
8986,The Eddy,Harrison Polygon,2025-10,WARM_LEAD,false,false,false,false
8989,The Eddy,Harrison Polygon,2025-10,WARM_LEAD,true,false,false,false
2054,The Eddy,Harrison Polygon,2025-10,FREEMIUM,false,false,false,false
8989,The Eddy,Harrison Polygon,2025-10,WARM_LEAD,true,false,false,false
8613,The Eddy,Harrison Polygon,2025-10,WARM_LEAD,false,false,false,false
8977,The Eddy,Harrison Polygon,2025-10,WARM_LEAD,false,false,false,false
2129,The Eddy,Harrison Polygon,2025-10,FREEMIUM,false,false,false,false
8991,The Eddy,Harrison Polygon,2025-10,LEAD,false,false,false,false
6293,The Eddy,Harrison Polygon,2025-10,LEAD,true,false,false,false
8984,The Eddy,Harrison Polygon,2025-10,LEAD,false,false,false,false
8985,The Eddy,Harrison Polygon,2025-10,LEAD,false,false,false,false
8983,The Eddy,Harrison Polygon,2025-10,LEAD,false,false,false,false
8990,The Eddy,Harrison Polygon,2025-10,LEAD,false,false,false,false
8987,The Eddy,Harrison Polygon,2025-10,LEAD,false,false,false,false
8601,The Enclave,Hoboken Polygon,2025-10,LEAD,false,false,false,false
8601,The Enclave,Hoboken Polygon,2025-10,LEAD,false,false,false,false
8955,The Enclave,Hoboken Polygon,2025-10,WARM_LEAD,true,false,false,false
8629,The Enclave,Hoboken Polygon,2025-10,LEAD,false,false,false,false
8655,The Enclave,Hoboken Polygon,2025-10,LEAD,true,false,false,false
9026,The Enclave,Hoboken Polygon,2025-10,RECURRING_SUBSCRIPTION,false,true,true,false
8580,The Enclave,Hoboken Polygon,2025-10,TRIAL,true,false,false,false
8628,The Ivy,Chatham / West Orange Polygon,2025-10,LEAD,true,false,false,false
8875,The Ivy,Chatham / West Orange Polygon,2025-10,LEAD,true,false,false,false
8963,The Ivy,Chatham / West Orange Polygon,2025-10,LEAD,false,false,false,false
8941,The Ivy,Chatham / West Orange Polygon,2025-10,LEAD,false,false,false,false
8669,The Ivy,Chatham / West Orange Polygon,2025-10,ON_DEMAND_SUBSCRIPTION,false,true,false,true
8592,The Kestrel,Floating NY 2,2025-10,LEAD,false,false,false,false
8894,The Kestrel,Floating NY 2,2025-10,LEAD,false,false,false,false
8592,The Kestrel,Floating NY 2,2025-10,LEAD,false,false,false,false
8643,The Kestrel,Floating NY 2,2025-10,LEAD,true,false,false,false
8898,The Kestrel,Floating NY 2,2025-10,LEAD,false,false,false,false
8899,The Kestrel,Floating NY 2,2025-10,LEAD,false,false,false,false
8901,The Kestrel,Floating NY 2,2025-10,LEAD,false,false,false,false
8910,The Landing,Brooklyn Heights Polygon,2025-10,LEAD,false,false,false,false
8929,The Landing,Brooklyn Heights Polygon,2025-10,LEAD,true,false,false,false
9004,The Landing,Brooklyn Heights Polygon,2025-10,LEAD,false,false,false,false
8674,The Landing,Brooklyn Heights Polygon,2025-10,LEAD,false,false,false,false
8933,The Landing,Brooklyn Heights Polygon,2025-10,LEAD,true,false,false,false
8696,The Landing,Brooklyn Heights Polygon,2025-10,LEAD,false,false,false,false
8675,The Landing,Brooklyn Heights Polygon,2025-10,LEAD,true,false,false,false
8696,The Landing,Brooklyn Heights Polygon,2025-10,LEAD,false,false,false,false
8924,The Landing,Brooklyn Heights Polygon,2025-10,LEAD,false,false,false,false
8919,The Landing,Brooklyn Heights Polygon,2025-10,LEAD,false,false,false,false
8912,The Landing,Brooklyn Heights Polygon,2025-10,ON_DEMAND_SUBSCRIPTION,true,true,false,true
8914,The Landing,Brooklyn Heights Polygon,2025-10,LEAD,true,false,false,false
8908,The Landing,Brooklyn Heights Polygon,2025-10,LEAD,false,false,false,false
8911,The Landing,Brooklyn Heights Polygon,2025-10,WARM_LEAD,false,false,false,false
8926,The Landon,Hell's Kitchen Polygon,2025-10,LEAD,false,false,false,false
9003,The Landon,Hell's Kitchen Polygon,2025-10,CHURN,true,false,false,false
8879,The Landon,Hell's Kitchen Polygon,2025-10,LEAD,false,false,false,false
8686,The Landon,Hell's Kitchen Polygon,2025-10,RECURRING_SUBSCRIPTION,true,true,true,false
8922,The Landon,Hell's Kitchen Polygon,2025-10,LEAD,false,false,false,false
8719,The Landon,Hell's Kitchen Polygon,2025-10,LEAD,false,false,false,false
8936,The Landon,Hell's Kitchen Polygon,2025-10,LEAD,false,false,false,false
8697,The Vitagraph,Floating NY 2,2025-10,LEAD,false,false,false,false
8697,The Vitagraph,Floating NY 2,2025-10,LEAD,false,false,false,false
8697,The Vitagraph,Floating NY 2,2025-10,LEAD,false,false,false,false
8903,The Vitagraph,Floating NY 2,2025-10,WARM_LEAD,true,false,false,false
8897,The Vitagraph,Floating NY 2,2025-10,LEAD,false,false,false,false
8896,The Vitagraph,Floating NY 2,2025-10,LEAD,false,false,false,false
8902,The Vitagraph,Floating NY 2,2025-10,LEAD,false,false,false,false
8895,The Vitagraph,Floating NY 2,2025-10,LEAD,true,false,false,false
8570,The Vitagraph,Floating NY 2,2025-10,WARM_LEAD,false,false,false,false
8900,The Vitagraph,Floating NY 2,2025-10,LEAD,false,false,false,false
9006,The Vitagraph,Floating NY 2,2025-10,LEAD,true,false,false,false
8761,The Vitagraph,Floating NY 2,2025-10,WARM_LEAD,true,false,false,false
8680,Union Channel ,Boerum Hill Polygon,2025-10,LEAD,true,false,false,false
8549,Union Channel ,Boerum Hill Polygon,2025-10,LEAD,false,false,false,false
9012,Woodside Central,Floating NY 1,2025-10,LEAD,false,false,false,false
8647,Woodside Central,Floating NY 1,2025-10,LEAD,true,false,false,false
8665,Woodside Central,Floating NY 1,2025-10,ON_DEMAND_SUBSCRIPTION,true,true,false,true
9452,100 House,Hoboken Polygon,2025-11,LEAD,true,false,false,false
9463,100 House,Hoboken Polygon,2025-11,LEAD,false,false,false,false
9255,100 House,Hoboken Polygon,2025-11,LEAD,true,false,false,false
9042,100 House,Hoboken Polygon,2025-11,LEAD,true,false,false,false
9386,100 House,Hoboken Polygon,2025-11,LEAD,false,false,false,false
9374,100 House,Hoboken Polygon,2025-11,LEAD,false,false,false,false
9050,100 House,Hoboken Polygon,2025-11,LEAD,false,false,false,false
9056,100 House,Hoboken Polygon,2025-11,LEAD,true,false,false,false
9079,100 House,Hoboken Polygon,2025-11,LEAD,false,false,false,false
9093,100 House,Hoboken Polygon,2025-11,LEAD,false,false,false,false
9131,100 House,Hoboken Polygon,2025-11,LEAD,false,false,false,false
9122,100 House,Hoboken Polygon,2025-11,LEAD,false,false,false,false
9241,100 House,Hoboken Polygon,2025-11,LEAD,false,false,false,false
9367,2000 Biscayne,Edgeater Polygon,2025-11,WARM_LEAD,true,false,false,false
9218,2000 Biscayne,Edgeater Polygon,2025-11,ON_DEMAND_SUBSCRIPTION,false,true,false,true
9321,2000 Biscayne,Edgeater Polygon,2025-11,LEAD,false,false,false,false
9444,2000 Biscayne,Edgeater Polygon,2025-11,LEAD,false,false,false,false
9491,2000 Biscayne,Edgeater Polygon,2025-11,TRIAL,true,false,false,false
9361,2000 Biscayne,Edgeater Polygon,2025-11,ON_DEMAND_SUBSCRIPTION,false,true,false,true
9361,2000 Biscayne,Edgeater Polygon,2025-11,ON_DEMAND_SUBSCRIPTION,false,true,false,true
9211,2000 Biscayne,Edgeater Polygon,2025-11,LEAD,false,false,false,false
9325,2000 Biscayne,Edgeater Polygon,2025-11,ON_DEMAND_SUBSCRIPTION,true,true,false,true
9339,2000 Biscayne,Edgeater Polygon,2025-11,RECURRING_SUBSCRIPTION,true,true,true,false
9494,2000 Biscayne,Edgeater Polygon,2025-11,TRIAL,true,false,false,false
9505,2000 Biscayne,Edgeater Polygon,2025-11,TRIAL,false,false,false,false
9489,2000 Biscayne,Edgeater Polygon,2025-11,RECURRING_SUBSCRIPTION,true,true,true,false
9435,2000 Biscayne,Edgeater Polygon,2025-11,LEAD,false,false,false,false
9436,2000 Biscayne,Edgeater Polygon,2025-11,WARM_LEAD,true,false,false,false
9326,2000 Biscayne,Edgeater Polygon,2025-11,WARM_LEAD,false,false,false,false
9509,2000 Biscayne,Edgeater Polygon,2025-11,LEAD,false,false,false,false
9480,2000 Biscayne,Edgeater Polygon,2025-11,LEAD,true,false,false,false
9479,2000 Biscayne,Edgeater Polygon,2025-11,ON_DEMAND_SUBSCRIPTION,false,true,false,true
9456,2000 Biscayne,Edgeater Polygon,2025-11,WARM_LEAD,true,false,false,false
9477,2000 Biscayne,Edgeater Polygon,2025-11,RECURRING_SUBSCRIPTION,true,true,true,false
9325,2000 Biscayne,Edgeater Polygon,2025-11,ON_DEMAND_SUBSCRIPTION,true,true,false,true
9375,2000 Biscayne,Edgeater Polygon,2025-11,LEAD,false,false,false,false
9437,2000 Biscayne,Edgeater Polygon,2025-11,TRIAL,true,false,false,false
9472,2000 Biscayne,Edgeater Polygon,2025-11,ON_DEMAND_SUBSCRIPTION,true,true,false,true
9438,2000 Biscayne,Edgeater Polygon,2025-11,LEAD,false,false,false,false
9446,2000 Biscayne,Edgeater Polygon,2025-11,WARM_LEAD,true,false,false,false
9466,2000 Biscayne,Edgeater Polygon,2025-11,ON_DEMAND_SUBSCRIPTION,true,true,false,true
9449,2000 Biscayne,Edgeater Polygon,2025-11,WARM_LEAD,false,false,false,false
9368,2000 Biscayne,Edgeater Polygon,2025-11,RECURRING_SUBSCRIPTION,true,true,true,false
9471,2000 Biscayne,Edgeater Polygon,2025-11,LEAD,false,false,false,false
9464,2000 Biscayne,Edgeater Polygon,2025-11,RECURRING_SUBSCRIPTION,false,true,true,false
9322,2000 Biscayne,Edgeater Polygon,2025-11,LEAD,false,false,false,false
9476,2000 Biscayne,Edgeater Polygon,2025-11,RECURRING_SUBSCRIPTION,true,true,true,false
9499,2000 Biscayne,Edgeater Polygon,2025-11,LEAD,false,false,false,false
9333,2000 Biscayne,Edgeater Polygon,2025-11,CHURN,true,false,false,false
9473,2000 Biscayne,Edgeater Polygon,2025-11,RECURRING_SUBSCRIPTION,true,true,true,false
9457,2000 Biscayne,Edgeater Polygon,2025-11,CHURN,true,false,false,false
9118,20 Broad Street,Financial District Polygon,2025-11,LEAD,false,false,false,false
9277,20 Broad Street,Financial District Polygon,2025-11,LEAD,true,false,false,false
9210,20 Broad Street,Financial District Polygon,2025-11,WARM_LEAD,false,false,false,false
8030,20 Broad Street,Financial District Polygon,2025-11,LEAD,false,false,false,false
9384,20 Broad Street,Financial District Polygon,2025-11,CHURN,true,false,false,false
9482,20 Broad Street,Financial District Polygon,2025-11,WARM_LEAD,true,false,false,false
9188,20 Broad Street,Financial District Polygon,2025-11,RECURRING_SUBSCRIPTION,true,true,true,false
9294,20 Broad Street,Financial District Polygon,2025-11,LEAD,false,false,false,false
9092,20 Broad Street,Financial District Polygon,2025-11,WARM_LEAD,false,false,false,false
9474,220 East 72nd Street,Floating NY 2,2025-11,LEAD,false,false,false,false
9102,250 E Houston,Floating NY 2,2025-11,WARM_LEAD,true,false,false,false
9103,250 E Houston,Floating NY 2,2025-11,LEAD,false,false,false,false
9096,250 E Houston,Floating NY 2,2025-11,LEAD,false,false,false,false
9097,250 E Houston,Floating NY 2,2025-11,LEAD,false,false,false,false
9098,250 E Houston,Floating NY 2,2025-11,LEAD,false,false,false,false
9099,250 E Houston,Floating NY 2,2025-11,LEAD,false,false,false,false
9101,250 E Houston,Floating NY 2,2025-11,LEAD,false,false,false,false
9115,250 E Houston,Floating NY 2,2025-11,TRIAL,true,false,false,false
9108,250 E Houston,Floating NY 2,2025-11,LEAD,true,false,false,false
9100,250 E Houston,Floating NY 2,2025-11,LEAD,true,false,false,false
9094,250 E Houston,Floating NY 2,2025-11,RECURRING_SUBSCRIPTION,true,true,true,false
9107,250 E Houston,Floating NY 2,2025-11,LEAD,false,false,false,false
9055,250 E Houston,Floating NY 2,2025-11,CHURN,true,false,false,false
9104,250 E Houston,Floating NY 2,2025-11,LEAD,false,false,false,false
9102,250 E Houston,Floating NY 2,2025-11,WARM_LEAD,true,false,false,false
9105,250 E Houston,Floating NY 2,2025-11,LEAD,true,false,false,false
9106,250 E Houston,Floating NY 2,2025-11,LEAD,false,false,false,false
8909,250 E Houston,Floating NY 2,2025-11,LEAD,false,false,false,false
9110,250 E Houston,Floating NY 2,2025-11,LEAD,false,false,false,false
9184,250 E Houston,Floating NY 2,2025-11,WARM_LEAD,false,false,false,false
9109,250 E Houston,Floating NY 2,2025-11,LEAD,true,false,false,false
9112,250 E Houston,Floating NY 2,2025-11,LEAD,false,false,false,false
9113,250 E Houston,Floating NY 2,2025-11,LEAD,false,false,false,false
9208,250 E Houston,Floating NY 2,2025-11,LEAD,false,false,false,false
9094,250 E Houston,Floating NY 2,2025-11,RECURRING_SUBSCRIPTION,true,true,true,false
9114,250 E Houston,Floating NY 2,2025-11,RECURRING_SUBSCRIPTION,true,true,true,false
9102,250 E Houston,Floating NY 2,2025-11,WARM_LEAD,true,false,false,false
9111,250 E Houston,Floating NY 2,2025-11,WARM_LEAD,true,false,false,false
9076,250 E Houston,Floating NY 2,2025-11,TRIAL,true,false,false,false
9094,250 E Houston,Floating NY 2,2025-11,RECURRING_SUBSCRIPTION,true,true,true,false
9095,250 E Houston,Floating NY 2,2025-11,LEAD,false,false,false,false
9234,300 Somerset,Harrison Polygon,2025-11,LEAD,true,false,false,false
9417,300 Somerset,Harrison Polygon,2025-11,LEAD,false,false,false,false
9139,300 Somerset,Harrison Polygon,2025-11,LEAD,true,false,false,false
9418,300 Somerset,Harrison Polygon,2025-11,RECURRING_SUBSCRIPTION,true,true,true,false
9416,330 Angelo Cifelli,Harrison Polygon,2025-11,LEAD,false,false,false,false
9069,330 Angelo Cifelli,Harrison Polygon,2025-11,LEAD,false,false,false,false
9077,330 Angelo Cifelli,Harrison Polygon,2025-11,LEAD,false,false,false,false
9424,330 Angelo Cifelli,Harrison Polygon,2025-11,WARM_LEAD,true,false,false,false
9441,330 Angelo Cifelli,Harrison Polygon,2025-11,LEAD,false,false,false,false
9243,330 Angelo Cifelli,Harrison Polygon,2025-11,WARM_LEAD,true,false,false,false
9424,330 Angelo Cifelli,Harrison Polygon,2025-11,WARM_LEAD,true,false,false,false
9431,330W-56th,Hell's Kitchen Polygon,2025-11,LEAD,false,false,false,false
9412,330W-56th,Hell's Kitchen Polygon,2025-11,WARM_LEAD,false,false,false,false
9276,345 Baldwin Avenue,Floating Jersey,2025-11,LEAD,true,false,false,false
9054,345 Baldwin Avenue,Floating Jersey,2025-11,WARM_LEAD,true,false,false,false
9500,345 Baldwin Avenue,Floating Jersey,2025-11,LEAD,false,false,false,false
9490,420 Kent Avenue,Williamsburg Polygon,2025-11,LEAD,false,false,false,false
9360,420 Kent Avenue,Williamsburg Polygon,2025-11,ON_DEMAND_SUBSCRIPTION,true,true,false,true
9270,535 W 43rd Street,Hell's Kitchen Polygon,2025-11,LEAD,false,false,false,false
9369,535 W 43rd Street,Hell's Kitchen Polygon,2025-11,RECURRING_SUBSCRIPTION,true,true,true,false
9516,535 W 43rd Street,Hell's Kitchen Polygon,2025-11,LEAD,false,false,false,false
9269,535 W 43rd Street,Hell's Kitchen Polygon,2025-11,LEAD,true,false,false,false
9316,535 W 43rd Street,Hell's Kitchen Polygon,2025-11,LEAD,true,false,false,false
9062,535 W 43rd Street,Hell's Kitchen Polygon,2025-11,TRIAL,true,false,false,false
9324,655 Union,Floating NY 2,2025-11,WARM_LEAD,true,false,false,false
9377,655 Union,Boerum Hill Polygon,2025-11,RECURRING_SUBSCRIPTION,true,true,true,false
9193,66 Rockwell Place,Brooklyn Heights Polygon,2025-11,ON_DEMAND_SUBSCRIPTION,true,true,false,true
9380,66 Rockwell Place,Brooklyn Heights Polygon,2025-11,LEAD,false,false,false,false
9289,66 Rockwell Place,Brooklyn Heights Polygon,2025-11,RECURRING_SUBSCRIPTION,true,true,true,false
9388,66 Rockwell Place,Brooklyn Heights Polygon,2025-11,TRIAL,true,false,false,false
9503,66 Rockwell Place,Brooklyn Heights Polygon,2025-11,TRIAL,false,false,false,false
9493,66 Rockwell Place,Brooklyn Heights Polygon,2025-11,LEAD,false,false,false,false
9037,Agnes,Floating Jersey,2025-11,LEAD,true,false,false,false
9279,Alta,Floating NY 1,2025-11,LEAD,false,false,false,false
9232,Alta,Floating NY 1,2025-11,LEAD,false,false,false,false
9355,Alta,Floating NY 1,2025-11,LEAD,true,false,false,false
9364,Alta,Floating NY 1,2025-11,LEAD,false,false,false,false
9487,Alta,Floating NY 1,2025-11,LEAD,false,false,false,false
9342,Alta,Floating NY 1,2025-11,TRIAL,true,false,false,false
9365,Alta,Floating NY 1,2025-11,CHURN,true,false,false,false
9078,Alta,Floating NY 1,2025-11,ON_DEMAND_SUBSCRIPTION,false,true,false,true
9219,Alta,Floating NY 1,2025-11,LEAD,false,false,false,false
9086,Alta,Floating NY 1,2025-11,WARM_LEAD,false,false,false,false
9432,Alta,Floating NY 1,2025-11,LEAD,false,false,false,false
9186,Alta,Floating NY 1,2025-11,LEAD,false,false,false,false
9338,Alta,Floating NY 1,2025-11,LEAD,false,false,false,false
6496,Alta,Floating NY 1,2025-11,RECURRING_SUBSCRIPTION,true,true,true,false
9137,Alta,Floating NY 1,2025-11,LEAD,false,false,false,false
9244,Arabella 101,Floating NY 2,2025-11,LEAD,true,false,false,false
9363,Arabella 101,Floating NY 2,2025-11,LEAD,true,false,false,false
9116,Arabella 101,Floating NY 2,2025-11,LEAD,true,false,false,false
9047,Arabella 101,Floating NY 2,2025-11,LEAD,true,false,false,false
9057,Arabella 101,Floating NY 2,2025-11,LEAD,true,false,false,false
9132,Arabella 101,Floating NY 2,2025-11,LEAD,false,false,false,false
9073,Arabella 101,Floating NY 2,2025-11,LEAD,false,false,false,false
9170,Arabella 101,Floating NY 2,2025-11,LEAD,true,false,false,false
9049,Azrieli TLV,Unknown,2025-11,COLD_LEAD,false,false,false,false
9140,Azrieli TLV,Unknown,2025-11,LEAD,false,false,false,false
9176,Azrieli TLV,Unknown,2025-11,ON_DEMAND_SUBSCRIPTION,false,true,false,true
47,Azrieli TLV,Unknown,2025-11,TRIAL,false,false,false,false
9141,Azrieli TLV,Unknown,2025-11,LEAD,false,false,false,false
9198,Brooklyn Crossing,Boerum Hill Polygon,2025-11,LEAD,false,false,false,false
9052,Brooklyn Crossing,Boerum Hill Polygon,2025-11,RECURRING_SUBSCRIPTION,true,true,true,false
9319,Brooklyn Crossing,Boerum Hill Polygon,2025-11,WARM_LEAD,true,false,false,false
9181,Brooklyn Crossing,Boerum Hill Polygon,2025-11,RECURRING_SUBSCRIPTION,true,true,true,false
9343,Brooklyn Crossing,Boerum Hill Polygon,2025-11,LEAD,false,false,false,false
9174,Brooklyn Crossing,Boerum Hill Polygon,2025-11,WARM_LEAD,false,false,false,false
9201,Brooklyn Crossing,Boerum Hill Polygon,2025-11,WARM_LEAD,true,false,false,false
9508,Brooklyn Crossing,Boerum Hill Polygon,2025-11,LEAD,false,false,false,false
9070,Brooklyn Crossing,Boerum Hill Polygon,2025-11,LEAD,true,false,false,false
9052,Brooklyn Crossing,Boerum Hill Polygon,2025-11,RECURRING_SUBSCRIPTION,true,true,true,false
9348,Brooklyn Crossing,Boerum Hill Polygon,2025-11,CHURN,true,false,false,false
9389,Flamingo Point Center Tower,Miami Beach Polygon,2025-11,TRIAL,true,false,false,false
9238,Flamingo Point Center Tower,Miami Beach Polygon,2025-11,LEAD,false,false,false,false
9254,Flamingo Point Center Tower,Miami Beach Polygon,2025-11,WARM_LEAD,false,false,false,false
9228,Flamingo Point Center Tower,Miami Beach Polygon,2025-11,LEAD,false,false,false,false
9222,Flamingo Point Center Tower,Miami Beach Polygon,2025-11,LEAD,false,false,false,false
9231,Flamingo Point Center Tower,Miami Beach Polygon,2025-11,LEAD,true,false,false,false
9053,Flamingo Point Center Tower,Miami Beach Polygon,2025-11,LEAD,false,false,false,false
9226,Flamingo Point Center Tower,Miami Beach Polygon,2025-11,LEAD,false,false,false,false
9292,Flamingo Point Center Tower,Miami Beach Polygon,2025-11,TRIAL,false,false,false,false
9445,Flamingo Point Center Tower,Miami Beach Polygon,2025-11,LEAD,true,false,false,false
9213,Flamingo Point Center Tower,Miami Beach Polygon,2025-11,RECURRING_SUBSCRIPTION,true,true,true,false
9447,Flamingo Point Center Tower,Miami Beach Polygon,2025-11,RECURRING_SUBSCRIPTION,true,true,true,false
9200,Flamingo Point Center Tower,Miami Beach Polygon,2025-11,RECURRING_SUBSCRIPTION,true,true,true,false
9197,Flamingo Point Center Tower,Miami Beach Polygon,2025-11,LEAD,true,false,false,false
9290,Flamingo Point Center Tower,Miami Beach Polygon,2025-11,ON_DEMAND_SUBSCRIPTION,true,true,false,true
9236,Flamingo Point Center Tower,Miami Beach Polygon,2025-11,WARM_LEAD,false,false,false,false
8948,Flamingo Point Center Tower,Miami Beach Polygon,2025-11,WARM_LEAD,false,false,false,false
9225,Flamingo Point Center Tower,Miami Beach Polygon,2025-11,RECURRING_SUBSCRIPTION,true,true,true,false
9235,Flamingo Point Center Tower,Miami Beach Polygon,2025-11,LEAD,false,false,false,false
9362,Flamingo Point Center Tower,Miami Beach Polygon,2025-11,CHURN,false,false,false,false
9035,Flamingo Point Center Tower,Miami Beach Polygon,2025-11,CHURN,true,false,false,false
9135,Flamingo Point Center Tower,Miami Beach Polygon,2025-11,WARM_LEAD,false,false,false,false
9329,Flamingo Point Center Tower,Miami Beach Polygon,2025-11,LEAD,false,false,false,false
9090,Flamingo Point North Tower,Miami Beach Polygon,2025-11,LEAD,false,false,false,false
9227,Flamingo Point North Tower,Miami Beach Polygon,2025-11,TRIAL,true,false,false,false
9506,Flamingo Point North Tower,Miami Beach Polygon,2025-11,RECURRING_SUBSCRIPTION,true,true,true,false
9229,Flamingo Point North Tower,Miami Beach Polygon,2025-11,LEAD,false,false,false,false
9455,Flamingo Point North Tower,Miami Beach Polygon,2025-11,LEAD,false,false,false,false
9065,Flamingo Point North Tower,Miami Beach Polygon,2025-11,WARM_LEAD,true,false,false,false
9233,Flamingo Point North Tower,Miami Beach Polygon,2025-11,ON_DEMAND_SUBSCRIPTION,true,true,false,true
9273,Flamingo Point North Tower,Miami Beach Polygon,2025-11,ON_DEMAND_SUBSCRIPTION,true,true,false,true
9082,Flamingo Point North Tower,Miami Beach Polygon,2025-11,TRIAL,true,false,false,false
9183,Flamingo Point North Tower,Miami Beach Polygon,2025-11,ON_DEMAND_SUBSCRIPTION,false,true,false,true
9282,Flamingo Point North Tower,Miami Beach Polygon,2025-11,LEAD,false,false,false,false
9470,Flamingo Point North Tower,Miami Beach Polygon,2025-11,LEAD,false,false,false,false
9136,Flamingo Point North Tower,Miami Beach Polygon,2025-11,LEAD,false,false,false,false
9134,Flamingo Point North Tower,Miami Beach Polygon,2025-11,LEAD,false,false,false,false
9453,Flamingo Point North Tower,Miami Beach Polygon,2025-11,LEAD,true,false,false,false
7917,Flamingo Point North Tower,Miami Beach Polygon,2025-11,LEAD,true,false,false,false
9448,Flamingo Point North Tower,Miami Beach Polygon,2025-11,WARM_LEAD,false,false,false,false
9390,Flamingo Point North Tower,Miami Beach Polygon,2025-11,LEAD,false,false,false,false
9230,Flamingo South Beach,Miami Beach Polygon,2025-11,RECURRING_SUBSCRIPTION,true,true,true,false
7948,Flamingo South Beach,Miami Beach Polygon,2025-11,CHURN,true,false,false,false
9458,Flamingo South Beach,Miami Beach Polygon,2025-11,WARM_LEAD,true,false,false,false
9224,Flamingo South Beach,Miami Beach Polygon,2025-11,LEAD,false,false,false,false
9340,Flamingo South Beach,Miami Beach Polygon,2025-11,LEAD,false,false,false,false
9194,Flamingo South Beach,Miami Beach Polygon,2025-11,LEAD,false,false,false,false
2668,Gindi 1,Unknown,2025-11,COLD_LEAD,false,false,false,false
3157,Gindi 1,Unknown,2025-11,COLD_LEAD,false,false,false,false
9497,Gindi 2,Unknown,2025-11,LEAD,false,false,false,false
1420,Gindi 2,Unknown,2025-11,TRIAL,false,false,false,false
387,Gindi 2,Unknown,2025-11,CHURN,true,false,false,false
1008,Gindi 3,Unknown,2025-11,COLD_LEAD,false,false,false,false
10566,Gindi 3,Unknown,2025-11,LEAD,false,false,false,false
3033,Gindi 3,Unknown,2025-11,COLD_LEAD,false,false,false,false
9043,Gindi 3,Unknown,2025-11,LEAD,false,false,false,false
242,Gindi 3,Unknown,2025-11,COLD_LEAD,false,false,false,false
1766,Gindi 3,Unknown,2025-11,COLD_LEAD,false,false,false,false
10566,Gindi 3,Unknown,2025-11,LEAD,false,false,false,false
9046,Gindi 4,Unknown,2025-11,CHURN,false,false,false,false
9046,Gindi 4,Unknown,2025-11,CHURN,false,false,false,false
9190,Gindi 4,Unknown,2025-11,CHURN,false,false,false,false
9462,Gindi 4,Unknown,2025-11,WARM_LEAD,false,false,false,false
9036,Gindi 4,Unknown,2025-11,COLD_LEAD,true,false,false,false
9044,Gindi 4,Unknown,2025-11,WARM_LEAD,false,false,false,false
9283,Gindi 4,Unknown,2025-11,WARM_LEAD,false,false,false,false
9288,Gindi 4,Unknown,2025-11,COLD_LEAD,false,false,false,false
8825,Gindi 4,Unknown,2025-11,COLD_LEAD,false,false,false,false
9664,Gindi 4,Unknown,2025-11,LEAD,false,false,false,false
9223,Gindi 4,Unknown,2025-11,CHURN,true,false,false,false
9495,Gindi 4,Unknown,2025-11,LEAD,false,false,false,false
7639,Gindi 4,Unknown,2025-11,COLD_LEAD,false,false,false,false
9510,Gindi 4,Unknown,2025-11,WARM_LEAD,false,false,false,false
9061,Gindi 4,Unknown,2025-11,COLD_LEAD,false,false,false,false
9221,Gindi 4,Unknown,2025-11,CHURN,false,false,false,false
9510,Gindi 4,Unknown,2025-11,WARM_LEAD,false,false,false,false
8883,Gindi 4,Unknown,2025-11,COLD_LEAD,true,false,false,false
9237,Gindi 4,Unknown,2025-11,LEAD,false,false,false,false
9209,Grove Central Residences,Floating Miami,2025-11,LEAD,false,false,false,false
9379,Grove Central Residences,Floating Miami,2025-11,TRIAL,true,false,false,false
9468,Grove Central Residences,Floating Miami,2025-11,LEAD,false,false,false,false
9051,Grove Central Residences,Floating Miami,2025-11,LEAD,false,false,false,false
9287,Grove Central Residences,Floating Miami,2025-11,LEAD,false,false,false,false
9387,Grove Central Residences,Floating Miami,2025-11,LEAD,false,false,false,false
9286,Grove Central Residences,Floating Miami,2025-11,LEAD,false,false,false,false
6540,HaHehad,Unknown,2025-11,COLD_LEAD,false,false,false,false
6375,HaHehad,Unknown,2025-11,TRIAL,true,false,false,false
6455,HaHehad,Unknown,2025-11,WARM_LEAD,false,false,false,false
8198,HaHehad,Unknown,2025-11,LEAD,false,false,false,false
6455,HaHehad,Unknown,2025-11,WARM_LEAD,false,false,false,false
1292,John Street 116,Financial District Polygon,2025-11,TRIAL,false,false,false,false
9420,John Street 116,Financial District Polygon,2025-11,LEAD,false,false,false,false
9274,John Street 116,Financial District Polygon,2025-11,WARM_LEAD,false,false,false,false
2304,John Street 116,Financial District Polygon,2025-11,FREEMIUM,true,false,false,false
9248,John Street 116,Financial District Polygon,2025-11,LEAD,false,false,false,false
9295,John Street 116,Financial District Polygon,2025-11,LEAD,false,false,false,false
9206,Midtown 5,Floating Miami,2025-11,LEAD,false,false,false,false
9205,Midtown 5,Floating Miami,2025-11,RECURRING_SUBSCRIPTION,true,true,true,false
9247,Midtown 5,Floating Miami,2025-11,TRIAL,false,false,false,false
9498,Midtown 5,Floating Miami,2025-11,RECURRING_SUBSCRIPTION,true,true,true,false
9207,Midtown 5,Floating Miami,2025-11,WARM_LEAD,false,false,false,false
9182,Midtown 5,Floating Miami,2025-11,TRIAL,true,false,false,false
9246,Midtown 5,Floating Miami,2025-11,LEAD,true,false,false,false
9215,Midtown 5,Floating Miami,2025-11,RECURRING_SUBSCRIPTION,true,true,true,false
9465,Midtown 5,Floating Miami,2025-11,WARM_LEAD,true,false,false,false
9214,Midtown 5,Floating Miami,2025-11,LEAD,false,false,false,false
9293,Midtown 5,Floating Miami,2025-11,LEAD,false,false,false,false
9083,Midtown 5,Floating Miami,2025-11,LEAD,false,false,false,false
9442,Midtown 5,Floating Miami,2025-11,LEAD,false,false,false,false
9440,Midtown 5,Floating Miami,2025-11,RECURRING_SUBSCRIPTION,true,true,true,false
9481,Midtown 5,Floating Miami,2025-11,LEAD,false,false,false,false
9492,Midtown 5,Floating Miami,2025-11,LEAD,false,false,false,false
9088,Midtown 5,Floating Miami,2025-11,LEAD,false,false,false,false
9199,Midtown 5,Floating Miami,2025-11,WARM_LEAD,true,false,false,false
9204,Midtown 5,Floating Miami,2025-11,TRIAL,false,false,false,false
9212,Midtown 5,Floating Miami,2025-11,LEAD,false,false,false,false
9071,Midtown 5,Floating Miami,2025-11,LEAD,true,false,false,false
9285,Midtown 5,Floating Miami,2025-11,LEAD,true,false,false,false
9501,Midtown 5,Floating Miami,2025-11,WARM_LEAD,true,false,false,false
2080,Nine 52,Hell's Kitchen Polygon,2025-11,FREEMIUM,false,false,false,false
8572,Nine 52,Hell's Kitchen Polygon,2025-11,LEAD,false,false,false,false
2464,Nine 52,Hell's Kitchen Polygon,2025-11,TRIAL,true,false,false,false
9173,Oliver on the Hudson,Floating Jersey,2025-11,LEAD,true,false,false,false
9171,Oliver on the Hudson,Floating Jersey,2025-11,TRIAL,false,false,false,false
9433,Oliver on the Hudson,Floating Jersey,2025-11,WARM_LEAD,true,false,false,false
9331,Oliver on the Hudson,Floating Jersey,2025-11,LEAD,true,false,false,false
9172,Oliver on the Hudson,Floating Jersey,2025-11,LEAD,false,false,false,false
9202,Oliver on the Hudson,Floating Jersey,2025-11,LEAD,false,false,false,false
9331,Oliver on the Hudson,Floating Jersey,2025-11,LEAD,true,false,false,false
9334,Oliver on the Hudson,Floating Jersey,2025-11,LEAD,false,false,false,false
9121,Oliver on the Hudson,Floating Jersey,2025-11,LEAD,false,false,false,false
9330,Oliver on the Hudson,Floating Jersey,2025-11,LEAD,true,false,false,false
9336,Oliver on the Hudson,Floating Jersey,2025-11,LEAD,false,false,false,false
9081,Oliver on the Hudson,Floating Jersey,2025-11,LEAD,false,false,false,false
9179,Oliver on the Hudson,Floating Jersey,2025-11,LEAD,false,false,false,false
9337,Oliver on the Hudson,Floating Jersey,2025-11,LEAD,false,false,false,false
9336,Oliver on the Hudson,Floating Jersey,2025-11,LEAD,false,false,false,false
9430,Oliver on the Hudson,Floating Jersey,2025-11,LEAD,false,false,false,false
9318,Oliver on the Hudson,Floating Jersey,2025-11,RECURRING_SUBSCRIPTION,true,true,true,false
9332,Oliver on the Hudson,Floating Jersey,2025-11,LEAD,false,false,false,false
9376,One Ten,Hoboken Polygon,2025-11,RECURRING_SUBSCRIPTION,true,true,true,false
9185,One Ten,Hoboken Polygon,2025-11,RECURRING_SUBSCRIPTION,true,true,true,false
9249,One Ten,Hoboken Polygon,2025-11,LEAD,false,false,false,false
9488,Plank Road,Boerum Hill Polygon,2025-11,LEAD,false,false,false,false
9041,Plank Road,Boerum Hill Polygon,2025-11,LEAD,true,false,false,false
9091,Plank Road,Boerum Hill Polygon,2025-11,LEAD,true,false,false,false
4261,River Place,Hell's Kitchen Polygon,2025-11,FREEMIUM,false,false,false,false
4498,River Place,Hell's Kitchen Polygon,2025-11,FREEMIUM,true,false,false,false
4560,River Place,Hell's Kitchen Polygon,2025-11,FREEMIUM,false,false,false,false
9507,River Place,Hell's Kitchen Polygon,2025-11,LEAD,true,false,false,false
4373,River Place,Hell's Kitchen Polygon,2025-11,FREEMIUM,false,false,false,false
3114,River Place,Hell's Kitchen Polygon,2025-11,FREEMIUM,false,false,false,false
9138,River Place,Hell's Kitchen Polygon,2025-11,LEAD,false,false,false,false
9419,River Place,Hell's Kitchen Polygon,2025-11,LEAD,false,false,false,false
4355,River Place,Hell's Kitchen Polygon,2025-11,FREEMIUM,false,false,false,false
9454,River Place,Hell's Kitchen Polygon,2025-11,LEAD,false,false,false,false
4560,River Place,Hell's Kitchen Polygon,2025-11,FREEMIUM,false,false,false,false
9459,Silver Towers,Hell's Kitchen Polygon,2025-11,WARM_LEAD,false,false,false,false
6459,Silver Towers,Hell's Kitchen Polygon,2025-11,WARM_LEAD,false,false,false,false
9434,Silver Towers,Hell's Kitchen Polygon,2025-11,LEAD,false,false,false,false
4708,Silver Towers,Hell's Kitchen Polygon,2025-11,RECURRING_SUBSCRIPTION,false,true,true,false
5002,Silver Towers,Hell's Kitchen Polygon,2025-11,FREEMIUM,false,false,false,false
518,Silver Towers,Hell's Kitchen Polygon,2025-11,ON_DEMAND_SUBSCRIPTION,true,true,false,true
684,Silver Towers,Hell's Kitchen Polygon,2025-11,CHURN,true,false,false,false
428,Silver Towers,Hell's Kitchen Polygon,2025-11,ON_DEMAND_SUBSCRIPTION,true,true,false,true
9281,Silver Towers,Hell's Kitchen Polygon,2025-11,WARM_LEAD,false,false,false,false
4682,Silver Towers,Hell's Kitchen Polygon,2025-11,FREEMIUM,false,false,false,false
9451,Silver Towers,Hell's Kitchen Polygon,2025-11,LEAD,false,false,false,false
4765,Silver Towers,Hell's Kitchen Polygon,2025-11,FREEMIUM,false,false,false,false
9216,Stonehill,Chatham / West Orange Polygon,2025-11,LEAD,true,false,false,false
8925,The Addison,Brooklyn Heights Polygon,2025-11,WARM_LEAD,true,false,false,false
9158,The Addison,Brooklyn Heights Polygon,2025-11,LEAD,false,false,false,false
9144,The Addison,Brooklyn Heights Polygon,2025-11,LEAD,true,false,false,false
9156,The Addison,Brooklyn Heights Polygon,2025-11,LEAD,false,false,false,false
9161,The Addison,Brooklyn Heights Polygon,2025-11,LEAD,false,false,false,false
9157,The Addison,Brooklyn Heights Polygon,2025-11,LEAD,true,false,false,false
9146,The Addison,Brooklyn Heights Polygon,2025-11,LEAD,false,false,false,false
9163,The Addison,Brooklyn Heights Polygon,2025-11,LEAD,false,false,false,false
9164,The Addison,Brooklyn Heights Polygon,2025-11,LEAD,false,false,false,false
9142,The Addison,Brooklyn Heights Polygon,2025-11,LEAD,true,false,false,false
9167,The Addison,Brooklyn Heights Polygon,2025-11,LEAD,false,false,false,false
9165,The Addison,Brooklyn Heights Polygon,2025-11,LEAD,false,false,false,false
9271,The Addison,Brooklyn Heights Polygon,2025-11,LEAD,false,false,false,false
9133,The Addison,Brooklyn Heights Polygon,2025-11,LEAD,true,false,false,false
9162,The Addison,Brooklyn Heights Polygon,2025-11,WARM_LEAD,true,false,false,false
9143,The Addison,Brooklyn Heights Polygon,2025-11,LEAD,false,false,false,false
9155,The Addison,Brooklyn Heights Polygon,2025-11,LEAD,false,false,false,false
9147,The Addison,Brooklyn Heights Polygon,2025-11,LEAD,false,false,false,false
9153,The Addison,Brooklyn Heights Polygon,2025-11,LEAD,true,false,false,false
9148,The Addison,Brooklyn Heights Polygon,2025-11,LEAD,true,false,false,false
9154,The Addison,Brooklyn Heights Polygon,2025-11,LEAD,false,false,false,false
9154,The Addison,Brooklyn Heights Polygon,2025-11,LEAD,false,false,false,false
9151,The Addison,Brooklyn Heights Polygon,2025-11,CHURN,false,false,false,false
9396,The Addison,Brooklyn Heights Polygon,2025-11,LEAD,false,false,false,false
9284,The Addison,Brooklyn Heights Polygon,2025-11,LEAD,false,false,false,false
9149,The Addison,Brooklyn Heights Polygon,2025-11,LEAD,true,false,false,false
9150,The Addison,Brooklyn Heights Polygon,2025-11,RECURRING_SUBSCRIPTION,false,true,true,false
9160,The Addison,Brooklyn Heights Polygon,2025-11,LEAD,false,false,false,false
9152,The Addison,Brooklyn Heights Polygon,2025-11,CHURN,true,false,false,false
9145,The Addison,Brooklyn Heights Polygon,2025-11,LEAD,true,false,false,false
9166,The Addison,Brooklyn Heights Polygon,2025-11,WARM_LEAD,true,false,false,false
9175,The Addison,Brooklyn Heights Polygon,2025-11,WARM_LEAD,true,false,false,false
9159,The Addison,Brooklyn Heights Polygon,2025-11,LEAD,false,false,false,false
9301,The Bergen,Boerum Hill Polygon,2025-11,RECURRING_SUBSCRIPTION,true,true,true,false
7556,The Bergen,Boerum Hill Polygon,2025-11,CHURN,true,false,false,false
9038,The Boulevard,Floating Miami,2025-11,LEAD,false,false,false,false
9168,The Boulevard,Floating Miami,2025-11,ON_DEMAND_SUBSCRIPTION,true,true,false,true
9039,The Boulevard,Floating Miami,2025-11,LEAD,false,false,false,false
9178,The Boulevard,Floating Miami,2025-11,LEAD,false,false,false,false
9177,The Boulevard,Floating Miami,2025-11,LEAD,false,false,false,false
6344,The Boulevard,Floating Miami,2025-11,WARM_LEAD,false,false,false,false
9323,The Boulevard,Floating Miami,2025-11,LEAD,false,false,false,false
9087,The Boulevard,Floating Miami,2025-11,LEAD,false,false,false,false
9478,The Boulevard,Floating Miami,2025-11,ON_DEMAND_SUBSCRIPTION,true,true,false,true
9413,The Buchanan,Floating NY 1,2025-11,RECURRING_SUBSCRIPTION,true,true,true,false
9242,The Buchanan,Floating NY 1,2025-11,LEAD,false,false,false,false
9120,The Buchanan,Floating NY 1,2025-11,LEAD,true,false,false,false
9040,The Buchanan,Floating NY 1,2025-11,LEAD,true,false,false,false
9423,The Devan,Hoboken Polygon,2025-11,LEAD,false,false,false,false
9075,The Devan,Hoboken Polygon,2025-11,LEAD,false,false,false,false
9515,The Devan,Hoboken Polygon,2025-11,LEAD,true,false,false,false
7373,The Devan,Hoboken Polygon,2025-11,WARM_LEAD,true,false,false,false
9084,The Devan,Hoboken Polygon,2025-11,WARM_LEAD,true,false,false,false
9072,The Devan,Hoboken Polygon,2025-11,LEAD,false,false,false,false
9068,The Devan,Hoboken Polygon,2025-11,LEAD,true,false,false,false
5353,The Devan,Hoboken Polygon,2025-11,LEAD,false,false,false,false
9422,The Devan,Hoboken Polygon,2025-11,LEAD,false,false,false,false
9502,The Devan,Hoboken Polygon,2025-11,RECURRING_SUBSCRIPTION,true,true,true,false
9496,The Devan,Hoboken Polygon,2025-11,LEAD,false,false,false,false
9428,The Devan,Hoboken Polygon,2025-11,LEAD,true,false,false,false
6289,The Devan,Hoboken Polygon,2025-11,WARM_LEAD,true,false,false,false
9066,The Devan,Hoboken Polygon,2025-11,ON_DEMAND_SUBSCRIPTION,true,true,false,true
9353,The Devan,Hoboken Polygon,2025-11,TRIAL,true,false,false,false
9067,The Devan,Hoboken Polygon,2025-11,LEAD,false,false,false,false
9299,The Dime,Williamsburg Polygon,2025-11,LEAD,true,false,false,false
9314,The Dime,Williamsburg Polygon,2025-11,RECURRING_SUBSCRIPTION,true,true,true,false
9309,The Dime,Williamsburg Polygon,2025-11,LEAD,true,false,false,false
9302,The Dime,Williamsburg Polygon,2025-11,LEAD,false,false,false,false
9310,The Dime,Williamsburg Polygon,2025-11,WARM_LEAD,false,false,false,false
9312,The Dime,Williamsburg Polygon,2025-11,LEAD,false,false,false,false
9311,The Dime,Williamsburg Polygon,2025-11,RECURRING_SUBSCRIPTION,false,true,true,false
9308,The Dime,Williamsburg Polygon,2025-11,LEAD,false,false,false,false
9307,The Dime,Williamsburg Polygon,2025-11,LEAD,false,false,false,false
9306,The Dime,Williamsburg Polygon,2025-11,LEAD,false,false,false,false
9313,The Dime,Williamsburg Polygon,2025-11,WARM_LEAD,false,false,false,false
9305,The Dime,Williamsburg Polygon,2025-11,LEAD,false,false,false,false
9304,The Dime,Williamsburg Polygon,2025-11,LEAD,false,false,false,false
9303,The Dime,Williamsburg Polygon,2025-11,LEAD,false,false,false,false
9297,The Dime,Williamsburg Polygon,2025-11,WARM_LEAD,true,false,false,false
9315,The Dime,Williamsburg Polygon,2025-11,LEAD,false,false,false,false
9298,The Dime,Williamsburg Polygon,2025-11,LEAD,false,false,false,false
9300,The Dime,Williamsburg Polygon,2025-11,LEAD,false,false,false,false
9397,The Eddy,Harrison Polygon,2025-11,TRIAL,false,false,false,false
2653,The Eddy,Harrison Polygon,2025-11,FREEMIUM,false,false,false,false
9253,The Eddy,Harrison Polygon,2025-11,WARM_LEAD,false,false,false,false
9421,The Eddy,Harrison Polygon,2025-11,LEAD,false,false,false,false
9335,The Eddy,Harrison Polygon,2025-11,LEAD,false,false,false,false
9504,The Eddy,Harrison Polygon,2025-11,LEAD,true,false,false,false
9425,The Eddy,Harrison Polygon,2025-11,LEAD,false,false,false,false
9400,The Eddy,Harrison Polygon,2025-11,LEAD,false,false,false,false
9085,The Eddy,Harrison Polygon,2025-11,LEAD,false,false,false,false
2350,The Eddy,Harrison Polygon,2025-11,FREEMIUM,false,false,false,false
9089,The Enclave,Hoboken Polygon,2025-11,LEAD,false,false,false,false
9169,The Enclave,Hoboken Polygon,2025-11,LEAD,false,false,false,false
9391,The Ivy,Chatham / West Orange Polygon,2025-11,LEAD,false,false,false,false
9119,The Ivy,Chatham / West Orange Polygon,2025-11,LEAD,false,false,false,false
9123,The Ivy,Chatham / West Orange Polygon,2025-11,LEAD,false,false,false,false
9124,The Ivy,Chatham / West Orange Polygon,2025-11,LEAD,false,false,false,false
9125,The Ivy,Chatham / West Orange Polygon,2025-11,LEAD,false,false,false,false
9127,The Ivy,Chatham / West Orange Polygon,2025-11,LEAD,false,false,false,false
1443,The Ivy,Chatham / West Orange Polygon,2025-11,FREEMIUM,false,false,false,false
9128,The Ivy,Chatham / West Orange Polygon,2025-11,LEAD,true,false,false,false
9272,The Ivy,Chatham / West Orange Polygon,2025-11,LEAD,false,false,false,false
9074,The Ivy,Chatham / West Orange Polygon,2025-11,WARM_LEAD,false,false,false,false
1450,The Ivy,Chatham / West Orange Polygon,2025-11,FREEMIUM,true,false,false,false
9126,The Ivy,Chatham / West Orange Polygon,2025-11,RECURRING_SUBSCRIPTION,true,true,true,false
9220,The Ivy,Chatham / West Orange Polygon,2025-11,LEAD,false,false,false,false
9296,The Ivy,Chatham / West Orange Polygon,2025-11,LEAD,true,false,false,false
9130,The Ivy,Chatham / West Orange Polygon,2025-11,LEAD,true,false,false,false
9469,The Ivy,Chatham / West Orange Polygon,2025-11,LEAD,false,false,false,false
9341,The Ivy,Chatham / West Orange Polygon,2025-11,LEAD,true,false,false,false
9414,The Kestrel,Floating NY 2,2025-11,LEAD,false,false,false,false
9320,The Kestrel,Floating NY 2,2025-11,CHURN,true,false,false,false
9320,The Kestrel,Floating NY 2,2025-11,CHURN,true,false,false,false
9256,The Landing,Brooklyn Heights Polygon,2025-11,LEAD,false,false,false,false
9266,The Landing,Brooklyn Heights Polygon,2025-11,LEAD,false,false,false,false
9265,The Landing,Brooklyn Heights Polygon,2025-11,LEAD,false,false,false,false
9260,The Landing,Brooklyn Heights Polygon,2025-11,LEAD,true,false,false,false
9399,The Landing,Brooklyn Heights Polygon,2025-11,LEAD,true,false,false,false
9261,The Landing,Brooklyn Heights Polygon,2025-11,LEAD,false,false,false,false
9268,The Landing,Brooklyn Heights Polygon,2025-11,LEAD,true,false,false,false
9257,The Landing,Brooklyn Heights Polygon,2025-11,LEAD,false,false,false,false
9262,The Landing,Brooklyn Heights Polygon,2025-11,LEAD,false,false,false,false
9259,The Landing,Brooklyn Heights Polygon,2025-11,LEAD,false,false,false,false
9258,The Landing,Brooklyn Heights Polygon,2025-11,LEAD,false,false,false,false
9264,The Landing,Brooklyn Heights Polygon,2025-11,RECURRING_SUBSCRIPTION,true,true,true,false
9267,The Landing,Brooklyn Heights Polygon,2025-11,LEAD,false,false,false,false
9048,The Landing,Brooklyn Heights Polygon,2025-11,RECURRING_SUBSCRIPTION,true,true,true,false
9263,The Landing,Brooklyn Heights Polygon,2025-11,LEAD,false,false,false,false
9251,The Landon,Hell's Kitchen Polygon,2025-11,WARM_LEAD,false,false,false,false
9317,The Landon,Hell's Kitchen Polygon,2025-11,WARM_LEAD,true,false,false,false
9217,The Landon,Hell's Kitchen Polygon,2025-11,RECURRING_SUBSCRIPTION,true,true,true,false
9129,The Landon,Hell's Kitchen Polygon,2025-11,RECURRING_SUBSCRIPTION,true,true,true,false
9250,The Landon,Hell's Kitchen Polygon,2025-11,LEAD,false,false,false,false
9252,The Landon,Hell's Kitchen Polygon,2025-11,LEAD,false,false,false,false
9394,The Vitagraph,Floating NY 2,2025-11,LEAD,true,false,false,false
9395,The Vitagraph,Floating NY 2,2025-11,LEAD,true,false,false,false
9429,The Vitagraph,Floating NY 2,2025-11,LEAD,true,false,false,false
9439,The Vitagraph,Floating NY 2,2025-11,LEAD,false,false,false,false
9415,The Vitagraph,Floating NY 2,2025-11,CHURN,true,false,false,false
9187,The Vitagraph,Floating NY 2,2025-11,LEAD,false,false,false,false
9280,Union Channel ,Boerum Hill Polygon,2025-11,LEAD,true,false,false,false
9352,Woodside Central,Floating NY 1,2025-11,LEAD,false,false,false,false
9350,Woodside Central,Floating NY 1,2025-11,LEAD,false,false,false,false
9346,Woodside Central,Floating NY 1,2025-11,LEAD,false,false,false,false
9366,Woodside Central,Floating NY 1,2025-11,WARM_LEAD,true,false,false,false
9378,Woodside Central,Floating NY 1,2025-11,TRIAL,true,false,false,false
9351,Woodside Central,Floating NY 1,2025-11,LEAD,false,false,false,false
9382,Woodside Central,Floating NY 1,2025-11,TRIAL,true,false,false,false
9359,Woodside Central,Floating NY 1,2025-11,LEAD,false,false,false,false
9180,Woodside Central,Floating NY 1,2025-11,LEAD,false,false,false,false
9378,Woodside Central,Floating NY 1,2025-11,TRIAL,true,false,false,false
9347,Woodside Central,Floating NY 1,2025-11,WARM_LEAD,false,false,false,false
9354,Woodside Central,Floating NY 1,2025-11,LEAD,false,false,false,false
9356,Woodside Central,Floating NY 1,2025-11,LEAD,false,false,false,false
9357,Woodside Central,Floating NY 1,2025-11,LEAD,false,false,false,false
9358,Woodside Central,Floating NY 1,2025-11,LEAD,false,false,false,false
6345,Woodside Central,Floating NY 1,2025-11,LEAD,true,false,false,false
9614,100 House,Hoboken Polygon,2025-12,LEAD,false,false,false,false
9655,100 House,Hoboken Polygon,2025-12,LEAD,false,false,false,false
9728,1 Boerum PL,Floating NY 2,2025-12,WARM_LEAD,true,false,false,false
9599,2000 Biscayne,Edgeater Polygon,2025-12,LEAD,true,false,false,false
9580,2000 Biscayne,Edgeater Polygon,2025-12,LEAD,false,false,false,false
9583,2000 Biscayne,Edgeater Polygon,2025-12,TRIAL,true,false,false,false
9693,2000 Biscayne,Edgeater Polygon,2025-12,LEAD,false,false,false,false
9581,2000 Biscayne,Edgeater Polygon,2025-12,LEAD,false,false,false,false
9755,2000 Biscayne,Edgeater Polygon,2025-12,WARM_LEAD,true,false,false,false
9560,2000 Biscayne,Edgeater Polygon,2025-12,LEAD,false,false,false,false
9642,2000 Biscayne,Edgeater Polygon,2025-12,WARM_LEAD,false,false,false,false
9626,2000 Biscayne,Edgeater Polygon,2025-12,LEAD,false,false,false,false
9536,2000 Biscayne,Edgeater Polygon,2025-12,ON_DEMAND_SUBSCRIPTION,false,true,false,true
9605,2000 Biscayne,Edgeater Polygon,2025-12,LEAD,false,false,false,false
9537,2000 Biscayne,Edgeater Polygon,2025-12,LEAD,true,false,false,false
9785,2000 Biscayne,Edgeater Polygon,2025-12,LEAD,true,false,false,false
9648,2000 Biscayne,Edgeater Polygon,2025-12,LEAD,false,false,false,false
9587,2000 Biscayne,Edgeater Polygon,2025-12,LEAD,true,false,false,false
9590,2000 Biscayne,Edgeater Polygon,2025-12,TRIAL,false,false,false,false
9651,2000 Biscayne,Edgeater Polygon,2025-12,LEAD,false,false,false,false
9591,2000 Biscayne,Edgeater Polygon,2025-12,LEAD,false,false,false,false
9650,2000 Biscayne,Edgeater Polygon,2025-12,RECURRING_SUBSCRIPTION,true,true,true,false
9701,2000 Biscayne,Edgeater Polygon,2025-12,LEAD,true,false,false,false
9578,2000 Biscayne,Edgeater Polygon,2025-12,ON_DEMAND_SUBSCRIPTION,true,true,false,true
9771,2000 Biscayne,Edgeater Polygon,2025-12,RECURRING_SUBSCRIPTION,true,true,true,false
9697,2000 Biscayne,Edgeater Polygon,2025-12,WARM_LEAD,true,false,false,false
9594,2000 Biscayne,Edgeater Polygon,2025-12,LEAD,true,false,false,false
9509,2000 Biscayne,Edgeater Polygon,2025-12,LEAD,false,false,false,false
9592,2000 Biscayne,Edgeater Polygon,2025-12,LEAD,false,false,false,false
9589,2000 Biscayne,Edgeater Polygon,2025-12,LEAD,false,false,false,false
9544,2000 Biscayne,Edgeater Polygon,2025-12,LEAD,true,false,false,false
9600,2000 Biscayne,Edgeater Polygon,2025-12,LEAD,false,false,false,false
9562,2000 Biscayne,Edgeater Polygon,2025-12,LEAD,false,false,false,false
9825,2000 Biscayne,Edgeater Polygon,2025-12,WARM_LEAD,false,false,false,false
9602,2000 Biscayne,Edgeater Polygon,2025-12,LEAD,false,false,false,false
9584,2000 Biscayne,Edgeater Polygon,2025-12,LEAD,false,false,false,false
9647,2000 Biscayne,Edgeater Polygon,2025-12,RECURRING_SUBSCRIPTION,false,true,true,false
9479,2000 Biscayne,Edgeater Polygon,2025-12,ON_DEMAND_SUBSCRIPTION,false,true,false,true
9808,2000 Biscayne,Edgeater Polygon,2025-12,LEAD,false,false,false,false
9757,2000 Biscayne,Edgeater Polygon,2025-12,WARM_LEAD,true,false,false,false
9613,2000 Biscayne,Edgeater Polygon,2025-12,ON_DEMAND_SUBSCRIPTION,false,true,false,true
9593,2000 Biscayne,Edgeater Polygon,2025-12,LEAD,false,false,false,false
9588,2000 Biscayne,Edgeater Polygon,2025-12,WARM_LEAD,true,false,false,false
9597,2000 Biscayne,Edgeater Polygon,2025-12,CHURN,true,false,false,false
9773,2000 Biscayne,Edgeater Polygon,2025-12,LEAD,false,false,false,false
9768,2000 Biscayne,Edgeater Polygon,2025-12,RECURRING_SUBSCRIPTION,true,true,true,false
9799,20 Broad Street,Financial District Polygon,2025-12,LEAD,false,false,false,false
9832,20 Broad Street,Financial District Polygon,2025-12,WARM_LEAD,true,false,false,false
9801,20 Broad Street,Financial District Polygon,2025-12,WARM_LEAD,true,false,false,false
9798,20 Broad Street,Financial District Polygon,2025-12,LEAD,false,false,false,false
9709,20 Broad Street,Financial District Polygon,2025-12,CHURN,true,false,false,false
9800,20 Broad Street,Financial District Polygon,2025-12,LEAD,false,false,false,false
9802,20 Broad Street,Financial District Polygon,2025-12,LEAD,false,false,false,false
9806,20 Broad Street,Financial District Polygon,2025-12,LEAD,true,false,false,false
9794,20 Broad Street,Financial District Polygon,2025-12,LEAD,true,false,false,false
9793,20 Broad Street,Financial District Polygon,2025-12,LEAD,false,false,false,false
9795,20 Broad Street,Financial District Polygon,2025-12,LEAD,false,false,false,false
9806,20 Broad Street,Financial District Polygon,2025-12,LEAD,true,false,false,false
9807,20 Broad Street,Financial District Polygon,2025-12,LEAD,false,false,false,false
9838,20 Broad Street,Financial District Polygon,2025-12,LEAD,true,false,false,false
9620,20 Broad Street,Financial District Polygon,2025-12,LEAD,true,false,false,false
9796,20 Broad Street,Financial District Polygon,2025-12,LEAD,false,false,false,false
9802,20 Broad Street,Financial District Polygon,2025-12,LEAD,false,false,false,false
9804,20 Broad Street,Financial District Polygon,2025-12,ON_DEMAND_SUBSCRIPTION,true,true,false,true
9797,20 Broad Street,Financial District Polygon,2025-12,LEAD,false,false,false,false
9801,20 Broad Street,Financial District Polygon,2025-12,WARM_LEAD,true,false,false,false
9573,220 East 72nd Street,Floating NY 2,2025-12,LEAD,false,false,false,false
9616,300 Somerset,Harrison Polygon,2025-12,LEAD,true,false,false,false
9668,330 Angelo Cifelli,Harrison Polygon,2025-12,LEAD,false,false,false,false
9703,330 Angelo Cifelli,Harrison Polygon,2025-12,RECURRING_SUBSCRIPTION,true,true,true,false
9696,330 Angelo Cifelli,Harrison Polygon,2025-12,LEAD,false,false,false,false
9828,330 Angelo Cifelli,Harrison Polygon,2025-12,LEAD,false,false,false,false
9535,330W-56th,Hell's Kitchen Polygon,2025-12,LEAD,false,false,false,false
9658,420 Kent Avenue,Williamsburg Polygon,2025-12,CHURN,false,false,false,false
9540,420 Kent Avenue,Williamsburg Polygon,2025-12,LEAD,false,false,false,false
9662,535 W 43rd Street,Hell's Kitchen Polygon,2025-12,LEAD,false,false,false,false
9816,535 W 43rd Street,Hell's Kitchen Polygon,2025-12,LEAD,false,false,false,false
9550,655 Union,Boerum Hill Polygon,2025-12,LEAD,false,false,false,false
9571,655 Union,Boerum Hill Polygon,2025-12,CHURN,false,false,false,false
9549,655 Union,Boerum Hill Polygon,2025-12,LEAD,false,false,false,false
9841,655 Union,Boerum Hill Polygon,2025-12,WARM_LEAD,true,false,false,false
9547,655 Union,Boerum Hill Polygon,2025-12,LEAD,false,false,false,false
9548,655 Union,Boerum Hill Polygon,2025-12,LEAD,false,false,false,false
9546,655 Union,Boerum Hill Polygon,2025-12,LEAD,false,false,false,false
9545,655 Union,Boerum Hill Polygon,2025-12,LEAD,false,false,false,false
9625,66 Rockwell Place,Brooklyn Heights Polygon,2025-12,CHURN,true,false,false,false
9837,66 Rockwell Place,Brooklyn Heights Polygon,2025-12,LEAD,false,false,false,false
9524,829 Garfield,Floating Jersey,2025-12,LEAD,true,false,false,false
9716,Agnes,Floating Jersey,2025-12,LEAD,true,false,false,false
9539,Agnes,Floating Jersey,2025-12,LEAD,false,false,false,false
9849,Agnes,Floating Jersey,2025-12,LEAD,false,false,false,false
9534,Agnes,Floating Jersey,2025-12,LEAD,true,false,false,false
9645,Agnes,Floating Jersey,2025-12,RECURRING_SUBSCRIPTION,true,true,true,false
9542,Alta,Floating NY 1,2025-12,RECURRING_SUBSCRIPTION,true,true,true,false
9641,Alta,Floating NY 1,2025-12,CHURN,true,false,false,false
9713,Alta,Floating NY 1,2025-12,RECURRING_SUBSCRIPTION,true,true,true,false
9604,Alta,Floating NY 1,2025-12,LEAD,true,false,false,false
9836,Alta,Floating NY 1,2025-12,WARM_LEAD,false,false,false,false
9826,Arabella 101,Floating NY 2,2025-12,LEAD,false,false,false,false
9818,Arabella 101,Floating NY 2,2025-12,LEAD,true,false,false,false
9824,Arabella 101,Floating NY 2,2025-12,LEAD,true,false,false,false
9815,Arabella 101,Floating NY 2,2025-12,LEAD,true,false,false,false
9556,Arabella 101,Floating NY 2,2025-12,LEAD,false,false,false,false
9660,Arabella 101,Floating NY 2,2025-12,LEAD,false,false,false,false
997,Azrieli TLV,Unknown,2025-12,WARM_LEAD,false,false,false,false
9731,Azrieli TLV,Unknown,2025-12,WARM_LEAD,false,false,false,false
9777,Azrieli TLV,Unknown,2025-12,LEAD,false,false,false,false
321,Azrieli TLV,Unknown,2025-12,ON_DEMAND_SUBSCRIPTION,true,true,false,true
9772,Brooklyn Crossing,Boerum Hill Polygon,2025-12,WARM_LEAD,false,false,false,false
9730,Brooklyn Crossing,Boerum Hill Polygon,2025-12,RECURRING_SUBSCRIPTION,true,true,true,false
9643,Flamingo Point Center Tower,Miami Beach Polygon,2025-12,WARM_LEAD,true,false,false,false
9831,Flamingo Point Center Tower,Miami Beach Polygon,2025-12,RECURRING_SUBSCRIPTION,true,true,true,false
9652,Flamingo Point Center Tower,Miami Beach Polygon,2025-12,RECURRING_SUBSCRIPTION,true,true,true,false
9848,Flamingo Point Center Tower,Miami Beach Polygon,2025-12,LEAD,true,false,false,false
9718,Flamingo Point Center Tower,Miami Beach Polygon,2025-12,WARM_LEAD,true,false,false,false
9823,Flamingo Point Center Tower,Miami Beach Polygon,2025-12,WARM_LEAD,false,false,false,false
9559,Flamingo Point Center Tower,Miami Beach Polygon,2025-12,RECURRING_SUBSCRIPTION,false,true,true,false
9746,Flamingo Point Center Tower,Miami Beach Polygon,2025-12,WARM_LEAD,true,false,false,false
9615,Flamingo Point Center Tower,Miami Beach Polygon,2025-12,WARM_LEAD,true,false,false,false
9737,Flamingo Point Center Tower,Miami Beach Polygon,2025-12,TRIAL,true,false,false,false
9831,Flamingo Point Center Tower,Miami Beach Polygon,2025-12,RECURRING_SUBSCRIPTION,true,true,true,false
9756,Flamingo Point Center Tower,Miami Beach Polygon,2025-12,WARM_LEAD,true,false,false,false
9598,Flamingo Point Center Tower,Miami Beach Polygon,2025-12,ON_DEMAND_SUBSCRIPTION,true,true,false,true
9649,Flamingo Point Center Tower,Miami Beach Polygon,2025-12,RECURRING_SUBSCRIPTION,true,true,true,false
9762,Flamingo Point Center Tower,Miami Beach Polygon,2025-12,LEAD,true,false,false,false
9553,Flamingo Point Center Tower,Miami Beach Polygon,2025-12,RECURRING_SUBSCRIPTION,true,true,true,false
9610,Flamingo Point North Tower,Miami Beach Polygon,2025-12,RECURRING_SUBSCRIPTION,true,true,true,false
9830,Flamingo Point North Tower,Miami Beach Polygon,2025-12,LEAD,false,false,false,false
9665,Flamingo Point North Tower,Miami Beach Polygon,2025-12,WARM_LEAD,true,false,false,false
9698,Flamingo Point North Tower,Miami Beach Polygon,2025-12,ON_DEMAND_SUBSCRIPTION,true,true,false,true
9714,Flamingo Point North Tower,Miami Beach Polygon,2025-12,WARM_LEAD,true,false,false,false
9842,Flamingo Point North Tower,Miami Beach Polygon,2025-12,RECURRING_SUBSCRIPTION,true,true,true,false
9827,Flamingo Point North Tower,Miami Beach Polygon,2025-12,LEAD,false,false,false,false
9551,Flamingo Point North Tower,Miami Beach Polygon,2025-12,TRIAL,false,false,false,false
9833,Flamingo Point North Tower,Miami Beach Polygon,2025-12,LEAD,false,false,false,false
9751,Flamingo Point North Tower,Miami Beach Polygon,2025-12,LEAD,true,false,false,false
9691,Flamingo Point North Tower,Miami Beach Polygon,2025-12,LEAD,false,false,false,false
9692,Flamingo Point North Tower,Miami Beach Polygon,2025-12,LEAD,true,false,false,false
9561,Flamingo South Beach,Miami Beach Polygon,2025-12,LEAD,false,false,false,false
9769,Flamingo South Beach,Miami Beach Polygon,2025-12,LEAD,true,false,false,false
9745,Flamingo South Beach,Miami Beach Polygon,2025-12,CHURN,true,false,false,false
9781,Flamingo South Beach,Miami Beach Polygon,2025-12,ON_DEMAND_SUBSCRIPTION,true,true,false,true
9763,Flamingo South Beach,Miami Beach Polygon,2025-12,LEAD,true,false,false,false
9554,Flamingo South Beach,Miami Beach Polygon,2025-12,LEAD,true,false,false,false
9607,Flamingo South Beach,Miami Beach Polygon,2025-12,LEAD,false,false,false,false
9568,Gindi 1,Unknown,2025-12,LEAD,false,false,false,false
1167,Gindi 1,Unknown,2025-12,WARM_LEAD,false,false,false,false
3082,Gindi 1,Unknown,2025-12,WARM_LEAD,false,false,false,false
1167,Gindi 1,Unknown,2025-12,WARM_LEAD,false,false,false,false
83,Gindi 1,Unknown,2025-12,COLD_LEAD,false,false,false,false
9846,Gindi 1,Unknown,2025-12,LEAD,false,false,false,false
9775,Gindi 1,Unknown,2025-12,WARM_LEAD,false,false,false,false
9670,Gindi 1,Unknown,2025-12,LEAD,false,false,false,false
9835,Gindi 2,Unknown,2025-12,ON_DEMAND_SUBSCRIPTION,false,true,false,true
3777,Gindi 2,Unknown,2025-12,TRIAL,false,false,false,false
1632,Gindi 2,Unknown,2025-12,COLD_LEAD,false,false,false,false
1727,Gindi 2,Unknown,2025-12,CHURN,true,false,false,false
9776,Gindi 3,Unknown,2025-12,LEAD,false,false,false,false
9784,Gindi 3,Unknown,2025-12,LEAD,false,false,false,false
2181,Gindi 3,Unknown,2025-12,COLD_LEAD,false,false,false,false
9567,Gindi 3,Unknown,2025-12,LEAD,false,false,false,false
9606,Gindi 3,Unknown,2025-12,LEAD,false,false,false,false
2688,Gindi 3,Unknown,2025-12,COLD_LEAD,false,false,false,false
1980,Gindi 3,Unknown,2025-12,COLD_LEAD,false,false,false,false
7069,Gindi 3,Unknown,2025-12,LEAD,false,false,false,false
8547,Gindi 4,Unknown,2025-12,LEAD,false,false,false,false
9749,Gindi 4,Unknown,2025-12,LEAD,false,false,false,false
9774,Gindi 4,Unknown,2025-12,TRIAL,false,false,false,false
9221,Gindi 4,Unknown,2025-12,CHURN,false,false,false,false
9853,Gindi 4,Unknown,2025-12,LEAD,false,false,false,false
9656,Gindi 4,Unknown,2025-12,LEAD,false,false,false,false
9601,Gindi 4,Unknown,2025-12,WARM_LEAD,false,false,false,false
9036,Gindi 4,Unknown,2025-12,COLD_LEAD,true,false,false,false
9749,Gindi 4,Unknown,2025-12,LEAD,false,false,false,false
9462,Gindi 4,Unknown,2025-12,WARM_LEAD,false,false,false,false
9791,Gindi 4,Unknown,2025-12,TRIAL,false,false,false,false
9851,Gindi 4,Unknown,2025-12,FROZEN,false,false,false,false
9223,Gindi 4,Unknown,2025-12,CHURN,true,false,false,false
9850,Gindi 4,Unknown,2025-12,LEAD,false,false,false,false
9856,Gindi 4,Unknown,2025-12,LEAD,false,false,false,false
1622,Gindi 4,Unknown,2025-12,CHURN,false,false,false,false
9617,Gindi 4,Unknown,2025-12,LEAD,false,false,false,false
9617,Gindi 4,Unknown,2025-12,LEAD,false,false,false,false
9810,Grove Central Residences,Floating Miami,2025-12,TRIAL,true,false,false,false
9609,Grove Central Residences,Floating Miami,2025-12,LEAD,false,false,false,false
9640,Grove Central Residences,Floating Miami,2025-12,WARM_LEAD,true,false,false,false
9715,Grove Central Residences,Floating Miami,2025-12,RECURRING_SUBSCRIPTION,true,true,true,false
9563,Grove Central Residences,Floating Miami,2025-12,LEAD,true,false,false,false
9834,HaHehad,Unknown,2025-12,TRIAL,false,false,false,false
9717,HaHehad,Unknown,2025-12,CHURN,true,false,false,false
9624,John Street 116,Financial District Polygon,2025-12,LEAD,false,false,false,false
9681,Livana East Hanover,Chatham / West Orange Polygon,2025-12,LEAD,false,false,false,false
9678,Livana East Hanover,Chatham / West Orange Polygon,2025-12,LEAD,false,false,false,false
9682,Livana East Hanover,Chatham / West Orange Polygon,2025-12,LEAD,false,false,false,false
9677,Livana East Hanover,Chatham / West Orange Polygon,2025-12,LEAD,false,false,false,false
9748,Livana East Hanover,Chatham / West Orange Polygon,2025-12,LEAD,false,false,false,false
9676,Livana East Hanover,Chatham / West Orange Polygon,2025-12,LEAD,true,false,false,false
9531,Livana East Hanover,Chatham / West Orange Polygon,2025-12,LEAD,false,false,false,false
9530,Livana East Hanover,Chatham / West Orange Polygon,2025-12,FROZEN,false,false,false,false
9684,Livana East Hanover,Chatham / West Orange Polygon,2025-12,LEAD,false,false,false,false
9686,Livana East Hanover,Chatham / West Orange Polygon,2025-12,WARM_LEAD,true,false,false,false
9529,Livana East Hanover,Chatham / West Orange Polygon,2025-12,LEAD,false,false,false,false
9687,Livana East Hanover,Chatham / West Orange Polygon,2025-12,LEAD,false,false,false,false
9528,Livana East Hanover,Chatham / West Orange Polygon,2025-12,CHURN,true,false,false,false
9527,Livana East Hanover,Chatham / West Orange Polygon,2025-12,LEAD,false,false,false,false
9519,Livana East Hanover,Chatham / West Orange Polygon,2025-12,TRIAL,true,false,false,false
9689,Livana East Hanover,Chatham / West Orange Polygon,2025-12,LEAD,false,false,false,false
9700,Livana East Hanover,Chatham / West Orange Polygon,2025-12,WARM_LEAD,false,false,false,false
9523,Livana East Hanover,Chatham / West Orange Polygon,2025-12,WARM_LEAD,false,false,false,false
9520,Livana East Hanover,Chatham / West Orange Polygon,2025-12,LEAD,false,false,false,false
9521,Livana East Hanover,Chatham / West Orange Polygon,2025-12,LEAD,false,false,false,false
9685,Livana East Hanover,Chatham / West Orange Polygon,2025-12,RECURRING_SUBSCRIPTION,true,true,true,false
9522,Livana East Hanover,Chatham / West Orange Polygon,2025-12,LEAD,false,false,false,false
9557,Livana East Hanover,Chatham / West Orange Polygon,2025-12,TRIAL,true,false,false,false
9612,Livana East Hanover,Chatham / West Orange Polygon,2025-12,WARM_LEAD,false,false,false,false
9525,Livana East Hanover,Chatham / West Orange Polygon,2025-12,WARM_LEAD,false,false,false,false
9674,Livana East Hanover,Chatham / West Orange Polygon,2025-12,WARM_LEAD,false,false,false,false
9686,Livana East Hanover,Chatham / West Orange Polygon,2025-12,WARM_LEAD,true,false,false,false
9688,Livana East Hanover,Chatham / West Orange Polygon,2025-12,WARM_LEAD,false,false,false,false
9683,Livana East Hanover,Chatham / West Orange Polygon,2025-12,RECURRING_SUBSCRIPTION,true,true,true,false
9679,Livana East Hanover,Chatham / West Orange Polygon,2025-12,WARM_LEAD,true,false,false,false
9680,Livana East Hanover,Chatham / West Orange Polygon,2025-12,WARM_LEAD,false,false,false,false
9760,Midtown 5,Floating Miami,2025-12,ON_DEMAND_SUBSCRIPTION,true,true,false,true
9783,Midtown 5,Floating Miami,2025-12,ON_DEMAND_SUBSCRIPTION,true,true,false,true
9621,Midtown 5,Floating Miami,2025-12,CHURN,true,false,false,false
9829,Midtown 5,Floating Miami,2025-12,TRIAL,true,false,false,false
9845,Midtown 5,Floating Miami,2025-12,LEAD,false,false,false,false
9555,Midtown 5,Floating Miami,2025-12,WARM_LEAD,false,false,false,false
9760,Midtown 5,Floating Miami,2025-12,ON_DEMAND_SUBSCRIPTION,true,true,false,true
9782,Midtown 5,Floating Miami,2025-12,WARM_LEAD,true,false,false,false
9694,Midtown 5,Floating Miami,2025-12,LEAD,false,false,false,false
9577,Nine 52,Hell's Kitchen Polygon,2025-12,WARM_LEAD,false,false,false,false
9759,Oliver on the Hudson,Floating Jersey,2025-12,WARM_LEAD,true,false,false,false
9653,Oliver on the Hudson,Floating Jersey,2025-12,ON_DEMAND_SUBSCRIPTION,true,true,false,true
9619,Oliver on the Hudson,Floating Jersey,2025-12,LEAD,false,false,false,false
9675,Oliver on the Hudson,Floating Jersey,2025-12,RECURRING_SUBSCRIPTION,true,true,true,false
9855,Oliver on the Hudson,Floating Jersey,2025-12,RECURRING_SUBSCRIPTION,true,true,true,false
9675,Oliver on the Hudson,Floating Jersey,2025-12,RECURRING_SUBSCRIPTION,true,true,true,false
9572,Oliver on the Hudson,Floating Jersey,2025-12,RECURRING_SUBSCRIPTION,true,true,true,false
9654,Oliver on the Hudson,Floating Jersey,2025-12,WARM_LEAD,true,false,false,false
9708,One Ten,Hoboken Polygon,2025-12,LEAD,false,false,false,false
9659,One Ten,Hoboken Polygon,2025-12,WARM_LEAD,false,false,false,false
9532,One Ten,Hoboken Polygon,2025-12,LEAD,true,false,false,false
9854,Plank Road,Boerum Hill Polygon,2025-12,LEAD,false,false,false,false
9732,River Place,Hell's Kitchen Polygon,2025-12,LEAD,false,false,false,false
9735,River Place,Hell's Kitchen Polygon,2025-12,LEAD,false,false,false,false
9787,River Place,Hell's Kitchen Polygon,2025-12,LEAD,false,false,false,false
9747,River Place,Hell's Kitchen Polygon,2025-12,LEAD,false,false,false,false
9857,River Place,Hell's Kitchen Polygon,2025-12,LEAD,false,false,false,false
9786,River Place,Hell's Kitchen Polygon,2025-12,ON_DEMAND_SUBSCRIPTION,false,true,false,true
9738,River Place,Hell's Kitchen Polygon,2025-12,ON_DEMAND_SUBSCRIPTION,false,true,false,true
9742,River Place,Hell's Kitchen Polygon,2025-12,LEAD,false,false,false,false
9736,River Place,Hell's Kitchen Polygon,2025-12,WARM_LEAD,true,false,false,false
9740,River Place,Hell's Kitchen Polygon,2025-12,LEAD,false,false,false,false
9743,River Place,Hell's Kitchen Polygon,2025-12,LEAD,false,false,false,false
9739,River Place,Hell's Kitchen Polygon,2025-12,LEAD,true,false,false,false
9734,River Place,Hell's Kitchen Polygon,2025-12,TRIAL,false,false,false,false
9533,River Place,Hell's Kitchen Polygon,2025-12,LEAD,false,false,false,false
9813,Rothschild 80,Unknown,2025-12,FROZEN,true,false,false,false
9788,Rothschild 80,Unknown,2025-12,CHURN,true,false,false,false
9803,Rothschild 80,Unknown,2025-12,CHURN,true,false,false,false
9803,Rothschild 80,Unknown,2025-12,CHURN,true,false,false,false
9820,Rothschild 80,Unknown,2025-12,LEAD,true,false,false,false
9844,Rothschild 80,Unknown,2025-12,LEAD,false,false,false,false
9788,Rothschild 80,Unknown,2025-12,CHURN,true,false,false,false
9822,Rothschild 80,Unknown,2025-12,WARM_LEAD,true,false,false,false
9814,Rothschild 80,Unknown,2025-12,FROZEN,true,false,false,false
9788,Rothschild 80,Unknown,2025-12,CHURN,true,false,false,false
9805,Rothschild 80,Unknown,2025-12,CHURN,true,false,false,false
9754,Silver Towers,Hell's Kitchen Polygon,2025-12,LEAD,false,false,false,false
9765,Silver Towers,Hell's Kitchen Polygon,2025-12,LEAD,false,false,false,false
9724,Silver Towers,Hell's Kitchen Polygon,2025-12,WARM_LEAD,true,false,false,false
9666,Silver Towers,Hell's Kitchen Polygon,2025-12,WARM_LEAD,false,false,false,false
9575,Silver Towers,Hell's Kitchen Polygon,2025-12,RECURRING_SUBSCRIPTION,true,true,true,false
9723,Silver Towers,Hell's Kitchen Polygon,2025-12,LEAD,false,false,false,false
9582,Silver Towers,Hell's Kitchen Polygon,2025-12,LEAD,false,false,false,false
9719,Silver Towers,Hell's Kitchen Polygon,2025-12,LEAD,false,false,false,false
9569,Silver Towers,Hell's Kitchen Polygon,2025-12,LEAD,true,false,false,false
9726,Silver Towers,Hell's Kitchen Polygon,2025-12,LEAD,false,false,false,false
9725,Silver Towers,Hell's Kitchen Polygon,2025-12,RECURRING_SUBSCRIPTION,true,true,true,false
9721,Silver Towers,Hell's Kitchen Polygon,2025-12,LEAD,false,false,false,false
9727,Silver Towers,Hell's Kitchen Polygon,2025-12,LEAD,false,false,false,false
9690,Silver Towers,Hell's Kitchen Polygon,2025-12,WARM_LEAD,true,false,false,false
9729,Silver Towers,Hell's Kitchen Polygon,2025-12,LEAD,false,false,false,false
9722,Silver Towers,Hell's Kitchen Polygon,2025-12,WARM_LEAD,false,false,false,false
9710,Silver Towers,Hell's Kitchen Polygon,2025-12,TRIAL,false,false,false,false
9720,Silver Towers,Hell's Kitchen Polygon,2025-12,LEAD,false,false,false,false
9611,Silver Towers,Hell's Kitchen Polygon,2025-12,TRIAL,false,false,false,false
9840,Stonehill,Chatham / West Orange Polygon,2025-12,LEAD,false,false,false,false
9639,The Addison,Brooklyn Heights Polygon,2025-12,LEAD,false,false,false,false
9663,The Addison,Brooklyn Heights Polygon,2025-12,LEAD,true,false,false,false
9744,The Addison,Brooklyn Heights Polygon,2025-12,TRIAL,false,false,false,false
9780,The Addison,Brooklyn Heights Polygon,2025-12,WARM_LEAD,true,false,false,false
9817,The Bergen,Boerum Hill Polygon,2025-12,WARM_LEAD,true,false,false,false
9847,The Boulevard,Floating Miami,2025-12,LEAD,false,false,false,false
9758,The Boulevard,Floating Miami,2025-12,LEAD,false,false,false,false
9644,The Boulevard,Floating Miami,2025-12,WARM_LEAD,false,false,false,false
9543,The Boulevard,Floating Miami,2025-12,LEAD,true,false,false,false
9770,The Buchanan,Floating NY 1,2025-12,LEAD,false,false,false,false
9558,The Buchanan,Floating NY 1,2025-12,TRIAL,false,false,false,false
6726,The Buchanan,Floating NY 1,2025-12,ON_DEMAND_SUBSCRIPTION,false,true,false,true
9761,The Devan,Hoboken Polygon,2025-12,WARM_LEAD,true,false,false,false
9707,The Devan,Hoboken Polygon,2025-12,LEAD,false,false,false,false
9695,The Dime,Williamsburg Polygon,2025-12,ON_DEMAND_SUBSCRIPTION,true,true,false,true
9603,The Dime,Williamsburg Polygon,2025-12,TRIAL,true,false,false,false
9699,The Dime,Williamsburg Polygon,2025-12,CHURN,false,false,false,false
9622,The Eddy,Harrison Polygon,2025-12,WARM_LEAD,true,false,false,false
9541,The Eddy,Harrison Polygon,2025-12,LEAD,false,false,false,false
9712,The Eddy,Harrison Polygon,2025-12,WARM_LEAD,true,false,false,false
9750,The Enclave,Hoboken Polygon,2025-12,LEAD,false,false,false,false
9638,The Ivy,Chatham / West Orange Polygon,2025-12,LEAD,true,false,false,false
9811,The Ivy,Chatham / West Orange Polygon,2025-12,LEAD,false,false,false,false
9809,The Ivy,Chatham / West Orange Polygon,2025-12,LEAD,false,false,false,false
9812,The Ivy,Chatham / West Orange Polygon,2025-12,LEAD,false,false,false,false
9706,The Ivy,Chatham / West Orange Polygon,2025-12,RECURRING_SUBSCRIPTION,true,true,true,false
9843,The Landon,Hell's Kitchen Polygon,2025-12,LEAD,false,false,false,false
9702,The Vitagraph,Floating NY 2,2025-12,LEAD,false,false,false,false
9667,The Vitagraph,Floating NY 2,2025-12,LEAD,false,false,false,false
9552,Woodside Central,Floating NY 1,2025-12,LEAD,false,false,false,false
9900,100 House,Hoboken Polygon,2026-01,WARM_LEAD,true,false,false,false
10116,100 House,Hoboken Polygon,2026-01,CHURN,true,false,false,false
10118,100 House,Hoboken Polygon,2026-01,LEAD,false,false,false,false
10203,1 Boerum PL,Floating NY 2,2026-01,LEAD,true,false,false,false
10049,1 Boerum PL,Floating NY 2,2026-01,LEAD,false,false,false,false
9473,2000 Biscayne,Edgeater Polygon,2026-01,RECURRING_SUBSCRIPTION,true,true,true,false
10055,2000 Biscayne,Edgeater Polygon,2026-01,LEAD,true,false,false,false
10067,2000 Biscayne,Edgeater Polygon,2026-01,WARM_LEAD,true,false,false,false
9924,2000 Biscayne,Edgeater Polygon,2026-01,WARM_LEAD,true,false,false,false
9916,2000 Biscayne,Edgeater Polygon,2026-01,LEAD,false,false,false,false
10269,2000 Biscayne,Edgeater Polygon,2026-01,RECURRING_SUBSCRIPTION,true,true,true,false
9978,2000 Biscayne,Edgeater Polygon,2026-01,LEAD,true,false,false,false
10282,2000 Biscayne,Edgeater Polygon,2026-01,LEAD,true,false,false,false
10080,2000 Biscayne,Edgeater Polygon,2026-01,LEAD,true,false,false,false
10276,2000 Biscayne,Edgeater Polygon,2026-01,LEAD,true,false,false,false
10013,2000 Biscayne,Edgeater Polygon,2026-01,LEAD,true,false,false,false
9884,2000 Biscayne,Edgeater Polygon,2026-01,WARM_LEAD,false,false,false,false
10252,2000 Biscayne,Edgeater Polygon,2026-01,TRIAL,true,false,false,false
9882,2000 Biscayne,Edgeater Polygon,2026-01,LEAD,false,false,false,false
9871,2000 Biscayne,Edgeater Polygon,2026-01,WARM_LEAD,false,false,false,false
9866,2000 Biscayne,Edgeater Polygon,2026-01,TRIAL,true,false,false,false
10242,2000 Biscayne,Edgeater Polygon,2026-01,WARM_LEAD,true,false,false,false
10234,2000 Biscayne,Edgeater Polygon,2026-01,RECURRING_SUBSCRIPTION,true,true,true,false
10259,20 Broad Street,Financial District Polygon,2026-01,RECURRING_SUBSCRIPTION,true,true,true,false
9885,20 Broad Street,Financial District Polygon,2026-01,WARM_LEAD,true,false,false,false
9878,20 Broad Street,Financial District Polygon,2026-01,LEAD,false,false,false,false
9914,20 Broad Street,Financial District Polygon,2026-01,WARM_LEAD,false,false,false,false
10040,220 East 72nd Street,Floating NY 2,2026-01,LEAD,true,false,false,false
10039,220 East 72nd Street,Floating NY 2,2026-01,LEAD,true,false,false,false
10333,220 East 72nd Street,Floating NY 2,2026-01,LEAD,false,false,false,false
10053,250 E Houston,Floating NY 2,2026-01,RECURRING_SUBSCRIPTION,true,true,true,false
10053,250 E Houston,Floating NY 2,2026-01,RECURRING_SUBSCRIPTION,true,true,true,false
10372,300 Somerset,Harrison Polygon,2026-01,RECURRING_SUBSCRIPTION,true,true,true,false
10079,330 Angelo Cifelli,Harrison Polygon,2026-01,LEAD,false,false,false,false
10008,330 Angelo Cifelli,Harrison Polygon,2026-01,LEAD,true,false,false,false
9989,345 Baldwin Avenue,Floating Jersey,2026-01,LEAD,true,false,false,false
9989,345 Baldwin Avenue,Floating Jersey,2026-01,LEAD,true,false,false,false
9956,345 Baldwin Avenue,Floating Jersey,2026-01,LEAD,false,false,false,false
9891,345 Baldwin Avenue,Floating Jersey,2026-01,RECURRING_SUBSCRIPTION,true,true,true,false
10138,345 Baldwin Avenue,Floating Jersey,2026-01,LEAD,false,false,false,false
9870,345 Baldwin Avenue,Floating Jersey,2026-01,LEAD,false,false,false,false
10018,416 Kent Avenue,Williamsburg Polygon,2026-01,WARM_LEAD,false,false,false,false
10018,416 Kent Avenue,Williamsburg Polygon,2026-01,WARM_LEAD,false,false,false,false
10157,420 Kent Avenue,Williamsburg Polygon,2026-01,ON_DEMAND_SUBSCRIPTION,true,true,false,true
10033,420 Kent Avenue,Williamsburg Polygon,2026-01,LEAD,false,false,false,false
10024,420 Kent Avenue,Williamsburg Polygon,2026-01,LEAD,false,false,false,false
9872,420 Kent Avenue,Williamsburg Polygon,2026-01,TRIAL,false,false,false,false
9987,420 Kent Avenue,Williamsburg Polygon,2026-01,RECURRING_SUBSCRIPTION,true,true,true,false
10019,420 Kent Avenue,Williamsburg Polygon,2026-01,LEAD,false,false,false,false
10025,420 Kent Avenue,Williamsburg Polygon,2026-01,LEAD,false,false,false,false
10016,420 Kent Avenue,Williamsburg Polygon,2026-01,LEAD,false,false,false,false
10020,420 Kent Avenue,Williamsburg Polygon,2026-01,LEAD,false,false,false,false
10021,420 Kent Avenue,Williamsburg Polygon,2026-01,LEAD,false,false,false,false
10072,420 Kent Avenue,Williamsburg Polygon,2026-01,LEAD,false,false,false,false
10017,420 Kent Avenue,Williamsburg Polygon,2026-01,LEAD,false,false,false,false
9985,420 Kent Avenue,Williamsburg Polygon,2026-01,LEAD,false,false,false,false
10022,420 Kent Avenue,Williamsburg Polygon,2026-01,LEAD,false,false,false,false
10014,420 Kent Avenue,Williamsburg Polygon,2026-01,ON_DEMAND_SUBSCRIPTION,false,true,false,true
9945,535 W 43rd Street,Hell's Kitchen Polygon,2026-01,RECURRING_SUBSCRIPTION,true,true,true,false
10371,535 W 43rd Street,Hell's Kitchen Polygon,2026-01,RECURRING_SUBSCRIPTION,true,true,true,false
10043,535 W 43rd Street,Hell's Kitchen Polygon,2026-01,TRIAL,true,false,false,false
10051,535 W 43rd Street,Hell's Kitchen Polygon,2026-01,LEAD,false,false,false,false
9944,535 W 43rd Street,Hell's Kitchen Polygon,2026-01,LEAD,true,false,false,false
10031,66 Rockwell Place,Brooklyn Heights Polygon,2026-01,LEAD,true,false,false,false
9864,66 Rockwell Place,Brooklyn Heights Polygon,2026-01,LEAD,false,false,false,false
7713,66 Rockwell Place,Brooklyn Heights Polygon,2026-01,CHURN,false,false,false,false
10348,66 Rockwell Place,Brooklyn Heights Polygon,2026-01,WARM_LEAD,false,false,false,false
10369,Agnes,Floating Jersey,2026-01,LEAD,false,false,false,false
9973,Agnes,Floating Jersey,2026-01,LEAD,false,false,false,false
10077,Agnes,Floating Jersey,2026-01,WARM_LEAD,false,false,false,false
10370,Alta,Floating NY 1,2026-01,WARM_LEAD,true,false,false,false
10041,Alta,Floating NY 1,2026-01,LEAD,false,false,false,false
9902,Alta,Floating NY 1,2026-01,RECURRING_SUBSCRIPTION,true,true,true,false
10026,Alta,Floating NY 1,2026-01,WARM_LEAD,true,false,false,false
9874,Alta,Floating NY 1,2026-01,LEAD,false,false,false,false
10250,Alta,Floating NY 1,2026-01,LEAD,false,false,false,false
9936,Alta,Floating NY 1,2026-01,LEAD,false,false,false,false
10037,Alta,Floating NY 1,2026-01,LEAD,true,false,false,false
10261,Alta,Floating NY 1,2026-01,LEAD,false,false,false,false
10134,Alta,Floating NY 1,2026-01,LEAD,false,false,false,false
10037,Alta,Floating NY 1,2026-01,LEAD,true,false,false,false
9941,Azrieli TLV,Unknown,2026-01,LEAD,false,false,false,false
2618,Azrieli TLV,Unknown,2026-01,TRIAL,false,false,false,false
2764,Azrieli TLV,Unknown,2026-01,COLD_LEAD,true,false,false,false
10048,Bay Parc Apartments,Edgeater Polygon,2026-01,RECURRING_SUBSCRIPTION,false,true,true,false
10000,Bay Parc Apartments,Edgeater Polygon,2026-01,LEAD,true,false,false,false
9996,Bay Parc Apartments,Edgeater Polygon,2026-01,RECURRING_SUBSCRIPTION,true,true,true,false
9948,Bay Parc Apartments,Edgeater Polygon,2026-01,ON_DEMAND_SUBSCRIPTION,true,true,false,true
9926,Bay Parc Apartments,Edgeater Polygon,2026-01,WARM_LEAD,false,false,false,false
10023,Bay Parc Apartments,Edgeater Polygon,2026-01,LEAD,true,false,false,false
9979,Bay Parc Apartments,Edgeater Polygon,2026-01,WARM_LEAD,false,false,false,false
9972,Bay Parc Apartments,Edgeater Polygon,2026-01,RECURRING_SUBSCRIPTION,true,true,true,false
10214,Bay Parc Apartments,Edgeater Polygon,2026-01,LEAD,false,false,false,false
9931,Bay Parc Apartments,Edgeater Polygon,2026-01,LEAD,false,false,false,false
10374,Bay Parc Apartments,Edgeater Polygon,2026-01,TRIAL,true,false,false,false
10046,Bay Parc Apartments,Edgeater Polygon,2026-01,LEAD,false,false,false,false
9966,Bay Parc Apartments,Edgeater Polygon,2026-01,LEAD,true,false,false,false
10260,Bay Parc Apartments,Edgeater Polygon,2026-01,LEAD,false,false,false,false
9999,Bay Parc Apartments,Edgeater Polygon,2026-01,ON_DEMAND_SUBSCRIPTION,true,true,false,true
10009,Bay Parc Apartments,Edgeater Polygon,2026-01,LEAD,false,false,false,false
9923,Bay Parc Apartments,Edgeater Polygon,2026-01,LEAD,true,false,false,false
9965,Bay Parc Apartments,Edgeater Polygon,2026-01,LEAD,true,false,false,false
10229,Bay Parc Apartments,Edgeater Polygon,2026-01,LEAD,true,false,false,false
9998,Bay Parc Apartments,Edgeater Polygon,2026-01,LEAD,false,false,false,false
10005,Bay Parc Apartments,Edgeater Polygon,2026-01,RECURRING_SUBSCRIPTION,true,true,true,false
9934,Bay Parc Apartments,Edgeater Polygon,2026-01,WARM_LEAD,false,false,false,false
10001,Bay Parc Apartments,Edgeater Polygon,2026-01,LEAD,true,false,false,false
9997,Bay Parc Apartments,Edgeater Polygon,2026-01,WARM_LEAD,false,false,false,false
10270,Bay Parc Apartments,Edgeater Polygon,2026-01,WARM_LEAD,true,false,false,false
10035,Bay Parc Apartments,Edgeater Polygon,2026-01,RECURRING_SUBSCRIPTION,false,true,true,false
9964,Bay Parc Apartments,Edgeater Polygon,2026-01,CHURN,true,false,false,false
10329,Bay Parc Apartments,Edgeater Polygon,2026-01,RECURRING_SUBSCRIPTION,true,true,true,false
10010,Bay Parc Apartments,Edgeater Polygon,2026-01,LEAD,false,false,false,false
9963,Bay Parc Apartments,Edgeater Polygon,2026-01,LEAD,false,false,false,false
9977,Bay Parc Apartments,Edgeater Polygon,2026-01,CHURN,true,false,false,false
9962,Bay Parc Apartments,Edgeater Polygon,2026-01,LEAD,true,false,false,false
9993,Bay Parc Apartments,Edgeater Polygon,2026-01,TRIAL,false,false,false,false
9950,Bay Parc Apartments,Edgeater Polygon,2026-01,WARM_LEAD,false,false,false,false
9990,Bay Parc Apartments,Edgeater Polygon,2026-01,LEAD,true,false,false,false
9992,Bay Parc Apartments,Edgeater Polygon,2026-01,LEAD,false,false,false,false
9960,Bay Parc Apartments,Edgeater Polygon,2026-01,WARM_LEAD,false,false,false,false
9957,Bay Parc Apartments,Edgeater Polygon,2026-01,LEAD,false,false,false,false
10058,Bay Parc Apartments,Edgeater Polygon,2026-01,WARM_LEAD,false,false,false,false
10078,Bay Parc Apartments,Edgeater Polygon,2026-01,LEAD,true,false,false,false
9954,Bay Parc Apartments,Edgeater Polygon,2026-01,LEAD,true,false,false,false
9952,Bay Parc Apartments,Edgeater Polygon,2026-01,LEAD,false,false,false,false
9951,Bay Parc Apartments,Edgeater Polygon,2026-01,LEAD,false,false,false,false
9986,Bay Parc Apartments,Edgeater Polygon,2026-01,ON_DEMAND_SUBSCRIPTION,false,true,false,true
10007,Bay Parc Apartments,Edgeater Polygon,2026-01,RECURRING_SUBSCRIPTION,true,true,true,false
9949,Bay Parc Apartments,Edgeater Polygon,2026-01,LEAD,true,false,false,false
10232,Bay Parc Apartments,Edgeater Polygon,2026-01,LEAD,true,false,false,false
10117,Bay Parc Apartments,Edgeater Polygon,2026-01,LEAD,false,false,false,false
10362,Bay Parc Apartments,Edgeater Polygon,2026-01,LEAD,true,false,false,false
10002,Bay Parc Apartments,Edgeater Polygon,2026-01,WARM_LEAD,true,false,false,false
10258,Bay Parc Apartments,Edgeater Polygon,2026-01,LEAD,true,false,false,false
9984,Bay Parc Apartments,Edgeater Polygon,2026-01,LEAD,false,false,false,false
10081,Bay Parc Apartments,Edgeater Polygon,2026-01,LEAD,false,false,false,false
10240,Bay Parc Apartments,Edgeater Polygon,2026-01,LEAD,false,false,false,false
10065,Bay Parc Apartments,Edgeater Polygon,2026-01,RECURRING_SUBSCRIPTION,true,true,true,false
9988,Bay Parc Apartments,Edgeater Polygon,2026-01,RECURRING_SUBSCRIPTION,true,true,true,false
10059,Bay Parc Apartments,Edgeater Polygon,2026-01,RECURRING_SUBSCRIPTION,true,true,true,false
9981,Bay Parc Apartments,Edgeater Polygon,2026-01,LEAD,false,false,false,false
9953,Bay Parc Apartments,Edgeater Polygon,2026-01,ON_DEMAND_SUBSCRIPTION,true,true,false,true
10057,Bay Parc Apartments,Edgeater Polygon,2026-01,TRIAL,false,false,false,false
9976,Bay Parc Apartments,Edgeater Polygon,2026-01,LEAD,true,false,false,false
9947,Bay Parc Apartments,Edgeater Polygon,2026-01,WARM_LEAD,true,false,false,false
9980,Bay Parc Apartments,Edgeater Polygon,2026-01,TRIAL,true,false,false,false
10075,Bay Parc Apartments,Edgeater Polygon,2026-01,LEAD,false,false,false,false
10377,Bay Parc Apartments,Edgeater Polygon,2026-01,RECURRING_SUBSCRIPTION,true,true,true,false
10125,Bay Parc Apartments,Edgeater Polygon,2026-01,ON_DEMAND_SUBSCRIPTION,true,true,false,true
9969,Bay Parc Apartments,Edgeater Polygon,2026-01,RECURRING_SUBSCRIPTION,true,true,true,false
10004,Bay Parc Apartments,Edgeater Polygon,2026-01,LEAD,false,false,false,false
9961,Bay Parc Apartments,Edgeater Polygon,2026-01,RECURRING_SUBSCRIPTION,true,true,true,false
10237,Bay Parc Apartments,Edgeater Polygon,2026-01,ON_DEMAND_SUBSCRIPTION,false,true,false,true
9925,Bay Parc Apartments,Edgeater Polygon,2026-01,RECURRING_SUBSCRIPTION,true,true,true,false
10332,Bay Parc Apartments,Edgeater Polygon,2026-01,LEAD,true,false,false,false
9932,Bay Parc Apartments,Edgeater Polygon,2026-01,TRIAL,false,false,false,false
10211,Bay Parc Apartments,Edgeater Polygon,2026-01,WARM_LEAD,true,false,false,false
9946,Bay Parc Apartments,Edgeater Polygon,2026-01,RECURRING_SUBSCRIPTION,false,true,true,false
10334,Bay Parc Apartments,Edgeater Polygon,2026-01,RECURRING_SUBSCRIPTION,true,true,true,false
10298,Biscayne SFR,Unknown,2026-01,LEAD,false,false,false,false
10331,Biscayne SFR,Unknown,2026-01,LEAD,false,false,false,false
10313,Biscayne SFR,Unknown,2026-01,LEAD,false,false,false,false
10302,Biscayne SFR,Unknown,2026-01,LEAD,false,false,false,false
10299,Biscayne SFR,Unknown,2026-01,LEAD,true,false,false,false
10336,Biscayne SFR,Unknown,2026-01,LEAD,true,false,false,false
9883,Brooklyn Crossing,Boerum Hill Polygon,2026-01,WARM_LEAD,false,false,false,false
9921,Brooklyn Crossing,Boerum Hill Polygon,2026-01,ON_DEMAND_SUBSCRIPTION,true,true,false,true
10326,Cite On The Bay,Edgeater Polygon,2026-01,TRIAL,false,false,false,false
10366,Club Tower I,The Ocean Club Polygon,2026-01,LEAD,true,false,false,false
10303,Club Tower I,The Ocean Club Polygon,2026-01,WARM_LEAD,true,false,false,false
10342,Club Tower I,The Ocean Club Polygon,2026-01,LEAD,false,false,false,false
10365,Club Tower I,The Ocean Club Polygon,2026-01,LEAD,false,false,false,false
10342,Club Tower I,The Ocean Club Polygon,2026-01,LEAD,false,false,false,false
10142,Dey and Bergen,Harrison Polygon,2026-01,LEAD,true,false,false,false
10161,Dey and Bergen,Harrison Polygon,2026-01,WARM_LEAD,true,false,false,false
10357,Dey and Bergen,Harrison Polygon,2026-01,LEAD,false,false,false,false
10263,Dey and Bergen,Harrison Polygon,2026-01,WARM_LEAD,true,false,false,false
10353,Dey and Bergen,Harrison Polygon,2026-01,LEAD,false,false,false,false
10352,Dey and Bergen,Harrison Polygon,2026-01,WARM_LEAD,true,false,false,false
10139,Dey and Bergen,Harrison Polygon,2026-01,LEAD,true,false,false,false
10151,Dey and Bergen,Harrison Polygon,2026-01,WARM_LEAD,true,false,false,false
10356,Dey and Bergen,Harrison Polygon,2026-01,LEAD,false,false,false,false
10359,Dey and Bergen,Harrison Polygon,2026-01,WARM_LEAD,false,false,false,false
10358,Dey and Bergen,Harrison Polygon,2026-01,LEAD,false,false,false,false
10360,Dey and Bergen,Harrison Polygon,2026-01,LEAD,false,false,false,false
10306,Dey and Bergen,Harrison Polygon,2026-01,ON_DEMAND_SUBSCRIPTION,true,true,false,true
10268,Dey and Bergen,Harrison Polygon,2026-01,LEAD,false,false,false,false
10349,Dey and Bergen,Harrison Polygon,2026-01,LEAD,false,false,false,false
10379,Dey and Bergen,Harrison Polygon,2026-01,LEAD,false,false,false,false
10149,Dey and Bergen,Harrison Polygon,2026-01,CHURN,true,false,false,false
10351,Dey and Bergen,Harrison Polygon,2026-01,WARM_LEAD,false,false,false,false
10140,Dey and Bergen,Harrison Polygon,2026-01,LEAD,false,false,false,false
10305,Dey and Bergen,Harrison Polygon,2026-01,LEAD,true,false,false,false
10148,Dey and Bergen,Harrison Polygon,2026-01,LEAD,false,false,false,false
10189,Dey and Bergen,Harrison Polygon,2026-01,WARM_LEAD,false,false,false,false
10354,Dey and Bergen,Harrison Polygon,2026-01,LEAD,false,false,false,false
10352,Dey and Bergen,Harrison Polygon,2026-01,WARM_LEAD,true,false,false,false
10355,Dey and Bergen,Harrison Polygon,2026-01,LEAD,false,false,false,false
10144,Dey and Bergen,Harrison Polygon,2026-01,LEAD,false,false,false,false
10356,Dey and Bergen,Harrison Polygon,2026-01,LEAD,false,false,false,false
10350,Dey and Bergen,Harrison Polygon,2026-01,LEAD,false,false,false,false
10155,Dey and Bergen,Harrison Polygon,2026-01,LEAD,true,false,false,false
10163,Dey and Bergen,Harrison Polygon,2026-01,LEAD,false,false,false,false
10156,Dey and Bergen,Harrison Polygon,2026-01,LEAD,false,false,false,false
10141,Dey and Bergen,Harrison Polygon,2026-01,LEAD,false,false,false,false
10146,Dey and Bergen,Harrison Polygon,2026-01,LEAD,false,false,false,false
10151,Dey and Bergen,Harrison Polygon,2026-01,WARM_LEAD,true,false,false,false
10149,Dey and Bergen,Harrison Polygon,2026-01,CHURN,true,false,false,false
10153,Dey and Bergen,Harrison Polygon,2026-01,WARM_LEAD,true,false,false,false
10158,Dey and Bergen,Harrison Polygon,2026-01,LEAD,true,false,false,false
10207,Dey and Bergen,Harrison Polygon,2026-01,LEAD,false,false,false,false
10143,Dey and Bergen,Harrison Polygon,2026-01,LEAD,true,false,false,false
10147,Dey and Bergen,Harrison Polygon,2026-01,LEAD,false,false,false,false
10145,Dey and Bergen,Harrison Polygon,2026-01,LEAD,false,false,false,false
9906,Flamingo Point Center Tower,Miami Beach Polygon,2026-01,CHURN,true,false,false,false
9940,Flamingo Point Center Tower,Miami Beach Polygon,2026-01,LEAD,true,false,false,false
9938,Flamingo Point Center Tower,Miami Beach Polygon,2026-01,RECURRING_SUBSCRIPTION,false,true,true,false
10056,Flamingo Point Center Tower,Miami Beach Polygon,2026-01,RECURRING_SUBSCRIPTION,true,true,true,false
9919,Flamingo Point Center Tower,Miami Beach Polygon,2026-01,ON_DEMAND_SUBSCRIPTION,false,true,false,true
10137,Flamingo Point Center Tower,Miami Beach Polygon,2026-01,WARM_LEAD,true,false,false,false
9876,Flamingo Point North Tower,Miami Beach Polygon,2026-01,RECURRING_SUBSCRIPTION,true,true,true,false
9922,Flamingo Point North Tower,Miami Beach Polygon,2026-01,RECURRING_SUBSCRIPTION,true,true,true,false
10003,Flamingo Point North Tower,Miami Beach Polygon,2026-01,RECURRING_SUBSCRIPTION,true,true,true,false
10287,Flamingo Point North Tower,Miami Beach Polygon,2026-01,TRIAL,true,false,false,false
9862,Flamingo Point North Tower,Miami Beach Polygon,2026-01,LEAD,false,false,false,false
10034,Flamingo Point North Tower,Miami Beach Polygon,2026-01,RECURRING_SUBSCRIPTION,true,true,true,false
9929,Flamingo Point North Tower,Miami Beach Polygon,2026-01,LEAD,false,false,false,false
9858,Flamingo Point North Tower,Miami Beach Polygon,2026-01,RECURRING_SUBSCRIPTION,true,true,true,false
9933,Flamingo South Beach,Miami Beach Polygon,2026-01,RECURRING_SUBSCRIPTION,true,true,true,false
10231,Flamingo South Beach,Miami Beach Polygon,2026-01,RECURRING_SUBSCRIPTION,true,true,true,false
9975,Flamingo South Beach,Miami Beach Polygon,2026-01,LEAD,false,false,false,false
10277,Flamingo South Beach,Miami Beach Polygon,2026-01,ON_DEMAND_SUBSCRIPTION,true,true,false,true
10204,Flamingo South Beach,Miami Beach Polygon,2026-01,WARM_LEAD,true,false,false,false
9877,Flamingo South Beach,Miami Beach Polygon,2026-01,RECURRING_SUBSCRIPTION,true,true,true,false
9915,Flamingo South Beach,Miami Beach Polygon,2026-01,ON_DEMAND_SUBSCRIPTION,true,true,false,true
6357,Gindi 1,Unknown,2026-01,WARM_LEAD,false,false,false,false
10012,Gindi 2,Unknown,2026-01,LEAD,false,false,false,false
6437,Gindi 2,Unknown,2026-01,TRIAL,false,false,false,false
421,Gindi 2,Unknown,2026-01,TRIAL,true,false,false,false
11145,Gindi 3,Unknown,2026-01,LEAD,true,false,false,false
2196,Gindi 3,Unknown,2026-01,TRIAL,false,false,false,false
1307,Gindi 3,Unknown,2026-01,COLD_LEAD,false,false,false,false
2196,Gindi 3,Unknown,2026-01,TRIAL,false,false,false,false
2456,Gindi 3,Unknown,2026-01,TRIAL,true,false,false,false
2267,Gindi 3,Unknown,2026-01,COLD_LEAD,false,false,false,false
2456,Gindi 3,Unknown,2026-01,TRIAL,true,false,false,false
1307,Gindi 3,Unknown,2026-01,COLD_LEAD,false,false,false,false
338,Gindi 3,Unknown,2026-01,COLD_LEAD,true,false,false,false
10015,Gindi 3,Unknown,2026-01,LEAD,false,false,false,false
10006,Gindi 4,Unknown,2026-01,LEAD,false,false,false,false
10243,Gindi 4,Unknown,2026-01,TRIAL,false,false,false,false
9865,Gindi 4,Unknown,2026-01,LEAD,false,false,false,false
9880,Gindi 4,Unknown,2026-01,LEAD,true,false,false,false
8180,Gindi 4,Unknown,2026-01,ON_DEMAND_SUBSCRIPTION,false,true,false,true
9928,Gindi 4,Unknown,2026-01,LEAD,false,false,false,false
9907,Gindi 4,Unknown,2026-01,TRIAL,false,false,false,false
10011,Gindi 4,Unknown,2026-01,FROZEN,false,false,false,false
10245,Grove Central Residences,Floating Miami,2026-01,RECURRING_SUBSCRIPTION,true,true,true,false
10160,Grove Central Residences,Floating Miami,2026-01,TRIAL,false,false,false,false
8198,HaHehad,Unknown,2026-01,LEAD,false,false,false,false
10612,HaHehad,Unknown,2026-01,TRIAL,false,false,false,false
9909,HaHehad,Unknown,2026-01,LEAD,false,false,false,false
9899,Livana East Hanover,Chatham / West Orange Polygon,2026-01,RECURRING_SUBSCRIPTION,true,true,true,false
10361,Livana East Hanover,Chatham / West Orange Polygon,2026-01,RECURRING_SUBSCRIPTION,true,true,true,false
10045,Midtown 5,Floating Miami,2026-01,TRIAL,true,false,false,false
2185,Nine 52,Hell's Kitchen Polygon,2026-01,FREEMIUM,true,false,false,false
10052,Oliver on the Hudson,Floating Jersey,2026-01,LEAD,false,false,false,false
10030,Oliver on the Hudson,Floating Jersey,2026-01,LEAD,false,false,false,false
9982,Oliver on the Hudson,Floating Jersey,2026-01,ON_DEMAND_SUBSCRIPTION,true,true,false,true
9869,Oliver on the Hudson,Floating Jersey,2026-01,WARM_LEAD,true,false,false,false
9913,Oliver on the Hudson,Floating Jersey,2026-01,LEAD,true,false,false,false
10311,One Harrison,Harrison Polygon,2026-01,LEAD,true,false,false,false
10300,One Harrison,Harrison Polygon,2026-01,LEAD,false,false,false,false
10367,One Harrison,Harrison Polygon,2026-01,LEAD,true,false,false,false
10198,One Harrison,Harrison Polygon,2026-01,WARM_LEAD,false,false,false,false
10368,One Harrison,Harrison Polygon,2026-01,LEAD,true,false,false,false
10288,One Harrison,Harrison Polygon,2026-01,LEAD,false,false,false,false
10173,One Harrison,Harrison Polygon,2026-01,LEAD,true,false,false,false
10197,One Harrison,Harrison Polygon,2026-01,LEAD,false,false,false,false
10378,One Harrison,Harrison Polygon,2026-01,TRIAL,false,false,false,false
10241,One Harrison,Harrison Polygon,2026-01,LEAD,true,false,false,false
10188,One Harrison,Harrison Polygon,2026-01,LEAD,false,false,false,false
10169,One Harrison,Harrison Polygon,2026-01,RECURRING_SUBSCRIPTION,true,true,true,false
10175,One Harrison,Harrison Polygon,2026-01,TRIAL,false,false,false,false
10182,One Harrison,Harrison Polygon,2026-01,RECURRING_SUBSCRIPTION,true,true,true,false
10209,One Harrison,Harrison Polygon,2026-01,LEAD,false,false,false,false
10181,One Harrison,Harrison Polygon,2026-01,LEAD,false,false,false,false
10184,One Harrison,Harrison Polygon,2026-01,WARM_LEAD,true,false,false,false
10315,One Harrison,Harrison Polygon,2026-01,RECURRING_SUBSCRIPTION,true,true,true,false
10368,One Harrison,Harrison Polygon,2026-01,LEAD,true,false,false,false
10174,One Harrison,Harrison Polygon,2026-01,LEAD,false,false,false,false
10364,One Harrison,Harrison Polygon,2026-01,LEAD,false,false,false,false
10177,One Harrison,Harrison Polygon,2026-01,LEAD,false,false,false,false
10206,One Harrison,Harrison Polygon,2026-01,LEAD,false,false,false,false
10262,One Harrison,Harrison Polygon,2026-01,LEAD,true,false,false,false
10182,One Harrison,Harrison Polygon,2026-01,RECURRING_SUBSCRIPTION,true,true,true,false
10380,One Harrison,Harrison Polygon,2026-01,WARM_LEAD,true,false,false,false
10180,One Harrison,Harrison Polygon,2026-01,LEAD,true,false,false,false
10170,One Harrison,Harrison Polygon,2026-01,CHURN,true,false,false,false
10202,One Harrison,Harrison Polygon,2026-01,RECURRING_SUBSCRIPTION,true,true,true,false
10190,One Harrison,Harrison Polygon,2026-01,LEAD,false,false,false,false
10183,One Harrison,Harrison Polygon,2026-01,LEAD,false,false,false,false
10178,One Harrison,Harrison Polygon,2026-01,ON_DEMAND_SUBSCRIPTION,false,true,false,true
10199,One Harrison,Harrison Polygon,2026-01,TRIAL,true,false,false,false
10170,One Harrison,Harrison Polygon,2026-01,CHURN,true,false,false,false
10176,One Harrison,Harrison Polygon,2026-01,CHURN,true,false,false,false
10194,One Harrison,Harrison Polygon,2026-01,LEAD,false,false,false,false
10293,One Harrison,Harrison Polygon,2026-01,RECURRING_SUBSCRIPTION,true,true,true,false
10347,One Harrison,Harrison Polygon,2026-01,WARM_LEAD,false,false,false,false
10200,One Harrison,Harrison Polygon,2026-01,LEAD,true,false,false,false
10179,One Harrison,Harrison Polygon,2026-01,WARM_LEAD,true,false,false,false
10108,One Ten,Hoboken Polygon,2026-01,WARM_LEAD,false,false,false,false
10285,Opera Tower,Edgeater Polygon,2026-01,LEAD,false,false,false,false
10264,Plank Road,Boerum Hill Polygon,2026-01,LEAD,true,false,false,false
9927,Plank Road,Boerum Hill Polygon,2026-01,LEAD,false,false,false,false
10304,Quantum on the Bay Condominium,Edgeater Polygon,2026-01,WARM_LEAD,false,false,false,false
10317,Quantum on the Bay Condominium,Edgeater Polygon,2026-01,TRIAL,true,false,false,false
10027,River Place,Hell's Kitchen Polygon,2026-01,WARM_LEAD,false,false,false,false
9942,River Place,Hell's Kitchen Polygon,2026-01,RECURRING_SUBSCRIPTION,false,true,true,false
10266,River Place,Hell's Kitchen Polygon,2026-01,LEAD,true,false,false,false
10257,Rothschild 80,Unknown,2026-01,WARM_LEAD,false,false,false,false
9955,Silver Towers,Hell's Kitchen Polygon,2026-01,RECURRING_SUBSCRIPTION,true,true,true,false
9859,Silver Towers,Hell's Kitchen Polygon,2026-01,RECURRING_SUBSCRIPTION,true,true,true,false
748,Silver Towers,Hell's Kitchen Polygon,2026-01,RECURRING_SUBSCRIPTION,true,true,true,false
10344,Silver Towers,Hell's Kitchen Polygon,2026-01,LEAD,false,false,false,false
10322,Silver Towers,Hell's Kitchen Polygon,2026-01,LEAD,true,false,false,false
551,Silver Towers,Hell's Kitchen Polygon,2026-01,ON_DEMAND_SUBSCRIPTION,false,true,false,true
9875,Silver Towers,Hell's Kitchen Polygon,2026-01,COLD_LEAD,true,false,false,false
9937,Silver Towers,Hell's Kitchen Polygon,2026-01,LEAD,false,false,false,false
9879,Silver Towers,Hell's Kitchen Polygon,2026-01,RECURRING_SUBSCRIPTION,false,true,true,false
10318,Silver Towers,Hell's Kitchen Polygon,2026-01,LEAD,false,false,false,false
9920,Silver Towers,Hell's Kitchen Polygon,2026-01,WARM_LEAD,false,false,false,false
9886,Silver Towers,Hell's Kitchen Polygon,2026-01,LEAD,false,false,false,false
9943,Silver Towers,Hell's Kitchen Polygon,2026-01,LEAD,false,false,false,false
10094,Southgate Towers,Miami Beach Polygon,2026-01,LEAD,true,false,false,false
10089,Southgate Towers,Miami Beach Polygon,2026-01,LEAD,true,false,false,false
10100,Southgate Towers,Miami Beach Polygon,2026-01,LEAD,false,false,false,false
10294,Southgate Towers,Miami Beach Polygon,2026-01,WARM_LEAD,false,false,false,false
10090,Southgate Towers,Miami Beach Polygon,2026-01,RECURRING_SUBSCRIPTION,true,true,true,false
10121,Southgate Towers,Miami Beach Polygon,2026-01,LEAD,false,false,false,false
10029,Southgate Towers,Miami Beach Polygon,2026-01,LEAD,true,false,false,false
10098,Southgate Towers,Miami Beach Polygon,2026-01,LEAD,false,false,false,false
10375,Southgate Towers,Miami Beach Polygon,2026-01,LEAD,false,false,false,false
10082,Southgate Towers,Miami Beach Polygon,2026-01,WARM_LEAD,true,false,false,false
10312,Southgate Towers,Miami Beach Polygon,2026-01,WARM_LEAD,true,false,false,false
10251,Southgate Towers,Miami Beach Polygon,2026-01,TRIAL,true,false,false,false
10309,Southgate Towers,Miami Beach Polygon,2026-01,LEAD,true,false,false,false
10112,Southgate Towers,Miami Beach Polygon,2026-01,LEAD,false,false,false,false
10325,Southgate Towers,Miami Beach Polygon,2026-01,LEAD,false,false,false,false
10130,Southgate Towers,Miami Beach Polygon,2026-01,LEAD,true,false,false,false
10328,Southgate Towers,Miami Beach Polygon,2026-01,RECURRING_SUBSCRIPTION,true,true,true,false
10095,Southgate Towers,Miami Beach Polygon,2026-01,LEAD,false,false,false,false
10123,Southgate Towers,Miami Beach Polygon,2026-01,LEAD,true,false,false,false
10340,Southgate Towers,Miami Beach Polygon,2026-01,ON_DEMAND_SUBSCRIPTION,true,true,false,true
9930,Southgate Towers,Miami Beach Polygon,2026-01,WARM_LEAD,false,false,false,false
10096,Southgate Towers,Miami Beach Polygon,2026-01,CHURN,true,false,false,false
10111,Southgate Towers,Miami Beach Polygon,2026-01,TRIAL,false,false,false,false
10247,Southgate Towers,Miami Beach Polygon,2026-01,LEAD,false,false,false,false
10087,Southgate Towers,Miami Beach Polygon,2026-01,LEAD,true,false,false,false
10086,Southgate Towers,Miami Beach Polygon,2026-01,LEAD,true,false,false,false
10187,Southgate Towers,Miami Beach Polygon,2026-01,LEAD,false,false,false,false
10308,Southgate Towers,Miami Beach Polygon,2026-01,LEAD,false,false,false,false
10084,Southgate Towers,Miami Beach Polygon,2026-01,LEAD,false,false,false,false
10201,Southgate Towers,Miami Beach Polygon,2026-01,LEAD,true,false,false,false
10341,Southgate Towers,Miami Beach Polygon,2026-01,LEAD,true,false,false,false
10110,Southgate Towers,Miami Beach Polygon,2026-01,CHURN,true,false,false,false
10236,Southgate Towers,Miami Beach Polygon,2026-01,LEAD,true,false,false,false
10091,Southgate Towers,Miami Beach Polygon,2026-01,WARM_LEAD,true,false,false,false
10164,Southgate Towers,Miami Beach Polygon,2026-01,LEAD,false,false,false,false
10321,Southgate Towers,Miami Beach Polygon,2026-01,LEAD,false,false,false,false
10101,Southgate Towers,Miami Beach Polygon,2026-01,LEAD,false,false,false,false
10192,Southgate Towers,Miami Beach Polygon,2026-01,LEAD,false,false,false,false
10085,Southgate Towers,Miami Beach Polygon,2026-01,WARM_LEAD,true,false,false,false
10092,Southgate Towers,Miami Beach Polygon,2026-01,LEAD,false,false,false,false
10093,Southgate Towers,Miami Beach Polygon,2026-01,LEAD,false,false,false,false
10124,Southgate Towers,Miami Beach Polygon,2026-01,LEAD,true,false,false,false
10120,Southgate Towers,Miami Beach Polygon,2026-01,LEAD,false,false,false,false
10289,Southgate Towers,Miami Beach Polygon,2026-01,LEAD,false,false,false,false
10244,Southgate Towers,Miami Beach Polygon,2026-01,LEAD,false,false,false,false
10249,Southgate Towers,Miami Beach Polygon,2026-01,LEAD,false,false,false,false
10099,Southgate Towers,Miami Beach Polygon,2026-01,LEAD,true,false,false,false
10114,Southgate Towers,Miami Beach Polygon,2026-01,RECURRING_SUBSCRIPTION,true,true,true,false
10373,Southgate Towers,Miami Beach Polygon,2026-01,RECURRING_SUBSCRIPTION,true,true,true,false
10115,Southgate Towers,Miami Beach Polygon,2026-01,LEAD,false,false,false,false
10088,Southgate Towers,Miami Beach Polygon,2026-01,LEAD,false,false,false,false
10105,Southgate Towers,Miami Beach Polygon,2026-01,LEAD,false,false,false,false
10310,Southgate Towers,Miami Beach Polygon,2026-01,LEAD,false,false,false,false
10246,Southgate Towers,Miami Beach Polygon,2026-01,WARM_LEAD,true,false,false,false
10097,Southgate Towers,Miami Beach Polygon,2026-01,LEAD,false,false,false,false
10028,Southgate Towers,Miami Beach Polygon,2026-01,LEAD,false,false,false,false
10102,Southgate Towers,Miami Beach Polygon,2026-01,TRIAL,false,false,false,false
10330,Southgate Towers,Miami Beach Polygon,2026-01,WARM_LEAD,true,false,false,false
10319,Southgate Towers,Miami Beach Polygon,2026-01,WARM_LEAD,false,false,false,false
10104,Southgate Towers,Miami Beach Polygon,2026-01,LEAD,true,false,false,false
10248,Southgate Towers,Miami Beach Polygon,2026-01,LEAD,false,false,false,false
10032,Southgate Towers,Miami Beach Polygon,2026-01,LEAD,true,false,false,false
10103,Southgate Towers,Miami Beach Polygon,2026-01,WARM_LEAD,true,false,false,false
10106,Southgate Towers,Miami Beach Polygon,2026-01,TRIAL,true,false,false,false
10047,Southgate Towers,Miami Beach Polygon,2026-01,WARM_LEAD,false,false,false,false
10327,Southgate Towers,Miami Beach Polygon,2026-01,WARM_LEAD,true,false,false,false
10107,Southgate Towers,Miami Beach Polygon,2026-01,LEAD,false,false,false,false
10238,Southgate Towers,Miami Beach Polygon,2026-01,LEAD,true,false,false,false
10085,Southgate Towers,Miami Beach Polygon,2026-01,WARM_LEAD,true,false,false,false
10316,Southgate Towers,Miami Beach Polygon,2026-01,LEAD,false,false,false,false
10159,Southgate Towers,Miami Beach Polygon,2026-01,LEAD,false,false,false,false
10265,Southgate Towers,Miami Beach Polygon,2026-01,TRIAL,true,false,false,false
10038,Southgate Towers,Miami Beach Polygon,2026-01,LEAD,true,false,false,false
10122,Southgate Towers,Miami Beach Polygon,2026-01,LEAD,true,false,false,false
10083,Southgate Towers,Miami Beach Polygon,2026-01,LEAD,true,false,false,false
10128,Southgate Towers,Miami Beach Polygon,2026-01,RECURRING_SUBSCRIPTION,true,true,true,false
9983,Stonehill,Chatham / West Orange Polygon,2026-01,RECURRING_SUBSCRIPTION,true,true,true,false
10054,The Addison,Brooklyn Heights Polygon,2026-01,WARM_LEAD,false,false,false,false
10069,The Addison,Brooklyn Heights Polygon,2026-01,LEAD,false,false,false,false
10376,The Boulevard,Floating Miami,2026-01,LEAD,true,false,false,false
9974,The Buchanan,Floating NY 1,2026-01,ON_DEMAND_SUBSCRIPTION,false,true,false,true
10050,The Buchanan,Floating NY 1,2026-01,LEAD,false,false,false,false
10129,The Buchanan,Floating NY 1,2026-01,LEAD,false,false,false,false
9863,The Buchanan,Floating NY 1,2026-01,WARM_LEAD,true,false,false,false
9970,The Buchanan,Floating NY 1,2026-01,RECURRING_SUBSCRIPTION,true,true,true,false
9901,The Devan,Hoboken Polygon,2026-01,RECURRING_SUBSCRIPTION,true,true,true,false
9905,The Dime,Williamsburg Polygon,2026-01,LEAD,false,false,false,false
9867,The Eddy,Harrison Polygon,2026-01,WARM_LEAD,true,false,false,false
10113,The Eddy,Harrison Polygon,2026-01,RECURRING_SUBSCRIPTION,true,true,true,false
10074,The Eddy,Harrison Polygon,2026-01,LEAD,false,false,false,false
10323,The Ivy,Chatham / West Orange Polygon,2026-01,LEAD,true,false,false,false
10044,The Ivy,Chatham / West Orange Polygon,2026-01,LEAD,true,false,false,false
10042,The Kestrel,Floating NY 2,2026-01,TRIAL,true,false,false,false
10036,The Kestrel,Floating NY 2,2026-01,LEAD,false,false,false,false
10073,The Landing,Brooklyn Heights Polygon,2026-01,WARM_LEAD,true,false,false,false
9939,The Landon,Hell's Kitchen Polygon,2026-01,RECURRING_SUBSCRIPTION,true,true,true,false
10205,The Landon,Hell's Kitchen Polygon,2026-01,RECURRING_SUBSCRIPTION,true,true,true,false
9868,The Landon,Hell's Kitchen Polygon,2026-01,WARM_LEAD,true,false,false,false
10070,The Landon,Hell's Kitchen Polygon,2026-01,LEAD,false,false,false,false
10218,Union Channel ,Boerum Hill Polygon,2026-01,LEAD,false,false,false,false
10217,Union Channel ,Boerum Hill Polygon,2026-01,LEAD,false,false,false,false
10230,Union Channel ,Boerum Hill Polygon,2026-01,LEAD,true,false,false,false
10235,Union Channel ,Boerum Hill Polygon,2026-01,LEAD,false,false,false,false
10222,Union Channel ,Boerum Hill Polygon,2026-01,LEAD,false,false,false,false
10220,Union Channel ,Boerum Hill Polygon,2026-01,WARM_LEAD,false,false,false,false
10233,Union Channel ,Boerum Hill Polygon,2026-01,LEAD,true,false,false,false
10221,Union Channel ,Boerum Hill Polygon,2026-01,LEAD,false,false,false,false
10225,Union Channel ,Boerum Hill Polygon,2026-01,RECURRING_SUBSCRIPTION,true,true,true,false
10226,Union Channel ,Boerum Hill Polygon,2026-01,LEAD,false,false,false,false
10215,Union Channel ,Boerum Hill Polygon,2026-01,LEAD,false,false,false,false
10219,Union Channel ,Boerum Hill Polygon,2026-01,LEAD,false,false,false,false
10216,Union Channel ,Boerum Hill Polygon,2026-01,LEAD,true,false,false,false
10223,Union Channel ,Boerum Hill Polygon,2026-01,LEAD,false,false,false,false
10210,Waters Edge,Harrison Polygon,2026-01,WARM_LEAD,true,false,false,false
10186,Waters Edge,Harrison Polygon,2026-01,CHURN,true,false,false,false
10165,Waters Edge,Harrison Polygon,2026-01,LEAD,false,false,false,false
10167,Waters Edge,Harrison Polygon,2026-01,LEAD,false,false,false,false
10168,Waters Edge,Harrison Polygon,2026-01,LEAD,false,false,false,false
10210,Waters Edge,Harrison Polygon,2026-01,WARM_LEAD,true,false,false,false
10292,Waters Edge,Harrison Polygon,2026-01,LEAD,false,false,false,false
10165,Waters Edge,Harrison Polygon,2026-01,LEAD,false,false,false,false
10191,Waters Edge,Harrison Polygon,2026-01,LEAD,true,false,false,false
10307,Waters Edge,Harrison Polygon,2026-01,WARM_LEAD,true,false,false,false
10346,Waters Edge,Harrison Polygon,2026-01,LEAD,true,false,false,false
10208,Waters Edge,Harrison Polygon,2026-01,LEAD,false,false,false,false
10195,Waters Edge,Harrison Polygon,2026-01,ON_DEMAND_SUBSCRIPTION,true,true,false,true
10166,Waters Edge,Harrison Polygon,2026-01,WARM_LEAD,false,false,false,false
10212,Waters Edge,Harrison Polygon,2026-01,LEAD,false,false,false,false
10239,Waters Edge,Harrison Polygon,2026-01,WARM_LEAD,true,false,false,false
10171,Waters Edge,Harrison Polygon,2026-01,LEAD,false,false,false,false
10196,Waters Edge,Harrison Polygon,2026-01,LEAD,false,false,false,false
10213,Waters Edge,Harrison Polygon,2026-01,LEAD,false,false,false,false
10314,Waters Edge,Harrison Polygon,2026-01,LEAD,false,false,false,false
10172,Waters Edge,Harrison Polygon,2026-01,LEAD,true,false,false,false
10345,Waters Edge,Harrison Polygon,2026-01,LEAD,false,false,false,false
10297,Waters Edge,Harrison Polygon,2026-01,LEAD,false,false,false,false
10172,Waters Edge,Harrison Polygon,2026-01,LEAD,true,false,false,false
10172,Waters Edge,Harrison Polygon,2026-01,LEAD,true,false,false,false
10193,Waters Edge,Harrison Polygon,2026-01,LEAD,false,false,false,false
10301,Woodside Central,Floating NY 1,2026-01,LEAD,true,false,false,false
10272,Woodside Central,Floating NY 1,2026-01,WARM_LEAD,true,false,false,false
10228,Woodside Central,Floating NY 1,2026-01,LEAD,false,false,false,false
10689,100 House,Hoboken Polygon,2026-02,RECURRING_SUBSCRIPTION,true,true,true,false
10628,100 House,Hoboken Polygon,2026-02,WARM_LEAD,true,false,false,false
10745,100 House,Hoboken Polygon,2026-02,LEAD,false,false,false,false
10741,100 House,Hoboken Polygon,2026-02,WARM_LEAD,true,false,false,false
11065,121 Crandon Boulevard,The Ocean Club Polygon,2026-02,LEAD,true,false,false,false
10683,1800 Biscayne Plaza,Edgeater Polygon,2026-02,LEAD,false,false,false,false
10682,2000 Biscayne,Edgeater Polygon,2026-02,LEAD,false,false,false,false
11074,2000 Biscayne,Edgeater Polygon,2026-02,LEAD,false,false,false,false
10740,2000 Biscayne,Edgeater Polygon,2026-02,LEAD,true,false,false,false
10555,2000 Biscayne,Edgeater Polygon,2026-02,ON_DEMAND_SUBSCRIPTION,false,true,false,true
10615,2000 Biscayne,Edgeater Polygon,2026-02,LEAD,false,false,false,false
11081,2000 Biscayne,Edgeater Polygon,2026-02,LEAD,false,false,false,false
11083,2000 Biscayne,Edgeater Polygon,2026-02,TRIAL,true,false,false,false
11071,2000 Biscayne,Edgeater Polygon,2026-02,LEAD,false,false,false,false
10650,2000 Biscayne,Edgeater Polygon,2026-02,TRIAL,true,false,false,false
10551,2000 Biscayne,Edgeater Polygon,2026-02,TRIAL,false,false,false,false
10618,2000 Biscayne,Edgeater Polygon,2026-02,LEAD,false,false,false,false
11059,2000 Biscayne,Edgeater Polygon,2026-02,WARM_LEAD,true,false,false,false
10746,20 Broad Street,Financial District Polygon,2026-02,LEAD,false,false,false,false
10639,20 Broad Street,Financial District Polygon,2026-02,RECURRING_SUBSCRIPTION,true,true,true,false
10617,20 Broad Street,Financial District Polygon,2026-02,LEAD,false,false,false,false
10560,20 Broad Street,Financial District Polygon,2026-02,LEAD,false,false,false,false
10627,20 Broad Street,Financial District Polygon,2026-02,LEAD,false,false,false,false
10752,20 Broad Street,Financial District Polygon,2026-02,LEAD,false,false,false,false
10616,20 Broad Street,Financial District Polygon,2026-02,LEAD,false,false,false,false
10613,20 Broad Street,Financial District Polygon,2026-02,CHURN,false,false,false,false
11054,220 East 72nd Street,Floating NY 2,2026-02,LEAD,false,false,false,false
10700,22 Skyview Apartments,Edgeater Polygon,2026-02,LEAD,false,false,false,false
10402,250 E Houston,Floating NY 2,2026-02,RECURRING_SUBSCRIPTION,true,true,true,false
10747,300 Somerset,Harrison Polygon,2026-02,LEAD,false,false,false,false
10382,300 Somerset,Harrison Polygon,2026-02,LEAD,true,false,false,false
10656,300 Somerset,Harrison Polygon,2026-02,WARM_LEAD,false,false,false,false
10660,300 Somerset,Harrison Polygon,2026-02,LEAD,false,false,false,false
10684,300 Somerset,Harrison Polygon,2026-02,WARM_LEAD,true,false,false,false
11079,300 Somerset,Harrison Polygon,2026-02,TRIAL,false,false,false,false
10669,300 Somerset,Harrison Polygon,2026-02,LEAD,false,false,false,false
10656,300 Somerset,Harrison Polygon,2026-02,WARM_LEAD,false,false,false,false
10657,300 Somerset,Harrison Polygon,2026-02,LEAD,false,false,false,false
10661,300 Somerset,Harrison Polygon,2026-02,WARM_LEAD,false,false,false,false
10709,330 Angelo Cifelli,Harrison Polygon,2026-02,LEAD,false,false,false,false
10653,330 Angelo Cifelli,Harrison Polygon,2026-02,RECURRING_SUBSCRIPTION,false,true,true,false
10647,330 Angelo Cifelli,Harrison Polygon,2026-02,ON_DEMAND_SUBSCRIPTION,false,true,false,true
10596,330 Angelo Cifelli,Harrison Polygon,2026-02,LEAD,false,false,false,false
10416,330 Angelo Cifelli,Harrison Polygon,2026-02,RECURRING_SUBSCRIPTION,true,true,true,false
10664,330 Angelo Cifelli,Harrison Polygon,2026-02,LEAD,true,false,false,false
10659,330 Angelo Cifelli,Harrison Polygon,2026-02,LEAD,true,false,false,false
10665,330 Angelo Cifelli,Harrison Polygon,2026-02,LEAD,false,false,false,false
10815,345 Baldwin Avenue,Floating Jersey,2026-02,LEAD,false,false,false,false
10832,345 Baldwin Avenue,Floating Jersey,2026-02,WARM_LEAD,false,false,false,false
10830,345 Baldwin Avenue,Floating Jersey,2026-02,LEAD,false,false,false,false
10831,345 Baldwin Avenue,Floating Jersey,2026-02,LEAD,false,false,false,false
10813,345 Baldwin Avenue,Floating Jersey,2026-02,LEAD,false,false,false,false
10820,345 Baldwin Avenue,Floating Jersey,2026-02,LEAD,false,false,false,false
10800,345 Baldwin Avenue,Floating Jersey,2026-02,LEAD,false,false,false,false
10795,345 Baldwin Avenue,Floating Jersey,2026-02,LEAD,false,false,false,false
10828,345 Baldwin Avenue,Floating Jersey,2026-02,LEAD,false,false,false,false
10808,345 Baldwin Avenue,Floating Jersey,2026-02,LEAD,false,false,false,false
10812,345 Baldwin Avenue,Floating Jersey,2026-02,LEAD,false,false,false,false
10499,345 Baldwin Avenue,Floating Jersey,2026-02,RECURRING_SUBSCRIPTION,true,true,true,false
10829,345 Baldwin Avenue,Floating Jersey,2026-02,LEAD,false,false,false,false
10817,345 Baldwin Avenue,Floating Jersey,2026-02,LEAD,false,false,false,false
10810,345 Baldwin Avenue,Floating Jersey,2026-02,TRIAL,false,false,false,false
10816,345 Baldwin Avenue,Floating Jersey,2026-02,LEAD,false,false,false,false
10803,345 Baldwin Avenue,Floating Jersey,2026-02,LEAD,false,false,false,false
10798,345 Baldwin Avenue,Floating Jersey,2026-02,LEAD,false,false,false,false
10809,345 Baldwin Avenue,Floating Jersey,2026-02,LEAD,false,false,false,false
10833,345 Baldwin Avenue,Floating Jersey,2026-02,LEAD,false,false,false,false
10670,345 Baldwin Avenue,Floating Jersey,2026-02,WARM_LEAD,false,false,false,false
10805,345 Baldwin Avenue,Floating Jersey,2026-02,LEAD,false,false,false,false
10807,345 Baldwin Avenue,Floating Jersey,2026-02,LEAD,false,false,false,false
10804,345 Baldwin Avenue,Floating Jersey,2026-02,LEAD,false,false,false,false
10806,345 Baldwin Avenue,Floating Jersey,2026-02,LEAD,false,false,false,false
10824,345 Baldwin Avenue,Floating Jersey,2026-02,LEAD,false,false,false,false
10801,345 Baldwin Avenue,Floating Jersey,2026-02,LEAD,false,false,false,false
10802,345 Baldwin Avenue,Floating Jersey,2026-02,LEAD,false,false,false,false
10821,345 Baldwin Avenue,Floating Jersey,2026-02,LEAD,false,false,false,false
10791,345 Baldwin Avenue,Floating Jersey,2026-02,LEAD,false,false,false,false
10814,345 Baldwin Avenue,Floating Jersey,2026-02,LEAD,false,false,false,false
10822,345 Baldwin Avenue,Floating Jersey,2026-02,LEAD,false,false,false,false
10823,345 Baldwin Avenue,Floating Jersey,2026-02,LEAD,false,false,false,false
10504,345 Baldwin Avenue,Floating Jersey,2026-02,LEAD,true,false,false,false
10811,345 Baldwin Avenue,Floating Jersey,2026-02,LEAD,false,false,false,false
10790,345 Baldwin Avenue,Floating Jersey,2026-02,LEAD,false,false,false,false
10796,345 Baldwin Avenue,Floating Jersey,2026-02,LEAD,false,false,false,false
10797,345 Baldwin Avenue,Floating Jersey,2026-02,LEAD,false,false,false,false
10792,345 Baldwin Avenue,Floating Jersey,2026-02,LEAD,false,false,false,false
10542,345 Baldwin Avenue,Floating Jersey,2026-02,WARM_LEAD,true,false,false,false
10793,345 Baldwin Avenue,Floating Jersey,2026-02,LEAD,false,false,false,false
10799,345 Baldwin Avenue,Floating Jersey,2026-02,LEAD,false,false,false,false
10794,345 Baldwin Avenue,Floating Jersey,2026-02,LEAD,false,false,false,false
10819,345 Baldwin Avenue,Floating Jersey,2026-02,LEAD,false,false,false,false
10818,345 Baldwin Avenue,Floating Jersey,2026-02,LEAD,false,false,false,false
10825,345 Baldwin Avenue,Floating Jersey,2026-02,LEAD,false,false,false,false
10826,345 Baldwin Avenue,Floating Jersey,2026-02,LEAD,false,false,false,false
10827,345 Baldwin Avenue,Floating Jersey,2026-02,LEAD,false,false,false,false
10644,420 Kent Avenue,Williamsburg Polygon,2026-02,WARM_LEAD,false,false,false,false
6874,420 Kent Avenue,Williamsburg Polygon,2026-02,ON_DEMAND_SUBSCRIPTION,true,true,false,true
10419,655 Union,Boerum Hill Polygon,2026-02,LEAD,false,false,false,false
10394,66 Rockwell Place,Brooklyn Heights Polygon,2026-02,TRIAL,false,false,false,false
10658,Agnes,Floating Jersey,2026-02,LEAD,false,false,false,false
10598,Agnes,Floating Jersey,2026-02,LEAD,false,false,false,false
10646,Agnes,Floating Jersey,2026-02,ON_DEMAND_SUBSCRIPTION,false,true,false,true
10655,Agnes,Floating Jersey,2026-02,LEAD,true,false,false,false
10686,Agnes,Floating Jersey,2026-02,LEAD,false,false,false,false
10478,Alta,Floating NY 1,2026-02,WARM_LEAD,false,false,false,false
10412,Alta,Floating NY 1,2026-02,WARM_LEAD,false,false,false,false
10594,Alta,Floating NY 1,2026-02,LEAD,false,false,false,false
10413,Alta,Floating NY 1,2026-02,LEAD,false,false,false,false
10427,Alta,Floating NY 1,2026-02,LEAD,false,false,false,false
10570,Alta,Floating NY 1,2026-02,LEAD,false,false,false,false
10514,Alta,Floating NY 1,2026-02,LEAD,false,false,false,false
10389,Arabella 101,Floating NY 2,2026-02,LEAD,true,false,false,false
10635,Aria on the Bay Condominium Association  INC,Edgeater Polygon,2026-02,LEAD,true,false,false,false
22,Azrieli TLV,Unknown,2026-02,ON_DEMAND_SUBSCRIPTION,true,true,false,true
7935,Azrieli TLV,Unknown,2026-02,LEAD,false,false,false,false
1905,Azrieli TLV,Unknown,2026-02,TRIAL,false,false,false,false
10494,Bahiamar Condominium of Key,The Ocean Club Polygon,2026-02,LEAD,true,false,false,false
10685,Bay Parc Apartments,Edgeater Polygon,2026-02,LEAD,false,false,false,false
10534,Bay Parc Apartments,Edgeater Polygon,2026-02,RECURRING_SUBSCRIPTION,true,true,true,false
11068,Bay Parc Apartments,Edgeater Polygon,2026-02,LEAD,false,false,false,false
10374,Bay Parc Apartments,Edgeater Polygon,2026-02,TRIAL,true,false,false,false
11084,Bay Parc Apartments,Edgeater Polygon,2026-02,WARM_LEAD,true,false,false,false
10386,Bay Parc Apartments,Edgeater Polygon,2026-02,TRIAL,false,false,false,false
10937,Bay Parc Apartments,Edgeater Polygon,2026-02,RECURRING_SUBSCRIPTION,true,true,true,false
10640,Bay Parc Apartments,Edgeater Polygon,2026-02,LEAD,false,false,false,false
10672,Bay Parc Apartments,Edgeater Polygon,2026-02,TRIAL,false,false,false,false
10640,Bay Parc Apartments,Edgeater Polygon,2026-02,LEAD,false,false,false,false
10399,Bay Parc Apartments,Edgeater Polygon,2026-02,RECURRING_SUBSCRIPTION,true,true,true,false
10620,Bay Parc Apartments,Edgeater Polygon,2026-02,LEAD,false,false,false,false
11072,Bay Parc Apartments,Edgeater Polygon,2026-02,LEAD,false,false,false,false
10718,Bay Parc Apartments,Edgeater Polygon,2026-02,LEAD,false,false,false,false
9964,Bay Parc Apartments,Edgeater Polygon,2026-02,CHURN,true,false,false,false
10401,Bay Parc Apartments,Edgeater Polygon,2026-02,LEAD,false,false,false,false
10543,Bay Parc Apartments,Edgeater Polygon,2026-02,LEAD,true,false,false,false
10633,Bay Parc Apartments,Edgeater Polygon,2026-02,TRIAL,false,false,false,false
10668,Bay Parc Apartments,Edgeater Polygon,2026-02,RECURRING_SUBSCRIPTION,true,true,true,false
10550,Bay Parc Apartments,Edgeater Polygon,2026-02,LEAD,true,false,false,false
10493,Bay Parc Apartments,Edgeater Polygon,2026-02,LEAD,true,false,false,false
10424,Biscayne SFR,Unknown,2026-02,LEAD,false,false,false,false
10604,Biscayne SFR,Unknown,2026-02,LEAD,true,false,false,false
10642,Biscayne SFR,The Ocean Club Polygon,2026-02,CHURN,true,false,false,false
10406,Biscayne SFR,Unknown,2026-02,CHURN,true,false,false,false
10390,Biscayne SFR,Unknown,2026-02,LEAD,true,false,false,false
10565,Biscayne SFR,Unknown,2026-02,WARM_LEAD,false,false,false,false
10698,Biscayne SFR,Unknown,2026-02,LEAD,false,false,false,false
10552,Biscayne SFR,Unknown,2026-02,LEAD,false,false,false,false
11087,Biscayne SFR,The Ocean Club Polygon,2026-02,LEAD,false,false,false,false
11073,Biscayne SFR,The Ocean Club Polygon,2026-02,LEAD,false,false,false,false
10489,Biscayne SFR,Unknown,2026-02,LEAD,false,false,false,false
10492,Botanica at Key Colony,The Ocean Club Polygon,2026-02,LEAD,false,false,false,false
10690,Botanica at Key Colony,The Ocean Club Polygon,2026-02,LEAD,false,false,false,false
10472,Brooklyn Crossing,Boerum Hill Polygon,2026-02,WARM_LEAD,false,false,false,false
10488,Cape Florida Club Condo Phase,The Ocean Club Polygon,2026-02,WARM_LEAD,false,false,false,false
10636,Cite On The Bay,Edgeater Polygon,2026-02,LEAD,true,false,false,false
10634,Cite On The Bay,Edgeater Polygon,2026-02,LEAD,true,false,false,false
10393,Cite On The Bay,Edgeater Polygon,2026-02,CHURN,true,false,false,false
10432,Dey and Bergen,Harrison Polygon,2026-02,LEAD,true,false,false,false
10599,Dey and Bergen,Harrison Polygon,2026-02,LEAD,true,false,false,false
11053,Dey and Bergen,Harrison Polygon,2026-02,WARM_LEAD,false,false,false,false
10680,Dey and Bergen,Harrison Polygon,2026-02,LEAD,false,false,false,false
11053,Dey and Bergen,Harrison Polygon,2026-02,WARM_LEAD,false,false,false,false
10577,Flamingo Point Center Tower,Miami Beach Polygon,2026-02,LEAD,true,false,false,false
10381,Flamingo Point Center Tower,Miami Beach Polygon,2026-02,TRIAL,true,false,false,false
10671,Flamingo Point Center Tower,Miami Beach Polygon,2026-02,TRIAL,true,false,false,false
10429,Flamingo Point Center Tower,Miami Beach Polygon,2026-02,LEAD,false,false,false,false
10742,Flamingo Point Center Tower,Miami Beach Polygon,2026-02,LEAD,false,false,false,false
10431,Flamingo Point North Tower,Miami Beach Polygon,2026-02,RECURRING_SUBSCRIPTION,true,true,true,false
10397,Flamingo Point North Tower,Miami Beach Polygon,2026-02,RECURRING_SUBSCRIPTION,true,true,true,false
11051,Flamingo Point North Tower,Miami Beach Polygon,2026-02,RECURRING_SUBSCRIPTION,true,true,true,false
10490,Flamingo Point North Tower,Miami Beach Polygon,2026-02,ON_DEMAND_SUBSCRIPTION,true,true,false,true
10582,Flamingo Point North Tower,Miami Beach Polygon,2026-02,LEAD,true,false,false,false
10557,Flamingo South Beach,Miami Beach Polygon,2026-02,TRIAL,false,false,false,false
10695,Flamingo South Beach,Miami Beach Polygon,2026-02,TRIAL,false,false,false,false
10581,Flamingo South Beach,Miami Beach Polygon,2026-02,LEAD,false,false,false,false
10608,Flamingo South Beach,Miami Beach Polygon,2026-02,LEAD,false,false,false,false
10714,Flamingo South Beach,Miami Beach Polygon,2026-02,WARM_LEAD,true,false,false,false
10385,Gindi 1,Unknown,2026-02,LEAD,false,false,false,false
10567,Gindi 1,Unknown,2026-02,TRIAL,false,false,false,false
8501,Gindi 1,Unknown,2026-02,TRIAL,true,false,false,false
10567,Gindi 1,Unknown,2026-02,TRIAL,false,false,false,false
2851,Gindi 2,Unknown,2026-02,WARM_LEAD,false,false,false,false
10706,Gindi 2,Unknown,2026-02,CHURN,false,false,false,false
186,Gindi 2,Unknown,2026-02,TRIAL,false,false,false,false
2141,Gindi 2,Unknown,2026-02,COLD_LEAD,false,false,false,false
3119,Gindi 2,Unknown,2026-02,ON_DEMAND_SUBSCRIPTION,false,true,false,true
276,Gindi 2,Unknown,2026-02,CHURN,true,false,false,false
2122,Gindi 2,Unknown,2026-02,COLD_LEAD,false,false,false,false
186,Gindi 2,Unknown,2026-02,TRIAL,false,false,false,false
5440,Gindi 2,Unknown,2026-02,COLD_LEAD,true,false,false,false
1664,Gindi 2,Unknown,2026-02,ON_DEMAND_SUBSCRIPTION,false,true,false,true
1191,Gindi 3,Unknown,2026-02,CHURN,true,false,false,false
2092,Gindi 3,Unknown,2026-02,COLD_LEAD,false,false,false,false
3056,Gindi 3,Unknown,2026-02,ON_DEMAND_SUBSCRIPTION,false,true,false,true
10595,Gindi 3,Unknown,2026-02,LEAD,false,false,false,false
234,Gindi 3,Unknown,2026-02,TRIAL,true,false,false,false
497,Gindi 3,Unknown,2026-02,COLD_LEAD,true,false,false,false
3056,Gindi 3,Unknown,2026-02,ON_DEMAND_SUBSCRIPTION,false,true,false,true
338,Gindi 3,Unknown,2026-02,COLD_LEAD,true,false,false,false
1191,Gindi 3,Unknown,2026-02,CHURN,true,false,false,false
253,Gindi 3,Unknown,2026-02,CHURN,false,false,false,false
10631,Gindi 4,Unknown,2026-02,TRIAL,false,false,false,false
211,Gindi 4,Unknown,2026-02,CHURN,true,false,false,false
211,Gindi 4,Unknown,2026-02,CHURN,true,false,false,false
10500,Governors Lodge Condo,The Ocean Club Polygon,2026-02,LEAD,false,false,false,false
11085,Grove Central Residences,Floating Miami,2026-02,WARM_LEAD,false,false,false,false
11056,John Street 116,Financial District Polygon,2026-02,TRIAL,false,false,false,false
10687,Key Colony 1 Tidemark,The Ocean Club Polygon,2026-02,LEAD,false,false,false,false
10583,Key Colony 1 Tidemark,The Ocean Club Polygon,2026-02,ON_DEMAND_SUBSCRIPTION,false,true,false,true
10451,Key Colony 1 Tidemark,The Ocean Club Polygon,2026-02,LEAD,true,false,false,false
10421,Key Colony 2. Ocean Sound,The Ocean Club Polygon,2026-02,LEAD,false,false,false,false
10426,Key Colony 2. Ocean Sound,The Ocean Club Polygon,2026-02,WARM_LEAD,false,false,false,false
10713,Key Colony 3 Emeraldbay,The Ocean Club Polygon,2026-02,WARM_LEAD,true,false,false,false
11086,Key Colony 3 Emeraldbay,The Ocean Club Polygon,2026-02,LEAD,false,false,false,false
10409,Lake Tower,The Ocean Club Polygon,2026-02,TRIAL,true,false,false,false
10414,Lake Tower,The Ocean Club Polygon,2026-02,LEAD,false,false,false,false
10693,Livana East Hanover,Chatham / West Orange Polygon,2026-02,LEAD,false,false,false,false
10549,Livana East Hanover,Chatham / West Orange Polygon,2026-02,RECURRING_SUBSCRIPTION,true,true,true,false
11064,Livana East Hanover,Chatham / West Orange Polygon,2026-02,LEAD,true,false,false,false
10588,Livana East Hanover,Chatham / West Orange Polygon,2026-02,LEAD,false,false,false,false
10400,Livana East Hanover,Chatham / West Orange Polygon,2026-02,LEAD,true,false,false,false
10485,Livana East Hanover,Chatham / West Orange Polygon,2026-02,LEAD,false,false,false,false
10724,Livana East Hanover,Chatham / West Orange Polygon,2026-02,RECURRING_SUBSCRIPTION,true,true,true,false
10477,Midtown 5,Floating Miami,2026-02,CHURN,true,false,false,false
10476,Midtown 5,Floating Miami,2026-02,LEAD,false,false,false,false
10556,Midtown 5,Floating Miami,2026-02,WARM_LEAD,false,false,false,false
10491,Midtown 5,Floating Miami,2026-02,RECURRING_SUBSCRIPTION,true,true,true,false
10553,Midtown 5,Floating Miami,2026-02,LEAD,false,false,false,false
10572,Midtown 5,Floating Miami,2026-02,TRIAL,false,false,false,false
11089,Midtown 5,Floating Miami,2026-02,LEAD,false,false,false,false
10554,Midtown 5,Floating Miami,2026-02,LEAD,false,false,false,false
10584,Nine 52,Hell's Kitchen Polygon,2026-02,RECURRING_SUBSCRIPTION,true,true,true,false
10584,Nine 52,Hell's Kitchen Polygon,2026-02,RECURRING_SUBSCRIPTION,true,true,true,false
10585,Oliver on the Hudson,Floating Jersey,2026-02,LEAD,true,false,false,false
10725,Oliver on the Hudson,Floating Jersey,2026-02,RECURRING_SUBSCRIPTION,true,true,true,false
10960,Oliver on the Hudson,Floating Jersey,2026-02,LEAD,false,false,false,false
10727,Oliver on the Hudson,Floating Jersey,2026-02,LEAD,true,false,false,false
10750,Oliver on the Hudson,Floating Jersey,2026-02,LEAD,true,false,false,false
10590,Oliver on the Hudson,Floating Jersey,2026-02,LEAD,true,false,false,false
10723,Oliver on the Hudson,Floating Jersey,2026-02,LEAD,true,false,false,false
10730,Oliver on the Hudson,Floating Jersey,2026-02,LEAD,false,false,false,false
10632,Oliver on the Hudson,Floating Jersey,2026-02,LEAD,true,false,false,false
11066,Oliver on the Hudson,Floating Jersey,2026-02,WARM_LEAD,false,false,false,false
10738,Oliver on the Hudson,Floating Jersey,2026-02,LEAD,false,false,false,false
10503,Oliver on the Hudson,Floating Jersey,2026-02,LEAD,true,false,false,false
11049,Oliver on the Hudson,Floating Jersey,2026-02,WARM_LEAD,false,false,false,false
10731,Oliver on the Hudson,Floating Jersey,2026-02,LEAD,true,false,false,false
10614,Oliver on the Hudson,Floating Jersey,2026-02,LEAD,false,false,false,false
10688,Oliver on the Hudson,Floating Jersey,2026-02,ON_DEMAND_SUBSCRIPTION,true,true,false,true
10729,Oliver on the Hudson,Floating Jersey,2026-02,RECURRING_SUBSCRIPTION,true,true,true,false
10721,Oliver on the Hudson,Floating Jersey,2026-02,WARM_LEAD,false,false,false,false
10722,Oliver on the Hudson,Floating Jersey,2026-02,LEAD,true,false,false,false
10744,Oliver on the Hudson,Floating Jersey,2026-02,WARM_LEAD,false,false,false,false
10751,Oliver on the Hudson,Floating Jersey,2026-02,LEAD,false,false,false,false
10589,Oliver on the Hudson,Floating Jersey,2026-02,LEAD,false,false,false,false
10593,One Harrison,Harrison Polygon,2026-02,RECURRING_SUBSCRIPTION,true,true,true,false
10574,One Harrison,Harrison Polygon,2026-02,LEAD,false,false,false,false
10753,One Harrison,Harrison Polygon,2026-02,LEAD,true,false,false,false
10692,One Harrison,Harrison Polygon,2026-02,LEAD,false,false,false,false
10445,One Harrison,Harrison Polygon,2026-02,WARM_LEAD,false,false,false,false
10449,One Harrison,Harrison Polygon,2026-02,LEAD,false,false,false,false
10443,One Harrison,Harrison Polygon,2026-02,LEAD,false,false,false,false
10446,One Harrison,Harrison Polygon,2026-02,WARM_LEAD,true,false,false,false
10447,One Harrison,Harrison Polygon,2026-02,TRIAL,true,false,false,false
10442,One Harrison,Harrison Polygon,2026-02,LEAD,false,false,false,false
10444,One Harrison,Harrison Polygon,2026-02,LEAD,false,false,false,false
10446,One Harrison,Harrison Polygon,2026-02,WARM_LEAD,true,false,false,false
10395,One Harrison,Harrison Polygon,2026-02,LEAD,false,false,false,false
10443,One Harrison,Harrison Polygon,2026-02,LEAD,false,false,false,false
10484,One Harrison,Harrison Polygon,2026-02,LEAD,true,false,false,false
10392,One Harrison,Harrison Polygon,2026-02,LEAD,false,false,false,false
10667,One Harrison,Harrison Polygon,2026-02,TRIAL,false,false,false,false
10625,One Harrison,Harrison Polygon,2026-02,WARM_LEAD,true,false,false,false
11052,One Harrison,Harrison Polygon,2026-02,WARM_LEAD,false,false,false,false
10733,One Ten,Hoboken Polygon,2026-02,CHURN,true,false,false,false
10743,One Ten,Hoboken Polygon,2026-02,LEAD,false,false,false,false
10735,One Ten,Hoboken Polygon,2026-02,LEAD,true,false,false,false
10748,One Ten,Hoboken Polygon,2026-02,LEAD,false,false,false,false
10732,One Ten,Hoboken Polygon,2026-02,LEAD,true,false,false,false
10726,One Ten,Hoboken Polygon,2026-02,RECURRING_SUBSCRIPTION,true,true,true,false
10645,One Ten,Hoboken Polygon,2026-02,WARM_LEAD,true,false,false,false
10638,Opera Tower,Edgeater Polygon,2026-02,RECURRING_SUBSCRIPTION,true,true,true,false
11058,Opera Tower,Edgeater Polygon,2026-02,LEAD,false,false,false,false
11061,Quantum on the Bay Condominium,Edgeater Polygon,2026-02,LEAD,true,false,false,false
11055,Quantum on the Bay Condominium,Edgeater Polygon,2026-02,LEAD,true,false,false,false
10597,River Place,Hell's Kitchen Polygon,2026-02,TRIAL,false,false,false,false
10434,River Place,Hell's Kitchen Polygon,2026-02,LEAD,false,false,false,false
10736,River Place,Hell's Kitchen Polygon,2026-02,RECURRING_SUBSCRIPTION,true,true,true,false
10708,River Place,Hell's Kitchen Polygon,2026-02,LEAD,false,false,false,false
10495,River Place,Hell's Kitchen Polygon,2026-02,RECURRING_SUBSCRIPTION,true,true,true,false
10435,River Place,Hell's Kitchen Polygon,2026-02,LEAD,true,false,false,false
10576,River Place,Hell's Kitchen Polygon,2026-02,LEAD,false,false,false,false
10435,River Place,Hell's Kitchen Polygon,2026-02,LEAD,true,false,false,false
10621,Silver Towers,Hell's Kitchen Polygon,2026-02,LEAD,false,false,false,false
9575,Silver Towers,Hell's Kitchen Polygon,2026-02,RECURRING_SUBSCRIPTION,true,true,true,false
10418,Southgate Towers,Miami Beach Polygon,2026-02,WARM_LEAD,true,false,false,false
10691,Southgate Towers,Miami Beach Polygon,2026-02,CHURN,true,false,false,false
10606,Southgate Towers,Miami Beach Polygon,2026-02,WARM_LEAD,true,false,false,false
10586,Southgate Towers,Miami Beach Polygon,2026-02,WARM_LEAD,true,false,false,false
10575,Southgate Towers,Miami Beach Polygon,2026-02,WARM_LEAD,true,false,false,false
10502,Southgate Towers,Miami Beach Polygon,2026-02,WARM_LEAD,false,false,false,false
10430,Southgate Towers,Miami Beach Polygon,2026-02,LEAD,false,false,false,false
10619,Southgate Towers,Miami Beach Polygon,2026-02,TRIAL,false,false,false,false
10626,Southgate Towers,Miami Beach Polygon,2026-02,WARM_LEAD,false,false,false,false
10610,Southgate Towers,Miami Beach Polygon,2026-02,WARM_LEAD,false,false,false,false
10564,Southgate Towers,Miami Beach Polygon,2026-02,LEAD,false,false,false,false
10592,Southgate Towers,Miami Beach Polygon,2026-02,LEAD,false,false,false,false
11078,Southgate Towers,Miami Beach Polygon,2026-02,LEAD,true,false,false,false
10387,Southgate Towers,Miami Beach Polygon,2026-02,WARM_LEAD,true,false,false,false
11077,Southgate Towers,Miami Beach Polygon,2026-02,WARM_LEAD,false,false,false,false
11057,Southgate Towers,Miami Beach Polygon,2026-02,LEAD,true,false,false,false
11075,Southgate Towers,Miami Beach Polygon,2026-02,RECURRING_SUBSCRIPTION,true,true,true,false
10641,Southgate Towers,Miami Beach Polygon,2026-02,WARM_LEAD,false,false,false,false
10383,Southgate Towers,Miami Beach Polygon,2026-02,WARM_LEAD,false,false,false,false
10673,Southgate Towers,Miami Beach Polygon,2026-02,LEAD,false,false,false,false
10600,Stonehill,Chatham / West Orange Polygon,2026-02,LEAD,false,false,false,false
10388,The Addison,Brooklyn Heights Polygon,2026-02,RECURRING_SUBSCRIPTION,true,true,true,false
10571,The Addison,Brooklyn Heights Polygon,2026-02,WARM_LEAD,true,false,false,false
11063,The Bergen,Boerum Hill Polygon,2026-02,LEAD,true,false,false,false
10609,The Boulevard,Floating Miami,2026-02,LEAD,false,false,false,false
10568,The Boulevard,Floating Miami,2026-02,RECURRING_SUBSCRIPTION,true,true,true,false
10679,The Boulevard,Floating Miami,2026-02,RECURRING_SUBSCRIPTION,true,true,true,false
10396,The Boulevard,Floating Miami,2026-02,RECURRING_SUBSCRIPTION,true,true,true,false
10703,The Boulevard,Floating Miami,2026-02,RECURRING_SUBSCRIPTION,false,true,true,false
10601,The Boulevard,Floating Miami,2026-02,ON_DEMAND_SUBSCRIPTION,true,true,false,true
10433,The Boulevard,Floating Miami,2026-02,WARM_LEAD,true,false,false,false
10624,The Boulevard,Floating Miami,2026-02,WARM_LEAD,true,false,false,false
10417,The Buchanan,Floating NY 1,2026-02,LEAD,false,false,false,false
10410,The Buchanan,Floating NY 1,2026-02,WARM_LEAD,true,false,false,false
10716,The Buchanan,Floating NY 1,2026-02,WARM_LEAD,false,false,false,false
10411,The Buchanan,Floating NY 1,2026-02,WARM_LEAD,true,false,false,false
10651,The Devan,Hoboken Polygon,2026-02,LEAD,false,false,false,false
10607,The Devan,Hoboken Polygon,2026-02,LEAD,false,false,false,false
10678,The Devan,Hoboken Polygon,2026-02,LEAD,false,false,false,false
10652,The Devan,Hoboken Polygon,2026-02,TRIAL,true,false,false,false
10654,The Devan,Hoboken Polygon,2026-02,RECURRING_SUBSCRIPTION,true,true,true,false
10425,The Devan,Hoboken Polygon,2026-02,RECURRING_SUBSCRIPTION,true,true,true,false
10707,The Devan,Hoboken Polygon,2026-02,RECURRING_SUBSCRIPTION,true,true,true,false
10707,The Devan,Hoboken Polygon,2026-02,RECURRING_SUBSCRIPTION,true,true,true,false
10654,The Devan,Hoboken Polygon,2026-02,RECURRING_SUBSCRIPTION,true,true,true,false
10486,The Dime,Williamsburg Polygon,2026-02,LEAD,true,false,false,false
10697,The Dime,Williamsburg Polygon,2026-02,WARM_LEAD,false,false,false,false
10602,The Eddy,Harrison Polygon,2026-02,LEAD,false,false,false,false
10663,The Eddy,Harrison Polygon,2026-02,LEAD,false,false,false,false
10728,The Enclave,Hoboken Polygon,2026-02,RECURRING_SUBSCRIPTION,true,true,true,false
10737,The Enclave,Hoboken Polygon,2026-02,WARM_LEAD,false,false,false,false
10605,The Enclave,Hoboken Polygon,2026-02,LEAD,true,false,false,false
10562,The Ivy,Chatham / West Orange Polygon,2026-02,WARM_LEAD,true,false,false,false
10694,The Kestrel,Floating NY 2,2026-02,WARM_LEAD,false,false,false,false
11082,The Kestrel,Floating NY 2,2026-02,LEAD,false,false,false,false
10580,The Landing,Brooklyn Heights Polygon,2026-02,LEAD,true,false,false,false
10415,The Vitagraph,Floating NY 2,2026-02,LEAD,true,false,false,false
10415,The Vitagraph,Floating NY 2,2026-02,LEAD,true,false,false,false
10677,The Vitagraph,Floating NY 2,2026-02,TRIAL,false,false,false,false
10569,Towers of Key Biscayne,The Ocean Club Polygon,2026-02,LEAD,false,false,false,false
10398,Union Channel ,Boerum Hill Polygon,2026-02,RECURRING_SUBSCRIPTION,false,true,true,false
10452,Union Channel ,Boerum Hill Polygon,2026-02,LEAD,false,false,false,false
10407,Watermarc at Biscayne Bay,Edgeater Polygon,2026-02,LEAD,false,false,false,false
10749,Watermarc at Biscayne Bay,Edgeater Polygon,2026-02,LEAD,false,false,false,false
10676,Watermarc at Biscayne Bay,Edgeater Polygon,2026-02,LEAD,false,false,false,false
10711,Watermarc at Biscayne Bay,Edgeater Polygon,2026-02,WARM_LEAD,false,false,false,false
10719,Watermarc at Biscayne Bay,Edgeater Polygon,2026-02,WARM_LEAD,false,false,false,false
10717,Watermarc at Biscayne Bay,Edgeater Polygon,2026-02,TRIAL,false,false,false,false
10734,Watermarc at Biscayne Bay,Edgeater Polygon,2026-02,LEAD,false,false,false,false
10675,Watermarc at Biscayne Bay,Edgeater Polygon,2026-02,WARM_LEAD,false,false,false,false
10702,Watermarc at Biscayne Bay,Edgeater Polygon,2026-02,WARM_LEAD,true,false,false,false
10701,Watermarc at Biscayne Bay,Edgeater Polygon,2026-02,WARM_LEAD,true,false,false,false
10734,Watermarc at Biscayne Bay,Edgeater Polygon,2026-02,LEAD,false,false,false,false
11062,Watermarc at Biscayne Bay,Edgeater Polygon,2026-02,LEAD,false,false,false,false
10699,Watermarc at Biscayne Bay,Edgeater Polygon,2026-02,WARM_LEAD,true,false,false,false
10643,Watermarc at Biscayne Bay,Edgeater Polygon,2026-02,WARM_LEAD,false,false,false,false
10710,Watermarc at Biscayne Bay,Edgeater Polygon,2026-02,LEAD,false,false,false,false
10739,Watermarc at Biscayne Bay,Edgeater Polygon,2026-02,LEAD,false,false,false,false
10705,Watermarc at Biscayne Bay,Edgeater Polygon,2026-02,LEAD,false,false,false,false
10712,Watermarc at Biscayne Bay,Edgeater Polygon,2026-02,LEAD,false,false,false,false
10715,Watermarc at Biscayne Bay,Edgeater Polygon,2026-02,LEAD,true,false,false,false
10734,Watermarc at Biscayne Bay,Edgeater Polygon,2026-02,LEAD,false,false,false,false
11050,Watermarc at Biscayne Bay,Edgeater Polygon,2026-02,LEAD,false,false,false,false
10681,Watermarc at Biscayne Bay,Edgeater Polygon,2026-02,WARM_LEAD,true,false,false,false
10674,Watermarc at Biscayne Bay,Edgeater Polygon,2026-02,LEAD,true,false,false,false
11060,Watermarc at Biscayne Bay,Edgeater Polygon,2026-02,TRIAL,true,false,false,false
11067,Watermarc at Biscayne Bay,Edgeater Polygon,2026-02,TRIAL,true,false,false,false
10734,Watermarc at Biscayne Bay,Edgeater Polygon,2026-02,LEAD,false,false,false,false
10739,Watermarc at Biscayne Bay,Edgeater Polygon,2026-02,LEAD,false,false,false,false
11090,Watermarc at Biscayne Bay,Edgeater Polygon,2026-02,LEAD,false,false,false,false
10423,Waters Edge,Harrison Polygon,2026-02,LEAD,false,false,false,false
10622,Waters Edge,Harrison Polygon,2026-02,TRIAL,true,false,false,false
10573,Waters Edge,Harrison Polygon,2026-02,WARM_LEAD,false,false,false,false
10611,Waters Edge,Harrison Polygon,2026-02,WARM_LEAD,false,false,false,false
11104,100 House,Hoboken Polygon,2026-03,LEAD,true,false,false,false
11326,100 House,Hoboken Polygon,2026-03,LEAD,false,false,false,false
11193,100 House,Hoboken Polygon,2026-03,RECURRING_SUBSCRIPTION,true,true,true,false
11266,100 House,Hoboken Polygon,2026-03,LEAD,false,false,false,false
11109,100 Sunrise Drive,The Ocean Club Polygon,2026-03,LEAD,false,false,false,false
11107,101 Sunrise Drive,The Ocean Club Polygon,2026-03,LEAD,false,false,false,false
11163,1800 Biscayne Plaza,Edgeater Polygon,2026-03,LEAD,true,false,false,false
11332,1800 Biscayne Plaza,Edgeater Polygon,2026-03,LEAD,false,false,false,false
11176,1800 North Bayshore Drive,Edgeater Polygon,2026-03,WARM_LEAD,false,false,false,false
11099,1800 North Bayshore Drive,Edgeater Polygon,2026-03,LEAD,false,false,false,false
11194,2000 Biscayne,Edgeater Polygon,2026-03,TRIAL,false,false,false,false
11291,2000 Biscayne,Edgeater Polygon,2026-03,WARM_LEAD,false,false,false,false
11244,2000 Biscayne,Edgeater Polygon,2026-03,WARM_LEAD,false,false,false,false
11192,2000 Biscayne,Edgeater Polygon,2026-03,LEAD,true,false,false,false
11190,2000 Biscayne,Edgeater Polygon,2026-03,LEAD,false,false,false,false
11160,2000 Biscayne,Edgeater Polygon,2026-03,LEAD,false,false,false,false
11158,2000 Biscayne,Edgeater Polygon,2026-03,LEAD,false,false,false,false
11340,2000 Biscayne,Edgeater Polygon,2026-03,WARM_LEAD,false,false,false,false
11279,2001 Biscayne Boulevard,Edgeater Polygon,2026-03,ON_DEMAND_SUBSCRIPTION,false,true,false,true
11302,20 Broad Street,Financial District Polygon,2026-03,WARM_LEAD,false,false,false,false
11364,20 Broad Street,Financial District Polygon,2026-03,WARM_LEAD,false,false,false,false
11246,20 Broad Street,Financial District Polygon,2026-03,LEAD,false,false,false,false
11210,20 Broad Street,Financial District Polygon,2026-03,WARM_LEAD,false,false,false,false
11324,220 East 72nd Street,Floating NY 2,2026-03,LEAD,false,false,false,false
11362,251 NE 20th St apt 3506,Edgeater Polygon,2026-03,WARM_LEAD,true,false,false,false
11094,300 Somerset,Harrison Polygon,2026-03,RECURRING_SUBSCRIPTION,true,true,true,false
11267,300 Somerset,Harrison Polygon,2026-03,WARM_LEAD,false,false,false,false
11165,330 Angelo Cifelli,Harrison Polygon,2026-03,LEAD,false,false,false,false
11188,330 Angelo Cifelli,Harrison Polygon,2026-03,LEAD,false,false,false,false
11294,345 Baldwin Avenue,Floating Jersey,2026-03,WARM_LEAD,false,false,false,false
11118,345 Baldwin Avenue,Floating Jersey,2026-03,WARM_LEAD,false,false,false,false
11205,345 Baldwin Avenue,Floating Jersey,2026-03,ON_DEMAND_SUBSCRIPTION,false,true,false,true
11245,345 Baldwin Avenue,Floating Jersey,2026-03,WARM_LEAD,false,false,false,false
11315,420 Kent Avenue,Williamsburg Polygon,2026-03,WARM_LEAD,false,false,false,false
11292,535 W 43rd Street,Hell's Kitchen Polygon,2026-03,LEAD,true,false,false,false
11103,535 W 43rd Street,Hell's Kitchen Polygon,2026-03,TRIAL,false,false,false,false
11248,535 W 43rd Street,Hell's Kitchen Polygon,2026-03,RECURRING_SUBSCRIPTION,true,true,true,false
11178,55 Ocean Lane Drive,The Ocean Club Polygon,2026-03,LEAD,false,false,false,false
11223,655 Union,Boerum Hill Polygon,2026-03,WARM_LEAD,false,false,false,false
7714,66 Rockwell Place,Brooklyn Heights Polygon,2026-03,TRIAL,true,false,false,false
11333,66 Rockwell Place,Brooklyn Heights Polygon,2026-03,LEAD,true,false,false,false
11328,Agnes,Floating Jersey,2026-03,LEAD,false,false,false,false
11121,Agnes,Floating Jersey,2026-03,RECURRING_SUBSCRIPTION,true,true,true,false
11146,Agnes,Floating Jersey,2026-03,LEAD,false,false,false,false
11172,Alta,Floating NY 1,2026-03,LEAD,false,false,false,false
11117,Alta,Floating NY 1,2026-03,WARM_LEAD,false,false,false,false
11330,Aria on the Bay Condominium Association  INC,Edgeater Polygon,2026-03,LEAD,false,false,false,false
11325,Aria on the Bay Condominium Association  INC,Edgeater Polygon,2026-03,LEAD,false,false,false,false
11270,Aria on the Bay Condominium Association  INC,Edgeater Polygon,2026-03,LEAD,false,false,false,false
11284,Aria on the Bay Condominium Association  INC,Edgeater Polygon,2026-03,LEAD,false,false,false,false
11282,Aria on the Bay Condominium Association  INC,Edgeater Polygon,2026-03,LEAD,false,false,false,false
11317,Azrieli TLV,Unknown,2026-03,TRIAL,true,false,false,false
11258,Azrieli TLV,Unknown,2026-03,LEAD,true,false,false,false
11258,Azrieli TLV,Unknown,2026-03,LEAD,true,false,false,false
9731,Azrieli TLV,Unknown,2026-03,WARM_LEAD,false,false,false,false
11335,Bay Parc Apartments,Edgeater Polygon,2026-03,TRIAL,false,false,false,false
11361,Bay Parc Apartments,Edgeater Polygon,2026-03,LEAD,false,false,false,false
11231,Bay Parc Apartments,Edgeater Polygon,2026-03,RECURRING_SUBSCRIPTION,true,true,true,false
11164,Bay Parc Apartments,Edgeater Polygon,2026-03,LEAD,false,false,false,false
11253,Bay Parc Apartments,Edgeater Polygon,2026-03,WARM_LEAD,false,false,false,false
11323,Bay Parc Apartments,Edgeater Polygon,2026-03,TRIAL,false,false,false,false
11300,Bay Parc Apartments,Edgeater Polygon,2026-03,WARM_LEAD,true,false,false,false
11259,Bay Parc Apartments,Edgeater Polygon,2026-03,WARM_LEAD,false,false,false,false
11353,Bay Parc Apartments,Edgeater Polygon,2026-03,LEAD,true,false,false,false
11195,Bay Parc Apartments,Edgeater Polygon,2026-03,ON_DEMAND_SUBSCRIPTION,false,true,false,true
11191,Bay Parc Apartments,Edgeater Polygon,2026-03,RECURRING_SUBSCRIPTION,true,true,true,false
11196,Biscayne SFR,The Ocean Club Polygon,2026-03,WARM_LEAD,false,false,false,false
11102,Biscayne SFR,The Ocean Club Polygon,2026-03,LEAD,false,false,false,false
11357,Cite On The Bay,Edgeater Polygon,2026-03,WARM_LEAD,false,false,false,false
11278,Cite On The Bay,Edgeater Polygon,2026-03,RECURRING_SUBSCRIPTION,true,true,true,false
11226,Cite On The Bay,Edgeater Polygon,2026-03,TRIAL,true,false,false,false
11255,Dey and Bergen,Harrison Polygon,2026-03,LEAD,true,false,false,false
11110,Dey and Bergen,Harrison Polygon,2026-03,LEAD,false,false,false,false
11275,Flamingo Point Center Tower,Miami Beach Polygon,2026-03,TRIAL,true,false,false,false
11265,Flamingo Point Center Tower,Miami Beach Polygon,2026-03,ON_DEMAND_SUBSCRIPTION,true,true,false,true
11331,Flamingo Point Center Tower,Miami Beach Polygon,2026-03,ON_DEMAND_SUBSCRIPTION,true,true,false,true
11115,Flamingo Point Center Tower,Miami Beach Polygon,2026-03,LEAD,true,false,false,false
11312,Flamingo Point Center Tower,Miami Beach Polygon,2026-03,LEAD,true,false,false,false
11280,Flamingo Point Center Tower,Miami Beach Polygon,2026-03,TRIAL,true,false,false,false
11260,Flamingo Point Center Tower,Miami Beach Polygon,2026-03,WARM_LEAD,true,false,false,false
11298,Flamingo Point Center Tower,Miami Beach Polygon,2026-03,WARM_LEAD,false,false,false,false
11137,Flamingo Point Center Tower,Miami Beach Polygon,2026-03,WARM_LEAD,false,false,false,false
11277,Flamingo Point Center Tower,Miami Beach Polygon,2026-03,RECURRING_SUBSCRIPTION,true,true,true,false
11242,Flamingo Point Center Tower,Miami Beach Polygon,2026-03,WARM_LEAD,false,false,false,false
11261,Flamingo Point Center Tower,Miami Beach Polygon,2026-03,WARM_LEAD,false,false,false,false
11303,Flamingo Point Center Tower,Miami Beach Polygon,2026-03,LEAD,false,false,false,false
11173,Flamingo Point Center Tower,Miami Beach Polygon,2026-03,LEAD,true,false,false,false
11203,Flamingo Point North Tower,Miami Beach Polygon,2026-03,WARM_LEAD,true,false,false,false
11243,Flamingo Point North Tower,Miami Beach Polygon,2026-03,RECURRING_SUBSCRIPTION,true,true,true,false
11276,Flamingo Point North Tower,Miami Beach Polygon,2026-03,WARM_LEAD,true,false,false,false
11150,Flamingo Point North Tower,Miami Beach Polygon,2026-03,LEAD,true,false,false,false
11363,Flamingo Point North Tower,Miami Beach Polygon,2026-03,WARM_LEAD,true,false,false,false
11159,Flamingo Point North Tower,Miami Beach Polygon,2026-03,LEAD,false,false,false,false
11313,Flamingo South Beach,Miami Beach Polygon,2026-03,WARM_LEAD,false,false,false,false
11354,Flamingo South Beach,Miami Beach Polygon,2026-03,LEAD,false,false,false,false
11301,Flamingo South Beach,Miami Beach Polygon,2026-03,CHURN,true,false,false,false
11274,Flamingo South Beach,Miami Beach Polygon,2026-03,LEAD,true,false,false,false
11262,Flamingo South Beach,Miami Beach Polygon,2026-03,WARM_LEAD,false,false,false,false
11111,Flamingo South Beach,Miami Beach Polygon,2026-03,WARM_LEAD,false,false,false,false
11337,Flamingo South Beach,Miami Beach Polygon,2026-03,LEAD,false,false,false,false
11289,Flamingo South Beach,Miami Beach Polygon,2026-03,RECURRING_SUBSCRIPTION,true,true,true,false
11273,Flamingo South Beach,Miami Beach Polygon,2026-03,TRIAL,true,false,false,false
11285,Flamingo South Beach,Miami Beach Polygon,2026-03,LEAD,false,false,false,false
11290,Flamingo South Beach,Miami Beach Polygon,2026-03,WARM_LEAD,false,false,false,false
11366,Flow Brickell,Flow Brickell Polygon,2026-03,LEAD,true,false,false,false
11359,Flow Brickell,Flow Brickell Polygon,2026-03,LEAD,false,false,false,false
11359,Flow Brickell,Flow Brickell Polygon,2026-03,LEAD,false,false,false,false
11309,Gindi 1,Unknown,2026-03,TRIAL,false,false,false,false
11355,Gindi 1,Unknown,2026-03,ON_DEMAND_SUBSCRIPTION,true,true,false,true
3083,Gindi 1,Unknown,2026-03,COLD_LEAD,true,false,false,false
11309,Gindi 1,Unknown,2026-03,TRIAL,false,false,false,false
11212,Gindi 1,Unknown,2026-03,LEAD,false,false,false,false
11355,Gindi 1,Unknown,2026-03,ON_DEMAND_SUBSCRIPTION,true,true,false,true
11212,Gindi 1,Unknown,2026-03,LEAD,false,false,false,false
2141,Gindi 2,Unknown,2026-03,COLD_LEAD,false,false,false,false
11225,Gindi 2,Unknown,2026-03,WARM_LEAD,false,false,false,false
11225,Gindi 2,Unknown,2026-03,WARM_LEAD,false,false,false,false
2466,Gindi 2,Unknown,2026-03,COLD_LEAD,false,false,false,false
7872,Gindi 3,Unknown,2026-03,COLD_LEAD,false,false,false,false
244,Gindi 3,Unknown,2026-03,COLD_LEAD,false,false,false,false
3056,Gindi 3,Unknown,2026-03,ON_DEMAND_SUBSCRIPTION,false,true,false,true
2825,Gindi 3,Unknown,2026-03,COLD_LEAD,true,false,false,false
11249,Gindi 3,Unknown,2026-03,LEAD,false,false,false,false
6356,Gindi 3,Unknown,2026-03,CHURN,false,false,false,false
2544,HaHehad,Unknown,2026-03,COLD_LEAD,false,false,false,false
11143,Livana East Hanover,Chatham / West Orange Polygon,2026-03,WARM_LEAD,false,false,false,false
11179,Livana East Hanover,Chatham / West Orange Polygon,2026-03,LEAD,false,false,false,false
11281,Livana East Hanover,Chatham / West Orange Polygon,2026-03,WARM_LEAD,false,false,false,false
11183,Livana East Hanover,Chatham / West Orange Polygon,2026-03,LEAD,false,false,false,false
11227,Livana East Hanover,Chatham / West Orange Polygon,2026-03,LEAD,false,false,false,false
11162,Midtown 5,Floating Miami,2026-03,LEAD,true,false,false,false
11264,Midtown 5,Floating Miami,2026-03,TRIAL,true,false,false,false
11211,Midtown 5,Floating Miami,2026-03,LEAD,false,false,false,false
2187,Nine 52,Hell's Kitchen Polygon,2026-03,TRIAL,true,false,false,false
11161,Oliver on the Hudson,Floating Jersey,2026-03,WARM_LEAD,false,false,false,false
11096,Oliver on the Hudson,Floating Jersey,2026-03,WARM_LEAD,false,false,false,false
11320,Oliver on the Hudson,Floating Jersey,2026-03,RECURRING_SUBSCRIPTION,true,true,true,false
11329,Oliver on the Hudson,Floating Jersey,2026-03,LEAD,false,false,false,false
11201,Oliver on the Hudson,Floating Jersey,2026-03,LEAD,true,false,false,false
11201,Oliver on the Hudson,Floating Jersey,2026-03,LEAD,true,false,false,false
11209,One Harrison,Harrison Polygon,2026-03,WARM_LEAD,false,false,false,false
11135,One Harrison,Harrison Polygon,2026-03,LEAD,false,false,false,false
11174,One Harrison,Harrison Polygon,2026-03,LEAD,false,false,false,false
11338,One Harrison,Harrison Polygon,2026-03,WARM_LEAD,false,false,false,false
11141,One Harrison,Harrison Polygon,2026-03,LEAD,false,false,false,false
11283,One Harrison,Harrison Polygon,2026-03,WARM_LEAD,false,false,false,false
11269,One Harrison,Harrison Polygon,2026-03,LEAD,false,false,false,false
11171,One Ten,Hoboken Polygon,2026-03,TRIAL,false,false,false,false
11170,One Ten,Hoboken Polygon,2026-03,LEAD,false,false,false,false
11295,Plank Road,Boerum Hill Polygon,2026-03,TRIAL,false,false,false,false
11122,Quantum on the Bay Condominium,Edgeater Polygon,2026-03,LEAD,true,false,false,false
11304,Quantum on the Bay Condominium,Edgeater Polygon,2026-03,LEAD,false,false,false,false
11308,Quantum on the Bay Condominium,Edgeater Polygon,2026-03,WARM_LEAD,false,false,false,false
11251,Quantum on the Bay Condominium,Edgeater Polygon,2026-03,WARM_LEAD,false,false,false,false
11105,River Place,Hell's Kitchen Polygon,2026-03,LEAD,true,false,false,false
11198,River Place,Hell's Kitchen Polygon,2026-03,LEAD,true,false,false,false
11252,River Place,Hell's Kitchen Polygon,2026-03,LEAD,true,false,false,false
11239,River Place,Hell's Kitchen Polygon,2026-03,TRIAL,false,false,false,false
11240,River Place,Hell's Kitchen Polygon,2026-03,WARM_LEAD,true,false,false,false
11263,River Place,Hell's Kitchen Polygon,2026-03,LEAD,false,false,false,false
11241,River Place,Hell's Kitchen Polygon,2026-03,RECURRING_SUBSCRIPTION,true,true,true,false
11151,Silver Towers,Hell's Kitchen Polygon,2026-03,ON_DEMAND_SUBSCRIPTION,false,true,false,true
11272,Silver Towers,Hell's Kitchen Polygon,2026-03,WARM_LEAD,false,false,false,false
11108,Silver Towers,Hell's Kitchen Polygon,2026-03,RECURRING_SUBSCRIPTION,true,true,true,false
11339,Silver Towers,Hell's Kitchen Polygon,2026-03,LEAD,true,false,false,false
11287,Silver Towers,Hell's Kitchen Polygon,2026-03,LEAD,false,false,false,false
5499,Silver Towers,Hell's Kitchen Polygon,2026-03,TRIAL,true,false,false,false
11200,Silver Towers,Hell's Kitchen Polygon,2026-03,WARM_LEAD,true,false,false,false
11130,Silver Towers,Hell's Kitchen Polygon,2026-03,LEAD,false,false,false,false
11127,Southgate Towers,Miami Beach Polygon,2026-03,WARM_LEAD,false,false,false,false
11153,Southgate Towers,Miami Beach Polygon,2026-03,WARM_LEAD,false,false,false,false
11184,Southgate Towers,Miami Beach Polygon,2026-03,LEAD,false,false,false,false
11254,Southgate Towers,Miami Beach Polygon,2026-03,TRIAL,false,false,false,false
11156,Southgate Towers,Miami Beach Polygon,2026-03,LEAD,true,false,false,false
11250,Southgate Towers,Miami Beach Polygon,2026-03,LEAD,false,false,false,false
11299,Southgate Towers,Miami Beach Polygon,2026-03,RECURRING_SUBSCRIPTION,true,true,true,false
11256,Southgate Towers,Miami Beach Polygon,2026-03,WARM_LEAD,false,false,false,false
11288,Southgate Towers,Miami Beach Polygon,2026-03,WARM_LEAD,false,false,false,false
11327,Southgate Towers,Miami Beach Polygon,2026-03,LEAD,true,false,false,false
11307,Southgate Towers,Miami Beach Polygon,2026-03,LEAD,false,false,false,false
11319,Southgate Towers,Miami Beach Polygon,2026-03,LEAD,true,false,false,false
11286,Southgate Towers,Miami Beach Polygon,2026-03,LEAD,true,false,false,false
11185,Southgate Towers,Miami Beach Polygon,2026-03,CHURN,true,false,false,false
11346,The Atelier Condo NYC,Hell's Kitchen Polygon,2026-03,LEAD,false,false,false,false
11199,The Boulevard,Floating Miami,2026-03,WARM_LEAD,false,false,false,false
11341,The Boulevard,Floating Miami,2026-03,TRIAL,true,false,false,false
11187,The Boulevard,Floating Miami,2026-03,LEAD,false,false,false,false
11345,The Buchanan,Floating NY 1,2026-03,LEAD,true,false,false,false
11098,The Buchanan,Floating NY 1,2026-03,LEAD,false,false,false,false
11106,The Devan,Hoboken Polygon,2026-03,WARM_LEAD,false,false,false,false
11091,The Devan,Hoboken Polygon,2026-03,WARM_LEAD,false,false,false,false
11119,The Devan,Hoboken Polygon,2026-03,WARM_LEAD,false,false,false,false
11347,The Dime,Williamsburg Polygon,2026-03,WARM_LEAD,false,false,false,false
11186,The Eddy,Harrison Polygon,2026-03,LEAD,false,false,false,false
11175,The Eddy,Harrison Polygon,2026-03,WARM_LEAD,false,false,false,false
11305,The Eddy,Harrison Polygon,2026-03,LEAD,false,false,false,false
11189,The Eddy,Harrison Polygon,2026-03,LEAD,false,false,false,false
11342,The Eddy,Harrison Polygon,2026-03,WARM_LEAD,true,false,false,false
11268,The Enclave,Hoboken Polygon,2026-03,RECURRING_SUBSCRIPTION,true,true,true,false
11334,The Enclave,Hoboken Polygon,2026-03,WARM_LEAD,false,false,false,false
11097,The Ivy,Chatham / West Orange Polygon,2026-03,LEAD,false,false,false,false
11168,The Landing,Brooklyn Heights Polygon,2026-03,WARM_LEAD,false,false,false,false
11336,The Landon,Hell's Kitchen Polygon,2026-03,RECURRING_SUBSCRIPTION,true,true,true,false
11180,Union Channel ,Boerum Hill Polygon,2026-03,TRIAL,false,false,false,false
11224,Union Channel ,Boerum Hill Polygon,2026-03,RECURRING_SUBSCRIPTION,false,true,true,false
11297,Watermarc at Biscayne Bay,Edgeater Polygon,2026-03,WARM_LEAD,false,false,false,false
11344,Watermarc at Biscayne Bay,Edgeater Polygon,2026-03,RECURRING_SUBSCRIPTION,true,true,true,false
11202,Watermarc at Biscayne Bay,Edgeater Polygon,2026-03,RECURRING_SUBSCRIPTION,false,true,true,false
11197,Watermarc at Biscayne Bay,Edgeater Polygon,2026-03,WARM_LEAD,true,false,false,false
11228,Watermarc at Biscayne Bay,Edgeater Polygon,2026-03,LEAD,false,false,false,false
11314,Watermarc at Biscayne Bay,Edgeater Polygon,2026-03,RECURRING_SUBSCRIPTION,true,true,true,false
11349,Watermarc at Biscayne Bay,Edgeater Polygon,2026-03,WARM_LEAD,false,false,false,false
11360,Watermarc at Biscayne Bay,Edgeater Polygon,2026-03,LEAD,false,false,false,false
11169,Watermarc at Biscayne Bay,Edgeater Polygon,2026-03,LEAD,false,false,false,false
11138,Watermarc at Biscayne Bay,Edgeater Polygon,2026-03,LEAD,false,false,false,false
11257,Watermarc at Biscayne Bay,Edgeater Polygon,2026-03,LEAD,false,false,false,false
11152,Watermarc at Biscayne Bay,Edgeater Polygon,2026-03,LEAD,false,false,false,false
11247,Watermarc at Biscayne Bay,Edgeater Polygon,2026-03,WARM_LEAD,false,false,false,false
11316,Watermarc at Biscayne Bay,Edgeater Polygon,2026-03,WARM_LEAD,false,false,false,false
11144,Watermarc at Biscayne Bay,Edgeater Polygon,2026-03,CHURN,true,false,false,false
11157,Watermarc at Biscayne Bay,Edgeater Polygon,2026-03,LEAD,true,false,false,false
11095,Watermarc at Biscayne Bay,Edgeater Polygon,2026-03,LEAD,false,false,false,false
11166,Watermarc at Biscayne Bay,Edgeater Polygon,2026-03,WARM_LEAD,true,false,false,false
11358,Watermarc at Biscayne Bay,Edgeater Polygon,2026-03,WARM_LEAD,false,false,false,false
11318,Waters Edge,Harrison Polygon,2026-03,WARM_LEAD,false,false,false,false
11351,Waters Edge,Harrison Polygon,2026-03,WARM_LEAD,false,false,false,false
11350,Waters Edge,Harrison Polygon,2026-03,LEAD,true,false,false,false
11167,Waters Edge,Harrison Polygon,2026-03,LEAD,false,false,false,false
11114,Woodside Central,Floating NY 1,2026-03,WARM_LEAD,false,false,false,false
11232,Woodside Central,Floating NY 1,2026-03,LEAD,true,false,false,false
11710,100 House,Hoboken Polygon,2026-04,LEAD,false,false,false,false
11705,100 House,Hoboken Polygon,2026-04,WARM_LEAD,false,false,false,false
11706,100 House,Hoboken Polygon,2026-04,LEAD,false,false,false,false
11382,100 House,Hoboken Polygon,2026-04,LEAD,false,false,false,false
11711,100 House,Hoboken Polygon,2026-04,LEAD,false,false,false,false
11709,100 House,Hoboken Polygon,2026-04,LEAD,false,false,false,false
11708,100 House,Hoboken Polygon,2026-04,LEAD,false,false,false,false
11649,100 House,Hoboken Polygon,2026-04,WARM_LEAD,false,false,false,false
11704,100 House,Hoboken Polygon,2026-04,LEAD,false,false,false,false
11645,1717 North Bayshore Drive,Edgeater Polygon,2026-04,LEAD,false,false,false,false
11543,1717 North Bayshore Drive,Edgeater Polygon,2026-04,LEAD,false,false,false,false
11412,1800 Club,Edgeater Polygon,2026-04,LEAD,false,false,false,false
11606,1800 Club,Edgeater Polygon,2026-04,TRIAL,false,false,false,false
11415,1800 North Bayshore Drive,Edgeater Polygon,2026-04,LEAD,false,false,false,false
11425,1800 North Bayshore Drive,Edgeater Polygon,2026-04,TRIAL,false,false,false,false
11502,1800 North Bayshore Drive,Edgeater Polygon,2026-04,RECURRING_SUBSCRIPTION,true,true,true,false
11411,1800 North Bayshore Drive,Edgeater Polygon,2026-04,LEAD,false,false,false,false
11420,1800 North Bayshore Drive,Edgeater Polygon,2026-04,LEAD,false,false,false,false
11408,1800 North Bayshore Drive,Edgeater Polygon,2026-04,LEAD,false,false,false,false
11414,1800 North Bayshore Drive,Edgeater Polygon,2026-04,LEAD,false,false,false,false
11438,1800 North Bayshore Drive,Edgeater Polygon,2026-04,WARM_LEAD,false,false,false,false
11506,1800 North Bayshore Drive,Edgeater Polygon,2026-04,WARM_LEAD,false,false,false,false
11423,1800 North Bayshore Drive,Edgeater Polygon,2026-04,TRIAL,false,false,false,false
11651,1 Boerum PL,Floating NY 2,2026-04,TRIAL,false,false,false,false
11669,1 River Place,Hell's Kitchen Polygon,2026-04,TRIAL,false,false,false,false
11745,1 River Place,Hell's Kitchen Polygon,2026-04,WARM_LEAD,false,false,false,false
11574,1 River Place,Hell's Kitchen Polygon,2026-04,RECURRING_SUBSCRIPTION,true,true,true,false
11759,1 River Place,Hell's Kitchen Polygon,2026-04,RECURRING_SUBSCRIPTION,true,true,true,false
11369,2000 Biscayne,Edgeater Polygon,2026-04,LEAD,false,false,false,false
11632,2000 Biscayne,Edgeater Polygon,2026-04,LEAD,true,false,false,false
11371,2000 Biscayne,Edgeater Polygon,2026-04,LEAD,false,false,false,false
11542,2000 Biscayne,Edgeater Polygon,2026-04,TRIAL,false,false,false,false
11672,2000 Biscayne,Edgeater Polygon,2026-04,LEAD,false,false,false,false
11507,2000 Biscayne,Edgeater Polygon,2026-04,LEAD,false,false,false,false
11407,2000 Biscayne,Edgeater Polygon,2026-04,LEAD,false,false,false,false
11391,20 Broad Street,Financial District Polygon,2026-04,LEAD,false,false,false,false
11656,20 Broad Street,Financial District Polygon,2026-04,LEAD,false,false,false,false
11441,20 Broad Street,Financial District Polygon,2026-04,LEAD,false,false,false,false
11397,22 Skyview Apartments,Edgeater Polygon,2026-04,LEAD,false,false,false,false
11410,22 Skyview Apartments,Edgeater Polygon,2026-04,WARM_LEAD,false,false,false,false
11653,250 E Houston,Floating NY 2,2026-04,LEAD,false,false,false,false
11749,300 Somerset,Harrison Polygon,2026-04,WARM_LEAD,false,false,false,false
11735,300 Somerset,Harrison Polygon,2026-04,LEAD,false,false,false,false
11624,300 Somerset,Harrison Polygon,2026-04,LEAD,false,false,false,false
11383,330W-56th,Hell's Kitchen Polygon,2026-04,WARM_LEAD,false,false,false,false
11533,416 Kent Avenue,Williamsburg Polygon,2026-04,RECURRING_SUBSCRIPTION,true,true,true,false
11615,420 Kent Avenue,Williamsburg Polygon,2026-04,LEAD,true,false,false,false
11437,420 Kent Avenue,Williamsburg Polygon,2026-04,WARM_LEAD,false,false,false,false
11783,420 Kent Avenue,Williamsburg Polygon,2026-04,WARM_LEAD,true,false,false,false
11652,420 Kent Avenue,Williamsburg Polygon,2026-04,WARM_LEAD,false,false,false,false
11780,420 Kent Avenue,Williamsburg Polygon,2026-04,WARM_LEAD,false,false,false,false
11720,535 W 43rd Street,Hell's Kitchen Polygon,2026-04,WARM_LEAD,false,false,false,false
11732,535 W 43rd Street,Hell's Kitchen Polygon,2026-04,ON_DEMAND_SUBSCRIPTION,false,true,false,true
11730,535 W 43rd Street,Hell's Kitchen Polygon,2026-04,LEAD,false,false,false,false
11393,535 W 43rd Street,Hell's Kitchen Polygon,2026-04,WARM_LEAD,true,false,false,false
11727,535 W 43rd Street,Hell's Kitchen Polygon,2026-04,LEAD,false,false,false,false
11732,535 W 43rd Street,Hell's Kitchen Polygon,2026-04,ON_DEMAND_SUBSCRIPTION,false,true,false,true
11734,561 10th Avenue,Hell's Kitchen Polygon,2026-04,RECURRING_SUBSCRIPTION,true,true,true,false
11734,561 10th Avenue,Hell's Kitchen Polygon,2026-04,RECURRING_SUBSCRIPTION,true,true,true,false
11671,655 Union,Boerum Hill Polygon,2026-04,WARM_LEAD,false,false,false,false
11647,655 Union,Boerum Hill Polygon,2026-04,RECURRING_SUBSCRIPTION,true,true,true,false
11748,655 Union,Boerum Hill Polygon,2026-04,LEAD,false,false,false,false
11718,66 Rockwell Place,Brooklyn Heights Polygon,2026-04,LEAD,false,false,false,false
11737,66 Rockwell Place,Brooklyn Heights Polygon,2026-04,WARM_LEAD,false,false,false,false
11740,66 Rockwell Place,Brooklyn Heights Polygon,2026-04,LEAD,false,false,false,false
11670,829 Garfield,Floating Jersey,2026-04,LEAD,true,false,false,false
11666,829 Garfield,Floating Jersey,2026-04,LEAD,false,false,false,false
11662,829 Garfield,Floating Jersey,2026-04,LEAD,true,false,false,false
11616,829 Garfield,Floating Jersey,2026-04,LEAD,true,false,false,false
11660,829 Garfield,Floating Jersey,2026-04,LEAD,false,false,false,false
11578,Agnes,Floating Jersey,2026-04,LEAD,false,false,false,false
11545,Alta,Floating NY 1,2026-04,WARM_LEAD,false,false,false,false
11376,Alta,Floating NY 1,2026-04,WARM_LEAD,false,false,false,false
11512,Aria on the Bay Condominium Association  INC,Edgeater Polygon,2026-04,TRIAL,false,false,false,false
11500,Aria on the Bay Condominium Association  INC,Edgeater Polygon,2026-04,WARM_LEAD,false,false,false,false
11499,Aria on the Bay Condominium Association  INC,Edgeater Polygon,2026-04,WARM_LEAD,false,false,false,false
11469,Aria on the Bay Condominium Association  INC,Edgeater Polygon,2026-04,LEAD,false,false,false,false
11790,Aria on the Bay Condominium Association  INC,Edgeater Polygon,2026-04,LEAD,false,false,false,false
11571,Azrieli TLV,Unknown,2026-04,LEAD,false,false,false,false
11571,Azrieli TLV,Unknown,2026-04,LEAD,false,false,false,false
11443,Azrieli TLV,Unknown,2026-04,LEAD,false,false,false,false
11571,Azrieli TLV,Unknown,2026-04,LEAD,false,false,false,false
11700,Azrieli TLV,Unknown,2026-04,LEAD,true,false,false,false
11514,Azrieli TLV,Unknown,2026-04,CHURN,true,false,false,false
11571,Azrieli TLV,Unknown,2026-04,LEAD,false,false,false,false
11464,Bay Parc Apartments,Edgeater Polygon,2026-04,WARM_LEAD,false,false,false,false
11603,Bay Parc Apartments,Edgeater Polygon,2026-04,WARM_LEAD,false,false,false,false
11465,Bay Parc Apartments,Edgeater Polygon,2026-04,LEAD,false,false,false,false
11426,Bay Parc Apartments,Edgeater Polygon,2026-04,LEAD,false,false,false,false
11765,Bay Parc Apartments,Edgeater Polygon,2026-04,RECURRING_SUBSCRIPTION,false,true,true,false
11373,Bay Parc Apartments,Edgeater Polygon,2026-04,RECURRING_SUBSCRIPTION,true,true,true,false
11497,Bay Parc Apartments,Edgeater Polygon,2026-04,WARM_LEAD,false,false,false,false
11655,Bay Parc Apartments,Edgeater Polygon,2026-04,LEAD,false,false,false,false
11402,Bay Parc Apartments,Edgeater Polygon,2026-04,TRIAL,false,false,false,false
11378,Bay Parc Apartments,Edgeater Polygon,2026-04,ON_DEMAND_SUBSCRIPTION,false,true,false,true
11757,Bay Parc Apartments,Edgeater Polygon,2026-04,LEAD,false,false,false,false
11484,Brooklyn Crossing,Boerum Hill Polygon,2026-04,LEAD,false,false,false,false
11698,Brooklyn Crossing,Boerum Hill Polygon,2026-04,WARM_LEAD,false,false,false,false
11392,Cite On The Bay,Edgeater Polygon,2026-04,LEAD,false,false,false,false
11508,Cite On The Bay,Edgeater Polygon,2026-04,WARM_LEAD,false,false,false,false
11504,Cite On The Bay,Edgeater Polygon,2026-04,WARM_LEAD,false,false,false,false
11388,Cite On The Bay,Edgeater Polygon,2026-04,LEAD,false,false,false,false
11589,Cite On The Bay,Edgeater Polygon,2026-04,LEAD,false,false,false,false
11384,Cite On The Bay,Edgeater Polygon,2026-04,LEAD,false,false,false,false
11772,Dey and Bergen,Harrison Polygon,2026-04,LEAD,false,false,false,false
11449,Flamingo Point Center Tower,Miami Beach Polygon,2026-04,LEAD,true,false,false,false
11608,Flamingo Point Center Tower,Miami Beach Polygon,2026-04,RECURRING_SUBSCRIPTION,true,true,true,false
11774,Flamingo Point Center Tower,Miami Beach Polygon,2026-04,RECURRING_SUBSCRIPTION,true,true,true,false
11586,Flamingo Point Center Tower,Miami Beach Polygon,2026-04,LEAD,false,false,false,false
11610,Flamingo Point Center Tower,Miami Beach Polygon,2026-04,LEAD,false,false,false,false
11590,Flamingo Point Center Tower,Miami Beach Polygon,2026-04,WARM_LEAD,false,false,false,false
7931,Flamingo Point Center Tower,Miami Beach Polygon,2026-04,ON_DEMAND_SUBSCRIPTION,true,true,false,true
11449,Flamingo Point Center Tower,Miami Beach Polygon,2026-04,LEAD,true,false,false,false
11592,Flamingo Point Center Tower,Miami Beach Polygon,2026-04,LEAD,true,false,false,false
11588,Flamingo Point Center Tower,Miami Beach Polygon,2026-04,WARM_LEAD,true,false,false,false
11774,Flamingo Point Center Tower,Miami Beach Polygon,2026-04,RECURRING_SUBSCRIPTION,true,true,true,false
11445,Flamingo Point Center Tower,Miami Beach Polygon,2026-04,TRIAL,true,false,false,false
11448,Flamingo Point North Tower,Miami Beach Polygon,2026-04,LEAD,false,false,false,false
11609,Flamingo Point North Tower,Miami Beach Polygon,2026-04,WARM_LEAD,false,false,false,false
11594,Flamingo Point North Tower,Miami Beach Polygon,2026-04,LEAD,false,false,false,false
11701,Flamingo Point North Tower,Miami Beach Polygon,2026-04,RECURRING_SUBSCRIPTION,true,true,true,false
11712,Flamingo Point North Tower,Miami Beach Polygon,2026-04,LEAD,false,false,false,false
11617,Flamingo Point North Tower,Miami Beach Polygon,2026-04,LEAD,false,false,false,false
11619,Flamingo Point North Tower,Miami Beach Polygon,2026-04,LEAD,false,false,false,false
11776,Flamingo Point North Tower,Miami Beach Polygon,2026-04,LEAD,false,false,false,false
11611,Flamingo Point North Tower,Miami Beach Polygon,2026-04,LEAD,false,false,false,false
11596,Flamingo Point North Tower,Miami Beach Polygon,2026-04,LEAD,false,false,false,false
11597,Flamingo Point North Tower,Miami Beach Polygon,2026-04,LEAD,false,false,false,false
11605,Flamingo Point North Tower,Miami Beach Polygon,2026-04,LEAD,false,false,false,false
11659,Flamingo South Beach,Miami Beach Polygon,2026-04,LEAD,false,false,false,false
11405,Flamingo South Beach,Miami Beach Polygon,2026-04,RECURRING_SUBSCRIPTION,true,true,true,false
11591,Flamingo South Beach,Miami Beach Polygon,2026-04,LEAD,false,false,false,false
11374,Flamingo South Beach,Miami Beach Polygon,2026-04,LEAD,true,false,false,false
11587,Flamingo South Beach,Miami Beach Polygon,2026-04,LEAD,false,false,false,false
11618,Flamingo South Beach,Miami Beach Polygon,2026-04,LEAD,false,false,false,false
11368,Flamingo South Beach,Miami Beach Polygon,2026-04,WARM_LEAD,false,false,false,false
11612,Flamingo South Beach,Miami Beach Polygon,2026-04,LEAD,false,false,false,false
11482,Flamingo South Beach,Miami Beach Polygon,2026-04,LEAD,true,false,false,false
11770,Flamingo South Beach,Miami Beach Polygon,2026-04,LEAD,true,false,false,false
11424,Flamingo South Beach,Miami Beach Polygon,2026-04,LEAD,false,false,false,false
11463,Flow Brickell,Flow Brickell Polygon,2026-04,TRIAL,false,false,false,false
11528,Flow Brickell,Flow Brickell Polygon,2026-04,LEAD,false,false,false,false
11529,Flow Brickell,Flow Brickell Polygon,2026-04,LEAD,false,false,false,false
11768,Flow Brickell,Flow Brickell Polygon,2026-04,LEAD,false,false,false,false
11658,Flow Brickell,Flow Brickell Polygon,2026-04,LEAD,false,false,false,false
11417,Flow Brickell,Flow Brickell Polygon,2026-04,LEAD,false,false,false,false
11522,Flow Brickell,Flow Brickell Polygon,2026-04,LEAD,false,false,false,false
11531,Flow Brickell,Flow Brickell Polygon,2026-04,LEAD,false,false,false,false
11521,Flow Brickell,Flow Brickell Polygon,2026-04,RECURRING_SUBSCRIPTION,true,true,true,false
11486,Flow Brickell,Flow Brickell Polygon,2026-04,RECURRING_SUBSCRIPTION,true,true,true,false
11538,Flow Brickell,Flow Brickell Polygon,2026-04,TRIAL,true,false,false,false
11527,Flow Brickell,Flow Brickell Polygon,2026-04,ON_DEMAND_SUBSCRIPTION,false,true,false,true
11451,Flow Brickell,Flow Brickell Polygon,2026-04,RECURRING_SUBSCRIPTION,true,true,true,false
11530,Flow Brickell,Flow Brickell Polygon,2026-04,TRIAL,false,false,false,false
11471,Flow Brickell,Flow Brickell Polygon,2026-04,LEAD,false,false,false,false
11462,Flow Brickell,Flow Brickell Polygon,2026-04,LEAD,false,false,false,false
11541,Flow Brickell,Flow Brickell Polygon,2026-04,TRIAL,true,false,false,false
11526,Flow Brickell,Flow Brickell Polygon,2026-04,LEAD,true,false,false,false
11767,Flow Brickell,Flow Brickell Polygon,2026-04,LEAD,false,false,false,false
11525,Flow Brickell,Flow Brickell Polygon,2026-04,LEAD,false,false,false,false
11451,Flow Brickell,Flow Brickell Polygon,2026-04,RECURRING_SUBSCRIPTION,true,true,true,false
11713,Flow Brickell,Flow Brickell Polygon,2026-04,WARM_LEAD,true,false,false,false
11569,Flow Brickell,Flow Brickell Polygon,2026-04,WARM_LEAD,false,false,false,false
11557,Flow Brickell,Flow Brickell Polygon,2026-04,TRIAL,false,false,false,false
11739,Flow Brickell,Flow Brickell Polygon,2026-04,WARM_LEAD,false,false,false,false
11568,Flow Brickell,Flow Brickell Polygon,2026-04,WARM_LEAD,false,false,false,false
11556,Flow Brickell,Flow Brickell Polygon,2026-04,TRIAL,false,false,false,false
11461,Flow Brickell,Flow Brickell Polygon,2026-04,LEAD,false,false,false,false
11762,Flow Brickell,Flow Brickell Polygon,2026-04,RECURRING_SUBSCRIPTION,true,true,true,false
11488,Flow Brickell,Flow Brickell Polygon,2026-04,WARM_LEAD,false,false,false,false
11478,Flow Brickell,Flow Brickell Polygon,2026-04,WARM_LEAD,false,false,false,false
11453,Flow Brickell,Flow Brickell Polygon,2026-04,WARM_LEAD,true,false,false,false
11634,Flow Brickell,Flow Brickell Polygon,2026-04,LEAD,false,false,false,false
11614,Flow Brickell,Flow Brickell Polygon,2026-04,TRIAL,false,false,false,false
11517,Flow Brickell,Flow Brickell Polygon,2026-04,TRIAL,false,false,false,false
11456,Flow Brickell,Flow Brickell Polygon,2026-04,RECURRING_SUBSCRIPTION,true,true,true,false
11635,Flow Brickell,Flow Brickell Polygon,2026-04,LEAD,false,false,false,false
11650,Flow Brickell,Flow Brickell Polygon,2026-04,LEAD,false,false,false,false
11629,Flow Brickell,Flow Brickell Polygon,2026-04,RECURRING_SUBSCRIPTION,true,true,true,false
11636,Flow Brickell,Flow Brickell Polygon,2026-04,LEAD,false,false,false,false
11637,Flow Brickell,Flow Brickell Polygon,2026-04,LEAD,false,false,false,false
11541,Flow Brickell,Flow Brickell Polygon,2026-04,TRIAL,true,false,false,false
11638,Flow Brickell,Flow Brickell Polygon,2026-04,LEAD,false,false,false,false
11460,Flow Brickell,Flow Brickell Polygon,2026-04,LEAD,false,false,false,false
11472,Flow Brickell,Flow Brickell Polygon,2026-04,LEAD,false,false,false,false
11535,Flow Brickell,Flow Brickell Polygon,2026-04,LEAD,false,false,false,false
11640,Flow Brickell,Flow Brickell Polygon,2026-04,LEAD,false,false,false,false
11473,Flow Brickell,Flow Brickell Polygon,2026-04,LEAD,false,false,false,false
11640,Flow Brickell,Flow Brickell Polygon,2026-04,LEAD,false,false,false,false
11475,Flow Brickell,Flow Brickell Polygon,2026-04,LEAD,false,false,false,false
11476,Flow Brickell,Flow Brickell Polygon,2026-04,LEAD,false,false,false,false
11560,Flow Brickell,Flow Brickell Polygon,2026-04,LEAD,false,false,false,false
11781,Flow Brickell,Flow Brickell Polygon,2026-04,LEAD,false,false,false,false
11516,Flow Brickell,Flow Brickell Polygon,2026-04,LEAD,false,false,false,false
11452,Flow Brickell,Flow Brickell Polygon,2026-04,LEAD,false,false,false,false
11477,Flow Brickell,Flow Brickell Polygon,2026-04,LEAD,true,false,false,false
11642,Flow Brickell,Flow Brickell Polygon,2026-04,LEAD,false,false,false,false
11583,Flow Brickell,Flow Brickell Polygon,2026-04,LEAD,false,false,false,false
11643,Flow Brickell,Flow Brickell Polygon,2026-04,LEAD,false,false,false,false
11359,Flow Brickell,Flow Brickell Polygon,2026-04,LEAD,false,false,false,false
11576,Flow Brickell,Flow Brickell Polygon,2026-04,LEAD,false,false,false,false
11455,Flow Brickell,Flow Brickell Polygon,2026-04,WARM_LEAD,false,false,false,false
11644,Flow Brickell,Flow Brickell Polygon,2026-04,LEAD,false,false,false,false
11479,Flow Brickell,Flow Brickell Polygon,2026-04,LEAD,false,false,false,false
11480,Flow Brickell,Flow Brickell Polygon,2026-04,LEAD,false,false,false,false
11696,Flow Brickell,Flow Brickell Polygon,2026-04,LEAD,false,false,false,false
11433,Flow Brickell,Flow Brickell Polygon,2026-04,LEAD,false,false,false,false
11547,Flow Brickell,Flow Brickell Polygon,2026-04,LEAD,true,false,false,false
11628,Flow Brickell,Flow Brickell Polygon,2026-04,LEAD,false,false,false,false
11558,Flow Brickell,Flow Brickell Polygon,2026-04,TRIAL,false,false,false,false
11559,Flow Brickell,Flow Brickell Polygon,2026-04,LEAD,false,false,false,false
11538,Flow Brickell,Flow Brickell Polygon,2026-04,TRIAL,true,false,false,false
11532,Flow Brickell,Flow Brickell Polygon,2026-04,LEAD,false,false,false,false
11493,Flow Brickell,Flow Brickell Polygon,2026-04,WARM_LEAD,false,false,false,false
11434,Flow Brickell,Flow Brickell Polygon,2026-04,LEAD,true,false,false,false
11544,Flow Brickell,Flow Brickell Polygon,2026-04,LEAD,false,false,false,false
11722,Flow Brickell,Flow Brickell Polygon,2026-04,LEAD,false,false,false,false
11524,Flow Brickell,Flow Brickell Polygon,2026-04,LEAD,false,false,false,false
11483,Flow Brickell,Flow Brickell Polygon,2026-04,LEAD,false,false,false,false
11595,Flow Brickell,Flow Brickell Polygon,2026-04,TRIAL,false,false,false,false
11604,Flow Brickell,Flow Brickell Polygon,2026-04,TRIAL,true,false,false,false
11515,Flow Brickell,Flow Brickell Polygon,2026-04,LEAD,false,false,false,false
11569,Flow Brickell,Flow Brickell Polygon,2026-04,WARM_LEAD,false,false,false,false
11558,Flow Brickell,Flow Brickell Polygon,2026-04,TRIAL,false,false,false,false
11485,Flow Brickell,Flow Brickell Polygon,2026-04,LEAD,false,false,false,false
11523,Flow Brickell,Flow Brickell Polygon,2026-04,LEAD,false,false,false,false
11585,Flow Brickell,Flow Brickell Polygon,2026-04,WARM_LEAD,false,false,false,false
11579,Flow Brickell,Flow Brickell Polygon,2026-04,LEAD,false,false,false,false
11786,Flow Brickell,Flow Brickell Polygon,2026-04,LEAD,false,false,false,false
11633,Flow Brickell,Flow Brickell Polygon,2026-04,TRIAL,false,false,false,false
11602,Flow Brickell,Flow Brickell Polygon,2026-04,WARM_LEAD,true,false,false,false
11661,Flow Brickell,Flow Brickell Polygon,2026-04,LEAD,false,false,false,false
11722,Flow Brickell,Flow Brickell Polygon,2026-04,LEAD,false,false,false,false
11487,Flow Brickell,Flow Brickell Polygon,2026-04,LEAD,false,false,false,false
11724,Flow Brickell,Flow Brickell Polygon,2026-04,LEAD,true,false,false,false
11454,Flow Brickell,Flow Brickell Polygon,2026-04,LEAD,false,false,false,false
11541,Flow Brickell,Flow Brickell Polygon,2026-04,TRIAL,true,false,false,false
11478,Flow Brickell,Flow Brickell Polygon,2026-04,WARM_LEAD,false,false,false,false
11742,Flow Brickell,Flow Brickell Polygon,2026-04,LEAD,false,false,false,false
11623,Flow Brickell,Flow Brickell Polygon,2026-04,LEAD,false,false,false,false
11725,Flow Brickell,Flow Brickell Polygon,2026-04,LEAD,false,false,false,false
11562,Flow Brickell,Flow Brickell Polygon,2026-04,LEAD,false,false,false,false
11457,Flow Brickell,Flow Brickell Polygon,2026-04,LEAD,false,false,false,false
11565,Flow Brickell,Flow Brickell Polygon,2026-04,LEAD,false,false,false,false
11518,Flow Brickell,Flow Brickell Polygon,2026-04,LEAD,false,false,false,false
11561,Flow Brickell,Flow Brickell Polygon,2026-04,LEAD,false,false,false,false
11563,Flow Brickell,Flow Brickell Polygon,2026-04,LEAD,false,false,false,false
11519,Flow Brickell,Flow Brickell Polygon,2026-04,LEAD,false,false,false,false
11721,Flow Brickell,Flow Brickell Polygon,2026-04,LEAD,false,false,false,false
11607,Flow Brickell,Flow Brickell Polygon,2026-04,LEAD,false,false,false,false
11567,Flow Brickell,Flow Brickell Polygon,2026-04,TRIAL,false,false,false,false
11490,Flow Brickell,Flow Brickell Polygon,2026-04,LEAD,false,false,false,false
11564,Flow Brickell,Flow Brickell Polygon,2026-04,WARM_LEAD,false,false,false,false
11639,Flow Miami,Flow Brickell Polygon,2026-04,LEAD,false,false,false,false
11641,Flow Miami,Flow Brickell Polygon,2026-04,LEAD,false,false,false,false
11758,Flow Miami,Flow Brickell Polygon,2026-04,LEAD,false,false,false,false
5211,Gindi 1,Unknown,2026-04,ON_DEMAND_SUBSCRIPTION,false,true,false,true
11534,Gindi 1,Unknown,2026-04,LEAD,true,false,false,false
11537,Gindi 1,Unknown,2026-04,LEAD,false,false,false,false
2466,Gindi 2,Unknown,2026-04,COLD_LEAD,false,false,false,false
1040,Gindi 2,Unknown,2026-04,CHURN,true,false,false,false
11404,Gindi 2,Unknown,2026-04,LEAD,true,false,false,false
11755,Gindi 2,Unknown,2026-04,TRIAL,false,false,false,false
11755,Gindi 2,Unknown,2026-04,TRIAL,false,false,false,false
1664,Gindi 2,Unknown,2026-04,ON_DEMAND_SUBSCRIPTION,false,true,false,true
2273,Gindi 3,Unknown,2026-04,COLD_LEAD,true,false,false,false
11729,Gindi 3,Unknown,2026-04,CHURN,true,false,false,false
2181,Gindi 3,Unknown,2026-04,COLD_LEAD,false,false,false,false
11459,Gindi 3,Unknown,2026-04,LEAD,false,false,false,false
2147,Gindi 4,Unknown,2026-04,CHURN,false,false,false,false
11668,Gindi 4,Unknown,2026-04,LEAD,false,false,false,false
11621,Gindi 4,Unknown,2026-04,WARM_LEAD,false,false,false,false
8180,Gindi 4,Unknown,2026-04,ON_DEMAND_SUBSCRIPTION,false,true,false,true
11406,Grove Central Residences,Floating Miami,2026-04,WARM_LEAD,false,false,false,false
11428,Grove Central Residences,Floating Miami,2026-04,LEAD,false,false,false,false
2935,HaHehad,Unknown,2026-04,COLD_LEAD,false,false,false,false
11546,HaHehad,Unknown,2026-04,LEAD,false,false,false,false
11520,John Street 116,Financial District Polygon,2026-04,WARM_LEAD,true,false,false,false
11385,Key Colony 3 Emeraldbay,The Ocean Club Polygon,2026-04,LEAD,false,false,false,false
11510,Livana East Hanover,Chatham / West Orange Polygon,2026-04,LEAD,false,false,false,false
11654,Livana East Hanover,Chatham / West Orange Polygon,2026-04,LEAD,false,false,false,false
11746,Livana East Hanover,Chatham / West Orange Polygon,2026-04,RECURRING_SUBSCRIPTION,true,true,true,false
11784,Livana East Hanover,Chatham / West Orange Polygon,2026-04,LEAD,true,false,false,false
11680,Livana East Hanover,Chatham / West Orange Polygon,2026-04,LEAD,false,false,false,false
11690,Livana East Hanover,Chatham / West Orange Polygon,2026-04,LEAD,false,false,false,false
11686,Livana East Hanover,Chatham / West Orange Polygon,2026-04,LEAD,false,false,false,false
11540,Livana East Hanover,Chatham / West Orange Polygon,2026-04,LEAD,true,false,false,false
11436,Livana East Hanover,Chatham / West Orange Polygon,2026-04,WARM_LEAD,false,false,false,false
11598,Livana East Hanover,Chatham / West Orange Polygon,2026-04,TRIAL,false,false,false,false
11689,Livana East Hanover,Chatham / West Orange Polygon,2026-04,LEAD,true,false,false,false
11697,Livana East Hanover,Chatham / West Orange Polygon,2026-04,LEAD,false,false,false,false
11572,Livana East Hanover,Chatham / West Orange Polygon,2026-04,LEAD,false,false,false,false
11450,Midtown 5,Floating Miami,2026-04,LEAD,false,false,false,false
11764,Midtown 5,Floating Miami,2026-04,LEAD,false,false,false,false
11731,Midtown 5,Floating Miami,2026-04,LEAD,false,false,false,false
11387,Midtown 5,Floating Miami,2026-04,TRIAL,false,false,false,false
11370,Midtown 5,Floating Miami,2026-04,LEAD,true,false,false,false
11372,Midtown 5,Floating Miami,2026-04,WARM_LEAD,false,false,false,false
11444,Midtown 5,Floating Miami,2026-04,WARM_LEAD,false,false,false,false
11719,Midtown 5,Floating Miami,2026-04,LEAD,false,false,false,false
11466,Midtown 5,Floating Miami,2026-04,RECURRING_SUBSCRIPTION,false,true,true,false
11380,Midtown 5,Floating Miami,2026-04,LEAD,false,false,false,false
11379,Nine 52,Hell's Kitchen Polygon,2026-04,LEAD,false,false,false,false
11379,Nine 52,Hell's Kitchen Polygon,2026-04,LEAD,false,false,false,false
3021,Nine 52,Hell's Kitchen Polygon,2026-04,FREEMIUM,false,false,false,false
2542,Nine 52,Hell's Kitchen Polygon,2026-04,FREEMIUM,true,false,false,false
2542,Nine 52,Hell's Kitchen Polygon,2026-04,FREEMIUM,true,false,false,false
11663,Oliver on the Hudson,Floating Jersey,2026-04,WARM_LEAD,false,false,false,false
11695,Oliver on the Hudson,Floating Jersey,2026-04,LEAD,false,false,false,false
11682,Oliver on the Hudson,Floating Jersey,2026-04,LEAD,false,false,false,false
11752,Oliver on the Hudson,Floating Jersey,2026-04,WARM_LEAD,false,false,false,false
11664,Oliver on the Hudson,Floating Jersey,2026-04,WARM_LEAD,false,false,false,false
11676,Oliver on the Hudson,Floating Jersey,2026-04,LEAD,false,false,false,false
11675,Oliver on the Hudson,Floating Jersey,2026-04,TRIAL,false,false,false,false
11375,Oliver on the Hudson,Floating Jersey,2026-04,TRIAL,false,false,false,false
11738,Oliver on the Hudson,Floating Jersey,2026-04,LEAD,true,false,false,false
11679,Oliver on the Hudson,Floating Jersey,2026-04,WARM_LEAD,false,false,false,false
11491,Oliver on the Hudson,Floating Jersey,2026-04,LEAD,false,false,false,false
11677,Oliver on the Hudson,Floating Jersey,2026-04,WARM_LEAD,false,false,false,false
11678,Oliver on the Hudson,Floating Jersey,2026-04,LEAD,false,false,false,false
11470,Oliver on the Hudson,Floating Jersey,2026-04,LEAD,false,false,false,false
11694,Oliver on the Hudson,Floating Jersey,2026-04,WARM_LEAD,false,false,false,false
11673,Oliver on the Hudson,Floating Jersey,2026-04,LEAD,false,false,false,false
11779,Oliver on the Hudson,Floating Jersey,2026-04,WARM_LEAD,true,false,false,false
11679,Oliver on the Hudson,Floating Jersey,2026-04,WARM_LEAD,false,false,false,false
11513,Oliver on the Hudson,Floating Jersey,2026-04,LEAD,false,false,false,false
11753,Oliver on the Hudson,Floating Jersey,2026-04,WARM_LEAD,true,false,false,false
11681,Oliver on the Hudson,Floating Jersey,2026-04,LEAD,false,false,false,false
11769,Oliver on the Hudson,Floating Jersey,2026-04,LEAD,false,false,false,false
11674,Oliver on the Hudson,Floating Jersey,2026-04,LEAD,false,false,false,false
11675,Oliver on the Hudson,Floating Jersey,2026-04,TRIAL,false,false,false,false
11664,Oliver on the Hudson,Floating Jersey,2026-04,WARM_LEAD,false,false,false,false
11667,One Harrison,Harrison Polygon,2026-04,LEAD,false,false,false,false
11601,One Harrison,Harrison Polygon,2026-04,LEAD,false,false,false,false
11431,One Harrison,Harrison Polygon,2026-04,RECURRING_SUBSCRIPTION,true,true,true,false
11430,One Harrison,Harrison Polygon,2026-04,WARM_LEAD,false,false,false,false
11626,One Ten,Hoboken Polygon,2026-04,LEAD,false,false,false,false
11707,One Ten,Hoboken Polygon,2026-04,LEAD,false,false,false,false
11703,One Ten,Hoboken Polygon,2026-04,LEAD,false,false,false,false
10638,Opera Tower,Edgeater Polygon,2026-04,RECURRING_SUBSCRIPTION,true,true,true,false
11395,Plank Road,Boerum Hill Polygon,2026-04,LEAD,true,false,false,false
11409,Quantum on the Bay,Edgeater Polygon,2026-04,LEAD,false,false,false,false
11501,Quantum on the Bay,Edgeater Polygon,2026-04,LEAD,false,false,false,false
11413,Quantum on the Bay Condominium,Edgeater Polygon,2026-04,LEAD,false,false,false,false
11390,Quantum on the Bay Condominium,Edgeater Polygon,2026-04,LEAD,false,false,false,false
11440,Quantum on the Bay Condominium,Edgeater Polygon,2026-04,WARM_LEAD,false,false,false,false
11782,Quantum on the Bay Condominium,Edgeater Polygon,2026-04,TRIAL,false,false,false,false
11505,Quantum on the Bay Condominium,Edgeater Polygon,2026-04,LEAD,false,false,false,false
11761,River Place,Hell's Kitchen Polygon,2026-04,WARM_LEAD,true,false,false,false
11511,River Place,Hell's Kitchen Polygon,2026-04,LEAD,false,false,false,false
11741,River Place,Hell's Kitchen Polygon,2026-04,TRIAL,false,false,false,false
11419,River Place,Hell's Kitchen Polygon,2026-04,TRIAL,false,false,false,false
11398,Rothschild 80,Unknown,2026-04,LEAD,false,false,false,false
11536,Silver Towers,Hell's Kitchen Polygon,2026-04,WARM_LEAD,true,false,false,false
11599,Silver Towers,Hell's Kitchen Polygon,2026-04,LEAD,false,false,false,false
11791,Silver Towers,Hell's Kitchen Polygon,2026-04,LEAD,true,false,false,false
11622,Silver Towers,Hell's Kitchen Polygon,2026-04,WARM_LEAD,false,false,false,false
11747,Silver Towers,Hell's Kitchen Polygon,2026-04,LEAD,false,false,false,false
11788,Silver Towers,Hell's Kitchen Polygon,2026-04,WARM_LEAD,true,false,false,false
11467,Silver Towers,Hell's Kitchen Polygon,2026-04,WARM_LEAD,true,false,false,false
11646,Silver Towers,Hell's Kitchen Polygon,2026-04,RECURRING_SUBSCRIPTION,true,true,true,false
11509,Silver Towers,Hell's Kitchen Polygon,2026-04,WARM_LEAD,true,false,false,false
11396,Silver Towers,Hell's Kitchen Polygon,2026-04,LEAD,false,false,false,false
11432,Southgate Towers,Miami Beach Polygon,2026-04,WARM_LEAD,true,false,false,false
11377,Southgate Towers,Miami Beach Polygon,2026-04,LEAD,false,false,false,false
11442,Southgate Towers,Miami Beach Polygon,2026-04,WARM_LEAD,false,false,false,false
11468,Southgate Towers,Miami Beach Polygon,2026-04,LEAD,false,false,false,false
11367,Southgate Towers,Miami Beach Polygon,2026-04,WARM_LEAD,false,false,false,false
11665,Southgate Towers,Miami Beach Polygon,2026-04,LEAD,false,false,false,false
11421,Southgate Towers,Miami Beach Polygon,2026-04,LEAD,true,false,false,false
11648,Stonehill,Chatham / West Orange Polygon,2026-04,LEAD,false,false,false,false
11577,The Boulevard,Floating Miami,2026-04,WARM_LEAD,false,false,false,false
11600,The Boulevard,Floating Miami,2026-04,LEAD,false,false,false,false
11687,The Buchanan,Floating NY 1,2026-04,WARM_LEAD,false,false,false,false
11620,The Buchanan,Floating NY 1,2026-04,WARM_LEAD,false,false,false,false
11751,The Buchanan,Floating NY 1,2026-04,LEAD,false,false,false,false
11702,The Buchanan,Floating NY 1,2026-04,LEAD,false,false,false,false
11778,The Buchanan,Floating NY 1,2026-04,LEAD,false,false,false,false
11744,The Devan,Hoboken Polygon,2026-04,LEAD,false,false,false,false
11399,The Devan,Hoboken Polygon,2026-04,RECURRING_SUBSCRIPTION,true,true,true,false
11728,The Devan,Hoboken Polygon,2026-04,WARM_LEAD,false,false,false,false
11427,The Devan,Hoboken Polygon,2026-04,TRIAL,false,false,false,false
10425,The Devan,Hoboken Polygon,2026-04,RECURRING_SUBSCRIPTION,true,true,true,false
11416,The Devan,Hoboken Polygon,2026-04,LEAD,true,false,false,false
11777,The Devan,Hoboken Polygon,2026-04,WARM_LEAD,true,false,false,false
11399,The Devan,Hoboken Polygon,2026-04,RECURRING_SUBSCRIPTION,true,true,true,false
11723,The Devan,Hoboken Polygon,2026-04,LEAD,false,false,false,false
11726,The Devan,Hoboken Polygon,2026-04,LEAD,false,false,false,false
11773,The Devan,Hoboken Polygon,2026-04,LEAD,false,false,false,false
11389,The Dime,Williamsburg Polygon,2026-04,LEAD,false,false,false,false
11613,The Eddy,Harrison Polygon,2026-04,WARM_LEAD,false,false,false,false
11566,The Eddy,Harrison Polygon,2026-04,RECURRING_SUBSCRIPTION,true,true,true,false
11429,The Eddy,Harrison Polygon,2026-04,WARM_LEAD,false,false,false,false
11403,The Enclave,Hoboken Polygon,2026-04,LEAD,true,false,false,false
11422,The Enclave,Hoboken Polygon,2026-04,LEAD,false,false,false,false
11760,The Ivy,Chatham / West Orange Polygon,2026-04,LEAD,false,false,false,false
11763,The Ivy,Chatham / West Orange Polygon,2026-04,LEAD,false,false,false,false
11693,The Kestrel,Floating NY 2,2026-04,LEAD,false,false,false,false
11692,The Kestrel,Floating NY 2,2026-04,LEAD,false,false,false,false
11736,The Kestrel,Floating NY 2,2026-04,WARM_LEAD,false,false,false,false
11716,The Landon,Hell's Kitchen Polygon,2026-04,LEAD,false,false,false,false
11715,The Landon,Hell's Kitchen Polygon,2026-04,LEAD,false,false,false,false
11714,The Landon,Hell's Kitchen Polygon,2026-04,WARM_LEAD,true,false,false,false
11766,The Landon,Hell's Kitchen Polygon,2026-04,LEAD,false,false,false,false
11717,The Landon,Hell's Kitchen Polygon,2026-04,LEAD,false,false,false,false
11754,The Landon,Hell's Kitchen Polygon,2026-04,LEAD,false,false,false,false
11733,The Landon,Hell's Kitchen Polygon,2026-04,WARM_LEAD,false,false,false,false
11699,The Vitagraph,Floating NY 2,2026-04,TRIAL,false,false,false,false
11684,The Vitagraph,Floating NY 2,2026-04,LEAD,false,false,false,false
11685,The Vitagraph,Floating NY 2,2026-04,LEAD,false,false,false,false
11688,The Vitagraph,Floating NY 2,2026-04,LEAD,false,false,false,false
11688,The Vitagraph,Floating NY 2,2026-04,LEAD,false,false,false,false
11683,The Vitagraph,Floating NY 2,2026-04,LEAD,false,false,false,false
11481,Union Channel ,Boerum Hill Polygon,2026-04,RECURRING_SUBSCRIPTION,true,true,true,false
11539,Venetia Condominium,Edgeater Polygon,2026-04,LEAD,false,false,false,false
11394,Watermarc at Biscayne Bay,Edgeater Polygon,2026-04,RECURRING_SUBSCRIPTION,true,true,true,false
11503,Watermarc at Biscayne Bay,Edgeater Polygon,2026-04,WARM_LEAD,true,false,false,false
11787,Watermarc at Biscayne Bay,Edgeater Polygon,2026-04,WARM_LEAD,false,false,false,false
11625,Watermarc at Biscayne Bay,Edgeater Polygon,2026-04,WARM_LEAD,false,false,false,false
11458,Watermarc at Biscayne Bay,Edgeater Polygon,2026-04,RECURRING_SUBSCRIPTION,true,true,true,false
11792,Watermarc at Biscayne Bay,Edgeater Polygon,2026-04,TRIAL,false,false,false,false
11575,Watermarc at Biscayne Bay,Edgeater Polygon,2026-04,LEAD,false,false,false,false
11386,Watermarc at Biscayne Bay,Edgeater Polygon,2026-04,WARM_LEAD,false,false,false,false
11498,Watermarc at Biscayne Bay,Edgeater Polygon,2026-04,LEAD,false,false,false,false
11418,Waters Edge,Harrison Polygon,2026-04,LEAD,false,false,false,false
11631,Woodside Central,Floating NY 1,2026-04,LEAD,true,false,false,false
11750,Woodside Central,Floating NY 1,2026-04,LEAD,true,false,false,false
11630,Woodside Central,Floating NY 1,2026-04,RECURRING_SUBSCRIPTION,true,true,true,false
11843,1800 Club,Edgeater Polygon,2026-05,LEAD,false,false,false,false
11867,1 Boerum PL,Floating NY 2,2026-05,RECURRING_SUBSCRIPTION,true,true,true,false
11844,1 Boerum PL,Floating NY 2,2026-05,WARM_LEAD,false,false,false,false
11871,1 Boerum Place,Brooklyn Heights Polygon,2026-05,LEAD,false,false,false,false
11956,1 River Place,Hell's Kitchen Polygon,2026-05,LEAD,false,false,false,false
11907,1 River Place,Hell's Kitchen Polygon,2026-05,RECURRING_SUBSCRIPTION,true,true,true,false
11902,1 River Place,Hell's Kitchen Polygon,2026-05,LEAD,true,false,false,false
11964,1 River Place,Hell's Kitchen Polygon,2026-05,LEAD,false,false,false,false
11826,1 River Place,Hell's Kitchen Polygon,2026-05,RECURRING_SUBSCRIPTION,true,true,true,false
11922,2000 Biscayne,Edgeater Polygon,2026-05,LEAD,false,false,false,false
11795,2000 Biscayne,Edgeater Polygon,2026-05,WARM_LEAD,false,false,false,false
11835,2000 Biscayne,Edgeater Polygon,2026-05,WARM_LEAD,false,false,false,false
11927,2000 Biscayne,Edgeater Polygon,2026-05,LEAD,false,false,false,false
11881,2000 Biscayne,Edgeater Polygon,2026-05,TRIAL,false,false,false,false
11892,2001 Biscayne Boulevard,Edgeater Polygon,2026-05,LEAD,false,false,false,false
11893,2001 Biscayne Boulevard,Edgeater Polygon,2026-05,TRIAL,false,false,false,false
11925,20 Broad Street,Financial District Polygon,2026-05,RECURRING_SUBSCRIPTION,true,true,true,false
11885,20 Broad Street,Financial District Polygon,2026-05,RECURRING_SUBSCRIPTION,true,true,true,false
11853,20 Broad Street,Financial District Polygon,2026-05,LEAD,false,false,false,false
11821,220 East 72nd Street,Floating NY 2,2026-05,LEAD,false,false,false,false
11883,300 Somerset,Harrison Polygon,2026-05,WARM_LEAD,true,false,false,false
11937,300 Somerset,Harrison Polygon,2026-05,LEAD,false,false,false,false
11888,300 Somerset,Harrison Polygon,2026-05,LEAD,false,false,false,false
11928,300 Somerset,Harrison Polygon,2026-05,LEAD,true,false,false,false
11935,330 Angelo Cifelli,Harrison Polygon,2026-05,WARM_LEAD,false,false,false,false
11874,330 Angelo Cifelli,Harrison Polygon,2026-05,LEAD,false,false,false,false
11878,330 Angelo Cifelli,Harrison Polygon,2026-05,LEAD,false,false,false,false
11920,345 Baldwin Avenue,Floating Jersey,2026-05,LEAD,true,false,false,false
11887,416 Kent Avenue,Williamsburg Polygon,2026-05,WARM_LEAD,false,false,false,false
11825,420 Kent Avenue,Williamsburg Polygon,2026-05,LEAD,false,false,false,false
11955,655 Union,Boerum Hill Polygon,2026-05,WARM_LEAD,false,false,false,false
11845,655 Union,Boerum Hill Polygon,2026-05,LEAD,false,false,false,false
11960,66 Rockwell Place,Brooklyn Heights Polygon,2026-05,LEAD,false,false,false,false
11975,66 Rockwell Place,Brooklyn Heights Polygon,2026-05,LEAD,false,false,false,false
11886,Agnes,Floating Jersey,2026-05,LEAD,true,false,false,false
11800,Agnes,Floating Jersey,2026-05,LEAD,false,false,false,false
11945,Alta,Floating NY 1,2026-05,WARM_LEAD,false,false,false,false
11969,Aria on the Bay Condominium Association  INC,Edgeater Polygon,2026-05,LEAD,false,false,false,false
11942,Aria on the Bay Condominium Association  INC,Edgeater Polygon,2026-05,LEAD,false,false,false,false
11861,Aria on the Bay Condominium Association  INC,Edgeater Polygon,2026-05,LEAD,false,false,false,false
11571,Azrieli TLV,Unknown,2026-05,LEAD,false,false,false,false
11514,Azrieli TLV,Unknown,2026-05,CHURN,true,false,false,false
11970,Bay Parc,Edgeater Polygon,2026-05,LEAD,false,false,false,false
11966,Bay Parc Apartments,Edgeater Polygon,2026-05,LEAD,false,false,false,false
11850,Bay Parc Apartments,Edgeater Polygon,2026-05,LEAD,false,false,false,false
11988,Bay Parc Apartments,Edgeater Polygon,2026-05,LEAD,false,false,false,false
11894,Bay Parc Apartments,Edgeater Polygon,2026-05,LEAD,false,false,false,false
11923,Bay Parc Apartments,Edgeater Polygon,2026-05,LEAD,false,false,false,false
11951,Bay Parc Apartments,Edgeater Polygon,2026-05,WARM_LEAD,false,false,false,false
11868,Bay Parc Apartments,Edgeater Polygon,2026-05,LEAD,false,false,false,false
11863,Brooklyn Crossing,Boerum Hill Polygon,2026-05,RECURRING_SUBSCRIPTION,true,true,true,false
11929,Dey and Bergen,Harrison Polygon,2026-05,TRIAL,false,false,false,false
11979,Dey and Bergen,Harrison Polygon,2026-05,WARM_LEAD,false,false,false,false
11984,Dey and Bergen,Harrison Polygon,2026-05,LEAD,false,false,false,false
11900,Elysee Miami,Edgeater Polygon,2026-05,LEAD,false,false,false,false
11950,Elysee Miami,Edgeater Polygon,2026-05,LEAD,true,false,false,false
11939,Flamingo Point Center Tower,Miami Beach Polygon,2026-05,RECURRING_SUBSCRIPTION,true,true,true,false
11959,Flamingo Point Center Tower,Miami Beach Polygon,2026-05,LEAD,false,false,false,false
11933,Flamingo Point Center Tower,Miami Beach Polygon,2026-05,LEAD,false,false,false,false
11941,Flamingo Point Center Tower,Miami Beach Polygon,2026-05,LEAD,false,false,false,false
11905,Flamingo Point Center Tower,Miami Beach Polygon,2026-05,LEAD,true,false,false,false
11976,Flamingo Point Center Tower,Miami Beach Polygon,2026-05,LEAD,false,false,false,false
11963,Flamingo Point Center Tower,Miami Beach Polygon,2026-05,RECURRING_SUBSCRIPTION,true,true,true,false
11962,Flamingo Point North Tower,Miami Beach Polygon,2026-05,LEAD,false,false,false,false
11921,Flamingo Point North Tower,Miami Beach Polygon,2026-05,LEAD,false,false,false,false
11879,Flamingo Point North Tower,Miami Beach Polygon,2026-05,LEAD,false,false,false,false
11806,Flamingo Point North Tower,Miami Beach Polygon,2026-05,LEAD,false,false,false,false
11919,Flamingo Point North Tower,Miami Beach Polygon,2026-05,LEAD,false,false,false,false
11938,Flamingo South Beach,Miami Beach Polygon,2026-05,LEAD,true,false,false,false
11978,Flamingo South Beach,Miami Beach Polygon,2026-05,WARM_LEAD,true,false,false,false
11814,Flamingo South Beach,Miami Beach Polygon,2026-05,ON_DEMAND_SUBSCRIPTION,false,true,false,true
11797,Flamingo South Beach,Miami Beach Polygon,2026-05,WARM_LEAD,true,false,false,false
11952,Flow Brickell,Flow Brickell Polygon,2026-05,WARM_LEAD,false,false,false,false
11834,Flow Brickell,Flow Brickell Polygon,2026-05,LEAD,false,false,false,false
11971,Flow Brickell,Flow Brickell Polygon,2026-05,WARM_LEAD,false,false,false,false
11968,Flow Brickell,Flow Brickell Polygon,2026-05,LEAD,false,false,false,false
11822,Flow Brickell,Flow Brickell Polygon,2026-05,RECURRING_SUBSCRIPTION,false,true,true,false
11829,Flow Brickell,Flow Brickell Polygon,2026-05,WARM_LEAD,false,false,false,false
11934,Flow Brickell,Flow Brickell Polygon,2026-05,LEAD,false,false,false,false
11836,Flow Brickell,Flow Brickell Polygon,2026-05,WARM_LEAD,true,false,false,false
11724,Flow Brickell,Flow Brickell Polygon,2026-05,LEAD,true,false,false,false
11793,Flow Brickell,Flow Brickell Polygon,2026-05,LEAD,false,false,false,false
11967,Flow Brickell,Flow Brickell Polygon,2026-05,WARM_LEAD,true,false,false,false
11865,Flow Brickell,Flow Brickell Polygon,2026-05,LEAD,false,false,false,false
11872,Flow Brickell,Flow Brickell Polygon,2026-05,LEAD,false,false,false,false
11830,Flow Brickell,Flow Brickell Polygon,2026-05,LEAD,false,false,false,false
11828,Flow Brickell,Flow Brickell Polygon,2026-05,WARM_LEAD,false,false,false,false
11873,Flow Brickell,Flow Brickell Polygon,2026-05,TRIAL,true,false,false,false
11819,Flow Brickell,Flow Brickell Polygon,2026-05,LEAD,true,false,false,false
11818,Flow Brickell,Flow Brickell Polygon,2026-05,LEAD,true,false,false,false
11837,Flow Brickell,Flow Brickell Polygon,2026-05,LEAD,true,false,false,false
11813,Flow Brickell,Flow Brickell Polygon,2026-05,LEAD,false,false,false,false
11794,Flow Brickell,Flow Brickell Polygon,2026-05,LEAD,false,false,false,false
2672,Gindi 1,Unknown,2026-05,ON_DEMAND_SUBSCRIPTION,false,true,false,true
11953,Gindi 1,Unknown,2026-05,LEAD,false,false,false,false
178,Gindi 2,Unknown,2026-05,LEAD,false,false,false,false
435,Gindi 2,Unknown,2026-05,ON_DEMAND_SUBSCRIPTION,true,true,false,true
11858,Gindi 3,Unknown,2026-05,LEAD,false,false,false,false
11899,Gindi 3,Unknown,2026-05,LEAD,false,false,false,false
11973,Gindi 3,Unknown,2026-05,LEAD,true,false,false,false
11862,Gindi 3,Unknown,2026-05,LEAD,false,false,false,false
1179,Gindi 3,Unknown,2026-05,COLD_LEAD,false,false,false,false
11816,Gindi 4,Unknown,2026-05,TRIAL,false,false,false,false
8180,Gindi 4,Unknown,2026-05,ON_DEMAND_SUBSCRIPTION,false,true,false,true
11817,Gindi 4,Unknown,2026-05,LEAD,false,false,false,false
9907,Gindi 4,Unknown,2026-05,TRIAL,false,false,false,false
2439,HaHehad,Unknown,2026-05,LEAD,true,false,false,false
11965,John Street 116,Financial District Polygon,2026-05,LEAD,false,false,false,false
11915,Livana East Hanover,Chatham / West Orange Polygon,2026-05,LEAD,false,false,false,false
11846,Livana East Hanover,Chatham / West Orange Polygon,2026-05,LEAD,false,false,false,false
11847,Livana East Hanover,Chatham / West Orange Polygon,2026-05,LEAD,true,false,false,false
11799,Livana East Hanover,Chatham / West Orange Polygon,2026-05,LEAD,false,false,false,false
11926,Livana East Hanover,Chatham / West Orange Polygon,2026-05,LEAD,false,false,false,false
11954,Livana East Hanover,Chatham / West Orange Polygon,2026-05,LEAD,false,false,false,false
11972,Mirador 1000,Miami Beach Polygon,2026-05,LEAD,true,false,false,false
2893,Nine 52,Hell's Kitchen Polygon,2026-05,FREEMIUM,false,false,false,false
2707,Nine 52,Hell's Kitchen Polygon,2026-05,FREEMIUM,false,false,false,false
11958,Nine 52,Hell's Kitchen Polygon,2026-05,LEAD,false,false,false,false
3021,Nine 52,Hell's Kitchen Polygon,2026-05,FREEMIUM,false,false,false,false
11805,Nine 52,Hell's Kitchen Polygon,2026-05,LEAD,false,false,false,false
11832,Ocean Tower Two,The Ocean Club Polygon,2026-05,LEAD,false,false,false,false
11866,Oliver on the Hudson,Floating Jersey,2026-05,LEAD,false,false,false,false
11842,Oliver on the Hudson,Floating Jersey,2026-05,LEAD,false,false,false,false
11897,Oliver on the Hudson,Floating Jersey,2026-05,LEAD,false,false,false,false
11916,Oliver on the Hudson,Floating Jersey,2026-05,LEAD,false,false,false,false
11949,Oliver on the Hudson,Floating Jersey,2026-05,LEAD,false,false,false,false
11779,Oliver on the Hudson,Floating Jersey,2026-05,WARM_LEAD,true,false,false,false
11804,Oliver on the Hudson,Floating Jersey,2026-05,LEAD,false,false,false,false
11798,Oliver on the Hudson,Floating Jersey,2026-05,LEAD,true,false,false,false
11944,One Harrison,Harrison Polygon,2026-05,LEAD,false,false,false,false
11982,One Harrison,Harrison Polygon,2026-05,LEAD,false,false,false,false
11890,One Harrison,Harrison Polygon,2026-05,LEAD,true,false,false,false
11803,One Harrison,Harrison Polygon,2026-05,LEAD,false,false,false,false
11987,One Harrison,Harrison Polygon,2026-05,LEAD,false,false,false,false
11977,One Harrison,Harrison Polygon,2026-05,LEAD,true,false,false,false
11801,One Ten,Hoboken Polygon,2026-05,LEAD,false,false,false,false
11877,One Ten,Hoboken Polygon,2026-05,LEAD,false,false,false,false
11880,Opera Tower,Edgeater Polygon,2026-05,WARM_LEAD,true,false,false,false
11802,Plank Road,Boerum Hill Polygon,2026-05,LEAD,false,false,false,false
11891,Quantum on the Bay,Edgeater Polygon,2026-05,WARM_LEAD,false,false,false,false
11833,Quantum on the Bay Condominium,Edgeater Polygon,2026-05,LEAD,false,false,false,false
11901,River Place,Hell's Kitchen Polygon,2026-05,LEAD,true,false,false,false
11827,River Place,Hell's Kitchen Polygon,2026-05,WARM_LEAD,false,false,false,false
11808,River Place,Hell's Kitchen Polygon,2026-05,WARM_LEAD,false,false,false,false
11889,River Place,Hell's Kitchen Polygon,2026-05,RECURRING_SUBSCRIPTION,true,true,true,false
11911,River Place,Hell's Kitchen Polygon,2026-05,LEAD,true,false,false,false
11903,River Place,Hell's Kitchen Polygon,2026-05,WARM_LEAD,true,false,false,false
11807,River Place,Hell's Kitchen Polygon,2026-05,WARM_LEAD,true,false,false,false
11918,Silver Towers,Hell's Kitchen Polygon,2026-05,LEAD,false,false,false,false
11985,Silver Towers,Hell's Kitchen Polygon,2026-05,LEAD,false,false,false,false
11908,Silver Towers,Hell's Kitchen Polygon,2026-05,LEAD,true,false,false,false
11815,Silver Towers,Hell's Kitchen Polygon,2026-05,WARM_LEAD,false,false,false,false
11909,Silver Towers,Hell's Kitchen Polygon,2026-05,WARM_LEAD,true,false,false,false
11917,Silver Towers,Hell's Kitchen Polygon,2026-05,LEAD,false,false,false,false
11910,Silver Towers,Hell's Kitchen Polygon,2026-05,LEAD,true,false,false,false
11913,Silver Towers,Hell's Kitchen Polygon,2026-05,LEAD,false,false,false,false
11870,Silver Towers,Hell's Kitchen Polygon,2026-05,LEAD,true,false,false,false
11912,Silver Towers,Hell's Kitchen Polygon,2026-05,LEAD,true,false,false,false
11936,Silver Towers,Hell's Kitchen Polygon,2026-05,WARM_LEAD,false,false,false,false
11864,Southgate Towers,Miami Beach Polygon,2026-05,LEAD,false,false,false,false
11948,Southgate Towers,Miami Beach Polygon,2026-05,LEAD,true,false,false,false
11811,Southgate Towers,Miami Beach Polygon,2026-05,RECURRING_SUBSCRIPTION,false,true,true,false
11914,Stonehill,Chatham / West Orange Polygon,2026-05,LEAD,true,false,false,false
11904,Stonehill,Chatham / West Orange Polygon,2026-05,WARM_LEAD,false,false,false,false
11884,The Boulevard,Floating Miami,2026-05,LEAD,true,false,false,false
11855,The Boulevard,Floating Miami,2026-05,RECURRING_SUBSCRIPTION,false,true,true,false
11809,The Buchanan,Floating NY 1,2026-05,LEAD,false,false,false,false
11961,The Buchanan,Floating NY 1,2026-05,LEAD,false,false,false,false
11983,The Buchanan,Floating NY 1,2026-05,LEAD,false,false,false,false
6950,The Buchanan,Floating NY 1,2026-05,RECURRING_SUBSCRIPTION,false,true,true,false
11906,The Buchanan,Floating NY 1,2026-05,WARM_LEAD,true,false,false,false
11841,The Buchanan,Floating NY 1,2026-05,LEAD,false,false,false,false
11702,The Buchanan,Floating NY 1,2026-05,LEAD,false,false,false,false
11898,The Devan,Hoboken Polygon,2026-05,LEAD,true,false,false,false
11851,The Devan,Hoboken Polygon,2026-05,LEAD,false,false,false,false
11943,The Devan,Hoboken Polygon,2026-05,LEAD,false,false,false,false
11946,The Devan,Hoboken Polygon,2026-05,LEAD,true,false,false,false
11895,The Devan,Hoboken Polygon,2026-05,LEAD,false,false,false,false
11957,The Devan,Hoboken Polygon,2026-05,WARM_LEAD,true,false,false,false
11820,The Devan,Hoboken Polygon,2026-05,LEAD,true,false,false,false
11852,The Devan,Hoboken Polygon,2026-05,RECURRING_SUBSCRIPTION,true,true,true,false
11947,The Devan,Hoboken Polygon,2026-05,RECURRING_SUBSCRIPTION,true,true,true,false
11896,The Eddy,Harrison Polygon,2026-05,WARM_LEAD,false,false,false,false
11986,The Eddy,Harrison Polygon,2026-05,LEAD,false,false,false,false
11875,The Eddy,Harrison Polygon,2026-05,LEAD,true,false,false,false
11882,The Eddy,Harrison Polygon,2026-05,LEAD,false,false,false,false
11824,The Enclave,Hoboken Polygon,2026-05,LEAD,true,false,false,false
11940,The Enclave,Hoboken Polygon,2026-05,LEAD,true,false,false,false
11980,The Enclave,Hoboken Polygon,2026-05,LEAD,false,false,false,false
11849,The Kestrel,Floating NY 2,2026-05,LEAD,false,false,false,false
11981,The Kestrel,Floating NY 2,2026-05,LEAD,true,false,false,false
11860,The Landon,Hell's Kitchen Polygon,2026-05,WARM_LEAD,false,false,false,false
11924,The Landon,Hell's Kitchen Polygon,2026-05,TRIAL,true,false,false,false
11796,The Landon,Hell's Kitchen Polygon,2026-05,LEAD,false,false,false,false
11876,The Landon,Hell's Kitchen Polygon,2026-05,WARM_LEAD,true,false,false,false
11812,The Vitagraph,Floating NY 2,2026-05,LEAD,false,false,false,false
11848,The Vitagraph,Floating NY 2,2026-05,LEAD,false,false,false,false
11931,Watermarc at Biscayne Bay,Edgeater Polygon,2026-05,WARM_LEAD,false,false,false,false
11859,Watermarc at Biscayne Bay,Edgeater Polygon,2026-05,RECURRING_SUBSCRIPTION,true,true,true,false
7109,100 House,Hoboken Polygon,,LEAD,false,false,false,false
9385,100 House,Hoboken Polygon,,LEAD,false,false,false,false
8679,100 House,Hoboken Polygon,,LEAD,false,false,false,false
101,100 House,Hoboken Polygon,,FREEMIUM,true,false,false,false
8994,2000 Biscayne,Edgeater Polygon,,LEAD,false,false,false,false
9328,2000 Biscayne,Edgeater Polygon,,LEAD,false,false,false,false
9892,250 E Houston,Floating NY 2,,LEAD,false,false,false,false
9427,250 E Houston,Floating NY 2,,LEAD,false,false,false,false
7137,416 Kent Avenue,Williamsburg Polygon,,LEAD,false,false,false,false
9064,544 Carroll,Boerum Hill Polygon,,LEAD,false,false,false,false
7059,Alta,Floating NY 1,,LEAD,false,false,false,false
10343,Biscayne SFR,Unknown,,LEAD,false,false,false,false
9968,Biscayne SFR,Unknown,,LEAD,false,false,false,false
10339,Biscayne SFR,Unknown,,LEAD,false,false,false,false
8213,Brooklyn Crossing,Boerum Hill Polygon,,LEAD,false,false,false,false
7834,Flamingo Point Center Tower,Miami Beach Polygon,,LEAD,false,false,false,false
3591,Gindi 1,Unknown,,COLD_LEAD,true,false,false,false
9014,John Street 116,Financial District Polygon,,LEAD,false,false,false,false
7617,Midtown 5,Floating Miami,,LEAD,false,false,false,false
8398,One Ten,Hoboken Polygon,,LEAD,false,false,false,false
10337,Opera Tower,Edgeater Polygon,,LEAD,false,false,false,false
11120,Silver Towers,Hell's Kitchen Polygon,,TRIAL,true,false,false,false
9013,Silver Towers,Hell's Kitchen Polygon,,LEAD,false,false,false,false
9918,Southgate Towers,Miami Beach Polygon,,LEAD,false,false,false,false
9890,Southgate Towers,Miami Beach Polygon,,LEAD,false,false,false,false
2411,Stonehill,Chatham / West Orange Polygon,,FREEMIUM,true,false,false,false
8703,The Addison,Brooklyn Heights Polygon,,LEAD,false,false,false,false
7618,The Boulevard,Floating Miami,,LEAD,false,false,false,false
6706,The Buchanan,Floating NY 1,,LEAD,false,false,false,false
9189,The Buchanan,Floating NY 1,,LEAD,false,false,false,false
7105,The Buchanan,Floating NY 1,,LEAD,false,false,false,false
9370,The Kestrel,Floating NY 2,,LEAD,false,false,false,false
