review_month,project,neighbourhood,apt_status,count,avg_rating,reviews
2023-05,Azrieli TLV,Unknown,CHURN,16,4.7,4
2023-05,Azrieli TLV,Unknown,TRIAL,6,5.0,1
2023-06,Azrieli TLV,Unknown,CHURN,37,4.89,3
2023-06,Azrieli TLV,Unknown,TRIAL,8,3.67,1
2023-07,100 House,Hoboken Polygon,CHURN,1,,0
2023-07,Azrieli TLV,Unknown,CHURN,41,4.86,3
2023-07,Gindi 1,Unknown,CHURN,31,4.69,7
2023-07,Gindi 1,Unknown,TRIAL,4,5.0,0
2023-08,100 House,Hoboken Polygon,CHURN,1,,0
2023-08,100 House,Hoboken Polygon,FREEMIUM,1,,0
2023-08,Azrieli TLV,Unknown,CHURN,45,4.7,0
2023-08,Gindi 1,Unknown,CHURN,75,4.7,9
2023-08,Gindi 1,Unknown,TRIAL,5,3.67,1
2023-08,Gindi 2,Unknown,CHURN,25,5.0,4
2023-08,Gindi 2,Unknown,TRIAL,8,4.0,0
2023-08,Gindi 4,Unknown,CHURN,6,4.0,1
2023-08,One Ten,Hoboken Polygon,RECURRING_SUBSCRIPTION,1,5.0,0
2023-09,829 Garfield,Floating Jersey,CHURN,2,5.0,0
2023-09,Azrieli TLV,Unknown,CHURN,56,5.0,2
2023-09,Azrieli TLV,Unknown,TRIAL,1,,0
2023-09,Gindi 1,Unknown,CHURN,62,4.88,6
2023-09,Gindi 1,Unknown,TRIAL,2,1.0,0
2023-09,Gindi 2,Unknown,CHURN,24,5.0,4
2023-09,Gindi 2,Unknown,TRIAL,7,,0
2023-09,Gindi 3,Unknown,CHURN,9,5.0,1
2023-09,Gindi 4,Unknown,CHURN,6,4.33,0
2023-09,One Ten,Hoboken Polygon,RECURRING_SUBSCRIPTION,2,,0
2023-09,The Enclave,Hoboken Polygon,RECURRING_SUBSCRIPTION,1,4.0,1
2023-10,100 House,Hoboken Polygon,CHURN,1,5.0,1
2023-10,100 House,Hoboken Polygon,ON_DEMAND_SUBSCRIPTION,4,5.0,1
2023-10,829 Garfield,Floating Jersey,CHURN,11,5.0,2
2023-10,829 Garfield,Floating Jersey,TRIAL,1,,0
2023-10,Azrieli TLV,Unknown,CHURN,43,5.0,0
2023-10,Azrieli TLV,Unknown,TRIAL,1,,0
2023-10,Gindi 1,Unknown,CHURN,65,4.91,2
2023-10,Gindi 1,Unknown,TRIAL,3,5.0,0
2023-10,Gindi 2,Unknown,CHURN,24,4.43,4
2023-10,Gindi 2,Unknown,TRIAL,4,,0
2023-10,Gindi 3,Unknown,CHURN,42,5.0,1
2023-10,Gindi 3,Unknown,TRIAL,3,,0
2023-10,Gindi 4,Unknown,CHURN,8,5.0,0
2023-10,One Ten,Hoboken Polygon,CHURN,3,5.0,0
2023-10,One Ten,Hoboken Polygon,FREEMIUM,4,4.5,1
2023-10,The Enclave,Hoboken Polygon,CHURN,4,5.0,1
2023-10,The Enclave,Hoboken Polygon,RECURRING_SUBSCRIPTION,1,,0
2023-11,100 House,Hoboken Polygon,ON_DEMAND_SUBSCRIPTION,1,5.0,0
2023-11,829 Garfield,Floating Jersey,CHURN,9,5.0,0
2023-11,829 Garfield,Floating Jersey,TRIAL,1,5.0,1
2023-11,Azrieli TLV,Unknown,CHURN,45,5.0,0
2023-11,Azrieli TLV,Unknown,TRIAL,3,,0
2023-11,Gindi 1,Unknown,CHURN,77,5.0,2
2023-11,Gindi 1,Unknown,TRIAL,2,5.0,1
2023-11,Gindi 2,Unknown,CHURN,14,5.0,0
2023-11,Gindi 2,Unknown,TRIAL,3,,0
2023-11,Gindi 3,Unknown,CHURN,58,5.0,0
2023-11,Gindi 3,Unknown,TRIAL,2,5.0,0
2023-11,Gindi 4,Unknown,CHURN,10,5.0,0
2023-11,One Ten,Hoboken Polygon,CHURN,2,5.0,0
2023-11,One Ten,Hoboken Polygon,RECURRING_SUBSCRIPTION,2,4.5,1
2023-11,The Enclave,Hoboken Polygon,CHURN,4,5.0,0
2023-11,The Enclave,Hoboken Polygon,RECURRING_SUBSCRIPTION,1,5.0,1
2023-12,100 House,Hoboken Polygon,CHURN,1,5.0,0
2023-12,829 Garfield,Floating Jersey,CHURN,9,5.0,0
2023-12,Azrieli TLV,Unknown,CHURN,56,4.83,0
2023-12,Gindi 1,Unknown,CHURN,82,4.83,7
2023-12,Gindi 1,Unknown,TRIAL,4,,0
2023-12,Gindi 2,Unknown,CHURN,22,3.67,0
2023-12,Gindi 3,Unknown,CHURN,76,4.78,4
2023-12,Gindi 3,Unknown,TRIAL,1,,0
2023-12,Gindi 4,Unknown,CHURN,1,5.0,1
2023-12,One Ten,Hoboken Polygon,RECURRING_SUBSCRIPTION,2,5.0,0
2023-12,Silver Towers,Hell's Kitchen Polygon,CHURN,5,5.0,2
2023-12,Silver Towers,Hell's Kitchen Polygon,FREEMIUM,1,,0
2023-12,Silver Towers,Hell's Kitchen Polygon,FROZEN,1,,0
2023-12,Silver Towers,Hell's Kitchen Polygon,ON_DEMAND_SUBSCRIPTION,5,5.0,1
2023-12,Silver Towers,Hell's Kitchen Polygon,RECURRING_SUBSCRIPTION,7,5.0,0
2023-12,Silver Towers,Hell's Kitchen Polygon,TRIAL,5,4.67,1
2023-12,The Enclave,Hoboken Polygon,CHURN,3,5.0,0
2024-01,100 House,Hoboken Polygon,CHURN,6,5.0,0
2024-01,829 Garfield,Floating Jersey,CHURN,8,5.0,0
2024-01,829 Garfield,Floating Jersey,TRIAL,1,5.0,1
2024-01,Azrieli TLV,Unknown,CHURN,60,5.0,0
2024-01,Azrieli TLV,Unknown,TRIAL,2,,0
2024-01,Gindi 1,Unknown,CHURN,99,4.67,3
2024-01,Gindi 1,Unknown,TRIAL,5,5.0,1
2024-01,Gindi 2,Unknown,CHURN,28,4.89,5
2024-01,Gindi 2,Unknown,TRIAL,2,5.0,0
2024-01,Gindi 3,Unknown,CHURN,93,5.0,4
2024-01,Gindi 3,Unknown,TRIAL,9,5.0,1
2024-01,Gindi 4,Unknown,CHURN,4,5.0,0
2024-01,One Ten,Hoboken Polygon,CHURN,1,,0
2024-01,One Ten,Hoboken Polygon,FREEMIUM,1,5.0,1
2024-01,One Ten,Hoboken Polygon,ON_DEMAND_SUBSCRIPTION,1,,0
2024-01,One Ten,Hoboken Polygon,RECURRING_SUBSCRIPTION,2,5.0,0
2024-01,River Place,Hell's Kitchen Polygon,CHURN,5,5.0,1
2024-01,River Place,Hell's Kitchen Polygon,FREEMIUM,1,5.0,0
2024-01,River Place,Hell's Kitchen Polygon,ON_DEMAND_SUBSCRIPTION,2,5.0,1
2024-01,River Place,Hell's Kitchen Polygon,RECURRING_SUBSCRIPTION,6,5.0,2
2024-01,River Place,Hell's Kitchen Polygon,TRIAL,4,3.0,1
2024-01,River Place,Hell's Kitchen Polygon,WARM_LEAD,1,5.0,0
2024-01,Silver Towers,Hell's Kitchen Polygon,CHURN,25,4.67,3
2024-01,Silver Towers,Hell's Kitchen Polygon,FREEMIUM,1,,0
2024-01,Silver Towers,Hell's Kitchen Polygon,FROZEN,1,5.0,0
2024-01,Silver Towers,Hell's Kitchen Polygon,ON_DEMAND_SUBSCRIPTION,14,5.0,0
2024-01,Silver Towers,Hell's Kitchen Polygon,RECURRING_SUBSCRIPTION,29,5.0,2
2024-01,Silver Towers,Hell's Kitchen Polygon,TRIAL,5,5.0,0
2024-01,The Enclave,Hoboken Polygon,CHURN,8,5.0,1
2024-01,The Enclave,Hoboken Polygon,RECURRING_SUBSCRIPTION,2,,0
2024-02,100 House,Hoboken Polygon,CHURN,10,5.0,0
2024-02,829 Garfield,Floating Jersey,CHURN,3,5.0,0
2024-02,Azrieli TLV,Unknown,CHURN,62,5.0,1
2024-02,Gindi 1,Unknown,CHURN,70,4.71,2
2024-02,Gindi 1,Unknown,TRIAL,2,,0
2024-02,Gindi 2,Unknown,CHURN,22,5.0,4
2024-02,Gindi 3,Unknown,CHURN,77,4.67,3
2024-02,Gindi 3,Unknown,TRIAL,2,4.0,1
2024-02,Gindi 4,Unknown,CHURN,10,5.0,1
2024-02,One Ten,Hoboken Polygon,CHURN,3,5.0,0
2024-02,One Ten,Hoboken Polygon,FREEMIUM,2,5.0,0
2024-02,One Ten,Hoboken Polygon,ON_DEMAND_SUBSCRIPTION,1,,0
2024-02,One Ten,Hoboken Polygon,RECURRING_SUBSCRIPTION,4,5.0,0
2024-02,River Place,Hell's Kitchen Polygon,CHURN,13,4.89,7
2024-02,River Place,Hell's Kitchen Polygon,FREEMIUM,6,3.67,3
2024-02,River Place,Hell's Kitchen Polygon,ON_DEMAND_SUBSCRIPTION,2,,0
2024-02,River Place,Hell's Kitchen Polygon,RECURRING_SUBSCRIPTION,10,5.0,1
2024-02,River Place,Hell's Kitchen Polygon,TRIAL,4,5.0,1
2024-02,Silver Towers,Hell's Kitchen Polygon,CHURN,22,4.33,3
2024-02,Silver Towers,Hell's Kitchen Polygon,FREEMIUM,4,3.5,1
2024-02,Silver Towers,Hell's Kitchen Polygon,ON_DEMAND_SUBSCRIPTION,10,5.0,1
2024-02,Silver Towers,Hell's Kitchen Polygon,RECURRING_SUBSCRIPTION,20,5.0,2
2024-02,Silver Towers,Hell's Kitchen Polygon,TRIAL,3,5.0,0
2024-02,The Enclave,Hoboken Polygon,CHURN,8,5.0,0
2024-02,The Enclave,Hoboken Polygon,RECURRING_SUBSCRIPTION,1,,0
2024-03,100 House,Hoboken Polygon,CHURN,7,5.0,0
2024-03,100 House,Hoboken Polygon,ON_DEMAND_SUBSCRIPTION,2,5.0,0
2024-03,829 Garfield,Floating Jersey,CHURN,2,,0
2024-03,Azrieli TLV,Unknown,CHURN,59,5.0,0
2024-03,Azrieli TLV,Unknown,TRIAL,2,,0
2024-03,Gindi 1,Unknown,CHURN,77,5.0,1
2024-03,Gindi 1,Unknown,TRIAL,1,,0
2024-03,Gindi 2,Unknown,CHURN,30,4.13,2
2024-03,Gindi 2,Unknown,COLD_LEAD,1,,0
2024-03,Gindi 2,Unknown,TRIAL,1,,0
2024-03,Gindi 3,Unknown,CHURN,107,5.0,2
2024-03,Gindi 3,Unknown,TRIAL,2,5.0,0
2024-03,Gindi 4,Unknown,CHURN,5,5.0,1
2024-03,John Street 116,Financial District Polygon,CHURN,2,5.0,0
2024-03,John Street 116,Financial District Polygon,RECURRING_SUBSCRIPTION,2,,0
2024-03,John Street 116,Financial District Polygon,TRIAL,7,5.0,1
2024-03,One Ten,Hoboken Polygon,CHURN,4,5.0,0
2024-03,One Ten,Hoboken Polygon,ON_DEMAND_SUBSCRIPTION,1,5.0,0
2024-03,One Ten,Hoboken Polygon,RECURRING_SUBSCRIPTION,1,,0
2024-03,River Place,Hell's Kitchen Polygon,CHURN,14,5.0,6
2024-03,River Place,Hell's Kitchen Polygon,FREEMIUM,1,,0
2024-03,River Place,Hell's Kitchen Polygon,ON_DEMAND_SUBSCRIPTION,9,5.0,1
2024-03,River Place,Hell's Kitchen Polygon,RECURRING_SUBSCRIPTION,14,5.0,3
2024-03,River Place,Hell's Kitchen Polygon,TRIAL,2,,0
2024-03,Silver Towers,Hell's Kitchen Polygon,CHURN,25,4.83,5
2024-03,Silver Towers,Hell's Kitchen Polygon,FREEMIUM,2,,0
2024-03,Silver Towers,Hell's Kitchen Polygon,FROZEN,2,5.0,1
2024-03,Silver Towers,Hell's Kitchen Polygon,ON_DEMAND_SUBSCRIPTION,15,5.0,2
2024-03,Silver Towers,Hell's Kitchen Polygon,RECURRING_SUBSCRIPTION,25,4.25,2
2024-03,Silver Towers,Hell's Kitchen Polygon,TRIAL,5,4.0,0
2024-03,The Enclave,Hoboken Polygon,CHURN,4,5.0,0
2024-03,The Enclave,Hoboken Polygon,RECURRING_SUBSCRIPTION,1,5.0,1
2024-04,100 House,Hoboken Polygon,CHURN,8,5.0,0
2024-04,100 House,Hoboken Polygon,ON_DEMAND_SUBSCRIPTION,4,5.0,0
2024-04,330W-56th,Hell's Kitchen Polygon,CHURN,2,5.0,0
2024-04,330W-56th,Hell's Kitchen Polygon,FREEMIUM,4,5.0,0
2024-04,330W-56th,Hell's Kitchen Polygon,RECURRING_SUBSCRIPTION,2,5.0,1
2024-04,330W-56th,Hell's Kitchen Polygon,WARM_LEAD,1,,0
2024-04,829 Garfield,Floating Jersey,CHURN,3,,0
2024-04,829 Garfield,Floating Jersey,TRIAL,1,,0
2024-04,Azrieli TLV,Unknown,CHURN,56,,0
2024-04,Azrieli TLV,Unknown,TRIAL,1,5.0,0
2024-04,Gindi 1,Unknown,CHURN,69,4.75,2
2024-04,Gindi 2,Unknown,CHURN,29,5.0,1
2024-04,Gindi 3,Unknown,CHURN,106,5.0,0
2024-04,Gindi 3,Unknown,TRIAL,2,5.0,0
2024-04,Gindi 4,Unknown,CHURN,4,5.0,0
2024-04,John Street 116,Financial District Polygon,CHURN,11,5.0,2
2024-04,John Street 116,Financial District Polygon,RECURRING_SUBSCRIPTION,3,4.0,0
2024-04,John Street 116,Financial District Polygon,TRIAL,4,5.0,1
2024-04,One Ten,Hoboken Polygon,CHURN,4,5.0,0
2024-04,One Ten,Hoboken Polygon,FREEMIUM,2,5.0,0
2024-04,One Ten,Hoboken Polygon,ON_DEMAND_SUBSCRIPTION,2,5.0,0
2024-04,One Ten,Hoboken Polygon,RECURRING_SUBSCRIPTION,2,5.0,1
2024-04,River Place,Hell's Kitchen Polygon,CHURN,23,5.0,2
2024-04,River Place,Hell's Kitchen Polygon,FREEMIUM,2,,0
2024-04,River Place,Hell's Kitchen Polygon,ON_DEMAND_SUBSCRIPTION,13,5.0,2
2024-04,River Place,Hell's Kitchen Polygon,RECURRING_SUBSCRIPTION,14,5.0,3
2024-04,River Place,Hell's Kitchen Polygon,TRIAL,6,,0
2024-04,Silver Towers,Hell's Kitchen Polygon,CHURN,19,5.0,0
2024-04,Silver Towers,Hell's Kitchen Polygon,FREEMIUM,2,5.0,0
2024-04,Silver Towers,Hell's Kitchen Polygon,FROZEN,1,5.0,0
2024-04,Silver Towers,Hell's Kitchen Polygon,ON_DEMAND_SUBSCRIPTION,13,5.0,1
2024-04,Silver Towers,Hell's Kitchen Polygon,RECURRING_SUBSCRIPTION,35,5.0,1
2024-04,Silver Towers,Hell's Kitchen Polygon,TRIAL,5,4.33,0
2024-04,The Enclave,Hoboken Polygon,CHURN,5,,0
2024-04,The Enclave,Hoboken Polygon,RECURRING_SUBSCRIPTION,2,5.0,1
2024-05,100 House,Hoboken Polygon,CHURN,9,5.0,1
2024-05,100 House,Hoboken Polygon,ON_DEMAND_SUBSCRIPTION,6,5.0,0
2024-05,1 Boerum PL,Floating NY 2,CHURN,8,,0
2024-05,1 Boerum PL,Floating NY 2,ON_DEMAND_SUBSCRIPTION,2,5.0,1
2024-05,1 Boerum PL,Floating NY 2,RECURRING_SUBSCRIPTION,3,,0
2024-05,330W-56th,Hell's Kitchen Polygon,CHURN,4,,0
2024-05,330W-56th,Hell's Kitchen Polygon,FREEMIUM,1,5.0,1
2024-05,330W-56th,Hell's Kitchen Polygon,RECURRING_SUBSCRIPTION,3,5.0,1
2024-05,829 Garfield,Floating Jersey,CHURN,3,,0
2024-05,Azrieli TLV,Unknown,CHURN,59,3.0,1
2024-05,Gindi 1,Unknown,CHURN,50,5.0,1
2024-05,Gindi 2,Unknown,CHURN,26,5.0,0
2024-05,Gindi 3,Unknown,CHURN,80,5.0,1
2024-05,Gindi 3,Unknown,TRIAL,1,5.0,0
2024-05,Gindi 4,Unknown,CHURN,6,5.0,0
2024-05,John Street 116,Financial District Polygon,CHURN,15,5.0,1
2024-05,John Street 116,Financial District Polygon,FREEMIUM,1,,0
2024-05,John Street 116,Financial District Polygon,RECURRING_SUBSCRIPTION,5,5.0,0
2024-05,John Street 116,Financial District Polygon,TRIAL,3,5.0,0
2024-05,One Ten,Hoboken Polygon,CHURN,3,5.0,0
2024-05,One Ten,Hoboken Polygon,FREEMIUM,1,,0
2024-05,One Ten,Hoboken Polygon,ON_DEMAND_SUBSCRIPTION,1,5.0,0
2024-05,One Ten,Hoboken Polygon,RECURRING_SUBSCRIPTION,4,,0
2024-05,River Place,Hell's Kitchen Polygon,CHURN,38,4.91,6
2024-05,River Place,Hell's Kitchen Polygon,ON_DEMAND_SUBSCRIPTION,22,5.0,0
2024-05,River Place,Hell's Kitchen Polygon,RECURRING_SUBSCRIPTION,19,5.0,1
2024-05,River Place,Hell's Kitchen Polygon,TRIAL,3,5.0,0
2024-05,River Place,Hell's Kitchen Polygon,WARM_LEAD,1,,0
2024-05,Silver Towers,Hell's Kitchen Polygon,CHURN,37,5.0,2
2024-05,Silver Towers,Hell's Kitchen Polygon,FREEMIUM,2,,0
2024-05,Silver Towers,Hell's Kitchen Polygon,FROZEN,1,5.0,0
2024-05,Silver Towers,Hell's Kitchen Polygon,ON_DEMAND_SUBSCRIPTION,18,4.86,2
2024-05,Silver Towers,Hell's Kitchen Polygon,RECURRING_SUBSCRIPTION,47,5.0,0
2024-05,Silver Towers,Hell's Kitchen Polygon,TRIAL,11,5.0,0
2024-05,The Enclave,Hoboken Polygon,CHURN,8,5.0,0
2024-05,The Enclave,Hoboken Polygon,FREEMIUM,3,5.0,0
2024-05,The Enclave,Hoboken Polygon,RECURRING_SUBSCRIPTION,3,3.0,1
2024-06,100 House,Hoboken Polygon,CHURN,10,5.0,1
2024-06,100 House,Hoboken Polygon,ON_DEMAND_SUBSCRIPTION,5,5.0,1
2024-06,1 Boerum PL,Floating NY 2,CHURN,10,,0
2024-06,1 Boerum PL,Floating NY 2,ON_DEMAND_SUBSCRIPTION,3,5.0,0
2024-06,1 Boerum PL,Floating NY 2,RECURRING_SUBSCRIPTION,6,5.0,1
2024-06,1 Boerum PL,Floating NY 2,TRIAL,2,5.0,0
2024-06,330W-56th,Hell's Kitchen Polygon,CHURN,3,,0
2024-06,330W-56th,Hell's Kitchen Polygon,RECURRING_SUBSCRIPTION,3,5.0,0
2024-06,829 Garfield,Floating Jersey,CHURN,1,,0
2024-06,829 Garfield,Floating Jersey,TRIAL,1,,0
2024-06,Azrieli TLV,Unknown,CHURN,61,5.0,0
2024-06,Azrieli TLV,Unknown,TRIAL,1,,0
2024-06,Gindi 1,Unknown,CHURN,25,5.0,1
2024-06,Gindi 1,Unknown,TRIAL,5,,0
2024-06,Gindi 2,Unknown,CHURN,20,5.0,1
2024-06,Gindi 3,Unknown,CHURN,51,4.83,0
2024-06,Gindi 3,Unknown,TRIAL,1,,0
2024-06,Gindi 4,Unknown,CHURN,4,5.0,0
2024-06,John Street 116,Financial District Polygon,CHURN,13,5.0,1
2024-06,John Street 116,Financial District Polygon,RECURRING_SUBSCRIPTION,6,4.0,0
2024-06,John Street 116,Financial District Polygon,TRIAL,2,,0
2024-06,One Ten,Hoboken Polygon,CHURN,2,5.0,0
2024-06,One Ten,Hoboken Polygon,FREEMIUM,1,,0
2024-06,One Ten,Hoboken Polygon,ON_DEMAND_SUBSCRIPTION,1,,0
2024-06,One Ten,Hoboken Polygon,RECURRING_SUBSCRIPTION,4,,0
2024-06,One Ten,Hoboken Polygon,WARM_LEAD,2,5.0,0
2024-06,River Place,Hell's Kitchen Polygon,CHURN,49,5.0,4
2024-06,River Place,Hell's Kitchen Polygon,FREEMIUM,1,,0
2024-06,River Place,Hell's Kitchen Polygon,ON_DEMAND_SUBSCRIPTION,15,5.0,0
2024-06,River Place,Hell's Kitchen Polygon,RECURRING_SUBSCRIPTION,12,5.0,0
2024-06,River Place,Hell's Kitchen Polygon,TRIAL,2,,0
2024-06,River Place,Hell's Kitchen Polygon,WARM_LEAD,1,,0
2024-06,Silver Towers,Hell's Kitchen Polygon,CHURN,35,4.8,2
2024-06,Silver Towers,Hell's Kitchen Polygon,FREEMIUM,1,,0
2024-06,Silver Towers,Hell's Kitchen Polygon,FROZEN,2,5.0,0
2024-06,Silver Towers,Hell's Kitchen Polygon,ON_DEMAND_SUBSCRIPTION,19,3.5,1
2024-06,Silver Towers,Hell's Kitchen Polygon,RECURRING_SUBSCRIPTION,40,5.0,0
2024-06,Silver Towers,Hell's Kitchen Polygon,TRIAL,7,3.0,1
2024-06,Silver Towers,Hell's Kitchen Polygon,WARM_LEAD,1,,0
2024-06,The Enclave,Hoboken Polygon,CHURN,7,5.0,1
2024-06,The Enclave,Hoboken Polygon,RECURRING_SUBSCRIPTION,3,,0
2024-06,The Ivy,Chatham / West Orange Polygon,CHURN,6,5.0,0
2024-06,The Ivy,Chatham / West Orange Polygon,RECURRING_SUBSCRIPTION,3,5.0,1
2024-06,The Ivy,Chatham / West Orange Polygon,TRIAL,2,,0
2024-07,100 House,Hoboken Polygon,CHURN,9,4.0,0
2024-07,100 House,Hoboken Polygon,FREEMIUM,1,,0
2024-07,100 House,Hoboken Polygon,ON_DEMAND_SUBSCRIPTION,4,5.0,0
2024-07,100 House,Hoboken Polygon,RECURRING_SUBSCRIPTION,1,5.0,1
2024-07,1 Boerum PL,Floating NY 2,CHURN,9,,0
2024-07,1 Boerum PL,Floating NY 2,ON_DEMAND_SUBSCRIPTION,3,5.0,0
2024-07,1 Boerum PL,Floating NY 2,RECURRING_SUBSCRIPTION,6,,0
2024-07,1 Boerum PL,Floating NY 2,TRIAL,5,,0
2024-07,1 Boerum PL,Floating NY 2,WARM_LEAD,1,5.0,1
2024-07,330W-56th,Hell's Kitchen Polygon,CHURN,4,3.0,1
2024-07,330W-56th,Hell's Kitchen Polygon,FREEMIUM,1,,0
2024-07,330W-56th,Hell's Kitchen Polygon,RECURRING_SUBSCRIPTION,4,,0
2024-07,Azrieli TLV,Unknown,CHURN,72,5.0,0
2024-07,Gindi 1,Unknown,CHURN,24,5.0,0
2024-07,Gindi 2,Unknown,CHURN,22,5.0,2
2024-07,Gindi 2,Unknown,TRIAL,1,,0
2024-07,Gindi 3,Unknown,CHURN,63,4.57,2
2024-07,Gindi 3,Unknown,TRIAL,1,,0
2024-07,Gindi 4,Unknown,CHURN,12,5.0,0
2024-07,John Street 116,Financial District Polygon,CHURN,14,5.0,2
2024-07,John Street 116,Financial District Polygon,FREEMIUM,1,,0
2024-07,John Street 116,Financial District Polygon,RECURRING_SUBSCRIPTION,5,,0
2024-07,John Street 116,Financial District Polygon,TRIAL,2,5.0,0
2024-07,One Ten,Hoboken Polygon,CHURN,6,5.0,0
2024-07,One Ten,Hoboken Polygon,FREEMIUM,1,5.0,1
2024-07,One Ten,Hoboken Polygon,ON_DEMAND_SUBSCRIPTION,2,,0
2024-07,One Ten,Hoboken Polygon,RECURRING_SUBSCRIPTION,5,5.0,0
2024-07,One Ten,Hoboken Polygon,WARM_LEAD,1,,0
2024-07,River Place,Hell's Kitchen Polygon,CHURN,46,4.86,1
2024-07,River Place,Hell's Kitchen Polygon,FREEMIUM,1,,0
2024-07,River Place,Hell's Kitchen Polygon,ON_DEMAND_SUBSCRIPTION,19,5.0,0
2024-07,River Place,Hell's Kitchen Polygon,RECURRING_SUBSCRIPTION,18,5.0,2
2024-07,River Place,Hell's Kitchen Polygon,TRIAL,6,,0
2024-07,River Place,Hell's Kitchen Polygon,WARM_LEAD,1,5.0,0
2024-07,Silver Towers,Hell's Kitchen Polygon,CHURN,40,4.8,0
2024-07,Silver Towers,Hell's Kitchen Polygon,FREEMIUM,2,,0
2024-07,Silver Towers,Hell's Kitchen Polygon,FROZEN,2,5.0,0
2024-07,Silver Towers,Hell's Kitchen Polygon,ON_DEMAND_SUBSCRIPTION,25,5.0,4
2024-07,Silver Towers,Hell's Kitchen Polygon,RECURRING_SUBSCRIPTION,55,4.88,0
2024-07,Silver Towers,Hell's Kitchen Polygon,TRIAL,9,4.67,1
2024-07,The Enclave,Hoboken Polygon,CHURN,11,5.0,2
2024-07,The Enclave,Hoboken Polygon,FREEMIUM,4,4.5,1
2024-07,The Enclave,Hoboken Polygon,ON_DEMAND_SUBSCRIPTION,1,,0
2024-07,The Enclave,Hoboken Polygon,RECURRING_SUBSCRIPTION,4,5.0,0
2024-07,The Ivy,Chatham / West Orange Polygon,CHURN,18,4.67,1
2024-07,The Ivy,Chatham / West Orange Polygon,ON_DEMAND_SUBSCRIPTION,2,5.0,1
2024-07,The Ivy,Chatham / West Orange Polygon,RECURRING_SUBSCRIPTION,5,,0
2024-07,The Ivy,Chatham / West Orange Polygon,TRIAL,1,,0
2024-07,The Ivy,Chatham / West Orange Polygon,WARM_LEAD,2,5.0,0
2024-08,100 House,Hoboken Polygon,CHURN,8,,0
2024-08,100 House,Hoboken Polygon,ON_DEMAND_SUBSCRIPTION,4,5.0,0
2024-08,100 House,Hoboken Polygon,RECURRING_SUBSCRIPTION,5,5.0,0
2024-08,1 Boerum PL,Floating NY 2,CHURN,4,5.0,1
2024-08,1 Boerum PL,Floating NY 2,ON_DEMAND_SUBSCRIPTION,2,5.0,1
2024-08,1 Boerum PL,Floating NY 2,RECURRING_SUBSCRIPTION,6,5.0,1
2024-08,1 Boerum PL,Floating NY 2,TRIAL,1,,0
2024-08,1 Boerum PL,Floating NY 2,WARM_LEAD,4,,0
2024-08,300 Somerset,Harrison Polygon,CHURN,1,5.0,1
2024-08,300 Somerset,Harrison Polygon,TRIAL,1,4.0,0
2024-08,330 Angelo Cifelli,Harrison Polygon,RECURRING_SUBSCRIPTION,1,5.0,1
2024-08,330W-56th,Hell's Kitchen Polygon,CHURN,5,5.0,2
2024-08,330W-56th,Hell's Kitchen Polygon,FREEMIUM,1,5.0,0
2024-08,330W-56th,Hell's Kitchen Polygon,RECURRING_SUBSCRIPTION,3,5.0,1
2024-08,Azrieli TLV,Unknown,CHURN,70,5.0,0
2024-08,Azrieli TLV,Unknown,TRIAL,4,,0
2024-08,Gindi 1,Unknown,CHURN,32,5.0,3
2024-08,Gindi 2,Unknown,CHURN,13,5.0,0
2024-08,Gindi 2,Unknown,TRIAL,2,,0
2024-08,Gindi 3,Unknown,CHURN,55,5.0,0
2024-08,Gindi 4,Unknown,CHURN,3,5.0,0
2024-08,John Street 116,Financial District Polygon,CHURN,20,5.0,0
2024-08,John Street 116,Financial District Polygon,RECURRING_SUBSCRIPTION,4,,0
2024-08,John Street 116,Financial District Polygon,TRIAL,2,,0
2024-08,One Ten,Hoboken Polygon,CHURN,5,5.0,0
2024-08,One Ten,Hoboken Polygon,ON_DEMAND_SUBSCRIPTION,2,,0
2024-08,One Ten,Hoboken Polygon,RECURRING_SUBSCRIPTION,6,,0
2024-08,River Place,Hell's Kitchen Polygon,CHURN,30,4.75,0
2024-08,River Place,Hell's Kitchen Polygon,FREEMIUM,1,,0
2024-08,River Place,Hell's Kitchen Polygon,ON_DEMAND_SUBSCRIPTION,29,5.0,0
2024-08,River Place,Hell's Kitchen Polygon,RECURRING_SUBSCRIPTION,19,5.0,1
2024-08,River Place,Hell's Kitchen Polygon,TRIAL,5,3.0,1
2024-08,River Place,Hell's Kitchen Polygon,WARM_LEAD,1,,0
2024-08,Silver Towers,Hell's Kitchen Polygon,CHURN,49,5.0,1
2024-08,Silver Towers,Hell's Kitchen Polygon,FROZEN,2,5.0,0
2024-08,Silver Towers,Hell's Kitchen Polygon,ON_DEMAND_SUBSCRIPTION,23,5.0,2
2024-08,Silver Towers,Hell's Kitchen Polygon,RECURRING_SUBSCRIPTION,63,5.0,2
2024-08,Silver Towers,Hell's Kitchen Polygon,TRIAL,4,5.0,0
2024-08,The Enclave,Hoboken Polygon,CHURN,13,3.0,1
2024-08,The Enclave,Hoboken Polygon,FREEMIUM,1,,0
2024-08,The Enclave,Hoboken Polygon,RECURRING_SUBSCRIPTION,3,2.0,0
2024-08,The Enclave,Hoboken Polygon,TRIAL,1,,0
2024-08,The Ivy,Chatham / West Orange Polygon,CHURN,17,,0
2024-08,The Ivy,Chatham / West Orange Polygon,ON_DEMAND_SUBSCRIPTION,3,5.0,1
2024-08,The Ivy,Chatham / West Orange Polygon,RECURRING_SUBSCRIPTION,6,,0
2024-08,The Ivy,Chatham / West Orange Polygon,WARM_LEAD,1,,0
2024-09,100 House,Hoboken Polygon,CHURN,10,5.0,0
2024-09,100 House,Hoboken Polygon,ON_DEMAND_SUBSCRIPTION,3,5.0,0
2024-09,100 House,Hoboken Polygon,RECURRING_SUBSCRIPTION,2,4.5,0
2024-09,1 Boerum PL,Floating NY 2,CHURN,4,5.0,0
2024-09,1 Boerum PL,Floating NY 2,ON_DEMAND_SUBSCRIPTION,3,5.0,1
2024-09,1 Boerum PL,Floating NY 2,RECURRING_SUBSCRIPTION,4,,0
2024-09,1 Boerum PL,Floating NY 2,WARM_LEAD,2,,0
2024-09,300 Somerset,Harrison Polygon,CHURN,4,5.0,0
2024-09,300 Somerset,Harrison Polygon,RECURRING_SUBSCRIPTION,2,5.0,0
2024-09,300 Somerset,Harrison Polygon,TRIAL,2,5.0,1
2024-09,330 Angelo Cifelli,Harrison Polygon,RECURRING_SUBSCRIPTION,1,5.0,0
2024-09,330 Angelo Cifelli,Harrison Polygon,TRIAL,3,4.33,2
2024-09,330W-56th,Hell's Kitchen Polygon,CHURN,3,3.0,1
2024-09,330W-56th,Hell's Kitchen Polygon,FREEMIUM,2,,0
2024-09,330W-56th,Hell's Kitchen Polygon,RECURRING_SUBSCRIPTION,3,5.0,0
2024-09,330W-56th,Hell's Kitchen Polygon,WARM_LEAD,2,5.0,0
2024-09,Azrieli TLV,Unknown,CHURN,73,,0
2024-09,Gindi 1,Unknown,CHURN,49,5.0,9
2024-09,Gindi 1,Unknown,TRIAL,2,,0
2024-09,Gindi 2,Unknown,CHURN,9,4.75,1
2024-09,Gindi 3,Unknown,CHURN,64,5.0,3
2024-09,John Street 116,Financial District Polygon,CHURN,13,5.0,0
2024-09,John Street 116,Financial District Polygon,RECURRING_SUBSCRIPTION,4,,0
2024-09,John Street 116,Financial District Polygon,TRIAL,2,4.5,0
2024-09,Nine 52,Hell's Kitchen Polygon,RECURRING_SUBSCRIPTION,1,,0
2024-09,One Ten,Hoboken Polygon,CHURN,4,3.0,2
2024-09,One Ten,Hoboken Polygon,ON_DEMAND_SUBSCRIPTION,2,,0
2024-09,One Ten,Hoboken Polygon,RECURRING_SUBSCRIPTION,6,4.0,1
2024-09,River Place,Hell's Kitchen Polygon,CHURN,20,5.0,1
2024-09,River Place,Hell's Kitchen Polygon,FREEMIUM,3,,0
2024-09,River Place,Hell's Kitchen Polygon,ON_DEMAND_SUBSCRIPTION,29,4.0,1
2024-09,River Place,Hell's Kitchen Polygon,RECURRING_SUBSCRIPTION,18,5.0,1
2024-09,River Place,Hell's Kitchen Polygon,TRIAL,4,1.0,1
2024-09,River Place,Hell's Kitchen Polygon,WARM_LEAD,1,5.0,0
2024-09,Silver Towers,Hell's Kitchen Polygon,CHURN,41,4.33,1
2024-09,Silver Towers,Hell's Kitchen Polygon,FREEMIUM,2,,0
2024-09,Silver Towers,Hell's Kitchen Polygon,FROZEN,1,5.0,0
2024-09,Silver Towers,Hell's Kitchen Polygon,ON_DEMAND_SUBSCRIPTION,17,5.0,0
2024-09,Silver Towers,Hell's Kitchen Polygon,RECURRING_SUBSCRIPTION,65,4.33,2
2024-09,Silver Towers,Hell's Kitchen Polygon,TRIAL,6,5.0,1
2024-09,The Eddy,Harrison Polygon,TRIAL,3,3.33,3
2024-09,The Enclave,Hoboken Polygon,CHURN,10,3.5,1
2024-09,The Enclave,Hoboken Polygon,RECURRING_SUBSCRIPTION,2,5.0,1
2024-09,The Ivy,Chatham / West Orange Polygon,CHURN,18,5.0,1
2024-09,The Ivy,Chatham / West Orange Polygon,ON_DEMAND_SUBSCRIPTION,2,,0
2024-09,The Ivy,Chatham / West Orange Polygon,RECURRING_SUBSCRIPTION,5,5.0,0
2024-09,The Ivy,Chatham / West Orange Polygon,TRIAL,5,,0
2024-09,The Ivy,Chatham / West Orange Polygon,WARM_LEAD,4,5.0,1
2024-10,100 House,Hoboken Polygon,CHURN,11,,0
2024-10,100 House,Hoboken Polygon,FREEMIUM,1,,0
2024-10,100 House,Hoboken Polygon,RECURRING_SUBSCRIPTION,3,4.5,0
2024-10,1 Boerum PL,Floating NY 2,CHURN,6,,0
2024-10,1 Boerum PL,Floating NY 2,ON_DEMAND_SUBSCRIPTION,5,5.0,0
2024-10,1 Boerum PL,Floating NY 2,RECURRING_SUBSCRIPTION,4,5.0,0
2024-10,1 Boerum PL,Floating NY 2,WARM_LEAD,2,,0
2024-10,300 Somerset,Harrison Polygon,CHURN,4,5.0,1
2024-10,300 Somerset,Harrison Polygon,ON_DEMAND_SUBSCRIPTION,2,5.0,1
2024-10,300 Somerset,Harrison Polygon,RECURRING_SUBSCRIPTION,1,4.0,1
2024-10,330 Angelo Cifelli,Harrison Polygon,ON_DEMAND_SUBSCRIPTION,1,4.0,0
2024-10,330 Angelo Cifelli,Harrison Polygon,RECURRING_SUBSCRIPTION,1,5.0,1
2024-10,330 Angelo Cifelli,Harrison Polygon,TRIAL,1,5.0,0
2024-10,330W-56th,Hell's Kitchen Polygon,CHURN,2,,0
2024-10,330W-56th,Hell's Kitchen Polygon,FREEMIUM,2,,0
2024-10,330W-56th,Hell's Kitchen Polygon,RECURRING_SUBSCRIPTION,4,5.0,0
2024-10,330W-56th,Hell's Kitchen Polygon,TRIAL,2,,0
2024-10,Azrieli TLV,Unknown,CHURN,75,5.0,0
2024-10,Azrieli TLV,Unknown,TRIAL,1,,0
2024-10,Gindi 1,Unknown,CHURN,24,5.0,0
2024-10,Gindi 1,Unknown,TRIAL,2,5.0,0
2024-10,Gindi 2,Unknown,CHURN,12,5.0,1
2024-10,Gindi 3,Unknown,CHURN,53,5.0,0
2024-10,Gindi 4,Unknown,CHURN,2,,0
2024-10,John Street 116,Financial District Polygon,CHURN,16,4.86,0
2024-10,John Street 116,Financial District Polygon,FREEMIUM,1,,0
2024-10,John Street 116,Financial District Polygon,ON_DEMAND_SUBSCRIPTION,1,5.0,0
2024-10,John Street 116,Financial District Polygon,RECURRING_SUBSCRIPTION,5,5.0,1
2024-10,Nine 52,Hell's Kitchen Polygon,CHURN,8,4.25,2
2024-10,Nine 52,Hell's Kitchen Polygon,RECURRING_SUBSCRIPTION,1,,0
2024-10,Nine 52,Hell's Kitchen Polygon,TRIAL,2,2.0,2
2024-10,One Ten,Hoboken Polygon,CHURN,4,5.0,0
2024-10,One Ten,Hoboken Polygon,FREEMIUM,1,,0
2024-10,One Ten,Hoboken Polygon,ON_DEMAND_SUBSCRIPTION,2,5.0,0
2024-10,One Ten,Hoboken Polygon,RECURRING_SUBSCRIPTION,7,5.0,0
2024-10,River Place,Hell's Kitchen Polygon,CHURN,18,4.83,5
2024-10,River Place,Hell's Kitchen Polygon,FREEMIUM,1,,0
2024-10,River Place,Hell's Kitchen Polygon,ON_DEMAND_SUBSCRIPTION,29,5.0,1
2024-10,River Place,Hell's Kitchen Polygon,RECURRING_SUBSCRIPTION,12,5.0,1
2024-10,River Place,Hell's Kitchen Polygon,TRIAL,6,5.0,1
2024-10,River Place,Hell's Kitchen Polygon,WARM_LEAD,1,5.0,0
2024-10,Silver Towers,Hell's Kitchen Polygon,CHURN,42,4.4,4
2024-10,Silver Towers,Hell's Kitchen Polygon,FROZEN,2,5.0,0
2024-10,Silver Towers,Hell's Kitchen Polygon,ON_DEMAND_SUBSCRIPTION,25,5.0,4
2024-10,Silver Towers,Hell's Kitchen Polygon,RECURRING_SUBSCRIPTION,91,4.91,2
2024-10,Silver Towers,Hell's Kitchen Polygon,TRIAL,5,4.67,0
2024-10,The Dime,Williamsburg Polygon,CHURN,9,5.0,0
2024-10,The Dime,Williamsburg Polygon,FREEMIUM,2,,0
2024-10,The Dime,Williamsburg Polygon,RECURRING_SUBSCRIPTION,4,5.0,0
2024-10,The Dime,Williamsburg Polygon,TRIAL,4,4.5,1
2024-10,The Dime,Williamsburg Polygon,WARM_LEAD,1,,0
2024-10,The Eddy,Harrison Polygon,RECURRING_SUBSCRIPTION,2,5.0,2
2024-10,The Eddy,Harrison Polygon,TRIAL,1,3.0,1
2024-10,The Enclave,Hoboken Polygon,CHURN,3,5.0,0
2024-10,The Enclave,Hoboken Polygon,ON_DEMAND_SUBSCRIPTION,1,5.0,0
2024-10,The Enclave,Hoboken Polygon,RECURRING_SUBSCRIPTION,2,,0
2024-10,The Ivy,Chatham / West Orange Polygon,CHURN,24,5.0,0
2024-10,The Ivy,Chatham / West Orange Polygon,ON_DEMAND_SUBSCRIPTION,4,5.0,1
2024-10,The Ivy,Chatham / West Orange Polygon,RECURRING_SUBSCRIPTION,8,,0
2024-11,100 House,Hoboken Polygon,CHURN,6,5.0,1
2024-11,100 House,Hoboken Polygon,RECURRING_SUBSCRIPTION,3,5.0,2
2024-11,1 Boerum PL,Floating NY 2,CHURN,5,,0
2024-11,1 Boerum PL,Floating NY 2,FREEMIUM,5,4.0,1
2024-11,1 Boerum PL,Floating NY 2,ON_DEMAND_SUBSCRIPTION,5,4.0,1
2024-11,1 Boerum PL,Floating NY 2,RECURRING_SUBSCRIPTION,5,5.0,0
2024-11,1 Boerum PL,Floating NY 2,WARM_LEAD,2,,0
2024-11,300 Somerset,Harrison Polygon,CHURN,1,5.0,0
2024-11,330 Angelo Cifelli,Harrison Polygon,CHURN,4,5.0,0
2024-11,330 Angelo Cifelli,Harrison Polygon,ON_DEMAND_SUBSCRIPTION,1,5.0,0
2024-11,330 Angelo Cifelli,Harrison Polygon,RECURRING_SUBSCRIPTION,1,5.0,0
2024-11,330 Angelo Cifelli,Harrison Polygon,TRIAL,1,5.0,0
2024-11,330W-56th,Hell's Kitchen Polygon,CHURN,1,,0
2024-11,330W-56th,Hell's Kitchen Polygon,RECURRING_SUBSCRIPTION,6,5.0,0
2024-11,Azrieli TLV,Unknown,CHURN,62,4.25,0
2024-11,Gindi 1,Unknown,CHURN,57,4.96,1
2024-11,Gindi 1,Unknown,TRIAL,2,,0
2024-11,Gindi 2,Unknown,CHURN,15,5.0,1
2024-11,Gindi 3,Unknown,CHURN,92,5.0,3
2024-11,Gindi 4,Unknown,CHURN,10,5.0,0
2024-11,HaHehad,Unknown,CHURN,7,5.0,0
2024-11,John Street 116,Financial District Polygon,CHURN,18,5.0,0
2024-11,John Street 116,Financial District Polygon,RECURRING_SUBSCRIPTION,7,5.0,1
2024-11,John Street 116,Financial District Polygon,TRIAL,2,,0
2024-11,Nine 52,Hell's Kitchen Polygon,CHURN,10,3.0,0
2024-11,Nine 52,Hell's Kitchen Polygon,RECURRING_SUBSCRIPTION,5,5.0,0
2024-11,Nine 52,Hell's Kitchen Polygon,TRIAL,1,5.0,0
2024-11,One Ten,Hoboken Polygon,CHURN,3,5.0,1
2024-11,One Ten,Hoboken Polygon,ON_DEMAND_SUBSCRIPTION,1,5.0,0
2024-11,One Ten,Hoboken Polygon,RECURRING_SUBSCRIPTION,1,,0
2024-11,River Place,Hell's Kitchen Polygon,CHURN,16,5.0,0
2024-11,River Place,Hell's Kitchen Polygon,ON_DEMAND_SUBSCRIPTION,35,3.91,1
2024-11,River Place,Hell's Kitchen Polygon,RECURRING_SUBSCRIPTION,9,5.0,0
2024-11,River Place,Hell's Kitchen Polygon,TRIAL,8,,0
2024-11,Silver Towers,Hell's Kitchen Polygon,CHURN,36,4.33,1
2024-11,Silver Towers,Hell's Kitchen Polygon,FREEMIUM,3,5.0,0
2024-11,Silver Towers,Hell's Kitchen Polygon,ON_DEMAND_SUBSCRIPTION,21,4.56,2
2024-11,Silver Towers,Hell's Kitchen Polygon,RECURRING_SUBSCRIPTION,75,5.0,2
2024-11,Silver Towers,Hell's Kitchen Polygon,TRIAL,6,4.5,1
2024-11,Stonehill,Chatham / West Orange Polygon,CHURN,5,5.0,0
2024-11,Stonehill,Chatham / West Orange Polygon,ON_DEMAND_SUBSCRIPTION,3,5.0,0
2024-11,Stonehill,Chatham / West Orange Polygon,RECURRING_SUBSCRIPTION,2,4.0,0
2024-11,Stonehill,Chatham / West Orange Polygon,TRIAL,2,,0
2024-11,The Dime,Williamsburg Polygon,CHURN,12,5.0,0
2024-11,The Dime,Williamsburg Polygon,FREEMIUM,1,,0
2024-11,The Dime,Williamsburg Polygon,ON_DEMAND_SUBSCRIPTION,1,,0
2024-11,The Dime,Williamsburg Polygon,RECURRING_SUBSCRIPTION,1,5.0,0
2024-11,The Dime,Williamsburg Polygon,TRIAL,5,2.0,0
2024-11,The Dime,Williamsburg Polygon,WARM_LEAD,2,,0
2024-11,The Eddy,Harrison Polygon,RECURRING_SUBSCRIPTION,1,5.0,0
2024-11,The Enclave,Hoboken Polygon,RECURRING_SUBSCRIPTION,1,,0
2024-11,The Ivy,Chatham / West Orange Polygon,CHURN,25,5.0,1
2024-11,The Ivy,Chatham / West Orange Polygon,ON_DEMAND_SUBSCRIPTION,2,,0
2024-11,The Ivy,Chatham / West Orange Polygon,RECURRING_SUBSCRIPTION,6,5.0,0
2024-11,The Ivy,Chatham / West Orange Polygon,TRIAL,1,,0
2024-12,100 House,Hoboken Polygon,CHURN,7,,0
2024-12,100 House,Hoboken Polygon,ON_DEMAND_SUBSCRIPTION,5,4.5,0
2024-12,100 House,Hoboken Polygon,RECURRING_SUBSCRIPTION,9,5.0,3
2024-12,1 Boerum PL,Floating NY 2,CHURN,3,,0
2024-12,1 Boerum PL,Floating NY 2,FREEMIUM,1,5.0,0
2024-12,1 Boerum PL,Floating NY 2,FROZEN,4,5.0,0
2024-12,1 Boerum PL,Floating NY 2,ON_DEMAND_SUBSCRIPTION,4,5.0,0
2024-12,1 Boerum PL,Floating NY 2,RECURRING_SUBSCRIPTION,7,5.0,0
2024-12,1 Boerum PL,Floating NY 2,WARM_LEAD,2,,0
2024-12,300 Somerset,Harrison Polygon,CHURN,9,5.0,0
2024-12,300 Somerset,Harrison Polygon,ON_DEMAND_SUBSCRIPTION,1,,0
2024-12,300 Somerset,Harrison Polygon,RECURRING_SUBSCRIPTION,8,4.67,0
2024-12,300 Somerset,Harrison Polygon,TRIAL,3,5.0,0
2024-12,330 Angelo Cifelli,Harrison Polygon,CHURN,6,5.0,0
2024-12,330 Angelo Cifelli,Harrison Polygon,ON_DEMAND_SUBSCRIPTION,2,5.0,0
2024-12,330 Angelo Cifelli,Harrison Polygon,RECURRING_SUBSCRIPTION,7,5.0,0
2024-12,330 Angelo Cifelli,Harrison Polygon,TRIAL,1,5.0,0
2024-12,330W-56th,Hell's Kitchen Polygon,RECURRING_SUBSCRIPTION,8,4.0,1
2024-12,Agnes,Floating Jersey,CHURN,2,5.0,1
2024-12,Agnes,Floating Jersey,TRIAL,1,5.0,1
2024-12,Azrieli TLV,Unknown,CHURN,96,5.0,0
2024-12,Azrieli TLV,Unknown,TRIAL,1,5.0,0
2024-12,Gindi 1,Unknown,CHURN,81,4.95,1
2024-12,Gindi 1,Unknown,TRIAL,2,,0
2024-12,Gindi 2,Unknown,CHURN,17,5.0,1
2024-12,Gindi 2,Unknown,TRIAL,1,,0
2024-12,Gindi 3,Unknown,CHURN,106,5.0,2
2024-12,Gindi 4,Unknown,CHURN,15,5.0,0
2024-12,HaHehad,Unknown,CHURN,14,5.0,1
2024-12,John Street 116,Financial District Polygon,CHURN,12,5.0,0
2024-12,John Street 116,Financial District Polygon,RECURRING_SUBSCRIPTION,6,5.0,1
2024-12,John Street 116,Financial District Polygon,TRIAL,1,5.0,0
2024-12,Nine 52,Hell's Kitchen Polygon,CHURN,6,2.67,3
2024-12,Nine 52,Hell's Kitchen Polygon,RECURRING_SUBSCRIPTION,6,,0
2024-12,One Ten,Hoboken Polygon,CHURN,4,,0
2024-12,One Ten,Hoboken Polygon,ON_DEMAND_SUBSCRIPTION,1,5.0,0
2024-12,One Ten,Hoboken Polygon,RECURRING_SUBSCRIPTION,4,,0
2024-12,River Place,Hell's Kitchen Polygon,CHURN,19,5.0,2
2024-12,River Place,Hell's Kitchen Polygon,FREEMIUM,4,,0
2024-12,River Place,Hell's Kitchen Polygon,ON_DEMAND_SUBSCRIPTION,28,4.8,1
2024-12,River Place,Hell's Kitchen Polygon,RECURRING_SUBSCRIPTION,10,,0
2024-12,River Place,Hell's Kitchen Polygon,TRIAL,4,,0
2024-12,River Place,Hell's Kitchen Polygon,WARM_LEAD,2,5.0,0
2024-12,Silver Towers,Hell's Kitchen Polygon,CHURN,41,4.0,2
2024-12,Silver Towers,Hell's Kitchen Polygon,FREEMIUM,1,,0
2024-12,Silver Towers,Hell's Kitchen Polygon,FROZEN,3,5.0,0
2024-12,Silver Towers,Hell's Kitchen Polygon,ON_DEMAND_SUBSCRIPTION,35,5.0,2
2024-12,Silver Towers,Hell's Kitchen Polygon,RECURRING_SUBSCRIPTION,59,5.0,0
2024-12,Silver Towers,Hell's Kitchen Polygon,TRIAL,6,5.0,1
2024-12,Silver Towers,Hell's Kitchen Polygon,WARM_LEAD,1,,0
2024-12,Stonehill,Chatham / West Orange Polygon,CHURN,3,5.0,0
2024-12,Stonehill,Chatham / West Orange Polygon,ON_DEMAND_SUBSCRIPTION,3,5.0,0
2024-12,Stonehill,Chatham / West Orange Polygon,RECURRING_SUBSCRIPTION,2,,0
2024-12,Stonehill,Chatham / West Orange Polygon,TRIAL,1,5.0,0
2024-12,The Dime,Williamsburg Polygon,CHURN,6,5.0,0
2024-12,The Dime,Williamsburg Polygon,RECURRING_SUBSCRIPTION,4,5.0,0
2024-12,The Dime,Williamsburg Polygon,TRIAL,1,,0
2024-12,The Eddy,Harrison Polygon,CHURN,2,,0
2024-12,The Eddy,Harrison Polygon,RECURRING_SUBSCRIPTION,3,5.0,0
2024-12,The Enclave,Hoboken Polygon,CHURN,3,,0
2024-12,The Enclave,Hoboken Polygon,RECURRING_SUBSCRIPTION,2,,0
2024-12,The Ivy,Chatham / West Orange Polygon,CHURN,25,4.86,2
2024-12,The Ivy,Chatham / West Orange Polygon,ON_DEMAND_SUBSCRIPTION,5,5.0,1
2024-12,The Ivy,Chatham / West Orange Polygon,RECURRING_SUBSCRIPTION,8,5.0,0
2024-12,The Ivy,Chatham / West Orange Polygon,TRIAL,2,,0
2025-01,100 House,Hoboken Polygon,CHURN,10,5.0,0
2025-01,100 House,Hoboken Polygon,ON_DEMAND_SUBSCRIPTION,1,5.0,1
2025-01,100 House,Hoboken Polygon,RECURRING_SUBSCRIPTION,7,5.0,1
2025-01,1 Boerum PL,Floating NY 2,CHURN,4,,0
2025-01,1 Boerum PL,Floating NY 2,ON_DEMAND_SUBSCRIPTION,3,4.5,1
2025-01,1 Boerum PL,Floating NY 2,RECURRING_SUBSCRIPTION,8,,0
2025-01,1 Boerum PL,Floating NY 2,WARM_LEAD,2,,0
2025-01,300 Somerset,Harrison Polygon,CHURN,10,5.0,0
2025-01,300 Somerset,Harrison Polygon,FREEMIUM,1,,0
2025-01,300 Somerset,Harrison Polygon,ON_DEMAND_SUBSCRIPTION,3,2.0,1
2025-01,300 Somerset,Harrison Polygon,RECURRING_SUBSCRIPTION,6,5.0,0
2025-01,300 Somerset,Harrison Polygon,TRIAL,1,,0
2025-01,330 Angelo Cifelli,Harrison Polygon,CHURN,9,5.0,0
2025-01,330 Angelo Cifelli,Harrison Polygon,ON_DEMAND_SUBSCRIPTION,1,5.0,0
2025-01,330 Angelo Cifelli,Harrison Polygon,RECURRING_SUBSCRIPTION,12,,0
2025-01,330 Angelo Cifelli,Harrison Polygon,TRIAL,1,1.0,0
2025-01,330W-56th,Hell's Kitchen Polygon,RECURRING_SUBSCRIPTION,7,5.0,1
2025-01,330W-56th,Hell's Kitchen Polygon,TRIAL,1,,0
2025-01,Agnes,Floating Jersey,CHURN,5,1.0,1
2025-01,Agnes,Floating Jersey,RECURRING_SUBSCRIPTION,3,5.0,0
2025-01,Agnes,Floating Jersey,TRIAL,1,,0
2025-01,Azrieli TLV,Unknown,CHURN,83,4.95,3
2025-01,Azrieli TLV,Unknown,TRIAL,2,,0
2025-01,Gindi 1,Unknown,CHURN,91,4.82,4
2025-01,Gindi 1,Unknown,TRIAL,2,,0
2025-01,Gindi 2,Unknown,CHURN,20,5.0,1
2025-01,Gindi 3,Unknown,CHURN,124,4.97,3
2025-01,Gindi 3,Unknown,TRIAL,2,5.0,0
2025-01,Gindi 4,Unknown,CHURN,16,5.0,0
2025-01,HaHehad,Unknown,CHURN,19,3.0,1
2025-01,HaHehad,Unknown,TRIAL,2,,0
2025-01,John Street 116,Financial District Polygon,CHURN,19,4.89,1
2025-01,John Street 116,Financial District Polygon,ON_DEMAND_SUBSCRIPTION,5,5.0,0
2025-01,John Street 116,Financial District Polygon,RECURRING_SUBSCRIPTION,9,,0
2025-01,John Street 116,Financial District Polygon,TRIAL,1,4.0,0
2025-01,Nine 52,Hell's Kitchen Polygon,CHURN,3,,0
2025-01,Nine 52,Hell's Kitchen Polygon,ON_DEMAND_SUBSCRIPTION,1,,0
2025-01,Nine 52,Hell's Kitchen Polygon,RECURRING_SUBSCRIPTION,7,,0
2025-01,Nine 52,Hell's Kitchen Polygon,TRIAL,3,,0
2025-01,One Ten,Hoboken Polygon,CHURN,8,,0
2025-01,One Ten,Hoboken Polygon,RECURRING_SUBSCRIPTION,6,5.0,0
2025-01,River Place,Hell's Kitchen Polygon,CHURN,19,5.0,0
2025-01,River Place,Hell's Kitchen Polygon,FREEMIUM,1,,0
2025-01,River Place,Hell's Kitchen Polygon,ON_DEMAND_SUBSCRIPTION,30,5.0,1
2025-01,River Place,Hell's Kitchen Polygon,RECURRING_SUBSCRIPTION,13,5.0,0
2025-01,River Place,Hell's Kitchen Polygon,TRIAL,4,3.0,1
2025-01,Silver Towers,Hell's Kitchen Polygon,CHURN,53,4.71,1
2025-01,Silver Towers,Hell's Kitchen Polygon,ON_DEMAND_SUBSCRIPTION,34,4.83,7
2025-01,Silver Towers,Hell's Kitchen Polygon,RECURRING_SUBSCRIPTION,81,4.67,3
2025-01,Silver Towers,Hell's Kitchen Polygon,TRIAL,4,,0
2025-01,Stonehill,Chatham / West Orange Polygon,CHURN,9,5.0,1
2025-01,Stonehill,Chatham / West Orange Polygon,ON_DEMAND_SUBSCRIPTION,5,,0
2025-01,Stonehill,Chatham / West Orange Polygon,RECURRING_SUBSCRIPTION,4,3.5,2
2025-01,Stonehill,Chatham / West Orange Polygon,TRIAL,5,5.0,2
2025-01,The Dime,Williamsburg Polygon,CHURN,4,5.0,0
2025-01,The Dime,Williamsburg Polygon,RECURRING_SUBSCRIPTION,2,5.0,0
2025-01,The Dime,Williamsburg Polygon,TRIAL,1,,0
2025-01,The Eddy,Harrison Polygon,CHURN,2,,0
2025-01,The Eddy,Harrison Polygon,ON_DEMAND_SUBSCRIPTION,1,5.0,0
2025-01,The Eddy,Harrison Polygon,RECURRING_SUBSCRIPTION,4,5.0,0
2025-01,The Enclave,Hoboken Polygon,CHURN,5,,0
2025-01,The Enclave,Hoboken Polygon,RECURRING_SUBSCRIPTION,4,5.0,0
2025-01,The Enclave,Hoboken Polygon,TRIAL,1,5.0,0
2025-01,The Ivy,Chatham / West Orange Polygon,CHURN,20,5.0,2
2025-01,The Ivy,Chatham / West Orange Polygon,ON_DEMAND_SUBSCRIPTION,7,5.0,2
2025-01,The Ivy,Chatham / West Orange Polygon,RECURRING_SUBSCRIPTION,8,5.0,1
2025-01,The Ivy,Chatham / West Orange Polygon,TRIAL,2,4.0,0
2025-02,100 House,Hoboken Polygon,CHURN,8,,0
2025-02,100 House,Hoboken Polygon,RECURRING_SUBSCRIPTION,7,5.0,1
2025-02,1 Boerum PL,Floating NY 2,CHURN,4,,0
2025-02,1 Boerum PL,Floating NY 2,ON_DEMAND_SUBSCRIPTION,3,5.0,2
2025-02,1 Boerum PL,Floating NY 2,RECURRING_SUBSCRIPTION,8,,0
2025-02,1 Boerum PL,Floating NY 2,WARM_LEAD,2,,0
2025-02,300 Somerset,Harrison Polygon,CHURN,8,4.75,0
2025-02,300 Somerset,Harrison Polygon,ON_DEMAND_SUBSCRIPTION,8,5.0,2
2025-02,300 Somerset,Harrison Polygon,RECURRING_SUBSCRIPTION,5,5.0,0
2025-02,330 Angelo Cifelli,Harrison Polygon,CHURN,10,5.0,0
2025-02,330 Angelo Cifelli,Harrison Polygon,RECURRING_SUBSCRIPTION,9,5.0,1
2025-02,330 Angelo Cifelli,Harrison Polygon,TRIAL,2,5.0,0
2025-02,330W-56th,Hell's Kitchen Polygon,FREEMIUM,6,,0
2025-02,330W-56th,Hell's Kitchen Polygon,RECURRING_SUBSCRIPTION,8,5.0,0
2025-02,330W-56th,Hell's Kitchen Polygon,TRIAL,3,5.0,0
2025-02,Agnes,Floating Jersey,CHURN,3,5.0,1
2025-02,Agnes,Floating Jersey,RECURRING_SUBSCRIPTION,1,5.0,0
2025-02,Agnes,Floating Jersey,TRIAL,2,5.0,1
2025-02,Azrieli TLV,Unknown,CHURN,87,4.8,3
2025-02,Azrieli TLV,Unknown,TRIAL,6,,0
2025-02,Gindi 1,Unknown,CHURN,77,4.82,0
2025-02,Gindi 1,Unknown,COLD_LEAD,2,5.0,0
2025-02,Gindi 1,Unknown,TRIAL,3,5.0,0
2025-02,Gindi 2,Unknown,CHURN,20,5.0,0
2025-02,Gindi 3,Unknown,CHURN,103,4.93,2
2025-02,Gindi 3,Unknown,TRIAL,8,5.0,2
2025-02,Gindi 4,Unknown,CHURN,12,5.0,0
2025-02,HaHehad,Unknown,CHURN,16,4.33,2
2025-02,John Street 116,Financial District Polygon,CHURN,17,5.0,0
2025-02,John Street 116,Financial District Polygon,ON_DEMAND_SUBSCRIPTION,4,,0
2025-02,John Street 116,Financial District Polygon,RECURRING_SUBSCRIPTION,6,5.0,1
2025-02,John Street 116,Financial District Polygon,TRIAL,1,,0
2025-02,Nine 52,Hell's Kitchen Polygon,ON_DEMAND_SUBSCRIPTION,1,,0
2025-02,Nine 52,Hell's Kitchen Polygon,RECURRING_SUBSCRIPTION,7,,0
2025-02,Nine 52,Hell's Kitchen Polygon,TRIAL,2,,0
2025-02,One Ten,Hoboken Polygon,CHURN,4,,0
2025-02,One Ten,Hoboken Polygon,FREEMIUM,1,5.0,0
2025-02,One Ten,Hoboken Polygon,ON_DEMAND_SUBSCRIPTION,3,,0
2025-02,One Ten,Hoboken Polygon,RECURRING_SUBSCRIPTION,5,,0
2025-02,One Ten,Hoboken Polygon,TRIAL,1,3.0,1
2025-02,River Place,Hell's Kitchen Polygon,CHURN,19,5.0,0
2025-02,River Place,Hell's Kitchen Polygon,ON_DEMAND_SUBSCRIPTION,26,5.0,0
2025-02,River Place,Hell's Kitchen Polygon,RECURRING_SUBSCRIPTION,15,5.0,1
2025-02,River Place,Hell's Kitchen Polygon,TRIAL,4,3.0,1
2025-02,River Place,Hell's Kitchen Polygon,WARM_LEAD,2,5.0,0
2025-02,Silver Towers,Hell's Kitchen Polygon,CHURN,44,5.0,1
2025-02,Silver Towers,Hell's Kitchen Polygon,FREEMIUM,2,,0
2025-02,Silver Towers,Hell's Kitchen Polygon,FROZEN,2,5.0,0
2025-02,Silver Towers,Hell's Kitchen Polygon,ON_DEMAND_SUBSCRIPTION,59,4.66,7
2025-02,Silver Towers,Hell's Kitchen Polygon,RECURRING_SUBSCRIPTION,76,5.0,2
2025-02,Silver Towers,Hell's Kitchen Polygon,TRIAL,4,5.0,0
2025-02,Stonehill,Chatham / West Orange Polygon,CHURN,9,5.0,1
2025-02,Stonehill,Chatham / West Orange Polygon,ON_DEMAND_SUBSCRIPTION,4,5.0,0
2025-02,Stonehill,Chatham / West Orange Polygon,RECURRING_SUBSCRIPTION,5,5.0,1
2025-02,Stonehill,Chatham / West Orange Polygon,TRIAL,2,,0
2025-02,The Dime,Williamsburg Polygon,CHURN,7,,0
2025-02,The Dime,Williamsburg Polygon,RECURRING_SUBSCRIPTION,2,5.0,0
2025-02,The Eddy,Harrison Polygon,CHURN,5,5.0,0
2025-02,The Eddy,Harrison Polygon,ON_DEMAND_SUBSCRIPTION,1,,0
2025-02,The Eddy,Harrison Polygon,RECURRING_SUBSCRIPTION,4,5.0,0
2025-02,The Enclave,Hoboken Polygon,CHURN,4,1.0,1
2025-02,The Enclave,Hoboken Polygon,FREEMIUM,1,,0
2025-02,The Enclave,Hoboken Polygon,RECURRING_SUBSCRIPTION,3,5.0,0
2025-02,The Ivy,Chatham / West Orange Polygon,CHURN,17,5.0,0
2025-02,The Ivy,Chatham / West Orange Polygon,ON_DEMAND_SUBSCRIPTION,2,5.0,0
2025-02,The Ivy,Chatham / West Orange Polygon,RECURRING_SUBSCRIPTION,9,5.0,0
2025-03,100 House,Hoboken Polygon,CHURN,8,5.0,0
2025-03,100 House,Hoboken Polygon,FREEMIUM,2,5.0,0
2025-03,100 House,Hoboken Polygon,ON_DEMAND_SUBSCRIPTION,4,5.0,0
2025-03,100 House,Hoboken Polygon,RECURRING_SUBSCRIPTION,9,5.0,2
2025-03,100 House,Hoboken Polygon,TRIAL,1,5.0,0
2025-03,1 Boerum PL,Floating NY 2,CHURN,3,,0
2025-03,1 Boerum PL,Floating NY 2,ON_DEMAND_SUBSCRIPTION,2,5.0,0
2025-03,1 Boerum PL,Floating NY 2,RECURRING_SUBSCRIPTION,6,,0
2025-03,1 Boerum PL,Floating NY 2,WARM_LEAD,1,,0
2025-03,300 Somerset,Harrison Polygon,CHURN,11,5.0,0
2025-03,300 Somerset,Harrison Polygon,FREEMIUM,1,,0
2025-03,300 Somerset,Harrison Polygon,ON_DEMAND_SUBSCRIPTION,2,5.0,0
2025-03,300 Somerset,Harrison Polygon,RECURRING_SUBSCRIPTION,4,5.0,0
2025-03,330 Angelo Cifelli,Harrison Polygon,CHURN,7,5.0,0
2025-03,330 Angelo Cifelli,Harrison Polygon,ON_DEMAND_SUBSCRIPTION,1,5.0,0
2025-03,330 Angelo Cifelli,Harrison Polygon,RECURRING_SUBSCRIPTION,10,5.0,0
2025-03,330 Angelo Cifelli,Harrison Polygon,TRIAL,1,3.0,1
2025-03,330W-56th,Hell's Kitchen Polygon,CHURN,2,5.0,1
2025-03,330W-56th,Hell's Kitchen Polygon,FREEMIUM,4,5.0,2
2025-03,330W-56th,Hell's Kitchen Polygon,RECURRING_SUBSCRIPTION,5,5.0,0
2025-03,330W-56th,Hell's Kitchen Polygon,WARM_LEAD,1,,0
2025-03,Agnes,Floating Jersey,CHURN,3,,0
2025-03,Agnes,Floating Jersey,RECURRING_SUBSCRIPTION,1,5.0,0
2025-03,Azrieli TLV,Unknown,CHURN,94,4.0,1
2025-03,Azrieli TLV,Unknown,TRIAL,4,,0
2025-03,Gindi 1,Unknown,CHURN,58,4.33,1
2025-03,Gindi 2,Unknown,CHURN,22,4.88,1
2025-03,Gindi 2,Unknown,TRIAL,1,,0
2025-03,Gindi 3,Unknown,CHURN,80,4.67,2
2025-03,Gindi 4,Unknown,CHURN,14,5.0,0
2025-03,HaHehad,Unknown,CHURN,15,,0
2025-03,John Street 116,Financial District Polygon,CHURN,20,5.0,0
2025-03,John Street 116,Financial District Polygon,ON_DEMAND_SUBSCRIPTION,7,4.0,1
2025-03,John Street 116,Financial District Polygon,RECURRING_SUBSCRIPTION,6,,0
2025-03,John Street 116,Financial District Polygon,TRIAL,2,5.0,0
2025-03,Nine 52,Hell's Kitchen Polygon,RECURRING_SUBSCRIPTION,6,5.0,0
2025-03,Nine 52,Hell's Kitchen Polygon,TRIAL,1,5.0,0
2025-03,One Ten,Hoboken Polygon,CHURN,3,,0
2025-03,One Ten,Hoboken Polygon,FREEMIUM,4,5.0,1
2025-03,One Ten,Hoboken Polygon,RECURRING_SUBSCRIPTION,9,5.0,0
2025-03,One Ten,Hoboken Polygon,TRIAL,1,,0
2025-03,River Place,Hell's Kitchen Polygon,CHURN,22,4.86,3
2025-03,River Place,Hell's Kitchen Polygon,FREEMIUM,3,,0
2025-03,River Place,Hell's Kitchen Polygon,ON_DEMAND_SUBSCRIPTION,30,4.88,3
2025-03,River Place,Hell's Kitchen Polygon,RECURRING_SUBSCRIPTION,17,5.0,1
2025-03,River Place,Hell's Kitchen Polygon,TRIAL,4,5.0,0
2025-03,Silver Towers,Hell's Kitchen Polygon,CHURN,43,4.56,1
2025-03,Silver Towers,Hell's Kitchen Polygon,FREEMIUM,10,5.0,0
2025-03,Silver Towers,Hell's Kitchen Polygon,FROZEN,1,,0
2025-03,Silver Towers,Hell's Kitchen Polygon,ON_DEMAND_SUBSCRIPTION,36,5.0,0
2025-03,Silver Towers,Hell's Kitchen Polygon,RECURRING_SUBSCRIPTION,80,4.71,2
2025-03,Silver Towers,Hell's Kitchen Polygon,TRIAL,3,,0
2025-03,Stonehill,Chatham / West Orange Polygon,CHURN,8,5.0,0
2025-03,Stonehill,Chatham / West Orange Polygon,FREEMIUM,1,5.0,0
2025-03,Stonehill,Chatham / West Orange Polygon,ON_DEMAND_SUBSCRIPTION,2,,0
2025-03,Stonehill,Chatham / West Orange Polygon,RECURRING_SUBSCRIPTION,10,4.86,5
2025-03,Stonehill,Chatham / West Orange Polygon,TRIAL,2,5.0,0
2025-03,The Dime,Williamsburg Polygon,CHURN,7,,0
2025-03,The Dime,Williamsburg Polygon,ON_DEMAND_SUBSCRIPTION,1,5.0,0
2025-03,The Dime,Williamsburg Polygon,RECURRING_SUBSCRIPTION,2,5.0,0
2025-03,The Eddy,Harrison Polygon,CHURN,6,5.0,1
2025-03,The Eddy,Harrison Polygon,RECURRING_SUBSCRIPTION,7,5.0,2
2025-03,The Enclave,Hoboken Polygon,CHURN,3,,0
2025-03,The Enclave,Hoboken Polygon,RECURRING_SUBSCRIPTION,4,5.0,2
2025-03,The Enclave,Hoboken Polygon,TRIAL,2,,0
2025-03,The Ivy,Chatham / West Orange Polygon,CHURN,14,5.0,0
2025-03,The Ivy,Chatham / West Orange Polygon,ON_DEMAND_SUBSCRIPTION,2,5.0,1
2025-03,The Ivy,Chatham / West Orange Polygon,RECURRING_SUBSCRIPTION,12,5.0,0
2025-04,100 House,Hoboken Polygon,CHURN,8,,0
2025-04,100 House,Hoboken Polygon,ON_DEMAND_SUBSCRIPTION,4,,0
2025-04,100 House,Hoboken Polygon,RECURRING_SUBSCRIPTION,9,5.0,0
2025-04,100 House,Hoboken Polygon,TRIAL,1,,0
2025-04,1 Boerum PL,Floating NY 2,CHURN,4,,0
2025-04,1 Boerum PL,Floating NY 2,ON_DEMAND_SUBSCRIPTION,4,5.0,0
2025-04,1 Boerum PL,Floating NY 2,RECURRING_SUBSCRIPTION,7,,0
2025-04,1 Boerum PL,Floating NY 2,WARM_LEAD,2,,0
2025-04,300 Somerset,Harrison Polygon,CHURN,8,5.0,1
2025-04,300 Somerset,Harrison Polygon,ON_DEMAND_SUBSCRIPTION,1,5.0,0
2025-04,300 Somerset,Harrison Polygon,RECURRING_SUBSCRIPTION,2,,0
2025-04,330 Angelo Cifelli,Harrison Polygon,CHURN,6,,0
2025-04,330 Angelo Cifelli,Harrison Polygon,RECURRING_SUBSCRIPTION,9,5.0,1
2025-04,330 Angelo Cifelli,Harrison Polygon,TRIAL,1,4.0,0
2025-04,330W-56th,Hell's Kitchen Polygon,RECURRING_SUBSCRIPTION,7,5.0,0
2025-04,655 Union,Boerum Hill Polygon,CHURN,3,5.0,0
2025-04,655 Union,Boerum Hill Polygon,ON_DEMAND_SUBSCRIPTION,2,,0
2025-04,655 Union,Boerum Hill Polygon,RECURRING_SUBSCRIPTION,1,,0
2025-04,655 Union,Boerum Hill Polygon,TRIAL,1,4.0,1
2025-04,Agnes,Floating Jersey,CHURN,6,,0
2025-04,Agnes,Floating Jersey,ON_DEMAND_SUBSCRIPTION,1,5.0,1
2025-04,Agnes,Floating Jersey,RECURRING_SUBSCRIPTION,2,5.0,0
2025-04,Azrieli TLV,Unknown,CHURN,95,5.0,0
2025-04,Azrieli TLV,Unknown,TRIAL,7,,0
2025-04,Gindi 1,Unknown,CHURN,65,5.0,0
2025-04,Gindi 2,Unknown,CHURN,19,5.0,0
2025-04,Gindi 2,Unknown,TRIAL,2,,0
2025-04,Gindi 3,Unknown,CHURN,109,5.0,0
2025-04,Gindi 4,Unknown,CHURN,8,5.0,0
2025-04,HaHehad,Unknown,CHURN,12,5.0,1
2025-04,HaHehad,Unknown,TRIAL,2,,0
2025-04,John Street 116,Financial District Polygon,CHURN,15,5.0,2
2025-04,John Street 116,Financial District Polygon,FREEMIUM,1,,0
2025-04,John Street 116,Financial District Polygon,ON_DEMAND_SUBSCRIPTION,8,,0
2025-04,John Street 116,Financial District Polygon,RECURRING_SUBSCRIPTION,5,,0
2025-04,Nine 52,Hell's Kitchen Polygon,CHURN,1,,0
2025-04,Nine 52,Hell's Kitchen Polygon,RECURRING_SUBSCRIPTION,8,5.0,0
2025-04,One Ten,Hoboken Polygon,CHURN,3,,0
2025-04,One Ten,Hoboken Polygon,ON_DEMAND_SUBSCRIPTION,1,,0
2025-04,One Ten,Hoboken Polygon,RECURRING_SUBSCRIPTION,7,5.0,0
2025-04,River Place,Hell's Kitchen Polygon,CHURN,29,4.83,2
2025-04,River Place,Hell's Kitchen Polygon,FREEMIUM,53,3.36,8
2025-04,River Place,Hell's Kitchen Polygon,ON_DEMAND_SUBSCRIPTION,49,4.87,1
2025-04,River Place,Hell's Kitchen Polygon,RECURRING_SUBSCRIPTION,25,5.0,0
2025-04,River Place,Hell's Kitchen Polygon,TRIAL,6,5.0,0
2025-04,Silver Towers,Hell's Kitchen Polygon,CHURN,73,4.78,1
2025-04,Silver Towers,Hell's Kitchen Polygon,FREEMIUM,106,4.84,7
2025-04,Silver Towers,Hell's Kitchen Polygon,FROZEN,3,5.0,0
2025-04,Silver Towers,Hell's Kitchen Polygon,ON_DEMAND_SUBSCRIPTION,53,4.78,1
2025-04,Silver Towers,Hell's Kitchen Polygon,RECURRING_SUBSCRIPTION,100,4.88,3
2025-04,Silver Towers,Hell's Kitchen Polygon,TRIAL,7,5.0,0
2025-04,Silver Towers,Hell's Kitchen Polygon,WARM_LEAD,9,5.0,0
2025-04,Stonehill,Chatham / West Orange Polygon,CHURN,8,5.0,1
2025-04,Stonehill,Chatham / West Orange Polygon,FREEMIUM,2,5.0,0
2025-04,Stonehill,Chatham / West Orange Polygon,ON_DEMAND_SUBSCRIPTION,2,,0
2025-04,Stonehill,Chatham / West Orange Polygon,RECURRING_SUBSCRIPTION,9,5.0,4
2025-04,Stonehill,Chatham / West Orange Polygon,TRIAL,1,,0
2025-04,The Devan,Hoboken Polygon,CHURN,3,5.0,0
2025-04,The Devan,Hoboken Polygon,RECURRING_SUBSCRIPTION,5,4.6,3
2025-04,The Devan,Hoboken Polygon,TRIAL,2,5.0,0
2025-04,The Dime,Williamsburg Polygon,CHURN,9,5.0,0
2025-04,The Dime,Williamsburg Polygon,ON_DEMAND_SUBSCRIPTION,1,,0
2025-04,The Dime,Williamsburg Polygon,RECURRING_SUBSCRIPTION,2,5.0,0
2025-04,The Eddy,Harrison Polygon,CHURN,6,5.0,0
2025-04,The Eddy,Harrison Polygon,FREEMIUM,1,,0
2025-04,The Eddy,Harrison Polygon,RECURRING_SUBSCRIPTION,3,5.0,1
2025-04,The Enclave,Hoboken Polygon,CHURN,3,,0
2025-04,The Enclave,Hoboken Polygon,ON_DEMAND_SUBSCRIPTION,1,,0
2025-04,The Enclave,Hoboken Polygon,RECURRING_SUBSCRIPTION,4,4.33,1
2025-04,The Enclave,Hoboken Polygon,TRIAL,2,,0
2025-04,The Ivy,Chatham / West Orange Polygon,CHURN,12,5.0,2
2025-04,The Ivy,Chatham / West Orange Polygon,ON_DEMAND_SUBSCRIPTION,2,5.0,1
2025-04,The Ivy,Chatham / West Orange Polygon,RECURRING_SUBSCRIPTION,12,5.0,0
2025-05,100 House,Hoboken Polygon,CHURN,4,5.0,0
2025-05,100 House,Hoboken Polygon,ON_DEMAND_SUBSCRIPTION,3,,0
2025-05,100 House,Hoboken Polygon,RECURRING_SUBSCRIPTION,7,5.0,1
2025-05,1 Boerum PL,Floating NY 2,CHURN,4,,0
2025-05,1 Boerum PL,Floating NY 2,FREEMIUM,1,,0
2025-05,1 Boerum PL,Floating NY 2,ON_DEMAND_SUBSCRIPTION,2,,0
2025-05,1 Boerum PL,Floating NY 2,RECURRING_SUBSCRIPTION,4,,0
2025-05,300 Somerset,Harrison Polygon,CHURN,5,5.0,0
2025-05,300 Somerset,Harrison Polygon,ON_DEMAND_SUBSCRIPTION,4,5.0,0
2025-05,300 Somerset,Harrison Polygon,RECURRING_SUBSCRIPTION,3,5.0,0
2025-05,300 Somerset,Harrison Polygon,WARM_LEAD,1,,0
2025-05,330 Angelo Cifelli,Harrison Polygon,CHURN,10,4.0,0
2025-05,330 Angelo Cifelli,Harrison Polygon,ON_DEMAND_SUBSCRIPTION,1,5.0,0
2025-05,330 Angelo Cifelli,Harrison Polygon,RECURRING_SUBSCRIPTION,12,5.0,0
2025-05,330W-56th,Hell's Kitchen Polygon,RECURRING_SUBSCRIPTION,6,4.0,1
2025-05,655 Union,Boerum Hill Polygon,CHURN,5,5.0,0
2025-05,655 Union,Boerum Hill Polygon,ON_DEMAND_SUBSCRIPTION,1,,0
2025-05,655 Union,Boerum Hill Polygon,RECURRING_SUBSCRIPTION,2,,0
2025-05,Agnes,Floating Jersey,CHURN,5,,0
2025-05,Agnes,Floating Jersey,ON_DEMAND_SUBSCRIPTION,1,5.0,1
2025-05,Agnes,Floating Jersey,RECURRING_SUBSCRIPTION,2,5.0,0
2025-05,Azrieli TLV,Unknown,CHURN,82,,0
2025-05,Azrieli TLV,Unknown,TRIAL,8,5.0,1
2025-05,Gindi 1,Unknown,CHURN,75,4.2,0
2025-05,Gindi 1,Unknown,TRIAL,1,5.0,0
2025-05,Gindi 2,Unknown,CHURN,11,5.0,1
2025-05,Gindi 2,Unknown,TRIAL,1,,0
2025-05,Gindi 3,Unknown,CHURN,87,5.0,2
2025-05,Gindi 3,Unknown,TRIAL,1,,0
2025-05,Gindi 4,Unknown,CHURN,10,5.0,0
2025-05,HaHehad,Unknown,CHURN,16,5.0,0
2025-05,John Street 116,Financial District Polygon,CHURN,13,5.0,0
2025-05,John Street 116,Financial District Polygon,ON_DEMAND_SUBSCRIPTION,6,5.0,1
2025-05,John Street 116,Financial District Polygon,RECURRING_SUBSCRIPTION,7,5.0,1
2025-05,John Street 116,Financial District Polygon,TRIAL,2,5.0,0
2025-05,Nine 52,Hell's Kitchen Polygon,CHURN,1,5.0,0
2025-05,Nine 52,Hell's Kitchen Polygon,RECURRING_SUBSCRIPTION,7,,0
2025-05,One Ten,Hoboken Polygon,CHURN,4,,0
2025-05,One Ten,Hoboken Polygon,ON_DEMAND_SUBSCRIPTION,1,,0
2025-05,One Ten,Hoboken Polygon,RECURRING_SUBSCRIPTION,9,4.0,1
2025-05,One Ten,Hoboken Polygon,TRIAL,1,4.0,0
2025-05,River Place,Hell's Kitchen Polygon,CHURN,15,5.0,0
2025-05,River Place,Hell's Kitchen Polygon,FREEMIUM,1,4.0,0
2025-05,River Place,Hell's Kitchen Polygon,ON_DEMAND_SUBSCRIPTION,22,5.0,0
2025-05,River Place,Hell's Kitchen Polygon,RECURRING_SUBSCRIPTION,18,5.0,0
2025-05,River Place,Hell's Kitchen Polygon,TRIAL,4,5.0,0
2025-05,River Place,Hell's Kitchen Polygon,WARM_LEAD,1,5.0,0
2025-05,Silver Towers,Hell's Kitchen Polygon,CHURN,46,5.0,0
2025-05,Silver Towers,Hell's Kitchen Polygon,FREEMIUM,4,5.0,0
2025-05,Silver Towers,Hell's Kitchen Polygon,FROZEN,2,5.0,0
2025-05,Silver Towers,Hell's Kitchen Polygon,ON_DEMAND_SUBSCRIPTION,52,4.82,3
2025-05,Silver Towers,Hell's Kitchen Polygon,RECURRING_SUBSCRIPTION,91,4.56,6
2025-05,Silver Towers,Hell's Kitchen Polygon,TRIAL,2,,0
2025-05,Stonehill,Chatham / West Orange Polygon,CHURN,7,5.0,0
2025-05,Stonehill,Chatham / West Orange Polygon,FREEMIUM,1,5.0,0
2025-05,Stonehill,Chatham / West Orange Polygon,ON_DEMAND_SUBSCRIPTION,7,4.8,1
2025-05,Stonehill,Chatham / West Orange Polygon,RECURRING_SUBSCRIPTION,8,5.0,0
2025-05,The Boulevard,Floating Miami,CHURN,1,5.0,0
2025-05,The Boulevard,Floating Miami,TRIAL,1,,0
2025-05,The Devan,Hoboken Polygon,CHURN,2,,0
2025-05,The Devan,Hoboken Polygon,FROZEN,1,5.0,0
2025-05,The Devan,Hoboken Polygon,RECURRING_SUBSCRIPTION,7,5.0,0
2025-05,The Devan,Hoboken Polygon,TRIAL,1,,0
2025-05,The Dime,Williamsburg Polygon,CHURN,9,,0
2025-05,The Dime,Williamsburg Polygon,FREEMIUM,1,,0
2025-05,The Dime,Williamsburg Polygon,RECURRING_SUBSCRIPTION,2,5.0,1
2025-05,The Dime,Williamsburg Polygon,TRIAL,3,,0
2025-05,The Eddy,Harrison Polygon,CHURN,5,5.0,0
2025-05,The Eddy,Harrison Polygon,RECURRING_SUBSCRIPTION,1,,0
2025-05,The Enclave,Hoboken Polygon,CHURN,3,,0
2025-05,The Enclave,Hoboken Polygon,FREEMIUM,1,,0
2025-05,The Enclave,Hoboken Polygon,RECURRING_SUBSCRIPTION,5,5.0,0
2025-05,The Enclave,Hoboken Polygon,TRIAL,3,,0
2025-05,The Enclave,Hoboken Polygon,WARM_LEAD,1,,0
2025-05,The Ivy,Chatham / West Orange Polygon,CHURN,17,5.0,1
2025-05,The Ivy,Chatham / West Orange Polygon,ON_DEMAND_SUBSCRIPTION,3,5.0,1
2025-05,The Ivy,Chatham / West Orange Polygon,RECURRING_SUBSCRIPTION,12,5.0,2
2025-05,Woodside Central,Floating NY 1,CHURN,2,,0
2025-05,Woodside Central,Floating NY 1,RECURRING_SUBSCRIPTION,1,5.0,1
2025-06,100 House,Hoboken Polygon,CHURN,3,5.0,0
2025-06,100 House,Hoboken Polygon,ON_DEMAND_SUBSCRIPTION,4,5.0,1
2025-06,100 House,Hoboken Polygon,RECURRING_SUBSCRIPTION,9,5.0,0
2025-06,100 House,Hoboken Polygon,WARM_LEAD,1,5.0,0
2025-06,1 Boerum PL,Floating NY 2,CHURN,2,,0
2025-06,1 Boerum PL,Floating NY 2,ON_DEMAND_SUBSCRIPTION,3,5.0,1
2025-06,1 Boerum PL,Floating NY 2,RECURRING_SUBSCRIPTION,5,5.0,0
2025-06,1 Boerum PL,Floating NY 2,TRIAL,1,5.0,0
2025-06,300 Somerset,Harrison Polygon,CHURN,6,5.0,1
2025-06,300 Somerset,Harrison Polygon,ON_DEMAND_SUBSCRIPTION,6,5.0,1
2025-06,300 Somerset,Harrison Polygon,RECURRING_SUBSCRIPTION,3,4.0,0
2025-06,300 Somerset,Harrison Polygon,TRIAL,1,5.0,0
2025-06,330 Angelo Cifelli,Harrison Polygon,CHURN,7,,0
2025-06,330 Angelo Cifelli,Harrison Polygon,RECURRING_SUBSCRIPTION,13,5.0,2
2025-06,330W-56th,Hell's Kitchen Polygon,CHURN,2,5.0,0
2025-06,330W-56th,Hell's Kitchen Polygon,FREEMIUM,1,5.0,0
2025-06,330W-56th,Hell's Kitchen Polygon,RECURRING_SUBSCRIPTION,5,4.0,2
2025-06,655 Union,Boerum Hill Polygon,CHURN,8,5.0,0
2025-06,655 Union,Boerum Hill Polygon,ON_DEMAND_SUBSCRIPTION,3,5.0,0
2025-06,655 Union,Boerum Hill Polygon,RECURRING_SUBSCRIPTION,11,,0
2025-06,655 Union,Boerum Hill Polygon,TRIAL,1,,0
2025-06,Agnes,Floating Jersey,CHURN,5,,0
2025-06,Agnes,Floating Jersey,RECURRING_SUBSCRIPTION,1,5.0,0
2025-06,Agnes,Floating Jersey,TRIAL,1,,0
2025-06,Azrieli TLV,Unknown,CHURN,72,5.0,0
2025-06,Azrieli TLV,Unknown,TRIAL,1,,0
2025-06,Gindi 1,Unknown,CHURN,49,4.67,1
2025-06,Gindi 2,Unknown,CHURN,14,5.0,1
2025-06,Gindi 3,Unknown,CHURN,51,5.0,1
2025-06,Gindi 4,Unknown,CHURN,6,,0
2025-06,HaHehad,Unknown,CHURN,15,5.0,0
2025-06,HaHehad,Unknown,TRIAL,2,,0
2025-06,John Street 116,Financial District Polygon,CHURN,8,5.0,0
2025-06,John Street 116,Financial District Polygon,ON_DEMAND_SUBSCRIPTION,3,,0
2025-06,John Street 116,Financial District Polygon,RECURRING_SUBSCRIPTION,6,5.0,1
2025-06,Nine 52,Hell's Kitchen Polygon,CHURN,1,,0
2025-06,Nine 52,Hell's Kitchen Polygon,RECURRING_SUBSCRIPTION,7,5.0,1
2025-06,Oliver on the Hudson,Floating Jersey,CHURN,1,,0
2025-06,One Ten,Hoboken Polygon,CHURN,3,,0
2025-06,One Ten,Hoboken Polygon,ON_DEMAND_SUBSCRIPTION,1,,0
2025-06,One Ten,Hoboken Polygon,RECURRING_SUBSCRIPTION,9,,0
2025-06,One Ten,Hoboken Polygon,TRIAL,1,,0
2025-06,River Place,Hell's Kitchen Polygon,CHURN,15,5.0,0
2025-06,River Place,Hell's Kitchen Polygon,FREEMIUM,3,,0
2025-06,River Place,Hell's Kitchen Polygon,ON_DEMAND_SUBSCRIPTION,25,5.0,0
2025-06,River Place,Hell's Kitchen Polygon,RECURRING_SUBSCRIPTION,31,4.8,1
2025-06,River Place,Hell's Kitchen Polygon,TRIAL,4,,0
2025-06,River Place,Hell's Kitchen Polygon,WARM_LEAD,2,,0
2025-06,Silver Towers,Hell's Kitchen Polygon,CHURN,41,4.4,2
2025-06,Silver Towers,Hell's Kitchen Polygon,FREEMIUM,8,,0
2025-06,Silver Towers,Hell's Kitchen Polygon,FROZEN,2,5.0,0
2025-06,Silver Towers,Hell's Kitchen Polygon,ON_DEMAND_SUBSCRIPTION,67,5.0,1
2025-06,Silver Towers,Hell's Kitchen Polygon,RECURRING_SUBSCRIPTION,84,5.0,3
2025-06,Silver Towers,Hell's Kitchen Polygon,TRIAL,9,5.0,8
2025-06,Stonehill,Chatham / West Orange Polygon,CHURN,6,5.0,0
2025-06,Stonehill,Chatham / West Orange Polygon,FREEMIUM,1,,0
2025-06,Stonehill,Chatham / West Orange Polygon,ON_DEMAND_SUBSCRIPTION,3,5.0,0
2025-06,Stonehill,Chatham / West Orange Polygon,RECURRING_SUBSCRIPTION,8,5.0,0
2025-06,Stonehill,Chatham / West Orange Polygon,TRIAL,1,,0
2025-06,The Boulevard,Floating Miami,CHURN,3,5.0,0
2025-06,The Boulevard,Floating Miami,RECURRING_SUBSCRIPTION,3,4.5,0
2025-06,The Boulevard,Floating Miami,TRIAL,1,5.0,0
2025-06,The Devan,Hoboken Polygon,CHURN,5,5.0,0
2025-06,The Devan,Hoboken Polygon,FROZEN,1,4.0,0
2025-06,The Devan,Hoboken Polygon,RECURRING_SUBSCRIPTION,9,5.0,0
2025-06,The Devan,Hoboken Polygon,TRIAL,2,5.0,0
2025-06,The Dime,Williamsburg Polygon,CHURN,6,5.0,0
2025-06,The Dime,Williamsburg Polygon,RECURRING_SUBSCRIPTION,2,,0
2025-06,The Eddy,Harrison Polygon,CHURN,3,5.0,0
2025-06,The Eddy,Harrison Polygon,ON_DEMAND_SUBSCRIPTION,1,5.0,0
2025-06,The Eddy,Harrison Polygon,RECURRING_SUBSCRIPTION,3,5.0,0
2025-06,The Eddy,Harrison Polygon,TRIAL,1,5.0,0
2025-06,The Enclave,Hoboken Polygon,CHURN,4,5.0,0
2025-06,The Enclave,Hoboken Polygon,RECURRING_SUBSCRIPTION,4,5.0,0
2025-06,The Enclave,Hoboken Polygon,TRIAL,1,,0
2025-06,The Ivy,Chatham / West Orange Polygon,CHURN,15,5.0,3
2025-06,The Ivy,Chatham / West Orange Polygon,ON_DEMAND_SUBSCRIPTION,3,,0
2025-06,The Ivy,Chatham / West Orange Polygon,RECURRING_SUBSCRIPTION,13,5.0,3
2025-06,Woodside Central,Floating NY 1,CHURN,4,,0
2025-06,Woodside Central,Floating NY 1,ON_DEMAND_SUBSCRIPTION,1,,0
2025-06,Woodside Central,Floating NY 1,RECURRING_SUBSCRIPTION,6,5.0,0
2025-07,100 House,Hoboken Polygon,CHURN,6,4.75,0
2025-07,100 House,Hoboken Polygon,RECURRING_SUBSCRIPTION,11,5.0,0
2025-07,100 House,Hoboken Polygon,WARM_LEAD,1,,0
2025-07,1 Boerum PL,Floating NY 2,CHURN,1,,0
2025-07,1 Boerum PL,Floating NY 2,FREEMIUM,1,,0
2025-07,1 Boerum PL,Floating NY 2,ON_DEMAND_SUBSCRIPTION,2,,0
2025-07,1 Boerum PL,Floating NY 2,RECURRING_SUBSCRIPTION,8,,0
2025-07,300 Somerset,Harrison Polygon,CHURN,5,5.0,1
2025-07,300 Somerset,Harrison Polygon,ON_DEMAND_SUBSCRIPTION,2,5.0,0
2025-07,300 Somerset,Harrison Polygon,RECURRING_SUBSCRIPTION,3,,0
2025-07,300 Somerset,Harrison Polygon,TRIAL,1,,0
2025-07,330 Angelo Cifelli,Harrison Polygon,CHURN,5,5.0,0
2025-07,330 Angelo Cifelli,Harrison Polygon,ON_DEMAND_SUBSCRIPTION,2,5.0,0
2025-07,330 Angelo Cifelli,Harrison Polygon,RECURRING_SUBSCRIPTION,11,5.0,1
2025-07,330 Angelo Cifelli,Harrison Polygon,TRIAL,1,5.0,1
2025-07,330 Angelo Cifelli,Harrison Polygon,WARM_LEAD,1,,0
2025-07,330W-56th,Hell's Kitchen Polygon,FREEMIUM,4,4.5,0
2025-07,330W-56th,Hell's Kitchen Polygon,RECURRING_SUBSCRIPTION,6,5.0,0
2025-07,330W-56th,Hell's Kitchen Polygon,WARM_LEAD,1,5.0,0
2025-07,655 Union,Boerum Hill Polygon,CHURN,8,5.0,0
2025-07,655 Union,Boerum Hill Polygon,ON_DEMAND_SUBSCRIPTION,2,,0
2025-07,655 Union,Boerum Hill Polygon,RECURRING_SUBSCRIPTION,8,,0
2025-07,655 Union,Boerum Hill Polygon,TRIAL,1,,0
2025-07,Agnes,Floating Jersey,CHURN,2,5.0,0
2025-07,Agnes,Floating Jersey,RECURRING_SUBSCRIPTION,4,5.0,0
2025-07,Alta,Floating NY 1,CHURN,3,5.0,0
2025-07,Alta,Floating NY 1,ON_DEMAND_SUBSCRIPTION,1,5.0,1
2025-07,Alta,Floating NY 1,RECURRING_SUBSCRIPTION,2,5.0,0
2025-07,Azrieli TLV,Unknown,CHURN,106,4.75,2
2025-07,Azrieli TLV,Unknown,TRIAL,8,,0
2025-07,Gindi 1,Unknown,CHURN,56,4.44,4
2025-07,Gindi 1,Unknown,TRIAL,1,5.0,0
2025-07,Gindi 2,Unknown,CHURN,20,5.0,0
2025-07,Gindi 2,Unknown,TRIAL,1,,0
2025-07,Gindi 3,Unknown,CHURN,61,5.0,2
2025-07,Gindi 3,Unknown,TRIAL,1,5.0,0
2025-07,Gindi 4,Unknown,CHURN,10,,0
2025-07,HaHehad,Unknown,CHURN,19,5.0,0
2025-07,HaHehad,Unknown,TRIAL,6,,0
2025-07,John Street 116,Financial District Polygon,CHURN,9,5.0,0
2025-07,John Street 116,Financial District Polygon,ON_DEMAND_SUBSCRIPTION,5,5.0,0
2025-07,John Street 116,Financial District Polygon,RECURRING_SUBSCRIPTION,8,5.0,1
2025-07,Nine 52,Hell's Kitchen Polygon,CHURN,1,5.0,0
2025-07,Nine 52,Hell's Kitchen Polygon,RECURRING_SUBSCRIPTION,10,,0
2025-07,Nine 52,Hell's Kitchen Polygon,TRIAL,4,,0
2025-07,Oliver on the Hudson,Floating Jersey,CHURN,4,5.0,0
2025-07,One Ten,Hoboken Polygon,CHURN,4,,0
2025-07,One Ten,Hoboken Polygon,FREEMIUM,1,,0
2025-07,One Ten,Hoboken Polygon,ON_DEMAND_SUBSCRIPTION,7,5.0,0
2025-07,One Ten,Hoboken Polygon,RECURRING_SUBSCRIPTION,9,5.0,0
2025-07,One Ten,Hoboken Polygon,TRIAL,1,,0
2025-07,River Place,Hell's Kitchen Polygon,CHURN,18,4.75,1
2025-07,River Place,Hell's Kitchen Polygon,ON_DEMAND_SUBSCRIPTION,35,4.92,2
2025-07,River Place,Hell's Kitchen Polygon,RECURRING_SUBSCRIPTION,29,5.0,1
2025-07,River Place,Hell's Kitchen Polygon,TRIAL,2,4.0,0
2025-07,River Place,Hell's Kitchen Polygon,WARM_LEAD,3,4.0,1
2025-07,Silver Towers,Hell's Kitchen Polygon,CHURN,41,5.0,0
2025-07,Silver Towers,Hell's Kitchen Polygon,FREEMIUM,2,5.0,1
2025-07,Silver Towers,Hell's Kitchen Polygon,FROZEN,2,5.0,0
2025-07,Silver Towers,Hell's Kitchen Polygon,ON_DEMAND_SUBSCRIPTION,61,4.87,1
2025-07,Silver Towers,Hell's Kitchen Polygon,RECURRING_SUBSCRIPTION,86,5.0,4
2025-07,Silver Towers,Hell's Kitchen Polygon,TRIAL,2,,0
2025-07,Stonehill,Chatham / West Orange Polygon,CHURN,1,5.0,0
2025-07,Stonehill,Chatham / West Orange Polygon,ON_DEMAND_SUBSCRIPTION,3,5.0,0
2025-07,Stonehill,Chatham / West Orange Polygon,RECURRING_SUBSCRIPTION,11,5.0,0
2025-07,Stonehill,Chatham / West Orange Polygon,TRIAL,1,,0
2025-07,The Boulevard,Floating Miami,CHURN,5,5.0,0
2025-07,The Boulevard,Floating Miami,FROZEN,2,,0
2025-07,The Boulevard,Floating Miami,ON_DEMAND_SUBSCRIPTION,5,5.0,1
2025-07,The Boulevard,Floating Miami,RECURRING_SUBSCRIPTION,6,4.67,1
2025-07,The Buchanan,Floating NY 1,CHURN,1,5.0,0
2025-07,The Buchanan,Floating NY 1,ON_DEMAND_SUBSCRIPTION,2,5.0,0
2025-07,The Buchanan,Floating NY 1,RECURRING_SUBSCRIPTION,3,5.0,1
2025-07,The Buchanan,Floating NY 1,TRIAL,3,5.0,2
2025-07,The Devan,Hoboken Polygon,CHURN,6,5.0,1
2025-07,The Devan,Hoboken Polygon,FROZEN,1,,0
2025-07,The Devan,Hoboken Polygon,RECURRING_SUBSCRIPTION,13,5.0,1
2025-07,The Devan,Hoboken Polygon,TRIAL,2,5.0,0
2025-07,The Dime,Williamsburg Polygon,CHURN,4,5.0,1
2025-07,The Dime,Williamsburg Polygon,RECURRING_SUBSCRIPTION,1,,0
2025-07,The Eddy,Harrison Polygon,CHURN,3,5.0,1
2025-07,The Eddy,Harrison Polygon,RECURRING_SUBSCRIPTION,7,5.0,0
2025-07,The Enclave,Hoboken Polygon,CHURN,7,5.0,1
2025-07,The Enclave,Hoboken Polygon,RECURRING_SUBSCRIPTION,4,5.0,0
2025-07,The Enclave,Hoboken Polygon,TRIAL,2,,0
2025-07,The Ivy,Chatham / West Orange Polygon,CHURN,13,4.8,2
2025-07,The Ivy,Chatham / West Orange Polygon,ON_DEMAND_SUBSCRIPTION,3,5.0,0
2025-07,The Ivy,Chatham / West Orange Polygon,RECURRING_SUBSCRIPTION,13,5.0,0
2025-07,Union Channel ,Boerum Hill Polygon,CHURN,2,5.0,1
2025-07,Union Channel ,Boerum Hill Polygon,TRIAL,1,3.0,1
2025-07,Woodside Central,Floating NY 1,CHURN,5,,0
2025-07,Woodside Central,Floating NY 1,FROZEN,1,5.0,0
2025-07,Woodside Central,Floating NY 1,RECURRING_SUBSCRIPTION,10,5.0,1
2025-07,Woodside Central,Floating NY 1,TRIAL,1,5.0,0
2025-07,Woodside Central,Floating NY 1,WARM_LEAD,1,5.0,0
2025-08,100 House,Hoboken Polygon,CHURN,1,5.0,0
2025-08,100 House,Hoboken Polygon,ON_DEMAND_SUBSCRIPTION,2,,0
2025-08,100 House,Hoboken Polygon,RECURRING_SUBSCRIPTION,6,5.0,1
2025-08,1 Boerum PL,Floating NY 2,CHURN,2,,0
2025-08,1 Boerum PL,Floating NY 2,ON_DEMAND_SUBSCRIPTION,6,5.0,0
2025-08,1 Boerum PL,Floating NY 2,RECURRING_SUBSCRIPTION,3,,0
2025-08,300 Somerset,Harrison Polygon,CHURN,5,5.0,0
2025-08,300 Somerset,Harrison Polygon,ON_DEMAND_SUBSCRIPTION,7,5.0,0
2025-08,300 Somerset,Harrison Polygon,RECURRING_SUBSCRIPTION,4,5.0,0
2025-08,330 Angelo Cifelli,Harrison Polygon,CHURN,11,,0
2025-08,330 Angelo Cifelli,Harrison Polygon,FREEMIUM,1,,0
2025-08,330 Angelo Cifelli,Harrison Polygon,RECURRING_SUBSCRIPTION,13,5.0,0
2025-08,330 Angelo Cifelli,Harrison Polygon,TRIAL,3,5.0,0
2025-08,330W-56th,Hell's Kitchen Polygon,CHURN,1,,0
2025-08,330W-56th,Hell's Kitchen Polygon,RECURRING_SUBSCRIPTION,9,5.0,0
2025-08,345 Baldwin Avenue,Floating Jersey,RECURRING_SUBSCRIPTION,1,5.0,0
2025-08,416 Kent Avenue,Williamsburg Polygon,CHURN,4,5.0,0
2025-08,416 Kent Avenue,Williamsburg Polygon,FROZEN,4,5.0,1
2025-08,416 Kent Avenue,Williamsburg Polygon,ON_DEMAND_SUBSCRIPTION,2,5.0,0
2025-08,416 Kent Avenue,Williamsburg Polygon,RECURRING_SUBSCRIPTION,1,,0
2025-08,420 Kent Avenue,Williamsburg Polygon,CHURN,3,5.0,0
2025-08,420 Kent Avenue,Williamsburg Polygon,ON_DEMAND_SUBSCRIPTION,3,5.0,0
2025-08,420 Kent Avenue,Williamsburg Polygon,RECURRING_SUBSCRIPTION,5,4.0,1
2025-08,420 Kent Avenue,Williamsburg Polygon,TRIAL,8,,0
2025-08,655 Union,Boerum Hill Polygon,CHURN,6,4.67,0
2025-08,655 Union,Boerum Hill Polygon,ON_DEMAND_SUBSCRIPTION,1,,0
2025-08,655 Union,Boerum Hill Polygon,RECURRING_SUBSCRIPTION,9,,0
2025-08,Agnes,Floating Jersey,CHURN,5,5.0,0
2025-08,Agnes,Floating Jersey,RECURRING_SUBSCRIPTION,5,5.0,0
2025-08,Alta,Floating NY 1,CHURN,11,5.0,1
2025-08,Alta,Floating NY 1,LEAD,1,5.0,0
2025-08,Alta,Floating NY 1,ON_DEMAND_SUBSCRIPTION,2,5.0,0
2025-08,Alta,Floating NY 1,RECURRING_SUBSCRIPTION,6,5.0,0
2025-08,Azrieli TLV,Unknown,CHURN,103,5.0,1
2025-08,Azrieli TLV,Unknown,TRIAL,4,,0
2025-08,Gindi 1,Unknown,CHURN,46,5.0,2
2025-08,Gindi 1,Unknown,TRIAL,1,,0
2025-08,Gindi 2,Unknown,CHURN,13,5.0,1
2025-08,Gindi 3,Unknown,CHURN,57,5.0,0
2025-08,Gindi 3,Unknown,TRIAL,2,,0
2025-08,Gindi 4,Unknown,CHURN,13,5.0,0
2025-08,Gindi 4,Unknown,TRIAL,1,5.0,0
2025-08,HaHehad,Unknown,CHURN,16,5.0,0
2025-08,HaHehad,Unknown,TRIAL,5,,0
2025-08,John Street 116,Financial District Polygon,CHURN,8,5.0,0
2025-08,John Street 116,Financial District Polygon,ON_DEMAND_SUBSCRIPTION,6,5.0,0
2025-08,John Street 116,Financial District Polygon,RECURRING_SUBSCRIPTION,9,5.0,0
2025-08,John Street 116,Financial District Polygon,TRIAL,1,5.0,0
2025-08,Nine 52,Hell's Kitchen Polygon,CHURN,1,5.0,0
2025-08,Nine 52,Hell's Kitchen Polygon,RECURRING_SUBSCRIPTION,7,,0
2025-08,Oliver on the Hudson,Floating Jersey,CHURN,3,5.0,1
2025-08,Oliver on the Hudson,Floating Jersey,TRIAL,1,5.0,1
2025-08,One Ten,Hoboken Polygon,CHURN,6,5.0,0
2025-08,One Ten,Hoboken Polygon,ON_DEMAND_SUBSCRIPTION,3,5.0,0
2025-08,One Ten,Hoboken Polygon,RECURRING_SUBSCRIPTION,11,,0
2025-08,River Place,Hell's Kitchen Polygon,CHURN,11,5.0,0
2025-08,River Place,Hell's Kitchen Polygon,FREEMIUM,4,5.0,0
2025-08,River Place,Hell's Kitchen Polygon,ON_DEMAND_SUBSCRIPTION,38,4.47,3
2025-08,River Place,Hell's Kitchen Polygon,RECURRING_SUBSCRIPTION,34,4.83,0
2025-08,River Place,Hell's Kitchen Polygon,TRIAL,5,5.0,1
2025-08,Silver Towers,Hell's Kitchen Polygon,CHURN,39,5.0,1
2025-08,Silver Towers,Hell's Kitchen Polygon,FREEMIUM,6,5.0,1
2025-08,Silver Towers,Hell's Kitchen Polygon,FROZEN,2,5.0,0
2025-08,Silver Towers,Hell's Kitchen Polygon,ON_DEMAND_SUBSCRIPTION,48,4.75,3
2025-08,Silver Towers,Hell's Kitchen Polygon,RECURRING_SUBSCRIPTION,99,5.0,4
2025-08,Silver Towers,Hell's Kitchen Polygon,TRIAL,4,4.0,1
2025-08,Silver Towers,Hell's Kitchen Polygon,WARM_LEAD,1,,0
2025-08,Stonehill,Chatham / West Orange Polygon,CHURN,7,5.0,1
2025-08,Stonehill,Chatham / West Orange Polygon,FREEMIUM,1,,0
2025-08,Stonehill,Chatham / West Orange Polygon,ON_DEMAND_SUBSCRIPTION,3,5.0,0
2025-08,Stonehill,Chatham / West Orange Polygon,RECURRING_SUBSCRIPTION,8,5.0,1
2025-08,Stonehill,Chatham / West Orange Polygon,TRIAL,1,5.0,1
2025-08,The Boulevard,Floating Miami,CHURN,3,5.0,0
2025-08,The Boulevard,Floating Miami,FROZEN,1,5.0,0
2025-08,The Boulevard,Floating Miami,ON_DEMAND_SUBSCRIPTION,5,5.0,1
2025-08,The Boulevard,Floating Miami,RECURRING_SUBSCRIPTION,7,5.0,0
2025-08,The Boulevard,Floating Miami,TRIAL,2,5.0,0
2025-08,The Boulevard,Floating Miami,WARM_LEAD,2,5.0,0
2025-08,The Buchanan,Floating NY 1,CHURN,1,5.0,1
2025-08,The Buchanan,Floating NY 1,RECURRING_SUBSCRIPTION,14,5.0,7
2025-08,The Buchanan,Floating NY 1,TRIAL,2,5.0,1
2025-08,The Devan,Hoboken Polygon,CHURN,7,5.0,0
2025-08,The Devan,Hoboken Polygon,FROZEN,3,4.0,0
2025-08,The Devan,Hoboken Polygon,LEAD,1,,0
2025-08,The Devan,Hoboken Polygon,RECURRING_SUBSCRIPTION,13,5.0,1
2025-08,The Devan,Hoboken Polygon,TRIAL,2,5.0,0
2025-08,The Devan,Hoboken Polygon,WARM_LEAD,1,5.0,0
2025-08,The Dime,Williamsburg Polygon,CHURN,5,5.0,0
2025-08,The Dime,Williamsburg Polygon,ON_DEMAND_SUBSCRIPTION,1,5.0,0
2025-08,The Dime,Williamsburg Polygon,RECURRING_SUBSCRIPTION,3,5.0,1
2025-08,The Eddy,Harrison Polygon,CHURN,3,5.0,0
2025-08,The Eddy,Harrison Polygon,FREEMIUM,1,5.0,0
2025-08,The Eddy,Harrison Polygon,ON_DEMAND_SUBSCRIPTION,1,,0
2025-08,The Eddy,Harrison Polygon,RECURRING_SUBSCRIPTION,4,5.0,0
2025-08,The Eddy,Harrison Polygon,WARM_LEAD,1,,0
2025-08,The Enclave,Hoboken Polygon,CHURN,3,,0
2025-08,The Enclave,Hoboken Polygon,RECURRING_SUBSCRIPTION,6,5.0,1
2025-08,The Enclave,Hoboken Polygon,TRIAL,1,,0
2025-08,The Ivy,Chatham / West Orange Polygon,CHURN,13,5.0,2
2025-08,The Ivy,Chatham / West Orange Polygon,ON_DEMAND_SUBSCRIPTION,2,5.0,1
2025-08,The Ivy,Chatham / West Orange Polygon,RECURRING_SUBSCRIPTION,12,5.0,0
2025-08,Woodside Central,Floating NY 1,FROZEN,1,5.0,0
2025-08,Woodside Central,Floating NY 1,RECURRING_SUBSCRIPTION,11,5.0,0
2025-08,Woodside Central,Floating NY 1,WARM_LEAD,1,5.0,0
2025-09,100 House,Hoboken Polygon,CHURN,4,5.0,1
2025-09,100 House,Hoboken Polygon,ON_DEMAND_SUBSCRIPTION,5,5.0,0
2025-09,100 House,Hoboken Polygon,RECURRING_SUBSCRIPTION,10,5.0,1
2025-09,1 Boerum PL,Floating NY 2,CHURN,3,,0
2025-09,1 Boerum PL,Floating NY 2,RECURRING_SUBSCRIPTION,6,,0
2025-09,20 Broad Street,Financial District Polygon,CHURN,17,5.0,2
2025-09,20 Broad Street,Financial District Polygon,ON_DEMAND_SUBSCRIPTION,6,5.0,0
2025-09,20 Broad Street,Financial District Polygon,RECURRING_SUBSCRIPTION,11,5.0,2
2025-09,300 Somerset,Harrison Polygon,CHURN,1,,0
2025-09,300 Somerset,Harrison Polygon,ON_DEMAND_SUBSCRIPTION,4,5.0,0
2025-09,300 Somerset,Harrison Polygon,RECURRING_SUBSCRIPTION,4,5.0,0
2025-09,330 Angelo Cifelli,Harrison Polygon,CHURN,6,,0
2025-09,330 Angelo Cifelli,Harrison Polygon,ON_DEMAND_SUBSCRIPTION,1,5.0,0
2025-09,330 Angelo Cifelli,Harrison Polygon,RECURRING_SUBSCRIPTION,12,5.0,0
2025-09,330 Angelo Cifelli,Harrison Polygon,TRIAL,1,,0
2025-09,330W-56th,Hell's Kitchen Polygon,CHURN,1,,0
2025-09,330W-56th,Hell's Kitchen Polygon,FREEMIUM,1,5.0,0
2025-09,330W-56th,Hell's Kitchen Polygon,RECURRING_SUBSCRIPTION,10,5.0,1
2025-09,345 Baldwin Avenue,Floating Jersey,CHURN,1,5.0,0
2025-09,345 Baldwin Avenue,Floating Jersey,RECURRING_SUBSCRIPTION,3,5.0,1
2025-09,416 Kent Avenue,Williamsburg Polygon,CHURN,9,5.0,0
2025-09,416 Kent Avenue,Williamsburg Polygon,FROZEN,9,5.0,0
2025-09,416 Kent Avenue,Williamsburg Polygon,ON_DEMAND_SUBSCRIPTION,3,,0
2025-09,416 Kent Avenue,Williamsburg Polygon,RECURRING_SUBSCRIPTION,5,5.0,0
2025-09,416 Kent Avenue,Williamsburg Polygon,TRIAL,2,,0
2025-09,420 Kent Avenue,Williamsburg Polygon,CHURN,14,5.0,0
2025-09,420 Kent Avenue,Williamsburg Polygon,ON_DEMAND_SUBSCRIPTION,3,,0
2025-09,420 Kent Avenue,Williamsburg Polygon,RECURRING_SUBSCRIPTION,13,5.0,1
2025-09,420 Kent Avenue,Williamsburg Polygon,TRIAL,9,4.5,1
2025-09,535 W 43rd Street,Hell's Kitchen Polygon,CHURN,1,,0
2025-09,535 W 43rd Street,Hell's Kitchen Polygon,TRIAL,3,5.0,1
2025-09,655 Union,Boerum Hill Polygon,CHURN,3,5.0,0
2025-09,655 Union,Boerum Hill Polygon,RECURRING_SUBSCRIPTION,2,,0
2025-09,655 Union,Boerum Hill Polygon,TRIAL,2,,0
2025-09,66 Rockwell Place,Brooklyn Heights Polygon,CHURN,1,,0
2025-09,66 Rockwell Place,Brooklyn Heights Polygon,RECURRING_SUBSCRIPTION,3,5.0,1
2025-09,Agnes,Floating Jersey,CHURN,3,4.0,0
2025-09,Agnes,Floating Jersey,RECURRING_SUBSCRIPTION,8,5.0,1
2025-09,Agnes,Floating Jersey,TRIAL,1,,0
2025-09,Alta,Floating NY 1,CHURN,10,5.0,0
2025-09,Alta,Floating NY 1,ON_DEMAND_SUBSCRIPTION,3,5.0,0
2025-09,Alta,Floating NY 1,RECURRING_SUBSCRIPTION,6,5.0,0
2025-09,Azrieli TLV,Unknown,CHURN,90,5.0,1
2025-09,Azrieli TLV,Unknown,TRIAL,5,4.0,0
2025-09,Flamingo Point Center Tower,Miami Beach Polygon,CHURN,3,4.5,0
2025-09,Flamingo Point Center Tower,Miami Beach Polygon,ON_DEMAND_SUBSCRIPTION,2,5.0,1
2025-09,Flamingo Point Center Tower,Miami Beach Polygon,RECURRING_SUBSCRIPTION,6,4.75,0
2025-09,Flamingo Point North Tower,Miami Beach Polygon,RECURRING_SUBSCRIPTION,3,5.0,0
2025-09,Flamingo South Beach,Miami Beach Polygon,CHURN,2,5.0,1
2025-09,Flamingo South Beach,Miami Beach Polygon,FROZEN,1,5.0,1
2025-09,Flamingo South Beach,Miami Beach Polygon,RECURRING_SUBSCRIPTION,2,5.0,2
2025-09,Gindi 1,Unknown,CHURN,63,4.94,2
2025-09,Gindi 1,Unknown,TRIAL,2,5.0,0
2025-09,Gindi 2,Unknown,CHURN,24,5.0,0
2025-09,Gindi 3,Unknown,CHURN,61,4.33,0
2025-09,Gindi 3,Unknown,TRIAL,2,,0
2025-09,Gindi 4,Unknown,CHURN,13,5.0,0
2025-09,Grove Central Residences,Floating Miami,CHURN,1,5.0,0
2025-09,Grove Central Residences,Floating Miami,TRIAL,1,5.0,0
2025-09,HaHehad,Unknown,CHURN,15,5.0,0
2025-09,HaHehad,Unknown,TRIAL,4,,0
2025-09,John Street 116,Financial District Polygon,CHURN,4,3.0,0
2025-09,John Street 116,Financial District Polygon,ON_DEMAND_SUBSCRIPTION,9,5.0,0
2025-09,John Street 116,Financial District Polygon,RECURRING_SUBSCRIPTION,10,5.0,0
2025-09,Midtown 5,Floating Miami,CHURN,3,,0
2025-09,Midtown 5,Floating Miami,LEAD,1,5.0,0
2025-09,Midtown 5,Floating Miami,ON_DEMAND_SUBSCRIPTION,7,5.0,2
2025-09,Midtown 5,Floating Miami,RECURRING_SUBSCRIPTION,11,5.0,0
2025-09,Midtown 5,Floating Miami,TRIAL,1,3.0,1
2025-09,Midtown 5,Floating Miami,WARM_LEAD,7,5.0,0
2025-09,Nine 52,Hell's Kitchen Polygon,CHURN,1,,0
2025-09,Nine 52,Hell's Kitchen Polygon,RECURRING_SUBSCRIPTION,8,5.0,0
2025-09,Nine 52,Hell's Kitchen Polygon,TRIAL,1,,0
2025-09,Oliver on the Hudson,Floating Jersey,CHURN,6,5.0,0
2025-09,Oliver on the Hudson,Floating Jersey,TRIAL,1,5.0,0
2025-09,One Ten,Hoboken Polygon,CHURN,4,5.0,0
2025-09,One Ten,Hoboken Polygon,ON_DEMAND_SUBSCRIPTION,2,5.0,1
2025-09,One Ten,Hoboken Polygon,RECURRING_SUBSCRIPTION,12,,0
2025-09,River Place,Hell's Kitchen Polygon,CHURN,10,5.0,0
2025-09,River Place,Hell's Kitchen Polygon,ON_DEMAND_SUBSCRIPTION,43,3.92,2
2025-09,River Place,Hell's Kitchen Polygon,RECURRING_SUBSCRIPTION,35,4.67,1
2025-09,River Place,Hell's Kitchen Polygon,WARM_LEAD,1,5.0,0
2025-09,Silver Towers,Hell's Kitchen Polygon,CHURN,35,4.92,2
2025-09,Silver Towers,Hell's Kitchen Polygon,FREEMIUM,2,5.0,1
2025-09,Silver Towers,Hell's Kitchen Polygon,FROZEN,2,5.0,0
2025-09,Silver Towers,Hell's Kitchen Polygon,ON_DEMAND_SUBSCRIPTION,47,4.97,0
2025-09,Silver Towers,Hell's Kitchen Polygon,RECURRING_SUBSCRIPTION,80,5.0,7
2025-09,Silver Towers,Hell's Kitchen Polygon,TRIAL,1,,0
2025-09,Silver Towers,Hell's Kitchen Polygon,WARM_LEAD,1,5.0,0
2025-09,Stonehill,Chatham / West Orange Polygon,CHURN,6,5.0,1
2025-09,Stonehill,Chatham / West Orange Polygon,RECURRING_SUBSCRIPTION,9,5.0,0
2025-09,Stonehill,Chatham / West Orange Polygon,TRIAL,1,5.0,1
2025-09,The Boulevard,Floating Miami,CHURN,4,5.0,0
2025-09,The Boulevard,Floating Miami,RECURRING_SUBSCRIPTION,4,5.0,0
2025-09,The Boulevard,Floating Miami,WARM_LEAD,1,,0
2025-09,The Buchanan,Floating NY 1,RECURRING_SUBSCRIPTION,19,5.0,6
2025-09,The Buchanan,Floating NY 1,TRIAL,6,5.0,3
2025-09,The Buchanan,Floating NY 1,WARM_LEAD,1,,0
2025-09,The Devan,Hoboken Polygon,CHURN,8,5.0,0
2025-09,The Devan,Hoboken Polygon,FROZEN,2,5.0,0
2025-09,The Devan,Hoboken Polygon,RECURRING_SUBSCRIPTION,16,5.0,1
2025-09,The Devan,Hoboken Polygon,TRIAL,1,5.0,0
2025-09,The Dime,Williamsburg Polygon,CHURN,4,5.0,0
2025-09,The Dime,Williamsburg Polygon,RECURRING_SUBSCRIPTION,4,5.0,1
2025-09,The Eddy,Harrison Polygon,CHURN,1,5.0,0
2025-09,The Eddy,Harrison Polygon,RECURRING_SUBSCRIPTION,6,5.0,1
2025-09,The Enclave,Hoboken Polygon,CHURN,3,,0
2025-09,The Enclave,Hoboken Polygon,RECURRING_SUBSCRIPTION,8,5.0,0
2025-09,The Enclave,Hoboken Polygon,TRIAL,1,,0
2025-09,The Ivy,Chatham / West Orange Polygon,CHURN,13,5.0,0
2025-09,The Ivy,Chatham / West Orange Polygon,ON_DEMAND_SUBSCRIPTION,3,5.0,0
2025-09,The Ivy,Chatham / West Orange Polygon,RECURRING_SUBSCRIPTION,15,4.25,1
2025-09,The Landon,Hell's Kitchen Polygon,CHURN,3,2.33,2
2025-09,The Landon,Hell's Kitchen Polygon,RECURRING_SUBSCRIPTION,1,5.0,0
2025-09,The Landon,Hell's Kitchen Polygon,WARM_LEAD,1,,0
2025-09,Woodside Central,Floating NY 1,CHURN,1,5.0,0
2025-09,Woodside Central,Floating NY 1,ON_DEMAND_SUBSCRIPTION,1,5.0,1
2025-09,Woodside Central,Floating NY 1,RECURRING_SUBSCRIPTION,11,5.0,1
2025-10,100 House,Hoboken Polygon,CHURN,4,5.0,0
2025-10,100 House,Hoboken Polygon,ON_DEMAND_SUBSCRIPTION,3,5.0,0
2025-10,100 House,Hoboken Polygon,RECURRING_SUBSCRIPTION,11,5.0,0
2025-10,100 House,Hoboken Polygon,WARM_LEAD,1,5.0,0
2025-10,1 Boerum PL,Floating NY 2,CHURN,2,,0
2025-10,1 Boerum PL,Floating NY 2,ON_DEMAND_SUBSCRIPTION,1,,0
2025-10,1 Boerum PL,Floating NY 2,RECURRING_SUBSCRIPTION,11,3.0,1
2025-10,20 Broad Street,Financial District Polygon,CHURN,16,5.0,1
2025-10,20 Broad Street,Financial District Polygon,ON_DEMAND_SUBSCRIPTION,4,5.0,0
2025-10,20 Broad Street,Financial District Polygon,RECURRING_SUBSCRIPTION,28,5.0,3
2025-10,20 Broad Street,Financial District Polygon,TRIAL,1,,0
2025-10,300 Somerset,Harrison Polygon,CHURN,1,5.0,0
2025-10,300 Somerset,Harrison Polygon,LEAD,1,,0
2025-10,300 Somerset,Harrison Polygon,ON_DEMAND_SUBSCRIPTION,3,5.0,0
2025-10,300 Somerset,Harrison Polygon,RECURRING_SUBSCRIPTION,4,5.0,0
2025-10,330 Angelo Cifelli,Harrison Polygon,CHURN,6,,0
2025-10,330 Angelo Cifelli,Harrison Polygon,ON_DEMAND_SUBSCRIPTION,2,5.0,0
2025-10,330 Angelo Cifelli,Harrison Polygon,RECURRING_SUBSCRIPTION,17,5.0,4
2025-10,330W-56th,Hell's Kitchen Polygon,RECURRING_SUBSCRIPTION,12,5.0,1
2025-10,345 Baldwin Avenue,Floating Jersey,CHURN,5,5.0,1
2025-10,345 Baldwin Avenue,Floating Jersey,ON_DEMAND_SUBSCRIPTION,4,5.0,1
2025-10,345 Baldwin Avenue,Floating Jersey,RECURRING_SUBSCRIPTION,5,4.25,2
2025-10,345 Baldwin Avenue,Floating Jersey,WARM_LEAD,2,5.0,1
2025-10,416 Kent Avenue,Williamsburg Polygon,CHURN,8,5.0,0
2025-10,416 Kent Avenue,Williamsburg Polygon,FROZEN,8,,0
2025-10,416 Kent Avenue,Williamsburg Polygon,LEAD,1,,0
2025-10,416 Kent Avenue,Williamsburg Polygon,RECURRING_SUBSCRIPTION,5,5.0,1
2025-10,416 Kent Avenue,Williamsburg Polygon,TRIAL,4,,0
2025-10,420 Kent Avenue,Williamsburg Polygon,CHURN,18,4.67,1
2025-10,420 Kent Avenue,Williamsburg Polygon,LEAD,1,,0
2025-10,420 Kent Avenue,Williamsburg Polygon,ON_DEMAND_SUBSCRIPTION,2,,0
2025-10,420 Kent Avenue,Williamsburg Polygon,RECURRING_SUBSCRIPTION,15,5.0,2
2025-10,420 Kent Avenue,Williamsburg Polygon,TRIAL,11,5.0,1
2025-10,535 W 43rd Street,Hell's Kitchen Polygon,CHURN,3,5.0,1
2025-10,535 W 43rd Street,Hell's Kitchen Polygon,TRIAL,2,,0
2025-10,655 Union,Boerum Hill Polygon,CHURN,4,5.0,0
2025-10,655 Union,Boerum Hill Polygon,ON_DEMAND_SUBSCRIPTION,2,5.0,0
2025-10,655 Union,Boerum Hill Polygon,RECURRING_SUBSCRIPTION,5,,0
2025-10,66 Rockwell Place,Brooklyn Heights Polygon,CHURN,4,5.0,0
2025-10,66 Rockwell Place,Brooklyn Heights Polygon,RECURRING_SUBSCRIPTION,12,5.0,1
2025-10,66 Rockwell Place,Brooklyn Heights Polygon,TRIAL,1,,0
2025-10,Agnes,Floating Jersey,CHURN,1,,0
2025-10,Agnes,Floating Jersey,RECURRING_SUBSCRIPTION,6,5.0,0
2025-10,Agnes,Floating Jersey,TRIAL,1,,0
2025-10,Alta,Floating NY 1,CHURN,6,5.0,0
2025-10,Alta,Floating NY 1,ON_DEMAND_SUBSCRIPTION,7,5.0,1
2025-10,Alta,Floating NY 1,RECURRING_SUBSCRIPTION,10,5.0,1
2025-10,Alta,Floating NY 1,WARM_LEAD,1,5.0,0
2025-10,Azrieli TLV,Unknown,CHURN,73,5.0,2
2025-10,Azrieli TLV,Unknown,TRIAL,5,5.0,1
2025-10,Brooklyn Crossing,Boerum Hill Polygon,CHURN,10,5.0,2
2025-10,Brooklyn Crossing,Boerum Hill Polygon,ON_DEMAND_SUBSCRIPTION,4,5.0,0
2025-10,Brooklyn Crossing,Boerum Hill Polygon,RECURRING_SUBSCRIPTION,23,5.0,3
2025-10,Brooklyn Crossing,Boerum Hill Polygon,TRIAL,7,3.75,3
2025-10,Flamingo Point Center Tower,Miami Beach Polygon,CHURN,8,5.0,0
2025-10,Flamingo Point Center Tower,Miami Beach Polygon,ON_DEMAND_SUBSCRIPTION,6,5.0,0
2025-10,Flamingo Point Center Tower,Miami Beach Polygon,RECURRING_SUBSCRIPTION,14,5.0,3
2025-10,Flamingo Point Center Tower,Miami Beach Polygon,TRIAL,1,,0
2025-10,Flamingo Point North Tower,Miami Beach Polygon,CHURN,13,5.0,1
2025-10,Flamingo Point North Tower,Miami Beach Polygon,ON_DEMAND_SUBSCRIPTION,2,,0
2025-10,Flamingo Point North Tower,Miami Beach Polygon,RECURRING_SUBSCRIPTION,14,5.0,0
2025-10,Flamingo Point North Tower,Miami Beach Polygon,TRIAL,3,5.0,0
2025-10,Flamingo South Beach,Miami Beach Polygon,CHURN,9,5.0,2
2025-10,Flamingo South Beach,Miami Beach Polygon,FROZEN,4,5.0,1
2025-10,Flamingo South Beach,Miami Beach Polygon,ON_DEMAND_SUBSCRIPTION,1,,0
2025-10,Flamingo South Beach,Miami Beach Polygon,RECURRING_SUBSCRIPTION,3,5.0,0
2025-10,Flamingo South Beach,Miami Beach Polygon,TRIAL,3,5.0,0
2025-10,Gindi 1,Unknown,CHURN,45,4.89,1
2025-10,Gindi 2,Unknown,CHURN,23,5.0,0
2025-10,Gindi 2,Unknown,TRIAL,3,5.0,0
2025-10,Gindi 3,Unknown,CHURN,42,5.0,1
2025-10,Gindi 4,Unknown,CHURN,18,5.0,0
2025-10,Grove Central Residences,Floating Miami,CHURN,11,5.0,1
2025-10,Grove Central Residences,Floating Miami,ON_DEMAND_SUBSCRIPTION,3,5.0,0
2025-10,Grove Central Residences,Floating Miami,RECURRING_SUBSCRIPTION,2,,0
2025-10,Grove Central Residences,Floating Miami,TRIAL,2,,0
2025-10,HaHehad,Unknown,CHURN,11,2.67,1
2025-10,HaHehad,Unknown,TRIAL,1,,0
2025-10,John Street 116,Financial District Polygon,CHURN,2,5.0,0
2025-10,John Street 116,Financial District Polygon,ON_DEMAND_SUBSCRIPTION,7,5.0,0
2025-10,John Street 116,Financial District Polygon,RECURRING_SUBSCRIPTION,10,5.0,0
2025-10,Midtown 5,Floating Miami,CHURN,5,5.0,0
2025-10,Midtown 5,Floating Miami,ON_DEMAND_SUBSCRIPTION,7,4.6,4
2025-10,Midtown 5,Floating Miami,RECURRING_SUBSCRIPTION,5,5.0,1
2025-10,Midtown 5,Floating Miami,TRIAL,5,5.0,1
2025-10,Midtown 5,Floating Miami,WARM_LEAD,4,5.0,0
2025-10,Nine 52,Hell's Kitchen Polygon,RECURRING_SUBSCRIPTION,7,5.0,1
2025-10,Oliver on the Hudson,Floating Jersey,CHURN,9,,0
2025-10,Oliver on the Hudson,Floating Jersey,RECURRING_SUBSCRIPTION,3,5.0,0
2025-10,Oliver on the Hudson,Floating Jersey,TRIAL,2,5.0,0
2025-10,One Ten,Hoboken Polygon,CHURN,4,5.0,0
2025-10,One Ten,Hoboken Polygon,ON_DEMAND_SUBSCRIPTION,2,,0
2025-10,One Ten,Hoboken Polygon,RECURRING_SUBSCRIPTION,11,,0
2025-10,Plank Road,Boerum Hill Polygon,CHURN,2,5.0,0
2025-10,Plank Road,Boerum Hill Polygon,RECURRING_SUBSCRIPTION,3,5.0,0
2025-10,Plank Road,Boerum Hill Polygon,TRIAL,3,5.0,0
2025-10,River Place,Hell's Kitchen Polygon,CHURN,15,4.0,0
2025-10,River Place,Hell's Kitchen Polygon,FREEMIUM,1,,0
2025-10,River Place,Hell's Kitchen Polygon,ON_DEMAND_SUBSCRIPTION,24,5.0,0
2025-10,River Place,Hell's Kitchen Polygon,RECURRING_SUBSCRIPTION,45,4.82,0
2025-10,Silver Towers,Hell's Kitchen Polygon,CHURN,37,4.92,1
2025-10,Silver Towers,Hell's Kitchen Polygon,FREEMIUM,4,5.0,0
2025-10,Silver Towers,Hell's Kitchen Polygon,FROZEN,1,,0
2025-10,Silver Towers,Hell's Kitchen Polygon,ON_DEMAND_SUBSCRIPTION,54,4.84,2
2025-10,Silver Towers,Hell's Kitchen Polygon,RECURRING_SUBSCRIPTION,107,5.0,1
2025-10,Silver Towers,Hell's Kitchen Polygon,TRIAL,2,5.0,0
2025-10,Stonehill,Chatham / West Orange Polygon,CHURN,4,5.0,1
2025-10,Stonehill,Chatham / West Orange Polygon,ON_DEMAND_SUBSCRIPTION,6,5.0,0
2025-10,Stonehill,Chatham / West Orange Polygon,RECURRING_SUBSCRIPTION,12,5.0,4
2025-10,The Bergen,Boerum Hill Polygon,CHURN,2,5.0,0
2025-10,The Bergen,Boerum Hill Polygon,TRIAL,1,5.0,0
2025-10,The Boulevard,Floating Miami,CHURN,5,5.0,0
2025-10,The Boulevard,Floating Miami,ON_DEMAND_SUBSCRIPTION,2,5.0,1
2025-10,The Boulevard,Floating Miami,RECURRING_SUBSCRIPTION,6,5.0,0
2025-10,The Boulevard,Floating Miami,TRIAL,2,3.0,2
2025-10,The Buchanan,Floating NY 1,CHURN,2,5.0,1
2025-10,The Buchanan,Floating NY 1,ON_DEMAND_SUBSCRIPTION,1,5.0,0
2025-10,The Buchanan,Floating NY 1,RECURRING_SUBSCRIPTION,18,5.0,4
2025-10,The Buchanan,Floating NY 1,TRIAL,3,,0
2025-10,The Devan,Hoboken Polygon,CHURN,8,4.6,1
2025-10,The Devan,Hoboken Polygon,FROZEN,2,4.0,0
2025-10,The Devan,Hoboken Polygon,RECURRING_SUBSCRIPTION,14,5.0,2
2025-10,The Dime,Williamsburg Polygon,CHURN,1,,0
2025-10,The Dime,Williamsburg Polygon,RECURRING_SUBSCRIPTION,5,,0
2025-10,The Eddy,Harrison Polygon,CHURN,2,5.0,1
2025-10,The Eddy,Harrison Polygon,FREEMIUM,1,5.0,0
2025-10,The Eddy,Harrison Polygon,RECURRING_SUBSCRIPTION,9,5.0,0
2025-10,The Eddy,Harrison Polygon,TRIAL,1,,0
2025-10,The Enclave,Hoboken Polygon,CHURN,5,5.0,0
2025-10,The Enclave,Hoboken Polygon,RECURRING_SUBSCRIPTION,10,5.0,0
2025-10,The Enclave,Hoboken Polygon,TRIAL,1,5.0,0
2025-10,The Ivy,Chatham / West Orange Polygon,CHURN,14,5.0,2
2025-10,The Ivy,Chatham / West Orange Polygon,ON_DEMAND_SUBSCRIPTION,3,5.0,1
2025-10,The Ivy,Chatham / West Orange Polygon,RECURRING_SUBSCRIPTION,18,5.0,2
2025-10,The Kestrel,Floating NY 2,CHURN,1,5.0,0
2025-10,The Kestrel,Floating NY 2,ON_DEMAND_SUBSCRIPTION,1,5.0,0
2025-10,The Kestrel,Floating NY 2,RECURRING_SUBSCRIPTION,1,5.0,0
2025-10,The Landon,Hell's Kitchen Polygon,CHURN,5,1.67,2
2025-10,The Landon,Hell's Kitchen Polygon,RECURRING_SUBSCRIPTION,1,5.0,0
2025-10,The Vitagraph,Floating NY 2,TRIAL,3,5.0,2
2025-10,Union Channel ,Boerum Hill Polygon,CHURN,1,,0
2025-10,Union Channel ,Boerum Hill Polygon,TRIAL,1,5.0,1
2025-10,Woodside Central,Floating NY 1,CHURN,1,5.0,0
2025-10,Woodside Central,Floating NY 1,FROZEN,1,,0
2025-10,Woodside Central,Floating NY 1,ON_DEMAND_SUBSCRIPTION,5,,0
2025-10,Woodside Central,Floating NY 1,RECURRING_SUBSCRIPTION,11,5.0,0
2025-11,100 House,Hoboken Polygon,CHURN,1,,0
2025-11,100 House,Hoboken Polygon,RECURRING_SUBSCRIPTION,8,5.0,0
2025-11,1 Boerum PL,Floating NY 2,CHURN,2,,0
2025-11,1 Boerum PL,Floating NY 2,RECURRING_SUBSCRIPTION,10,5.0,0
2025-11,20 Broad Street,Financial District Polygon,CHURN,16,5.0,0
2025-11,20 Broad Street,Financial District Polygon,ON_DEMAND_SUBSCRIPTION,6,5.0,1
2025-11,20 Broad Street,Financial District Polygon,RECURRING_SUBSCRIPTION,21,4.75,2
2025-11,20 Broad Street,Financial District Polygon,TRIAL,3,5.0,0
2025-11,20 Broad Street,Financial District Polygon,WARM_LEAD,1,5.0,0
2025-11,250 E Houston,Floating NY 2,CHURN,1,5.0,0
2025-11,250 E Houston,Floating NY 2,RECURRING_SUBSCRIPTION,2,5.0,0
2025-11,300 Somerset,Harrison Polygon,ON_DEMAND_SUBSCRIPTION,8,5.0,0
2025-11,300 Somerset,Harrison Polygon,RECURRING_SUBSCRIPTION,3,5.0,0
2025-11,330 Angelo Cifelli,Harrison Polygon,CHURN,5,5.0,1
2025-11,330 Angelo Cifelli,Harrison Polygon,ON_DEMAND_SUBSCRIPTION,1,5.0,0
2025-11,330 Angelo Cifelli,Harrison Polygon,RECURRING_SUBSCRIPTION,14,4.67,0
2025-11,330W-56th,Hell's Kitchen Polygon,CHURN,3,5.0,0
2025-11,330W-56th,Hell's Kitchen Polygon,RECURRING_SUBSCRIPTION,8,5.0,1
2025-11,345 Baldwin Avenue,Floating Jersey,CHURN,2,5.0,0
2025-11,345 Baldwin Avenue,Floating Jersey,RECURRING_SUBSCRIPTION,5,5.0,1
2025-11,416 Kent Avenue,Williamsburg Polygon,CHURN,8,5.0,0
2025-11,416 Kent Avenue,Williamsburg Polygon,FROZEN,8,,0
2025-11,416 Kent Avenue,Williamsburg Polygon,RECURRING_SUBSCRIPTION,6,4.0,0
2025-11,416 Kent Avenue,Williamsburg Polygon,TRIAL,3,5.0,0
2025-11,420 Kent Avenue,Williamsburg Polygon,CHURN,15,4.83,1
2025-11,420 Kent Avenue,Williamsburg Polygon,ON_DEMAND_SUBSCRIPTION,5,5.0,1
2025-11,420 Kent Avenue,Williamsburg Polygon,RECURRING_SUBSCRIPTION,16,4.8,0
2025-11,420 Kent Avenue,Williamsburg Polygon,TRIAL,6,5.0,0
2025-11,535 W 43rd Street,Hell's Kitchen Polygon,CHURN,2,5.0,2
2025-11,535 W 43rd Street,Hell's Kitchen Polygon,LEAD,1,5.0,0
2025-11,535 W 43rd Street,Hell's Kitchen Polygon,RECURRING_SUBSCRIPTION,2,,0
2025-11,535 W 43rd Street,Hell's Kitchen Polygon,TRIAL,1,,0
2025-11,655 Union,Boerum Hill Polygon,CHURN,4,5.0,0
2025-11,655 Union,Boerum Hill Polygon,ON_DEMAND_SUBSCRIPTION,1,,0
2025-11,655 Union,Boerum Hill Polygon,RECURRING_SUBSCRIPTION,6,5.0,0
2025-11,66 Rockwell Place,Brooklyn Heights Polygon,CHURN,5,5.0,0
2025-11,66 Rockwell Place,Brooklyn Heights Polygon,RECURRING_SUBSCRIPTION,13,5.0,0
2025-11,66 Rockwell Place,Brooklyn Heights Polygon,TRIAL,1,3.0,1
2025-11,Agnes,Floating Jersey,ON_DEMAND_SUBSCRIPTION,2,5.0,2
2025-11,Agnes,Floating Jersey,RECURRING_SUBSCRIPTION,11,5.0,1
2025-11,Agnes,Floating Jersey,TRIAL,1,5.0,0
2025-11,Alta,Floating NY 1,CHURN,4,5.0,0
2025-11,Alta,Floating NY 1,ON_DEMAND_SUBSCRIPTION,2,5.0,0
2025-11,Alta,Floating NY 1,RECURRING_SUBSCRIPTION,17,5.0,1
2025-11,Alta,Floating NY 1,TRIAL,1,,0
2025-11,Azrieli TLV,Unknown,CHURN,79,5.0,1
2025-11,Azrieli TLV,Unknown,TRIAL,4,,0
2025-11,Brooklyn Crossing,Boerum Hill Polygon,CHURN,15,4.7,2
2025-11,Brooklyn Crossing,Boerum Hill Polygon,ON_DEMAND_SUBSCRIPTION,6,5.0,0
2025-11,Brooklyn Crossing,Boerum Hill Polygon,RECURRING_SUBSCRIPTION,34,5.0,6
2025-11,Brooklyn Crossing,Boerum Hill Polygon,TRIAL,3,5.0,1
2025-11,Brooklyn Crossing,Boerum Hill Polygon,WARM_LEAD,1,5.0,0
2025-11,Flamingo Point Center Tower,Miami Beach Polygon,CHURN,10,5.0,0
2025-11,Flamingo Point Center Tower,Miami Beach Polygon,ON_DEMAND_SUBSCRIPTION,6,5.0,1
2025-11,Flamingo Point Center Tower,Miami Beach Polygon,RECURRING_SUBSCRIPTION,24,5.0,2
2025-11,Flamingo Point Center Tower,Miami Beach Polygon,TRIAL,1,,0
2025-11,Flamingo Point Center Tower,Miami Beach Polygon,WARM_LEAD,1,,0
2025-11,Flamingo Point North Tower,Miami Beach Polygon,CHURN,16,5.0,1
2025-11,Flamingo Point North Tower,Miami Beach Polygon,FROZEN,1,5.0,0
2025-11,Flamingo Point North Tower,Miami Beach Polygon,ON_DEMAND_SUBSCRIPTION,3,5.0,1
2025-11,Flamingo Point North Tower,Miami Beach Polygon,RECURRING_SUBSCRIPTION,15,5.0,0
2025-11,Flamingo Point North Tower,Miami Beach Polygon,TRIAL,3,5.0,0
2025-11,Flamingo South Beach,Miami Beach Polygon,CHURN,12,5.0,0
2025-11,Flamingo South Beach,Miami Beach Polygon,FROZEN,4,,0
2025-11,Flamingo South Beach,Miami Beach Polygon,ON_DEMAND_SUBSCRIPTION,1,5.0,0
2025-11,Flamingo South Beach,Miami Beach Polygon,RECURRING_SUBSCRIPTION,6,5.0,0
2025-11,Flamingo South Beach,Miami Beach Polygon,TRIAL,1,5.0,0
2025-11,Gindi 1,Unknown,CHURN,82,4.92,1
2025-11,Gindi 2,Unknown,CHURN,35,5.0,1
2025-11,Gindi 3,Unknown,CHURN,53,4.56,1
2025-11,Gindi 4,Unknown,CHURN,23,5.0,0
2025-11,Grove Central Residences,Floating Miami,CHURN,5,5.0,0
2025-11,Grove Central Residences,Floating Miami,ON_DEMAND_SUBSCRIPTION,1,5.0,0
2025-11,Grove Central Residences,Floating Miami,RECURRING_SUBSCRIPTION,3,,0
2025-11,Grove Central Residences,Floating Miami,TRIAL,1,,0
2025-11,HaHehad,Unknown,CHURN,15,4.33,0
2025-11,HaHehad,Unknown,TRIAL,3,5.0,1
2025-11,John Street 116,Financial District Polygon,CHURN,3,3.0,1
2025-11,John Street 116,Financial District Polygon,ON_DEMAND_SUBSCRIPTION,5,5.0,0
2025-11,John Street 116,Financial District Polygon,RECURRING_SUBSCRIPTION,9,5.0,1
2025-11,Midtown 5,Floating Miami,CHURN,6,5.0,2
2025-11,Midtown 5,Floating Miami,LEAD,2,5.0,0
2025-11,Midtown 5,Floating Miami,ON_DEMAND_SUBSCRIPTION,5,5.0,1
2025-11,Midtown 5,Floating Miami,RECURRING_SUBSCRIPTION,5,5.0,0
2025-11,Midtown 5,Floating Miami,TRIAL,5,4.67,2
2025-11,Midtown 5,Floating Miami,WARM_LEAD,3,5.0,0
2025-11,Nine 52,Hell's Kitchen Polygon,LEAD,1,,0
2025-11,Nine 52,Hell's Kitchen Polygon,RECURRING_SUBSCRIPTION,8,5.0,1
2025-11,Oliver on the Hudson,Floating Jersey,CHURN,10,5.0,0
2025-11,Oliver on the Hudson,Floating Jersey,RECURRING_SUBSCRIPTION,2,4.5,0
2025-11,One Ten,Hoboken Polygon,CHURN,4,5.0,0
2025-11,One Ten,Hoboken Polygon,ON_DEMAND_SUBSCRIPTION,3,5.0,0
2025-11,One Ten,Hoboken Polygon,RECURRING_SUBSCRIPTION,6,5.0,0
2025-11,Plank Road,Boerum Hill Polygon,CHURN,3,5.0,0
2025-11,Plank Road,Boerum Hill Polygon,RECURRING_SUBSCRIPTION,4,,0
2025-11,Plank Road,Boerum Hill Polygon,TRIAL,1,,0
2025-11,River Place,Hell's Kitchen Polygon,CHURN,8,3.67,0
2025-11,River Place,Hell's Kitchen Polygon,ON_DEMAND_SUBSCRIPTION,29,4.69,1
2025-11,River Place,Hell's Kitchen Polygon,RECURRING_SUBSCRIPTION,28,4.73,1
2025-11,River Place,Hell's Kitchen Polygon,TRIAL,2,,0
2025-11,Silver Towers,Hell's Kitchen Polygon,CHURN,23,4.8,1
2025-11,Silver Towers,Hell's Kitchen Polygon,FREEMIUM,5,,0
2025-11,Silver Towers,Hell's Kitchen Polygon,FROZEN,3,5.0,0
2025-11,Silver Towers,Hell's Kitchen Polygon,ON_DEMAND_SUBSCRIPTION,38,4.76,2
2025-11,Silver Towers,Hell's Kitchen Polygon,RECURRING_SUBSCRIPTION,90,4.97,2
2025-11,Silver Towers,Hell's Kitchen Polygon,TRIAL,1,,0
2025-11,Silver Towers,Hell's Kitchen Polygon,WARM_LEAD,1,5.0,0
2025-11,Stonehill,Chatham / West Orange Polygon,CHURN,2,,0
2025-11,Stonehill,Chatham / West Orange Polygon,ON_DEMAND_SUBSCRIPTION,3,,0
2025-11,Stonehill,Chatham / West Orange Polygon,RECURRING_SUBSCRIPTION,10,5.0,3
2025-11,The Addison,Brooklyn Heights Polygon,CHURN,1,5.0,0
2025-11,The Addison,Brooklyn Heights Polygon,RECURRING_SUBSCRIPTION,1,,0
2025-11,The Addison,Brooklyn Heights Polygon,TRIAL,1,5.0,0
2025-11,The Bergen,Boerum Hill Polygon,CHURN,2,5.0,0
2025-11,The Bergen,Boerum Hill Polygon,TRIAL,1,5.0,0
2025-11,The Boulevard,Floating Miami,CHURN,1,5.0,0
2025-11,The Boulevard,Floating Miami,ON_DEMAND_SUBSCRIPTION,5,5.0,1
2025-11,The Boulevard,Floating Miami,RECURRING_SUBSCRIPTION,5,5.0,0
2025-11,The Buchanan,Floating NY 1,CHURN,4,5.0,0
2025-11,The Buchanan,Floating NY 1,ON_DEMAND_SUBSCRIPTION,2,5.0,0
2025-11,The Buchanan,Floating NY 1,RECURRING_SUBSCRIPTION,19,5.0,2
2025-11,The Buchanan,Floating NY 1,TRIAL,1,5.0,0
2025-11,The Devan,Hoboken Polygon,CHURN,5,4.67,0
2025-11,The Devan,Hoboken Polygon,FROZEN,2,5.0,0
2025-11,The Devan,Hoboken Polygon,ON_DEMAND_SUBSCRIPTION,2,5.0,0
2025-11,The Devan,Hoboken Polygon,RECURRING_SUBSCRIPTION,15,4.73,2
2025-11,The Devan,Hoboken Polygon,TRIAL,1,5.0,1
2025-11,The Dime,Williamsburg Polygon,CHURN,2,5.0,0
2025-11,The Dime,Williamsburg Polygon,ON_DEMAND_SUBSCRIPTION,1,5.0,1
2025-11,The Dime,Williamsburg Polygon,RECURRING_SUBSCRIPTION,3,5.0,0
2025-11,The Eddy,Harrison Polygon,CHURN,1,5.0,1
2025-11,The Eddy,Harrison Polygon,FREEMIUM,1,,0
2025-11,The Eddy,Harrison Polygon,RECURRING_SUBSCRIPTION,7,5.0,0
2025-11,The Enclave,Hoboken Polygon,CHURN,1,,0
2025-11,The Enclave,Hoboken Polygon,RECURRING_SUBSCRIPTION,8,5.0,0
2025-11,The Enclave,Hoboken Polygon,TRIAL,1,5.0,0
2025-11,The Ivy,Chatham / West Orange Polygon,CHURN,11,5.0,2
2025-11,The Ivy,Chatham / West Orange Polygon,ON_DEMAND_SUBSCRIPTION,2,5.0,0
2025-11,The Ivy,Chatham / West Orange Polygon,RECURRING_SUBSCRIPTION,10,5.0,0
2025-11,The Kestrel,Floating NY 2,CHURN,1,,0
2025-11,The Kestrel,Floating NY 2,ON_DEMAND_SUBSCRIPTION,1,5.0,0
2025-11,The Kestrel,Floating NY 2,RECURRING_SUBSCRIPTION,3,5.0,0
2025-11,The Landon,Hell's Kitchen Polygon,CHURN,2,5.0,0
2025-11,The Landon,Hell's Kitchen Polygon,RECURRING_SUBSCRIPTION,6,5.0,1
2025-11,Woodside Central,Floating NY 1,ON_DEMAND_SUBSCRIPTION,3,5.0,0
2025-11,Woodside Central,Floating NY 1,RECURRING_SUBSCRIPTION,9,5.0,0
2025-12,100 House,Hoboken Polygon,CHURN,3,5.0,0
2025-12,100 House,Hoboken Polygon,ON_DEMAND_SUBSCRIPTION,2,,0
2025-12,100 House,Hoboken Polygon,RECURRING_SUBSCRIPTION,11,5.0,0
2025-12,1 Boerum PL,Floating NY 2,CHURN,4,,0
2025-12,1 Boerum PL,Floating NY 2,RECURRING_SUBSCRIPTION,10,,0
2025-12,2000 Biscayne,Edgeater Polygon,CHURN,6,3.5,1
2025-12,2000 Biscayne,Edgeater Polygon,LEAD,1,5.0,1
2025-12,2000 Biscayne,Edgeater Polygon,ON_DEMAND_SUBSCRIPTION,3,5.0,1
2025-12,2000 Biscayne,Edgeater Polygon,RECURRING_SUBSCRIPTION,9,5.0,3
2025-12,2000 Biscayne,Edgeater Polygon,TRIAL,7,4.5,3
2025-12,20 Broad Street,Financial District Polygon,CHURN,15,5.0,1
2025-12,20 Broad Street,Financial District Polygon,ON_DEMAND_SUBSCRIPTION,17,5.0,3
2025-12,20 Broad Street,Financial District Polygon,RECURRING_SUBSCRIPTION,26,5.0,1
2025-12,20 Broad Street,Financial District Polygon,TRIAL,2,,0
2025-12,20 Broad Street,Financial District Polygon,WARM_LEAD,1,5.0,0
2025-12,250 E Houston,Floating NY 2,CHURN,1,5.0,0
2025-12,250 E Houston,Floating NY 2,RECURRING_SUBSCRIPTION,5,5.0,1
2025-12,300 Somerset,Harrison Polygon,CHURN,1,5.0,0
2025-12,300 Somerset,Harrison Polygon,ON_DEMAND_SUBSCRIPTION,4,,0
2025-12,300 Somerset,Harrison Polygon,RECURRING_SUBSCRIPTION,4,5.0,0
2025-12,330 Angelo Cifelli,Harrison Polygon,CHURN,4,5.0,0
2025-12,330 Angelo Cifelli,Harrison Polygon,LEAD,1,,0
2025-12,330 Angelo Cifelli,Harrison Polygon,ON_DEMAND_SUBSCRIPTION,2,4.5,0
2025-12,330 Angelo Cifelli,Harrison Polygon,RECURRING_SUBSCRIPTION,14,5.0,1
2025-12,330 Angelo Cifelli,Harrison Polygon,WARM_LEAD,1,5.0,1
2025-12,330W-56th,Hell's Kitchen Polygon,CHURN,2,,0
2025-12,330W-56th,Hell's Kitchen Polygon,RECURRING_SUBSCRIPTION,17,4.86,0
2025-12,345 Baldwin Avenue,Floating Jersey,CHURN,2,5.0,0
2025-12,345 Baldwin Avenue,Floating Jersey,ON_DEMAND_SUBSCRIPTION,1,5.0,0
2025-12,345 Baldwin Avenue,Floating Jersey,RECURRING_SUBSCRIPTION,2,5.0,0
2025-12,345 Baldwin Avenue,Floating Jersey,WARM_LEAD,1,5.0,1
2025-12,416 Kent Avenue,Williamsburg Polygon,CHURN,6,,0
2025-12,416 Kent Avenue,Williamsburg Polygon,FROZEN,6,5.0,0
2025-12,416 Kent Avenue,Williamsburg Polygon,RECURRING_SUBSCRIPTION,7,5.0,1
2025-12,416 Kent Avenue,Williamsburg Polygon,TRIAL,1,5.0,0
2025-12,420 Kent Avenue,Williamsburg Polygon,CHURN,12,4.83,1
2025-12,420 Kent Avenue,Williamsburg Polygon,LEAD,1,,0
2025-12,420 Kent Avenue,Williamsburg Polygon,ON_DEMAND_SUBSCRIPTION,2,,0
2025-12,420 Kent Avenue,Williamsburg Polygon,RECURRING_SUBSCRIPTION,19,5.0,1
2025-12,420 Kent Avenue,Williamsburg Polygon,TRIAL,4,1.0,1
2025-12,420 Kent Avenue,Williamsburg Polygon,WARM_LEAD,1,5.0,1
2025-12,535 W 43rd Street,Hell's Kitchen Polygon,CHURN,2,5.0,1
2025-12,535 W 43rd Street,Hell's Kitchen Polygon,RECURRING_SUBSCRIPTION,3,,0
2025-12,535 W 43rd Street,Hell's Kitchen Polygon,TRIAL,3,5.0,0
2025-12,655 Union,Boerum Hill Polygon,CHURN,4,5.0,0
2025-12,655 Union,Boerum Hill Polygon,ON_DEMAND_SUBSCRIPTION,1,,0
2025-12,655 Union,Boerum Hill Polygon,RECURRING_SUBSCRIPTION,7,,0
2025-12,66 Rockwell Place,Brooklyn Heights Polygon,CHURN,6,5.0,0
2025-12,66 Rockwell Place,Brooklyn Heights Polygon,ON_DEMAND_SUBSCRIPTION,1,5.0,0
2025-12,66 Rockwell Place,Brooklyn Heights Polygon,RECURRING_SUBSCRIPTION,21,5.0,0
2025-12,66 Rockwell Place,Brooklyn Heights Polygon,TRIAL,1,,0
2025-12,Agnes,Floating Jersey,CHURN,2,,0
2025-12,Agnes,Floating Jersey,RECURRING_SUBSCRIPTION,14,5.0,2
2025-12,Agnes,Floating Jersey,TRIAL,1,,0
2025-12,Alta,Floating NY 1,CHURN,6,5.0,0
2025-12,Alta,Floating NY 1,ON_DEMAND_SUBSCRIPTION,4,5.0,0
2025-12,Alta,Floating NY 1,RECURRING_SUBSCRIPTION,19,5.0,0
2025-12,Alta,Floating NY 1,TRIAL,1,5.0,0
2025-12,Azrieli TLV,Unknown,CHURN,95,4.91,2
2025-12,Azrieli TLV,Unknown,TRIAL,4,,0
2025-12,Brooklyn Crossing,Boerum Hill Polygon,CHURN,17,5.0,0
2025-12,Brooklyn Crossing,Boerum Hill Polygon,ON_DEMAND_SUBSCRIPTION,4,5.0,1
2025-12,Brooklyn Crossing,Boerum Hill Polygon,RECURRING_SUBSCRIPTION,36,4.96,3
2025-12,Brooklyn Crossing,Boerum Hill Polygon,TRIAL,1,5.0,1
2025-12,Flamingo Point Center Tower,Miami Beach Polygon,CHURN,14,5.0,0
2025-12,Flamingo Point Center Tower,Miami Beach Polygon,ON_DEMAND_SUBSCRIPTION,23,5.0,0
2025-12,Flamingo Point Center Tower,Miami Beach Polygon,RECURRING_SUBSCRIPTION,34,5.0,3
2025-12,Flamingo Point Center Tower,Miami Beach Polygon,TRIAL,3,4.33,2
2025-12,Flamingo Point Center Tower,Miami Beach Polygon,WARM_LEAD,1,,0
2025-12,Flamingo Point North Tower,Miami Beach Polygon,CHURN,14,5.0,0
2025-12,Flamingo Point North Tower,Miami Beach Polygon,FROZEN,1,,0
2025-12,Flamingo Point North Tower,Miami Beach Polygon,LEAD,1,,0
2025-12,Flamingo Point North Tower,Miami Beach Polygon,ON_DEMAND_SUBSCRIPTION,5,5.0,1
2025-12,Flamingo Point North Tower,Miami Beach Polygon,RECURRING_SUBSCRIPTION,18,5.0,2
2025-12,Flamingo Point North Tower,Miami Beach Polygon,TRIAL,1,,0
2025-12,Flamingo Point North Tower,Miami Beach Polygon,WARM_LEAD,2,5.0,0
2025-12,Flamingo South Beach,Miami Beach Polygon,CHURN,5,5.0,0
2025-12,Flamingo South Beach,Miami Beach Polygon,LEAD,1,5.0,0
2025-12,Flamingo South Beach,Miami Beach Polygon,RECURRING_SUBSCRIPTION,15,4.85,3
2025-12,Flamingo South Beach,Miami Beach Polygon,TRIAL,3,,0
2025-12,Gindi 1,Unknown,CHURN,91,5.0,0
2025-12,Gindi 1,Unknown,TRIAL,2,5.0,0
2025-12,Gindi 2,Unknown,CHURN,48,5.0,1
2025-12,Gindi 3,Unknown,CHURN,71,5.0,2
2025-12,Gindi 4,Unknown,CHURN,22,5.0,0
2025-12,Gindi 4,Unknown,TRIAL,2,,0
2025-12,Grove Central Residences,Floating Miami,CHURN,3,,0
2025-12,Grove Central Residences,Floating Miami,ON_DEMAND_SUBSCRIPTION,3,5.0,0
2025-12,Grove Central Residences,Floating Miami,RECURRING_SUBSCRIPTION,2,5.0,0
2025-12,HaHehad,Unknown,CHURN,29,5.0,0
2025-12,HaHehad,Unknown,TRIAL,4,,0
2025-12,John Street 116,Financial District Polygon,CHURN,1,,0
2025-12,John Street 116,Financial District Polygon,ON_DEMAND_SUBSCRIPTION,6,,0
2025-12,John Street 116,Financial District Polygon,RECURRING_SUBSCRIPTION,8,5.0,0
2025-12,Midtown 5,Floating Miami,CHURN,6,5.0,2
2025-12,Midtown 5,Floating Miami,ON_DEMAND_SUBSCRIPTION,7,5.0,2
2025-12,Midtown 5,Floating Miami,RECURRING_SUBSCRIPTION,9,5.0,1
2025-12,Midtown 5,Floating Miami,TRIAL,5,5.0,1
2025-12,Midtown 5,Floating Miami,WARM_LEAD,5,5.0,0
2025-12,Nine 52,Hell's Kitchen Polygon,RECURRING_SUBSCRIPTION,8,5.0,1
2025-12,Oliver on the Hudson,Floating Jersey,CHURN,5,5.0,1
2025-12,Oliver on the Hudson,Floating Jersey,LEAD,1,5.0,1
2025-12,Oliver on the Hudson,Floating Jersey,RECURRING_SUBSCRIPTION,6,5.0,1
2025-12,One Ten,Hoboken Polygon,CHURN,3,,0
2025-12,One Ten,Hoboken Polygon,ON_DEMAND_SUBSCRIPTION,3,5.0,0
2025-12,One Ten,Hoboken Polygon,RECURRING_SUBSCRIPTION,11,5.0,0
2025-12,Plank Road,Boerum Hill Polygon,CHURN,5,,0
2025-12,Plank Road,Boerum Hill Polygon,RECURRING_SUBSCRIPTION,6,,0
2025-12,River Place,Hell's Kitchen Polygon,CHURN,9,5.0,1
2025-12,River Place,Hell's Kitchen Polygon,FREEMIUM,1,5.0,0
2025-12,River Place,Hell's Kitchen Polygon,ON_DEMAND_SUBSCRIPTION,27,5.0,1
2025-12,River Place,Hell's Kitchen Polygon,RECURRING_SUBSCRIPTION,55,4.72,2
2025-12,River Place,Hell's Kitchen Polygon,TRIAL,2,4.5,0
2025-12,River Place,Hell's Kitchen Polygon,WARM_LEAD,1,5.0,0
2025-12,Silver Towers,Hell's Kitchen Polygon,CHURN,19,4.83,1
2025-12,Silver Towers,Hell's Kitchen Polygon,FREEMIUM,3,5.0,0
2025-12,Silver Towers,Hell's Kitchen Polygon,FROZEN,2,5.0,0
2025-12,Silver Towers,Hell's Kitchen Polygon,LEAD,1,,0
2025-12,Silver Towers,Hell's Kitchen Polygon,ON_DEMAND_SUBSCRIPTION,50,4.81,7
2025-12,Silver Towers,Hell's Kitchen Polygon,RECURRING_SUBSCRIPTION,91,4.85,6
2025-12,Silver Towers,Hell's Kitchen Polygon,TRIAL,10,3.0,1
2025-12,Silver Towers,Hell's Kitchen Polygon,WARM_LEAD,2,,0
2025-12,Stonehill,Chatham / West Orange Polygon,CHURN,2,,0
2025-12,Stonehill,Chatham / West Orange Polygon,ON_DEMAND_SUBSCRIPTION,5,,0
2025-12,Stonehill,Chatham / West Orange Polygon,RECURRING_SUBSCRIPTION,8,5.0,1
2025-12,The Addison,Brooklyn Heights Polygon,CHURN,2,5.0,1
2025-12,The Addison,Brooklyn Heights Polygon,RECURRING_SUBSCRIPTION,3,5.0,1
2025-12,The Addison,Brooklyn Heights Polygon,TRIAL,1,,0
2025-12,The Addison,Brooklyn Heights Polygon,WARM_LEAD,1,,0
2025-12,The Bergen,Boerum Hill Polygon,CHURN,2,5.0,0
2025-12,The Boulevard,Floating Miami,CHURN,4,5.0,0
2025-12,The Boulevard,Floating Miami,ON_DEMAND_SUBSCRIPTION,6,5.0,0
2025-12,The Boulevard,Floating Miami,RECURRING_SUBSCRIPTION,7,5.0,1
2025-12,The Boulevard,Floating Miami,TRIAL,1,,0
2025-12,The Buchanan,Floating NY 1,CHURN,3,5.0,1
2025-12,The Buchanan,Floating NY 1,ON_DEMAND_SUBSCRIPTION,1,5.0,0
2025-12,The Buchanan,Floating NY 1,RECURRING_SUBSCRIPTION,17,5.0,5
2025-12,The Devan,Hoboken Polygon,CHURN,6,4.5,0
2025-12,The Devan,Hoboken Polygon,ON_DEMAND_SUBSCRIPTION,1,5.0,0
2025-12,The Devan,Hoboken Polygon,RECURRING_SUBSCRIPTION,26,5.0,0
2025-12,The Devan,Hoboken Polygon,TRIAL,1,5.0,0
2025-12,The Dime,Williamsburg Polygon,CHURN,3,,0
2025-12,The Dime,Williamsburg Polygon,ON_DEMAND_SUBSCRIPTION,2,5.0,1
2025-12,The Dime,Williamsburg Polygon,RECURRING_SUBSCRIPTION,3,,0
2025-12,The Eddy,Harrison Polygon,CHURN,1,5.0,0
2025-12,The Eddy,Harrison Polygon,RECURRING_SUBSCRIPTION,6,5.0,0
2025-12,The Eddy,Harrison Polygon,TRIAL,1,,0
2025-12,The Enclave,Hoboken Polygon,CHURN,2,5.0,0
2025-12,The Enclave,Hoboken Polygon,RECURRING_SUBSCRIPTION,7,5.0,0
2025-12,The Ivy,Chatham / West Orange Polygon,CHURN,14,5.0,1
2025-12,The Ivy,Chatham / West Orange Polygon,FREEMIUM,1,,0
2025-12,The Ivy,Chatham / West Orange Polygon,ON_DEMAND_SUBSCRIPTION,3,5.0,0
2025-12,The Ivy,Chatham / West Orange Polygon,RECURRING_SUBSCRIPTION,13,5.0,1
2025-12,The Kestrel,Floating NY 2,CHURN,1,5.0,1
2025-12,The Kestrel,Floating NY 2,ON_DEMAND_SUBSCRIPTION,6,5.0,4
2025-12,The Kestrel,Floating NY 2,RECURRING_SUBSCRIPTION,4,5.0,0
2025-12,The Landing,Brooklyn Heights Polygon,ON_DEMAND_SUBSCRIPTION,1,5.0,1
2025-12,The Landing,Brooklyn Heights Polygon,RECURRING_SUBSCRIPTION,1,5.0,1
2025-12,The Landon,Hell's Kitchen Polygon,CHURN,2,5.0,0
2025-12,The Landon,Hell's Kitchen Polygon,RECURRING_SUBSCRIPTION,4,5.0,0
2025-12,The Vitagraph,Floating NY 2,CHURN,5,4.75,0
2025-12,Union Channel ,Boerum Hill Polygon,TRIAL,1,5.0,1
2025-12,Woodside Central,Floating NY 1,CHURN,1,5.0,1
2025-12,Woodside Central,Floating NY 1,FROZEN,1,5.0,0
2025-12,Woodside Central,Floating NY 1,ON_DEMAND_SUBSCRIPTION,3,5.0,0
2025-12,Woodside Central,Floating NY 1,RECURRING_SUBSCRIPTION,6,5.0,0
2025-12,Woodside Central,Floating NY 1,WARM_LEAD,2,5.0,1
2026-01,100 House,Hoboken Polygon,CHURN,3,5.0,0
2026-01,100 House,Hoboken Polygon,RECURRING_SUBSCRIPTION,12,4.56,1
2026-01,100 House,Hoboken Polygon,WARM_LEAD,1,5.0,0
2026-01,1 Boerum PL,Floating NY 2,CHURN,5,4.0,0
2026-01,1 Boerum PL,Floating NY 2,RECURRING_SUBSCRIPTION,9,,0
2026-01,2000 Biscayne,Edgeater Polygon,CHURN,5,5.0,0
2026-01,2000 Biscayne,Edgeater Polygon,ON_DEMAND_SUBSCRIPTION,6,5.0,0
2026-01,2000 Biscayne,Edgeater Polygon,RECURRING_SUBSCRIPTION,13,4.6,1
2026-01,2000 Biscayne,Edgeater Polygon,TRIAL,7,,0
2026-01,2000 Biscayne,Edgeater Polygon,WARM_LEAD,2,5.0,1
2026-01,20 Broad Street,Financial District Polygon,CHURN,18,5.0,1
2026-01,20 Broad Street,Financial District Polygon,ON_DEMAND_SUBSCRIPTION,18,5.0,1
2026-01,20 Broad Street,Financial District Polygon,RECURRING_SUBSCRIPTION,25,5.0,1
2026-01,250 E Houston,Floating NY 2,CHURN,1,5.0,0
2026-01,250 E Houston,Floating NY 2,RECURRING_SUBSCRIPTION,4,5.0,1
2026-01,250 E Houston,Floating NY 2,TRIAL,2,5.0,0
2026-01,300 Somerset,Harrison Polygon,CHURN,2,5.0,0
2026-01,300 Somerset,Harrison Polygon,ON_DEMAND_SUBSCRIPTION,8,4.33,2
2026-01,300 Somerset,Harrison Polygon,RECURRING_SUBSCRIPTION,3,5.0,0
2026-01,330 Angelo Cifelli,Harrison Polygon,CHURN,2,5.0,0
2026-01,330 Angelo Cifelli,Harrison Polygon,ON_DEMAND_SUBSCRIPTION,2,5.0,0
2026-01,330 Angelo Cifelli,Harrison Polygon,RECURRING_SUBSCRIPTION,18,5.0,1
2026-01,330 Angelo Cifelli,Harrison Polygon,WARM_LEAD,1,5.0,0
2026-01,330W-56th,Hell's Kitchen Polygon,CHURN,2,5.0,0
2026-01,330W-56th,Hell's Kitchen Polygon,RECURRING_SUBSCRIPTION,5,5.0,1
2026-01,330W-56th,Hell's Kitchen Polygon,WARM_LEAD,1,,0
2026-01,345 Baldwin Avenue,Floating Jersey,CHURN,2,,0
2026-01,345 Baldwin Avenue,Floating Jersey,ON_DEMAND_SUBSCRIPTION,1,5.0,1
2026-01,345 Baldwin Avenue,Floating Jersey,RECURRING_SUBSCRIPTION,4,5.0,0
2026-01,416 Kent Avenue,Williamsburg Polygon,CHURN,3,5.0,0
2026-01,416 Kent Avenue,Williamsburg Polygon,ON_DEMAND_SUBSCRIPTION,1,5.0,0
2026-01,416 Kent Avenue,Williamsburg Polygon,RECURRING_SUBSCRIPTION,4,5.0,0
2026-01,416 Kent Avenue,Williamsburg Polygon,WARM_LEAD,1,,0
2026-01,420 Kent Avenue,Williamsburg Polygon,CHURN,8,5.0,0
2026-01,420 Kent Avenue,Williamsburg Polygon,ON_DEMAND_SUBSCRIPTION,2,5.0,0
2026-01,420 Kent Avenue,Williamsburg Polygon,RECURRING_SUBSCRIPTION,15,5.0,0
2026-01,420 Kent Avenue,Williamsburg Polygon,TRIAL,3,5.0,1
2026-01,535 W 43rd Street,Hell's Kitchen Polygon,CHURN,1,,0
2026-01,535 W 43rd Street,Hell's Kitchen Polygon,RECURRING_SUBSCRIPTION,3,,0
2026-01,535 W 43rd Street,Hell's Kitchen Polygon,TRIAL,3,,0
2026-01,655 Union,Boerum Hill Polygon,CHURN,4,5.0,0
2026-01,655 Union,Boerum Hill Polygon,ON_DEMAND_SUBSCRIPTION,2,5.0,0
2026-01,655 Union,Boerum Hill Polygon,RECURRING_SUBSCRIPTION,8,,0
2026-01,655 Union,Boerum Hill Polygon,WARM_LEAD,1,5.0,1
2026-01,66 Rockwell Place,Brooklyn Heights Polygon,CHURN,1,5.0,0
2026-01,66 Rockwell Place,Brooklyn Heights Polygon,RECURRING_SUBSCRIPTION,9,5.0,0
2026-01,66 Rockwell Place,Brooklyn Heights Polygon,TRIAL,1,5.0,1
2026-01,Agnes,Floating Jersey,CHURN,1,,0
2026-01,Agnes,Floating Jersey,RECURRING_SUBSCRIPTION,18,5.0,0
2026-01,Alta,Floating NY 1,CHURN,3,5.0,0
2026-01,Alta,Floating NY 1,ON_DEMAND_SUBSCRIPTION,2,5.0,0
2026-01,Alta,Floating NY 1,RECURRING_SUBSCRIPTION,19,5.0,2
2026-01,Alta,Floating NY 1,TRIAL,1,5.0,0
2026-01,Azrieli TLV,Unknown,CHURN,74,5.0,2
2026-01,Azrieli TLV,Unknown,TRIAL,8,4.0,1
2026-01,Bay Parc Apartments,Edgeater Polygon,ON_DEMAND_SUBSCRIPTION,7,5.0,1
2026-01,Bay Parc Apartments,Edgeater Polygon,RECURRING_SUBSCRIPTION,10,5.0,3
2026-01,Bay Parc Apartments,Edgeater Polygon,TRIAL,3,5.0,0
2026-01,Brooklyn Crossing,Boerum Hill Polygon,CHURN,12,5.0,1
2026-01,Brooklyn Crossing,Boerum Hill Polygon,ON_DEMAND_SUBSCRIPTION,12,5.0,1
2026-01,Brooklyn Crossing,Boerum Hill Polygon,RECURRING_SUBSCRIPTION,42,4.94,5
2026-01,Brooklyn Crossing,Boerum Hill Polygon,WARM_LEAD,3,5.0,0
2026-01,Flamingo Point Center Tower,Miami Beach Polygon,CHURN,12,5.0,0
2026-01,Flamingo Point Center Tower,Miami Beach Polygon,ON_DEMAND_SUBSCRIPTION,16,5.0,2
2026-01,Flamingo Point Center Tower,Miami Beach Polygon,RECURRING_SUBSCRIPTION,45,4.96,4
2026-01,Flamingo Point Center Tower,Miami Beach Polygon,TRIAL,3,5.0,1
2026-01,Flamingo Point Center Tower,Miami Beach Polygon,WARM_LEAD,5,5.0,0
2026-01,Flamingo Point North Tower,Miami Beach Polygon,CHURN,4,,0
2026-01,Flamingo Point North Tower,Miami Beach Polygon,ON_DEMAND_SUBSCRIPTION,10,5.0,2
2026-01,Flamingo Point North Tower,Miami Beach Polygon,RECURRING_SUBSCRIPTION,29,5.0,1
2026-01,Flamingo Point North Tower,Miami Beach Polygon,WARM_LEAD,1,,0
2026-01,Flamingo South Beach,Miami Beach Polygon,CHURN,8,5.0,0
2026-01,Flamingo South Beach,Miami Beach Polygon,LEAD,1,5.0,0
2026-01,Flamingo South Beach,Miami Beach Polygon,ON_DEMAND_SUBSCRIPTION,3,5.0,1
2026-01,Flamingo South Beach,Miami Beach Polygon,RECURRING_SUBSCRIPTION,13,5.0,1
2026-01,Flamingo South Beach,Miami Beach Polygon,TRIAL,2,5.0,0
2026-01,Flamingo South Beach,Miami Beach Polygon,WARM_LEAD,1,,0
2026-01,Gindi 1,Unknown,CHURN,58,4.43,1
2026-01,Gindi 1,Unknown,TRIAL,2,5.0,0
2026-01,Gindi 2,Unknown,CHURN,44,5.0,0
2026-01,Gindi 2,Unknown,TRIAL,2,,0
2026-01,Gindi 3,Unknown,CHURN,55,5.0,1
2026-01,Gindi 3,Unknown,TRIAL,2,,0
2026-01,Gindi 4,Unknown,CHURN,26,5.0,0
2026-01,Gindi 4,Unknown,TRIAL,3,,0
2026-01,Grove Central Residences,Floating Miami,CHURN,5,,0
2026-01,Grove Central Residences,Floating Miami,ON_DEMAND_SUBSCRIPTION,2,5.0,0
2026-01,Grove Central Residences,Floating Miami,RECURRING_SUBSCRIPTION,3,5.0,0
2026-01,Grove Central Residences,Floating Miami,TRIAL,1,5.0,0
2026-01,HaHehad,Unknown,CHURN,19,5.0,0
2026-01,HaHehad,Unknown,TRIAL,4,,0
2026-01,John Street 116,Financial District Polygon,CHURN,2,5.0,0
2026-01,John Street 116,Financial District Polygon,ON_DEMAND_SUBSCRIPTION,7,,0
2026-01,John Street 116,Financial District Polygon,RECURRING_SUBSCRIPTION,10,5.0,0
2026-01,Livana East Hanover,Chatham / West Orange Polygon,CHURN,1,5.0,0
2026-01,Livana East Hanover,Chatham / West Orange Polygon,RECURRING_SUBSCRIPTION,4,5.0,2
2026-01,Midtown 5,Floating Miami,CHURN,5,5.0,0
2026-01,Midtown 5,Floating Miami,ON_DEMAND_SUBSCRIPTION,1,,0
2026-01,Midtown 5,Floating Miami,RECURRING_SUBSCRIPTION,9,5.0,0
2026-01,Midtown 5,Floating Miami,TRIAL,2,3.0,1
2026-01,Midtown 5,Floating Miami,WARM_LEAD,2,3.5,1
2026-01,Nine 52,Hell's Kitchen Polygon,RECURRING_SUBSCRIPTION,7,5.0,0
2026-01,Oliver on the Hudson,Floating Jersey,CHURN,5,4.5,0
2026-01,Oliver on the Hudson,Floating Jersey,LEAD,1,,0
2026-01,Oliver on the Hudson,Floating Jersey,RECURRING_SUBSCRIPTION,5,5.0,0
2026-01,One Ten,Hoboken Polygon,CHURN,3,,0
2026-01,One Ten,Hoboken Polygon,LEAD,1,5.0,0
2026-01,One Ten,Hoboken Polygon,ON_DEMAND_SUBSCRIPTION,3,5.0,0
2026-01,One Ten,Hoboken Polygon,RECURRING_SUBSCRIPTION,13,4.0,0
2026-01,Plank Road,Boerum Hill Polygon,CHURN,6,5.0,1
2026-01,Plank Road,Boerum Hill Polygon,RECURRING_SUBSCRIPTION,6,5.0,1
2026-01,Plank Road,Boerum Hill Polygon,TRIAL,1,5.0,1
2026-01,River Place,Hell's Kitchen Polygon,CHURN,7,5.0,0
2026-01,River Place,Hell's Kitchen Polygon,FREEMIUM,1,5.0,0
2026-01,River Place,Hell's Kitchen Polygon,ON_DEMAND_SUBSCRIPTION,22,5.0,1
2026-01,River Place,Hell's Kitchen Polygon,RECURRING_SUBSCRIPTION,55,4.95,0
2026-01,River Place,Hell's Kitchen Polygon,TRIAL,4,5.0,0
2026-01,River Place,Hell's Kitchen Polygon,WARM_LEAD,1,5.0,0
2026-01,Rothschild 80,Unknown,CHURN,2,,0
2026-01,Silver Towers,Hell's Kitchen Polygon,CHURN,20,3.6,2
2026-01,Silver Towers,Hell's Kitchen Polygon,FREEMIUM,5,,0
2026-01,Silver Towers,Hell's Kitchen Polygon,LEAD,1,5.0,0
2026-01,Silver Towers,Hell's Kitchen Polygon,ON_DEMAND_SUBSCRIPTION,31,4.74,2
2026-01,Silver Towers,Hell's Kitchen Polygon,RECURRING_SUBSCRIPTION,108,4.67,7
2026-01,Silver Towers,Hell's Kitchen Polygon,TRIAL,5,5.0,0
2026-01,Silver Towers,Hell's Kitchen Polygon,WARM_LEAD,2,5.0,0
2026-01,Stonehill,Chatham / West Orange Polygon,CHURN,2,4.0,0
2026-01,Stonehill,Chatham / West Orange Polygon,LEAD,1,,0
2026-01,Stonehill,Chatham / West Orange Polygon,ON_DEMAND_SUBSCRIPTION,3,5.0,1
2026-01,Stonehill,Chatham / West Orange Polygon,RECURRING_SUBSCRIPTION,6,4.67,0
2026-01,The Addison,Brooklyn Heights Polygon,CHURN,3,5.0,2
2026-01,The Addison,Brooklyn Heights Polygon,RECURRING_SUBSCRIPTION,4,5.0,1
2026-01,The Addison,Brooklyn Heights Polygon,TRIAL,1,,0
2026-01,The Addison,Brooklyn Heights Polygon,WARM_LEAD,1,,0
2026-01,The Bergen,Boerum Hill Polygon,CHURN,2,5.0,0
2026-01,The Bergen,Boerum Hill Polygon,WARM_LEAD,1,5.0,0
2026-01,The Boulevard,Floating Miami,CHURN,4,5.0,0
2026-01,The Boulevard,Floating Miami,ON_DEMAND_SUBSCRIPTION,4,5.0,0
2026-01,The Boulevard,Floating Miami,RECURRING_SUBSCRIPTION,8,5.0,0
2026-01,The Boulevard,Floating Miami,TRIAL,1,5.0,0
2026-01,The Buchanan,Floating NY 1,ON_DEMAND_SUBSCRIPTION,4,5.0,0
2026-01,The Buchanan,Floating NY 1,RECURRING_SUBSCRIPTION,16,5.0,2
2026-01,The Devan,Hoboken Polygon,CHURN,4,5.0,0
2026-01,The Devan,Hoboken Polygon,ON_DEMAND_SUBSCRIPTION,3,5.0,0
2026-01,The Devan,Hoboken Polygon,RECURRING_SUBSCRIPTION,22,4.93,0
2026-01,The Dime,Williamsburg Polygon,CHURN,3,,0
2026-01,The Dime,Williamsburg Polygon,LEAD,1,5.0,1
2026-01,The Dime,Williamsburg Polygon,ON_DEMAND_SUBSCRIPTION,3,5.0,0
2026-01,The Dime,Williamsburg Polygon,RECURRING_SUBSCRIPTION,10,5.0,3
2026-01,The Dime,Williamsburg Polygon,TRIAL,1,,0
2026-01,The Eddy,Harrison Polygon,ON_DEMAND_SUBSCRIPTION,1,5.0,0
2026-01,The Eddy,Harrison Polygon,RECURRING_SUBSCRIPTION,6,5.0,0
2026-01,The Enclave,Hoboken Polygon,CHURN,3,,0
2026-01,The Enclave,Hoboken Polygon,RECURRING_SUBSCRIPTION,8,5.0,0
2026-01,The Ivy,Chatham / West Orange Polygon,CHURN,9,5.0,0
2026-01,The Ivy,Chatham / West Orange Polygon,ON_DEMAND_SUBSCRIPTION,2,5.0,0
2026-01,The Ivy,Chatham / West Orange Polygon,RECURRING_SUBSCRIPTION,15,5.0,1
2026-01,The Kestrel,Floating NY 2,CHURN,1,,0
2026-01,The Kestrel,Floating NY 2,ON_DEMAND_SUBSCRIPTION,3,5.0,2
2026-01,The Kestrel,Floating NY 2,RECURRING_SUBSCRIPTION,5,5.0,0
2026-01,The Kestrel,Floating NY 2,TRIAL,1,5.0,0
2026-01,The Landing,Brooklyn Heights Polygon,ON_DEMAND_SUBSCRIPTION,4,5.0,3
2026-01,The Landing,Brooklyn Heights Polygon,RECURRING_SUBSCRIPTION,2,5.0,1
2026-01,The Landon,Hell's Kitchen Polygon,CHURN,2,5.0,0
2026-01,The Landon,Hell's Kitchen Polygon,ON_DEMAND_SUBSCRIPTION,1,5.0,0
2026-01,The Landon,Hell's Kitchen Polygon,RECURRING_SUBSCRIPTION,3,5.0,0
2026-01,The Vitagraph,Floating NY 2,CHURN,4,5.0,0
2026-01,Woodside Central,Floating NY 1,FROZEN,5,5.0,0
2026-01,Woodside Central,Floating NY 1,ON_DEMAND_SUBSCRIPTION,2,,0
2026-01,Woodside Central,Floating NY 1,RECURRING_SUBSCRIPTION,9,5.0,0
2026-01,Woodside Central,Floating NY 1,TRIAL,4,5.0,0
2026-02,100 House,Hoboken Polygon,CHURN,5,4.6,0
2026-02,100 House,Hoboken Polygon,RECURRING_SUBSCRIPTION,9,5.0,2
2026-02,1 Boerum PL,Floating NY 2,CHURN,5,5.0,0
2026-02,1 Boerum PL,Floating NY 2,RECURRING_SUBSCRIPTION,9,,0
2026-02,2000 Biscayne,Edgeater Polygon,CHURN,2,5.0,0
2026-02,2000 Biscayne,Edgeater Polygon,ON_DEMAND_SUBSCRIPTION,6,4.75,1
2026-02,2000 Biscayne,Edgeater Polygon,RECURRING_SUBSCRIPTION,10,4.71,0
2026-02,2000 Biscayne,Edgeater Polygon,TRIAL,2,5.0,1
2026-02,2000 Biscayne,Edgeater Polygon,WARM_LEAD,2,5.0,0
2026-02,20 Broad Street,Financial District Polygon,CHURN,10,5.0,0
2026-02,20 Broad Street,Financial District Polygon,ON_DEMAND_SUBSCRIPTION,13,5.0,0
2026-02,20 Broad Street,Financial District Polygon,RECURRING_SUBSCRIPTION,31,5.0,1
2026-02,250 E Houston,Floating NY 2,CHURN,1,5.0,0
2026-02,250 E Houston,Floating NY 2,RECURRING_SUBSCRIPTION,7,5.0,1
2026-02,300 Somerset,Harrison Polygon,CHURN,1,,0
2026-02,300 Somerset,Harrison Polygon,ON_DEMAND_SUBSCRIPTION,4,5.0,0
2026-02,300 Somerset,Harrison Polygon,RECURRING_SUBSCRIPTION,4,5.0,1
2026-02,300 Somerset,Harrison Polygon,TRIAL,1,5.0,0
2026-02,300 Somerset,Harrison Polygon,WARM_LEAD,2,5.0,1
2026-02,330 Angelo Cifelli,Harrison Polygon,CHURN,4,5.0,1
2026-02,330 Angelo Cifelli,Harrison Polygon,ON_DEMAND_SUBSCRIPTION,1,,0
2026-02,330 Angelo Cifelli,Harrison Polygon,RECURRING_SUBSCRIPTION,16,5.0,2
2026-02,330W-56th,Hell's Kitchen Polygon,CHURN,3,5.0,0
2026-02,330W-56th,Hell's Kitchen Polygon,RECURRING_SUBSCRIPTION,12,5.0,0
2026-02,345 Baldwin Avenue,Floating Jersey,CHURN,3,,0
2026-02,345 Baldwin Avenue,Floating Jersey,ON_DEMAND_SUBSCRIPTION,1,1.0,1
2026-02,345 Baldwin Avenue,Floating Jersey,RECURRING_SUBSCRIPTION,6,4.0,1
2026-02,345 Baldwin Avenue,Floating Jersey,WARM_LEAD,1,5.0,1
2026-02,416 Kent Avenue,Williamsburg Polygon,ON_DEMAND_SUBSCRIPTION,1,5.0,0
2026-02,416 Kent Avenue,Williamsburg Polygon,RECURRING_SUBSCRIPTION,5,4.67,1
2026-02,416 Kent Avenue,Williamsburg Polygon,WARM_LEAD,2,5.0,1
2026-02,420 Kent Avenue,Williamsburg Polygon,CHURN,2,,0
2026-02,420 Kent Avenue,Williamsburg Polygon,ON_DEMAND_SUBSCRIPTION,6,5.0,1
2026-02,420 Kent Avenue,Williamsburg Polygon,RECURRING_SUBSCRIPTION,21,5.0,0
2026-02,420 Kent Avenue,Williamsburg Polygon,WARM_LEAD,4,5.0,2
2026-02,535 W 43rd Street,Hell's Kitchen Polygon,CHURN,1,5.0,0
2026-02,535 W 43rd Street,Hell's Kitchen Polygon,RECURRING_SUBSCRIPTION,3,,0
2026-02,535 W 43rd Street,Hell's Kitchen Polygon,TRIAL,1,,0
2026-02,655 Union,Boerum Hill Polygon,CHURN,4,,0
2026-02,655 Union,Boerum Hill Polygon,RECURRING_SUBSCRIPTION,8,,0
2026-02,66 Rockwell Place,Brooklyn Heights Polygon,CHURN,2,,0
2026-02,66 Rockwell Place,Brooklyn Heights Polygon,ON_DEMAND_SUBSCRIPTION,1,5.0,0
2026-02,66 Rockwell Place,Brooklyn Heights Polygon,RECURRING_SUBSCRIPTION,8,5.0,1
2026-02,66 Rockwell Place,Brooklyn Heights Polygon,TRIAL,1,,0
2026-02,Agnes,Floating Jersey,ON_DEMAND_SUBSCRIPTION,3,5.0,1
2026-02,Agnes,Floating Jersey,RECURRING_SUBSCRIPTION,17,5.0,1
2026-02,Alta,Floating NY 1,CHURN,2,,0
2026-02,Alta,Floating NY 1,ON_DEMAND_SUBSCRIPTION,5,5.0,0
2026-02,Alta,Floating NY 1,RECURRING_SUBSCRIPTION,19,5.0,0
2026-02,Alta,Floating NY 1,TRIAL,1,5.0,0
2026-02,Alta,Floating NY 1,WARM_LEAD,1,5.0,1
2026-02,Azrieli TLV,Unknown,CHURN,63,4.9,0
2026-02,Azrieli TLV,Unknown,TRIAL,6,,0
2026-02,Bay Parc Apartments,Edgeater Polygon,CHURN,7,4.5,2
2026-02,Bay Parc Apartments,Edgeater Polygon,ON_DEMAND_SUBSCRIPTION,5,5.0,0
2026-02,Bay Parc Apartments,Edgeater Polygon,RECURRING_SUBSCRIPTION,20,4.7,1
2026-02,Bay Parc Apartments,Edgeater Polygon,TRIAL,3,5.0,2
2026-02,Bay Parc Apartments,Edgeater Polygon,WARM_LEAD,4,4.67,0
2026-02,Biscayne SFR,The Ocean Club Polygon,CHURN,1,5.0,1
2026-02,Biscayne SFR,Unknown,CHURN,3,5.0,0
2026-02,Brooklyn Crossing,Boerum Hill Polygon,CHURN,8,5.0,2
2026-02,Brooklyn Crossing,Boerum Hill Polygon,ON_DEMAND_SUBSCRIPTION,12,5.0,6
2026-02,Brooklyn Crossing,Boerum Hill Polygon,RECURRING_SUBSCRIPTION,31,5.0,1
2026-02,Cape Florida Club Condo Phase,The Ocean Club Polygon,WARM_LEAD,1,5.0,1
2026-02,Cite On The Bay,Edgeater Polygon,CHURN,1,5.0,1
2026-02,Cite On The Bay,Edgeater Polygon,TRIAL,1,,0
2026-02,Dey and Bergen,Harrison Polygon,CHURN,2,4.0,2
2026-02,Dey and Bergen,Harrison Polygon,ON_DEMAND_SUBSCRIPTION,2,5.0,1
2026-02,Dey and Bergen,Harrison Polygon,WARM_LEAD,5,4.67,1
2026-02,Flamingo Point Center Tower,Miami Beach Polygon,CHURN,8,5.0,0
2026-02,Flamingo Point Center Tower,Miami Beach Polygon,ON_DEMAND_SUBSCRIPTION,9,5.0,1
2026-02,Flamingo Point Center Tower,Miami Beach Polygon,RECURRING_SUBSCRIPTION,42,5.0,1
2026-02,Flamingo Point Center Tower,Miami Beach Polygon,TRIAL,3,5.0,2
2026-02,Flamingo Point Center Tower,Miami Beach Polygon,WARM_LEAD,4,5.0,0
2026-02,Flamingo Point North Tower,Miami Beach Polygon,CHURN,2,,0
2026-02,Flamingo Point North Tower,Miami Beach Polygon,ON_DEMAND_SUBSCRIPTION,5,5.0,0
2026-02,Flamingo Point North Tower,Miami Beach Polygon,RECURRING_SUBSCRIPTION,35,5.0,3
2026-02,Flamingo Point North Tower,Miami Beach Polygon,TRIAL,3,5.0,0
2026-02,Flamingo South Beach,Miami Beach Polygon,CHURN,6,5.0,0
2026-02,Flamingo South Beach,Miami Beach Polygon,ON_DEMAND_SUBSCRIPTION,5,4.6,3
2026-02,Flamingo South Beach,Miami Beach Polygon,RECURRING_SUBSCRIPTION,13,4.89,1
2026-02,Flamingo South Beach,Miami Beach Polygon,TRIAL,2,5.0,1
2026-02,Flamingo South Beach,Miami Beach Polygon,WARM_LEAD,3,5.0,0
2026-02,Gindi 1,Unknown,CHURN,69,4.75,3
2026-02,Gindi 1,Unknown,TRIAL,1,5.0,0
2026-02,Gindi 2,Unknown,CHURN,48,5.0,1
2026-02,Gindi 3,Unknown,CHURN,44,5.0,2
2026-02,Gindi 3,Unknown,TRIAL,2,5.0,0
2026-02,Gindi 4,Unknown,CHURN,42,5.0,1
2026-02,Gindi 4,Unknown,TRIAL,2,5.0,0
2026-02,Grove Central Residences,Floating Miami,CHURN,6,5.0,0
2026-02,Grove Central Residences,Floating Miami,ON_DEMAND_SUBSCRIPTION,2,5.0,0
2026-02,Grove Central Residences,Floating Miami,RECURRING_SUBSCRIPTION,3,5.0,0
2026-02,HaHehad,Unknown,CHURN,18,5.0,1
2026-02,HaHehad,Unknown,TRIAL,4,,0
2026-02,John Street 116,Financial District Polygon,CHURN,2,5.0,1
2026-02,John Street 116,Financial District Polygon,ON_DEMAND_SUBSCRIPTION,3,,0
2026-02,John Street 116,Financial District Polygon,RECURRING_SUBSCRIPTION,10,5.0,0
2026-02,Livana East Hanover,Chatham / West Orange Polygon,CHURN,2,5.0,0
2026-02,Livana East Hanover,Chatham / West Orange Polygon,RECURRING_SUBSCRIPTION,7,5.0,1
2026-02,Livana East Hanover,Chatham / West Orange Polygon,TRIAL,2,5.0,0
2026-02,Livana East Hanover,Chatham / West Orange Polygon,WARM_LEAD,3,5.0,0
2026-02,Midtown 5,Floating Miami,CHURN,3,5.0,1
2026-02,Midtown 5,Floating Miami,ON_DEMAND_SUBSCRIPTION,4,5.0,1
2026-02,Midtown 5,Floating Miami,RECURRING_SUBSCRIPTION,16,4.78,2
2026-02,Midtown 5,Floating Miami,TRIAL,2,5.0,0
2026-02,Midtown 5,Floating Miami,WARM_LEAD,4,5.0,1
2026-02,Nine 52,Hell's Kitchen Polygon,RECURRING_SUBSCRIPTION,7,,0
2026-02,Oliver on the Hudson,Floating Jersey,CHURN,2,,0
2026-02,Oliver on the Hudson,Floating Jersey,RECURRING_SUBSCRIPTION,6,5.0,0
2026-02,One Harrison,Harrison Polygon,CHURN,3,5.0,1
2026-02,One Harrison,Harrison Polygon,LEAD,1,5.0,0
2026-02,One Harrison,Harrison Polygon,RECURRING_SUBSCRIPTION,6,5.0,1
2026-02,One Harrison,Harrison Polygon,TRIAL,2,5.0,2
2026-02,One Harrison,Harrison Polygon,WARM_LEAD,2,5.0,0
2026-02,One Ten,Hoboken Polygon,CHURN,4,5.0,1
2026-02,One Ten,Hoboken Polygon,ON_DEMAND_SUBSCRIPTION,2,5.0,0
2026-02,One Ten,Hoboken Polygon,RECURRING_SUBSCRIPTION,10,5.0,1
2026-02,One Ten,Hoboken Polygon,WARM_LEAD,1,5.0,0
2026-02,Opera Tower,Edgeater Polygon,RECURRING_SUBSCRIPTION,1,5.0,0
2026-02,Plank Road,Boerum Hill Polygon,CHURN,5,5.0,0
2026-02,Plank Road,Boerum Hill Polygon,RECURRING_SUBSCRIPTION,5,5.0,0
2026-02,Plank Road,Boerum Hill Polygon,TRIAL,2,5.0,0
2026-02,River Place,Hell's Kitchen Polygon,CHURN,10,5.0,0
2026-02,River Place,Hell's Kitchen Polygon,FREEMIUM,1,,0
2026-02,River Place,Hell's Kitchen Polygon,ON_DEMAND_SUBSCRIPTION,29,5.0,3
2026-02,River Place,Hell's Kitchen Polygon,RECURRING_SUBSCRIPTION,52,5.0,2
2026-02,River Place,Hell's Kitchen Polygon,TRIAL,1,,0
2026-02,Silver Towers,Hell's Kitchen Polygon,CHURN,9,5.0,0
2026-02,Silver Towers,Hell's Kitchen Polygon,FREEMIUM,2,,0
2026-02,Silver Towers,Hell's Kitchen Polygon,LEAD,1,,0
2026-02,Silver Towers,Hell's Kitchen Polygon,ON_DEMAND_SUBSCRIPTION,32,4.95,1
2026-02,Silver Towers,Hell's Kitchen Polygon,RECURRING_SUBSCRIPTION,99,4.76,3
2026-02,Silver Towers,Hell's Kitchen Polygon,TRIAL,2,5.0,0
2026-02,Silver Towers,Hell's Kitchen Polygon,WARM_LEAD,3,5.0,0
2026-02,Southgate Towers,Miami Beach Polygon,CHURN,3,5.0,1
2026-02,Southgate Towers,Miami Beach Polygon,LEAD,1,,0
2026-02,Southgate Towers,Miami Beach Polygon,ON_DEMAND_SUBSCRIPTION,2,5.0,0
2026-02,Southgate Towers,Miami Beach Polygon,RECURRING_SUBSCRIPTION,5,5.0,1
2026-02,Southgate Towers,Miami Beach Polygon,TRIAL,3,,0
2026-02,Southgate Towers,Miami Beach Polygon,WARM_LEAD,3,5.0,0
2026-02,Stonehill,Chatham / West Orange Polygon,CHURN,3,,0
2026-02,Stonehill,Chatham / West Orange Polygon,ON_DEMAND_SUBSCRIPTION,2,5.0,0
2026-02,Stonehill,Chatham / West Orange Polygon,RECURRING_SUBSCRIPTION,6,5.0,0
2026-02,The Addison,Brooklyn Heights Polygon,CHURN,2,5.0,0
2026-02,The Addison,Brooklyn Heights Polygon,RECURRING_SUBSCRIPTION,1,,0
2026-02,The Addison,Brooklyn Heights Polygon,WARM_LEAD,1,5.0,0
2026-02,The Bergen,Boerum Hill Polygon,CHURN,1,,0
2026-02,The Bergen,Boerum Hill Polygon,RECURRING_SUBSCRIPTION,1,,0
2026-02,The Boulevard,Floating Miami,CHURN,5,5.0,0
2026-02,The Boulevard,Floating Miami,ON_DEMAND_SUBSCRIPTION,5,5.0,1
2026-02,The Boulevard,Floating Miami,RECURRING_SUBSCRIPTION,14,4.88,2
2026-02,The Boulevard,Floating Miami,TRIAL,2,5.0,2
2026-02,The Boulevard,Floating Miami,WARM_LEAD,1,5.0,0
2026-02,The Buchanan,Floating NY 1,CHURN,2,5.0,0
2026-02,The Buchanan,Floating NY 1,ON_DEMAND_SUBSCRIPTION,2,5.0,0
2026-02,The Buchanan,Floating NY 1,RECURRING_SUBSCRIPTION,19,5.0,2
2026-02,The Buchanan,Floating NY 1,WARM_LEAD,2,5.0,0
2026-02,The Devan,Hoboken Polygon,CHURN,7,5.0,0
2026-02,The Devan,Hoboken Polygon,ON_DEMAND_SUBSCRIPTION,1,5.0,0
2026-02,The Devan,Hoboken Polygon,RECURRING_SUBSCRIPTION,25,5.0,1
2026-02,The Devan,Hoboken Polygon,TRIAL,1,,0
2026-02,The Dime,Williamsburg Polygon,CHURN,2,,0
2026-02,The Dime,Williamsburg Polygon,ON_DEMAND_SUBSCRIPTION,2,5.0,0
2026-02,The Dime,Williamsburg Polygon,RECURRING_SUBSCRIPTION,4,5.0,1
2026-02,The Eddy,Harrison Polygon,CHURN,2,5.0,0
2026-02,The Eddy,Harrison Polygon,RECURRING_SUBSCRIPTION,6,5.0,1
2026-02,The Enclave,Hoboken Polygon,CHURN,1,,0
2026-02,The Enclave,Hoboken Polygon,RECURRING_SUBSCRIPTION,7,4.67,0
2026-02,The Enclave,Hoboken Polygon,WARM_LEAD,1,5.0,1
2026-02,The Ivy,Chatham / West Orange Polygon,CHURN,7,5.0,0
2026-02,The Ivy,Chatham / West Orange Polygon,ON_DEMAND_SUBSCRIPTION,1,,0
2026-02,The Ivy,Chatham / West Orange Polygon,RECURRING_SUBSCRIPTION,18,5.0,1
2026-02,The Kestrel,Floating NY 2,CHURN,4,5.0,0
2026-02,The Kestrel,Floating NY 2,ON_DEMAND_SUBSCRIPTION,3,5.0,2
2026-02,The Kestrel,Floating NY 2,RECURRING_SUBSCRIPTION,4,5.0,0
2026-02,The Kestrel,Floating NY 2,WARM_LEAD,1,5.0,0
2026-02,The Landing,Brooklyn Heights Polygon,ON_DEMAND_SUBSCRIPTION,2,5.0,2
2026-02,The Landing,Brooklyn Heights Polygon,RECURRING_SUBSCRIPTION,1,5.0,0
2026-02,The Landon,Hell's Kitchen Polygon,CHURN,1,5.0,0
2026-02,The Landon,Hell's Kitchen Polygon,LEAD,2,5.0,0
2026-02,The Landon,Hell's Kitchen Polygon,RECURRING_SUBSCRIPTION,4,5.0,0
2026-02,The Vitagraph,Floating NY 2,CHURN,2,5.0,0
2026-02,The Vitagraph,Floating NY 2,TRIAL,1,5.0,0
2026-02,Union Channel ,Boerum Hill Polygon,LEAD,1,,0
2026-02,Union Channel ,Boerum Hill Polygon,RECURRING_SUBSCRIPTION,2,5.0,0
2026-02,Watermarc at Biscayne Bay,Edgeater Polygon,TRIAL,1,5.0,0
2026-02,Watermarc at Biscayne Bay,Edgeater Polygon,WARM_LEAD,3,5.0,0
2026-02,Waters Edge,Harrison Polygon,CHURN,1,,0
2026-02,Waters Edge,Harrison Polygon,ON_DEMAND_SUBSCRIPTION,1,,0
2026-02,Waters Edge,Harrison Polygon,TRIAL,1,,0
2026-02,Waters Edge,Harrison Polygon,WARM_LEAD,3,4.67,1
2026-02,Woodside Central,Floating NY 1,FREEMIUM,2,5.0,1
2026-02,Woodside Central,Floating NY 1,FROZEN,1,5.0,0
2026-02,Woodside Central,Floating NY 1,RECURRING_SUBSCRIPTION,7,5.0,0
2026-03,100 House,Hoboken Polygon,CHURN,4,5.0,0
2026-03,100 House,Hoboken Polygon,ON_DEMAND_SUBSCRIPTION,2,5.0,1
2026-03,100 House,Hoboken Polygon,RECURRING_SUBSCRIPTION,12,5.0,0
2026-03,100 House,Hoboken Polygon,WARM_LEAD,2,5.0,0
2026-03,1800 North Bayshore Drive,Edgeater Polygon,WARM_LEAD,1,5.0,0
2026-03,1 Boerum PL,Floating NY 2,CHURN,4,,0
2026-03,1 Boerum PL,Floating NY 2,ON_DEMAND_SUBSCRIPTION,1,5.0,0
2026-03,1 Boerum PL,Floating NY 2,RECURRING_SUBSCRIPTION,9,,0
2026-03,2000 Biscayne,Edgeater Polygon,ON_DEMAND_SUBSCRIPTION,5,5.0,2
2026-03,2000 Biscayne,Edgeater Polygon,RECURRING_SUBSCRIPTION,18,4.78,1
2026-03,2000 Biscayne,Edgeater Polygon,TRIAL,4,4.5,0
2026-03,2000 Biscayne,Edgeater Polygon,WARM_LEAD,5,4.33,2
2026-03,2001 Biscayne Boulevard,Edgeater Polygon,ON_DEMAND_SUBSCRIPTION,1,,0
2026-03,20 Broad Street,Financial District Polygon,CHURN,8,5.0,0
2026-03,20 Broad Street,Financial District Polygon,ON_DEMAND_SUBSCRIPTION,20,5.0,0
2026-03,20 Broad Street,Financial District Polygon,RECURRING_SUBSCRIPTION,28,4.8,1
2026-03,20 Broad Street,Financial District Polygon,TRIAL,2,5.0,1
2026-03,20 Broad Street,Financial District Polygon,WARM_LEAD,3,4.0,0
2026-03,250 E Houston,Floating NY 2,CHURN,1,5.0,0
2026-03,250 E Houston,Floating NY 2,RECURRING_SUBSCRIPTION,6,4.33,1
2026-03,300 Somerset,Harrison Polygon,CHURN,1,,0
2026-03,300 Somerset,Harrison Polygon,FREEMIUM,1,5.0,0
2026-03,300 Somerset,Harrison Polygon,ON_DEMAND_SUBSCRIPTION,4,5.0,0
2026-03,300 Somerset,Harrison Polygon,RECURRING_SUBSCRIPTION,6,5.0,1
2026-03,300 Somerset,Harrison Polygon,TRIAL,2,5.0,0
2026-03,300 Somerset,Harrison Polygon,WARM_LEAD,2,5.0,2
2026-03,330 Angelo Cifelli,Harrison Polygon,CHURN,4,5.0,2
2026-03,330 Angelo Cifelli,Harrison Polygon,RECURRING_SUBSCRIPTION,22,5.0,1
2026-03,330 Angelo Cifelli,Harrison Polygon,WARM_LEAD,1,5.0,0
2026-03,330W-56th,Hell's Kitchen Polygon,CHURN,4,5.0,0
2026-03,330W-56th,Hell's Kitchen Polygon,FREEMIUM,2,5.0,1
2026-03,330W-56th,Hell's Kitchen Polygon,RECURRING_SUBSCRIPTION,15,4.8,2
2026-03,330W-56th,Hell's Kitchen Polygon,WARM_LEAD,1,,0
2026-03,345 Baldwin Avenue,Floating Jersey,CHURN,2,5.0,0
2026-03,345 Baldwin Avenue,Floating Jersey,ON_DEMAND_SUBSCRIPTION,1,,0
2026-03,345 Baldwin Avenue,Floating Jersey,RECURRING_SUBSCRIPTION,5,5.0,0
2026-03,345 Baldwin Avenue,Floating Jersey,WARM_LEAD,4,5.0,1
2026-03,416 Kent Avenue,Williamsburg Polygon,ON_DEMAND_SUBSCRIPTION,4,5.0,0
2026-03,416 Kent Avenue,Williamsburg Polygon,RECURRING_SUBSCRIPTION,7,5.0,0
2026-03,416 Kent Avenue,Williamsburg Polygon,WARM_LEAD,2,,0
2026-03,420 Kent Avenue,Williamsburg Polygon,ON_DEMAND_SUBSCRIPTION,7,5.0,0
2026-03,420 Kent Avenue,Williamsburg Polygon,RECURRING_SUBSCRIPTION,27,4.9,5
2026-03,420 Kent Avenue,Williamsburg Polygon,TRIAL,2,5.0,1
2026-03,420 Kent Avenue,Williamsburg Polygon,WARM_LEAD,1,,0
2026-03,535 W 43rd Street,Hell's Kitchen Polygon,CHURN,1,,0
2026-03,535 W 43rd Street,Hell's Kitchen Polygon,RECURRING_SUBSCRIPTION,4,5.0,0
2026-03,535 W 43rd Street,Hell's Kitchen Polygon,TRIAL,1,5.0,0
2026-03,655 Union,Boerum Hill Polygon,CHURN,1,,0
2026-03,655 Union,Boerum Hill Polygon,ON_DEMAND_SUBSCRIPTION,1,,0
2026-03,655 Union,Boerum Hill Polygon,RECURRING_SUBSCRIPTION,22,5.0,0
2026-03,655 Union,Boerum Hill Polygon,WARM_LEAD,3,5.0,0
2026-03,655 Union,Williamsburg Polygon,CHURN,3,5.0,0
2026-03,66 Rockwell Place,Brooklyn Heights Polygon,CHURN,1,,0
2026-03,66 Rockwell Place,Brooklyn Heights Polygon,RECURRING_SUBSCRIPTION,16,4.86,1
2026-03,66 Rockwell Place,Brooklyn Heights Polygon,TRIAL,1,5.0,1
2026-03,Agnes,Floating Jersey,CHURN,3,5.0,1
2026-03,Agnes,Floating Jersey,ON_DEMAND_SUBSCRIPTION,2,5.0,1
2026-03,Agnes,Floating Jersey,RECURRING_SUBSCRIPTION,7,4.5,0
2026-03,Alta,Floating NY 1,CHURN,3,4.0,0
2026-03,Alta,Floating NY 1,ON_DEMAND_SUBSCRIPTION,3,5.0,0
2026-03,Alta,Floating NY 1,RECURRING_SUBSCRIPTION,23,5.0,2
2026-03,Alta,Floating NY 1,TRIAL,1,5.0,1
2026-03,Alta,Floating NY 1,WARM_LEAD,2,5.0,1
2026-03,Azrieli TLV,Unknown,CHURN,62,5.0,0
2026-03,Azrieli TLV,Unknown,TRIAL,3,,0
2026-03,Bay Parc Apartments,Edgeater Polygon,CHURN,5,5.0,0
2026-03,Bay Parc Apartments,Edgeater Polygon,ON_DEMAND_SUBSCRIPTION,5,5.0,0
2026-03,Bay Parc Apartments,Edgeater Polygon,RECURRING_SUBSCRIPTION,28,4.93,7
2026-03,Bay Parc Apartments,Edgeater Polygon,TRIAL,4,5.0,0
2026-03,Bay Parc Apartments,Edgeater Polygon,WARM_LEAD,12,4.82,4
2026-03,Biscayne SFR,The Ocean Club Polygon,CHURN,3,5.0,3
2026-03,Biscayne SFR,Unknown,CHURN,3,5.0,0
2026-03,Brooklyn Crossing,Boerum Hill Polygon,CHURN,5,5.0,2
2026-03,Brooklyn Crossing,Boerum Hill Polygon,ON_DEMAND_SUBSCRIPTION,12,5.0,7
2026-03,Brooklyn Crossing,Boerum Hill Polygon,RECURRING_SUBSCRIPTION,39,5.0,4
2026-03,Brooklyn Crossing,Boerum Hill Polygon,WARM_LEAD,3,5.0,1
2026-03,Cite On The Bay,Edgeater Polygon,CHURN,2,5.0,0
2026-03,Cite On The Bay,Edgeater Polygon,RECURRING_SUBSCRIPTION,1,5.0,0
2026-03,Dey and Bergen,Harrison Polygon,CHURN,1,5.0,1
2026-03,Dey and Bergen,Harrison Polygon,ON_DEMAND_SUBSCRIPTION,2,5.0,0
2026-03,Dey and Bergen,Harrison Polygon,WARM_LEAD,4,5.0,1
2026-03,Flamingo Point Center Tower,Miami Beach Polygon,CHURN,10,,0
2026-03,Flamingo Point Center Tower,Miami Beach Polygon,FROZEN,4,5.0,0
2026-03,Flamingo Point Center Tower,Miami Beach Polygon,ON_DEMAND_SUBSCRIPTION,8,5.0,1
2026-03,Flamingo Point Center Tower,Miami Beach Polygon,RECURRING_SUBSCRIPTION,50,5.0,4
2026-03,Flamingo Point Center Tower,Miami Beach Polygon,TRIAL,3,4.67,1
2026-03,Flamingo Point Center Tower,Miami Beach Polygon,WARM_LEAD,6,5.0,3
2026-03,Flamingo Point North Tower,Miami Beach Polygon,ON_DEMAND_SUBSCRIPTION,4,5.0,0
2026-03,Flamingo Point North Tower,Miami Beach Polygon,RECURRING_SUBSCRIPTION,38,5.0,1
2026-03,Flamingo Point North Tower,Miami Beach Polygon,WARM_LEAD,1,,0
2026-03,Flamingo South Beach,Miami Beach Polygon,CHURN,10,5.0,0
2026-03,Flamingo South Beach,Miami Beach Polygon,ON_DEMAND_SUBSCRIPTION,1,5.0,0
2026-03,Flamingo South Beach,Miami Beach Polygon,RECURRING_SUBSCRIPTION,14,4.64,1
2026-03,Flamingo South Beach,Miami Beach Polygon,TRIAL,2,5.0,0
2026-03,Flamingo South Beach,Miami Beach Polygon,WARM_LEAD,5,5.0,0
2026-03,Gindi 1,Unknown,CHURN,48,5.0,0
2026-03,Gindi 1,Unknown,TRIAL,2,,0
2026-03,Gindi 2,Unknown,CHURN,32,4.83,0
2026-03,Gindi 2,Unknown,TRIAL,1,,0
2026-03,Gindi 3,Unknown,CHURN,50,5.0,1
2026-03,Gindi 4,Unknown,CHURN,24,5.0,0
2026-03,Gindi 4,Unknown,TRIAL,1,,0
2026-03,Grove Central Residences,Floating Miami,CHURN,7,5.0,0
2026-03,Grove Central Residences,Floating Miami,ON_DEMAND_SUBSCRIPTION,1,,0
2026-03,Grove Central Residences,Floating Miami,RECURRING_SUBSCRIPTION,4,5.0,0
2026-03,Grove Central Residences,Floating Miami,TRIAL,1,,0
2026-03,Grove Central Residences,Floating Miami,WARM_LEAD,1,5.0,0
2026-03,HaHehad,Unknown,CHURN,12,5.0,0
2026-03,HaHehad,Unknown,TRIAL,5,,0
2026-03,John Street 116,Financial District Polygon,CHURN,3,5.0,0
2026-03,John Street 116,Financial District Polygon,ON_DEMAND_SUBSCRIPTION,5,,0
2026-03,John Street 116,Financial District Polygon,RECURRING_SUBSCRIPTION,11,5.0,1
2026-03,John Street 116,Financial District Polygon,TRIAL,1,5.0,0
2026-03,Key Colony 3 Emeraldbay,The Ocean Club Polygon,WARM_LEAD,1,,0
2026-03,Livana East Hanover,Chatham / West Orange Polygon,CHURN,1,5.0,0
2026-03,Livana East Hanover,Chatham / West Orange Polygon,RECURRING_SUBSCRIPTION,8,5.0,4
2026-03,Livana East Hanover,Chatham / West Orange Polygon,WARM_LEAD,5,5.0,0
2026-03,Midtown 5,Floating Miami,CHURN,4,5.0,1
2026-03,Midtown 5,Floating Miami,ON_DEMAND_SUBSCRIPTION,6,4.0,1
2026-03,Midtown 5,Floating Miami,RECURRING_SUBSCRIPTION,21,4.33,0
2026-03,Nine 52,Hell's Kitchen Polygon,RECURRING_SUBSCRIPTION,12,5.0,1
2026-03,Oliver on the Hudson,Floating Jersey,ON_DEMAND_SUBSCRIPTION,7,5.0,0
2026-03,Oliver on the Hudson,Floating Jersey,RECURRING_SUBSCRIPTION,9,5.0,0
2026-03,Oliver on the Hudson,Floating Jersey,TRIAL,1,5.0,1
2026-03,Oliver on the Hudson,Floating Jersey,WARM_LEAD,4,5.0,1
2026-03,One Harrison,Harrison Polygon,CHURN,3,4.67,0
2026-03,One Harrison,Harrison Polygon,RECURRING_SUBSCRIPTION,7,5.0,3
2026-03,One Harrison,Harrison Polygon,TRIAL,1,5.0,0
2026-03,One Harrison,Harrison Polygon,WARM_LEAD,6,5.0,4
2026-03,One Ten,Hoboken Polygon,CHURN,5,4.0,2
2026-03,One Ten,Hoboken Polygon,ON_DEMAND_SUBSCRIPTION,2,,0
2026-03,One Ten,Hoboken Polygon,RECURRING_SUBSCRIPTION,25,5.0,2
2026-03,One Ten,Hoboken Polygon,TRIAL,1,5.0,0
2026-03,One Ten,Hoboken Polygon,WARM_LEAD,2,5.0,0
2026-03,Plank Road,Boerum Hill Polygon,CHURN,5,,0
2026-03,Plank Road,Boerum Hill Polygon,RECURRING_SUBSCRIPTION,6,5.0,0
2026-03,Plank Road,Boerum Hill Polygon,TRIAL,2,5.0,0
2026-03,Quantum on the Bay Condominium,Edgeater Polygon,WARM_LEAD,2,5.0,1
2026-03,River Place,Hell's Kitchen Polygon,CHURN,5,5.0,0
2026-03,River Place,Hell's Kitchen Polygon,FREEMIUM,1,,0
2026-03,River Place,Hell's Kitchen Polygon,ON_DEMAND_SUBSCRIPTION,25,4.88,1
2026-03,River Place,Hell's Kitchen Polygon,RECURRING_SUBSCRIPTION,67,4.95,1
2026-03,River Place,Hell's Kitchen Polygon,TRIAL,4,3.0,1
2026-03,River Place,Hell's Kitchen Polygon,WARM_LEAD,1,5.0,0
2026-03,Rothschild 80,Unknown,CHURN,2,5.0,2
2026-03,Silver Towers,Hell's Kitchen Polygon,CHURN,5,5.0,1
2026-03,Silver Towers,Hell's Kitchen Polygon,FREEMIUM,4,5.0,2
2026-03,Silver Towers,Hell's Kitchen Polygon,FROZEN,1,,0
2026-03,Silver Towers,Hell's Kitchen Polygon,ON_DEMAND_SUBSCRIPTION,33,4.75,5
2026-03,Silver Towers,Hell's Kitchen Polygon,RECURRING_SUBSCRIPTION,118,4.79,9
2026-03,Silver Towers,Hell's Kitchen Polygon,TRIAL,3,5.0,1
2026-03,Silver Towers,Hell's Kitchen Polygon,WARM_LEAD,5,5.0,1
2026-03,Southgate Towers,Miami Beach Polygon,CHURN,6,4.67,0
2026-03,Southgate Towers,Miami Beach Polygon,ON_DEMAND_SUBSCRIPTION,2,5.0,0
2026-03,Southgate Towers,Miami Beach Polygon,RECURRING_SUBSCRIPTION,7,5.0,0
2026-03,Southgate Towers,Miami Beach Polygon,TRIAL,2,5.0,1
2026-03,Southgate Towers,Miami Beach Polygon,WARM_LEAD,9,5.0,0
2026-03,Stonehill,Chatham / West Orange Polygon,CHURN,2,,0
2026-03,Stonehill,Chatham / West Orange Polygon,ON_DEMAND_SUBSCRIPTION,2,,0
2026-03,Stonehill,Chatham / West Orange Polygon,RECURRING_SUBSCRIPTION,13,4.89,1
2026-03,The Addison,Brooklyn Heights Polygon,CHURN,1,5.0,0
2026-03,The Addison,Brooklyn Heights Polygon,RECURRING_SUBSCRIPTION,2,5.0,0
2026-03,The Addison,Brooklyn Heights Polygon,TRIAL,1,,0
2026-03,The Addison,Brooklyn Heights Polygon,WARM_LEAD,1,5.0,0
2026-03,The Boulevard,Floating Miami,CHURN,3,5.0,0
2026-03,The Boulevard,Floating Miami,ON_DEMAND_SUBSCRIPTION,4,5.0,0
2026-03,The Boulevard,Floating Miami,RECURRING_SUBSCRIPTION,12,5.0,1
2026-03,The Boulevard,Floating Miami,TRIAL,1,5.0,0
2026-03,The Boulevard,Floating Miami,WARM_LEAD,4,4.33,0
2026-03,The Buchanan,Floating NY 1,CHURN,1,,0
2026-03,The Buchanan,Floating NY 1,RECURRING_SUBSCRIPTION,19,5.0,2
2026-03,The Buchanan,Floating NY 1,TRIAL,1,5.0,0
2026-03,The Buchanan,Floating NY 1,WARM_LEAD,1,5.0,0
2026-03,The Devan,Hoboken Polygon,CHURN,1,,0
2026-03,The Devan,Hoboken Polygon,ON_DEMAND_SUBSCRIPTION,2,,0
2026-03,The Devan,Hoboken Polygon,RECURRING_SUBSCRIPTION,29,5.0,3
2026-03,The Devan,Hoboken Polygon,TRIAL,1,,0
2026-03,The Devan,Hoboken Polygon,WARM_LEAD,1,5.0,0
2026-03,The Dime,Williamsburg Polygon,CHURN,1,,0
2026-03,The Dime,Williamsburg Polygon,RECURRING_SUBSCRIPTION,8,5.0,1
2026-03,The Dime,Williamsburg Polygon,TRIAL,1,,0
2026-03,The Eddy,Harrison Polygon,CHURN,1,5.0,0
2026-03,The Eddy,Harrison Polygon,ON_DEMAND_SUBSCRIPTION,1,,0
2026-03,The Eddy,Harrison Polygon,RECURRING_SUBSCRIPTION,11,5.0,1
2026-03,The Eddy,Harrison Polygon,TRIAL,1,4.0,0
2026-03,The Eddy,Harrison Polygon,WARM_LEAD,3,5.0,1
2026-03,The Enclave,Hoboken Polygon,FREEMIUM,2,5.0,0
2026-03,The Enclave,Hoboken Polygon,RECURRING_SUBSCRIPTION,8,5.0,0
2026-03,The Ivy,Chatham / West Orange Polygon,CHURN,7,5.0,0
2026-03,The Ivy,Chatham / West Orange Polygon,ON_DEMAND_SUBSCRIPTION,2,5.0,0
2026-03,The Ivy,Chatham / West Orange Polygon,RECURRING_SUBSCRIPTION,19,5.0,0
2026-03,The Ivy,Chatham / West Orange Polygon,WARM_LEAD,1,,0
2026-03,The Kestrel,Floating NY 2,CHURN,2,5.0,0
2026-03,The Kestrel,Floating NY 2,ON_DEMAND_SUBSCRIPTION,2,5.0,2
2026-03,The Kestrel,Floating NY 2,RECURRING_SUBSCRIPTION,2,5.0,0
2026-03,The Landing,Brooklyn Heights Polygon,ON_DEMAND_SUBSCRIPTION,2,5.0,0
2026-03,The Landing,Brooklyn Heights Polygon,RECURRING_SUBSCRIPTION,1,5.0,0
2026-03,The Landing,Brooklyn Heights Polygon,WARM_LEAD,2,5.0,2
2026-03,The Landon,Hell's Kitchen Polygon,CHURN,2,5.0,0
2026-03,The Landon,Hell's Kitchen Polygon,RECURRING_SUBSCRIPTION,5,4.5,0
2026-03,The Vitagraph,Floating NY 2,CHURN,2,5.0,0
2026-03,Union Channel ,Boerum Hill Polygon,RECURRING_SUBSCRIPTION,2,5.0,0
2026-03,Union Channel ,Boerum Hill Polygon,TRIAL,2,5.0,0
2026-03,Watermarc at Biscayne Bay,Edgeater Polygon,CHURN,1,5.0,1
2026-03,Watermarc at Biscayne Bay,Edgeater Polygon,RECURRING_SUBSCRIPTION,1,5.0,1
2026-03,Watermarc at Biscayne Bay,Edgeater Polygon,TRIAL,2,5.0,1
2026-03,Watermarc at Biscayne Bay,Edgeater Polygon,WARM_LEAD,4,4.0,1
2026-03,Waters Edge,Harrison Polygon,CHURN,2,,0
2026-03,Woodside Central,Floating NY 1,ON_DEMAND_SUBSCRIPTION,4,5.0,1
2026-03,Woodside Central,Floating NY 1,RECURRING_SUBSCRIPTION,6,5.0,1
2026-03,Woodside Central,Floating NY 1,TRIAL,1,,0
2026-03,Woodside Central,Floating NY 1,WARM_LEAD,1,,0
2026-04,100 House,Hoboken Polygon,ON_DEMAND_SUBSCRIPTION,1,,0
2026-04,100 House,Hoboken Polygon,RECURRING_SUBSCRIPTION,15,4.75,1
2026-04,100 House,Hoboken Polygon,WARM_LEAD,5,5.0,1
2026-04,1800 Club,Edgeater Polygon,TRIAL,2,,0
2026-04,1800 North Bayshore Drive,Edgeater Polygon,RECURRING_SUBSCRIPTION,1,,0
2026-04,1800 North Bayshore Drive,Edgeater Polygon,TRIAL,3,5.0,0
2026-04,1800 North Bayshore Drive,Edgeater Polygon,WARM_LEAD,1,5.0,0
2026-04,1 Boerum PL,Floating NY 2,CHURN,2,,0
2026-04,1 Boerum PL,Floating NY 2,ON_DEMAND_SUBSCRIPTION,2,5.0,0
2026-04,1 Boerum PL,Floating NY 2,RECURRING_SUBSCRIPTION,11,,0
2026-04,1 Boerum PL,Floating NY 2,TRIAL,1,,0
2026-04,1 River Place,Hell's Kitchen Polygon,RECURRING_SUBSCRIPTION,2,5.0,1
2026-04,2000 Biscayne,Edgeater Polygon,ON_DEMAND_SUBSCRIPTION,3,5.0,0
2026-04,2000 Biscayne,Edgeater Polygon,RECURRING_SUBSCRIPTION,14,5.0,1
2026-04,2000 Biscayne,Edgeater Polygon,TRIAL,3,5.0,0
2026-04,2000 Biscayne,Edgeater Polygon,WARM_LEAD,4,5.0,0
2026-04,20 Broad Street,Financial District Polygon,CHURN,2,,0
2026-04,20 Broad Street,Financial District Polygon,ON_DEMAND_SUBSCRIPTION,16,4.33,0
2026-04,20 Broad Street,Financial District Polygon,RECURRING_SUBSCRIPTION,22,5.0,0
2026-04,20 Broad Street,Financial District Polygon,TRIAL,8,5.0,0
2026-04,20 Broad Street,Financial District Polygon,WARM_LEAD,4,5.0,1
2026-04,22 Skyview Apartments,Edgeater Polygon,WARM_LEAD,1,5.0,1
2026-04,250 E Houston,Floating NY 2,RECURRING_SUBSCRIPTION,7,4.67,0
2026-04,250 E Houston,Floating NY 2,TRIAL,1,5.0,0
2026-04,300 Somerset,Harrison Polygon,CHURN,1,,0
2026-04,300 Somerset,Harrison Polygon,FREEMIUM,1,5.0,0
2026-04,300 Somerset,Harrison Polygon,ON_DEMAND_SUBSCRIPTION,5,5.0,0
2026-04,300 Somerset,Harrison Polygon,RECURRING_SUBSCRIPTION,8,5.0,1
2026-04,300 Somerset,Harrison Polygon,WARM_LEAD,5,5.0,1
2026-04,330 Angelo Cifelli,Harrison Polygon,CHURN,2,3.0,0
2026-04,330 Angelo Cifelli,Harrison Polygon,ON_DEMAND_SUBSCRIPTION,2,5.0,0
2026-04,330 Angelo Cifelli,Harrison Polygon,RECURRING_SUBSCRIPTION,23,5.0,1
2026-04,330 Angelo Cifelli,Harrison Polygon,WARM_LEAD,1,,0
2026-04,330W-56th,Hell's Kitchen Polygon,RECURRING_SUBSCRIPTION,10,5.0,0
2026-04,345 Baldwin Avenue,Floating Jersey,RECURRING_SUBSCRIPTION,4,5.0,0
2026-04,345 Baldwin Avenue,Floating Jersey,TRIAL,1,5.0,0
2026-04,345 Baldwin Avenue,Floating Jersey,WARM_LEAD,2,5.0,1
2026-04,416 Kent Avenue,Williamsburg Polygon,ON_DEMAND_SUBSCRIPTION,1,4.0,0
2026-04,416 Kent Avenue,Williamsburg Polygon,RECURRING_SUBSCRIPTION,9,5.0,0
2026-04,416 Kent Avenue,Williamsburg Polygon,WARM_LEAD,1,,0
2026-04,420 Kent Avenue,Williamsburg Polygon,ON_DEMAND_SUBSCRIPTION,6,5.0,0
2026-04,420 Kent Avenue,Williamsburg Polygon,RECURRING_SUBSCRIPTION,28,4.92,1
2026-04,420 Kent Avenue,Williamsburg Polygon,TRIAL,2,,0
2026-04,420 Kent Avenue,Williamsburg Polygon,WARM_LEAD,3,5.0,0
2026-04,535 W 43rd Street,Hell's Kitchen Polygon,RECURRING_SUBSCRIPTION,7,5.0,0
2026-04,535 W 43rd Street,Hell's Kitchen Polygon,TRIAL,1,5.0,1
2026-04,655 Union,Boerum Hill Polygon,RECURRING_SUBSCRIPTION,24,5.0,0
2026-04,655 Union,Boerum Hill Polygon,WARM_LEAD,1,,0
2026-04,655 Union,Williamsburg Polygon,CHURN,3,5.0,0
2026-04,66 Rockwell Place,Brooklyn Heights Polygon,CHURN,1,,0
2026-04,66 Rockwell Place,Brooklyn Heights Polygon,ON_DEMAND_SUBSCRIPTION,1,5.0,0
2026-04,66 Rockwell Place,Brooklyn Heights Polygon,RECURRING_SUBSCRIPTION,17,5.0,0
2026-04,66 Rockwell Place,Brooklyn Heights Polygon,WARM_LEAD,1,5.0,0
2026-04,Agnes,Floating Jersey,ON_DEMAND_SUBSCRIPTION,4,5.0,0
2026-04,Agnes,Floating Jersey,RECURRING_SUBSCRIPTION,5,5.0,1
2026-04,Agnes,Floating Jersey,TRIAL,1,,0
2026-04,Agnes,Floating Jersey,WARM_LEAD,1,5.0,1
2026-04,Alta,Floating NY 1,ON_DEMAND_SUBSCRIPTION,1,5.0,0
2026-04,Alta,Floating NY 1,RECURRING_SUBSCRIPTION,22,5.0,0
2026-04,Alta,Floating NY 1,TRIAL,1,5.0,0
2026-04,Alta,Floating NY 1,WARM_LEAD,2,5.0,0
2026-04,Azrieli TLV,Unknown,CHURN,61,4.0,1
2026-04,Azrieli TLV,Unknown,TRIAL,3,,0
2026-04,Azrieli TLV,Unknown,WARM_LEAD,1,5.0,0
2026-04,Bay Parc Apartments,Edgeater Polygon,CHURN,4,5.0,2
2026-04,Bay Parc Apartments,Edgeater Polygon,ON_DEMAND_SUBSCRIPTION,3,5.0,0
2026-04,Bay Parc Apartments,Edgeater Polygon,RECURRING_SUBSCRIPTION,23,4.55,2
2026-04,Bay Parc Apartments,Edgeater Polygon,TRIAL,5,5.0,1
2026-04,Bay Parc Apartments,Edgeater Polygon,WARM_LEAD,7,4.2,1
2026-04,Brooklyn Crossing,Boerum Hill Polygon,CHURN,1,,0
2026-04,Brooklyn Crossing,Boerum Hill Polygon,ON_DEMAND_SUBSCRIPTION,14,5.0,5
2026-04,Brooklyn Crossing,Boerum Hill Polygon,RECURRING_SUBSCRIPTION,32,4.95,4
2026-04,Brooklyn Crossing,Boerum Hill Polygon,TRIAL,1,5.0,0
2026-04,Brooklyn Crossing,Boerum Hill Polygon,WARM_LEAD,1,5.0,1
2026-04,Cite On The Bay,Edgeater Polygon,CHURN,1,5.0,0
2026-04,Cite On The Bay,Edgeater Polygon,RECURRING_SUBSCRIPTION,1,5.0,0
2026-04,Cite On The Bay,Edgeater Polygon,TRIAL,1,,0
2026-04,Cite On The Bay,Edgeater Polygon,WARM_LEAD,1,,0
2026-04,Dey and Bergen,Harrison Polygon,WARM_LEAD,1,5.0,0
2026-04,Flamingo Point Center Tower,Miami Beach Polygon,CHURN,5,,0
2026-04,Flamingo Point Center Tower,Miami Beach Polygon,FROZEN,5,5.0,0
2026-04,Flamingo Point Center Tower,Miami Beach Polygon,ON_DEMAND_SUBSCRIPTION,6,4.0,2
2026-04,Flamingo Point Center Tower,Miami Beach Polygon,RECURRING_SUBSCRIPTION,54,5.0,4
2026-04,Flamingo Point Center Tower,Miami Beach Polygon,TRIAL,6,5.0,1
2026-04,Flamingo Point Center Tower,Miami Beach Polygon,WARM_LEAD,8,5.0,2
2026-04,Flamingo Point North Tower,Miami Beach Polygon,ON_DEMAND_SUBSCRIPTION,3,5.0,0
2026-04,Flamingo Point North Tower,Miami Beach Polygon,RECURRING_SUBSCRIPTION,44,5.0,2
2026-04,Flamingo Point North Tower,Miami Beach Polygon,TRIAL,1,5.0,0
2026-04,Flamingo Point North Tower,Miami Beach Polygon,WARM_LEAD,4,4.75,1
2026-04,Flamingo South Beach,Miami Beach Polygon,CHURN,18,5.0,0
2026-04,Flamingo South Beach,Miami Beach Polygon,RECURRING_SUBSCRIPTION,21,4.69,1
2026-04,Flamingo South Beach,Miami Beach Polygon,TRIAL,2,5.0,0
2026-04,Flamingo South Beach,Miami Beach Polygon,WARM_LEAD,5,5.0,0
2026-04,Flow Brickell,Flow Brickell Polygon,ON_DEMAND_SUBSCRIPTION,1,5.0,0
2026-04,Flow Brickell,Flow Brickell Polygon,RECURRING_SUBSCRIPTION,10,5.0,6
2026-04,Flow Brickell,Flow Brickell Polygon,TRIAL,10,5.0,2
2026-04,Flow Brickell,Flow Brickell Polygon,WARM_LEAD,8,5.0,3
2026-04,Gindi 1,Unknown,CHURN,30,5.0,0
2026-04,Gindi 2,Unknown,CHURN,29,5.0,0
2026-04,Gindi 2,Unknown,TRIAL,3,,0
2026-04,Gindi 3,Unknown,CHURN,25,5.0,0
2026-04,Gindi 3,Unknown,TRIAL,2,,0
2026-04,Gindi 3,Unknown,WARM_LEAD,1,,0
2026-04,Gindi 4,Unknown,CHURN,13,5.0,2
2026-04,Grove Central Residences,Floating Miami,CHURN,5,,0
2026-04,Grove Central Residences,Floating Miami,RECURRING_SUBSCRIPTION,7,4.33,1
2026-04,HaHehad,Unknown,CHURN,12,5.0,1
2026-04,HaHehad,Unknown,TRIAL,1,,0
2026-04,John Street 116,Financial District Polygon,CHURN,2,,0
2026-04,John Street 116,Financial District Polygon,ON_DEMAND_SUBSCRIPTION,6,,0
2026-04,John Street 116,Financial District Polygon,RECURRING_SUBSCRIPTION,10,5.0,1
2026-04,Livana East Hanover,Chatham / West Orange Polygon,RECURRING_SUBSCRIPTION,8,5.0,0
2026-04,Livana East Hanover,Chatham / West Orange Polygon,TRIAL,4,5.0,3
2026-04,Livana East Hanover,Chatham / West Orange Polygon,WARM_LEAD,4,5.0,1
2026-04,Midtown 5,Floating Miami,CHURN,1,,0
2026-04,Midtown 5,Floating Miami,RECURRING_SUBSCRIPTION,19,5.0,4
2026-04,Midtown 5,Floating Miami,TRIAL,3,5.0,0
2026-04,Midtown 5,Floating Miami,WARM_LEAD,1,,0
2026-04,Nine 52,Hell's Kitchen Polygon,RECURRING_SUBSCRIPTION,11,5.0,1
2026-04,Oliver on the Hudson,Floating Jersey,ON_DEMAND_SUBSCRIPTION,3,5.0,0
2026-04,Oliver on the Hudson,Floating Jersey,RECURRING_SUBSCRIPTION,14,5.0,1
2026-04,Oliver on the Hudson,Floating Jersey,TRIAL,2,,0
2026-04,Oliver on the Hudson,Floating Jersey,WARM_LEAD,3,5.0,0
2026-04,One Harrison,Harrison Polygon,CHURN,2,5.0,0
2026-04,One Harrison,Harrison Polygon,RECURRING_SUBSCRIPTION,9,5.0,3
2026-04,One Harrison,Harrison Polygon,TRIAL,1,5.0,0
2026-04,One Harrison,Harrison Polygon,WARM_LEAD,2,5.0,1
2026-04,One Ten,Hoboken Polygon,CHURN,2,4.5,0
2026-04,One Ten,Hoboken Polygon,FREEMIUM,1,5.0,1
2026-04,One Ten,Hoboken Polygon,ON_DEMAND_SUBSCRIPTION,1,,0
2026-04,One Ten,Hoboken Polygon,RECURRING_SUBSCRIPTION,30,5.0,1
2026-04,One Ten,Hoboken Polygon,WARM_LEAD,3,5.0,1
2026-04,Opera Tower,Edgeater Polygon,RECURRING_SUBSCRIPTION,1,,0
2026-04,Plank Road,Boerum Hill Polygon,CHURN,4,,0
2026-04,Plank Road,Boerum Hill Polygon,RECURRING_SUBSCRIPTION,6,5.0,0
2026-04,Plank Road,Boerum Hill Polygon,TRIAL,2,5.0,1
2026-04,River Place,Hell's Kitchen Polygon,CHURN,6,5.0,0
2026-04,River Place,Hell's Kitchen Polygon,FREEMIUM,3,5.0,0
2026-04,River Place,Hell's Kitchen Polygon,ON_DEMAND_SUBSCRIPTION,19,5.0,0
2026-04,River Place,Hell's Kitchen Polygon,RECURRING_SUBSCRIPTION,85,4.87,4
2026-04,River Place,Hell's Kitchen Polygon,TRIAL,4,5.0,1
2026-04,River Place,Hell's Kitchen Polygon,WARM_LEAD,2,5.0,0
2026-04,Silver Towers,Hell's Kitchen Polygon,CHURN,2,,0
2026-04,Silver Towers,Hell's Kitchen Polygon,FREEMIUM,8,5.0,1
2026-04,Silver Towers,Hell's Kitchen Polygon,ON_DEMAND_SUBSCRIPTION,24,4.4,3
2026-04,Silver Towers,Hell's Kitchen Polygon,RECURRING_SUBSCRIPTION,148,4.82,6
2026-04,Silver Towers,Hell's Kitchen Polygon,TRIAL,2,5.0,0
2026-04,Silver Towers,Hell's Kitchen Polygon,WARM_LEAD,13,5.0,0
2026-04,Southgate Towers,Miami Beach Polygon,CHURN,17,4.6,1
2026-04,Southgate Towers,Miami Beach Polygon,ON_DEMAND_SUBSCRIPTION,3,5.0,0
2026-04,Southgate Towers,Miami Beach Polygon,RECURRING_SUBSCRIPTION,10,5.0,2
2026-04,Southgate Towers,Miami Beach Polygon,WARM_LEAD,7,5.0,1
2026-04,Stonehill,Chatham / West Orange Polygon,CHURN,1,,0
2026-04,Stonehill,Chatham / West Orange Polygon,ON_DEMAND_SUBSCRIPTION,4,,0
2026-04,Stonehill,Chatham / West Orange Polygon,RECURRING_SUBSCRIPTION,13,4.86,0
2026-04,The Addison,Brooklyn Heights Polygon,CHURN,1,,0
2026-04,The Addison,Brooklyn Heights Polygon,RECURRING_SUBSCRIPTION,2,,0
2026-04,The Addison,Brooklyn Heights Polygon,WARM_LEAD,2,,0
2026-04,The Bergen,Boerum Hill Polygon,RECURRING_SUBSCRIPTION,1,5.0,0
2026-04,The Boulevard,Floating Miami,CHURN,2,5.0,0
2026-04,The Boulevard,Floating Miami,ON_DEMAND_SUBSCRIPTION,3,4.5,0
2026-04,The Boulevard,Floating Miami,RECURRING_SUBSCRIPTION,12,5.0,1
2026-04,The Boulevard,Floating Miami,TRIAL,2,5.0,0
2026-04,The Boulevard,Floating Miami,WARM_LEAD,2,5.0,0
2026-04,The Buchanan,Floating NY 1,ON_DEMAND_SUBSCRIPTION,1,,0
2026-04,The Buchanan,Floating NY 1,RECURRING_SUBSCRIPTION,23,5.0,4
2026-04,The Buchanan,Floating NY 1,WARM_LEAD,1,,0
2026-04,The Devan,Hoboken Polygon,RECURRING_SUBSCRIPTION,28,5.0,0
2026-04,The Devan,Hoboken Polygon,TRIAL,3,5.0,2
2026-04,The Devan,Hoboken Polygon,WARM_LEAD,1,5.0,0
2026-04,The Dime,Williamsburg Polygon,CHURN,1,,0
2026-04,The Dime,Williamsburg Polygon,FREEMIUM,1,5.0,1
2026-04,The Dime,Williamsburg Polygon,ON_DEMAND_SUBSCRIPTION,2,5.0,0
2026-04,The Dime,Williamsburg Polygon,RECURRING_SUBSCRIPTION,8,4.67,1
2026-04,The Dime,Williamsburg Polygon,WARM_LEAD,1,5.0,1
2026-04,The Eddy,Harrison Polygon,RECURRING_SUBSCRIPTION,9,5.0,0
2026-04,The Eddy,Harrison Polygon,WARM_LEAD,7,5.0,1
2026-04,The Enclave,Hoboken Polygon,FREEMIUM,2,,0
2026-04,The Enclave,Hoboken Polygon,RECURRING_SUBSCRIPTION,11,5.0,1
2026-04,The Enclave,Hoboken Polygon,WARM_LEAD,3,5.0,2
2026-04,The Ivy,Chatham / West Orange Polygon,CHURN,8,5.0,0
2026-04,The Ivy,Chatham / West Orange Polygon,RECURRING_SUBSCRIPTION,16,5.0,0
2026-04,The Kestrel,Floating NY 2,ON_DEMAND_SUBSCRIPTION,1,,0
2026-04,The Kestrel,Floating NY 2,RECURRING_SUBSCRIPTION,1,5.0,0
2026-04,The Landing,Brooklyn Heights Polygon,ON_DEMAND_SUBSCRIPTION,1,5.0,1
2026-04,The Landing,Brooklyn Heights Polygon,RECURRING_SUBSCRIPTION,1,,0
2026-04,The Landing,Brooklyn Heights Polygon,WARM_LEAD,1,5.0,1
2026-04,The Landon,Hell's Kitchen Polygon,RECURRING_SUBSCRIPTION,4,5.0,0
2026-04,The Vitagraph,Floating NY 2,CHURN,2,5.0,0
2026-04,The Vitagraph,Floating NY 2,TRIAL,1,1.0,1
2026-04,Union Channel ,Boerum Hill Polygon,RECURRING_SUBSCRIPTION,6,5.0,0
2026-04,Union Channel ,Boerum Hill Polygon,WARM_LEAD,1,5.0,1
2026-04,Watermarc at Biscayne Bay,Edgeater Polygon,CHURN,2,5.0,2
2026-04,Watermarc at Biscayne Bay,Edgeater Polygon,RECURRING_SUBSCRIPTION,7,5.0,4
2026-04,Watermarc at Biscayne Bay,Edgeater Polygon,WARM_LEAD,4,5.0,1
2026-04,Waters Edge,Harrison Polygon,WARM_LEAD,3,5.0,1
2026-04,Woodside Central,Floating NY 1,FREEMIUM,2,5.0,1
2026-04,Woodside Central,Floating NY 1,FROZEN,1,5.0,0
2026-04,Woodside Central,Floating NY 1,RECURRING_SUBSCRIPTION,7,5.0,1
2026-04,Woodside Central,Floating NY 1,TRIAL,1,,0
2026-05,100 House,Hoboken Polygon,ON_DEMAND_SUBSCRIPTION,1,,0
2026-05,100 House,Hoboken Polygon,RECURRING_SUBSCRIPTION,11,5.0,0
2026-05,1800 North Bayshore Drive,Edgeater Polygon,RECURRING_SUBSCRIPTION,1,,0
2026-05,1800 North Bayshore Drive,Edgeater Polygon,TRIAL,3,5.0,0
2026-05,1 Boerum PL,Floating NY 2,RECURRING_SUBSCRIPTION,13,5.0,1
2026-05,1 Boerum PL,Floating NY 2,WARM_LEAD,1,5.0,0
2026-05,1 River Place,Hell's Kitchen Polygon,RECURRING_SUBSCRIPTION,5,5.0,1
2026-05,1 River Place,Hell's Kitchen Polygon,TRIAL,1,,0
2026-05,2000 Biscayne,Edgeater Polygon,ON_DEMAND_SUBSCRIPTION,4,5.0,0
2026-05,2000 Biscayne,Edgeater Polygon,RECURRING_SUBSCRIPTION,17,5.0,1
2026-05,2000 Biscayne,Edgeater Polygon,TRIAL,5,5.0,0
2026-05,2000 Biscayne,Edgeater Polygon,WARM_LEAD,2,5.0,0
2026-05,20 Broad Street,Financial District Polygon,CHURN,1,,0
2026-05,20 Broad Street,Financial District Polygon,ON_DEMAND_SUBSCRIPTION,8,5.0,0
2026-05,20 Broad Street,Financial District Polygon,RECURRING_SUBSCRIPTION,33,4.67,1
2026-05,20 Broad Street,Financial District Polygon,TRIAL,6,5.0,0
2026-05,20 Broad Street,Financial District Polygon,WARM_LEAD,5,5.0,1
2026-05,20 Broad Street,Hell's Kitchen Polygon,FREEMIUM,1,5.0,0
2026-05,250 E Houston,Floating NY 2,RECURRING_SUBSCRIPTION,6,,0
2026-05,250 E Houston,Floating NY 2,TRIAL,1,5.0,0
2026-05,300 Somerset,Harrison Polygon,CHURN,1,,0
2026-05,300 Somerset,Harrison Polygon,FREEMIUM,1,5.0,0
2026-05,300 Somerset,Harrison Polygon,ON_DEMAND_SUBSCRIPTION,6,,0
2026-05,300 Somerset,Harrison Polygon,RECURRING_SUBSCRIPTION,9,5.0,2
2026-05,300 Somerset,Harrison Polygon,WARM_LEAD,2,5.0,1
2026-05,330 Angelo Cifelli,Harrison Polygon,ON_DEMAND_SUBSCRIPTION,1,,0
2026-05,330 Angelo Cifelli,Harrison Polygon,RECURRING_SUBSCRIPTION,19,5.0,0
2026-05,330 Angelo Cifelli,Harrison Polygon,WARM_LEAD,3,5.0,1
2026-05,330W-56th,Hell's Kitchen Polygon,RECURRING_SUBSCRIPTION,7,4.33,2
2026-05,345 Baldwin Avenue,Floating Jersey,ON_DEMAND_SUBSCRIPTION,1,5.0,1
2026-05,345 Baldwin Avenue,Floating Jersey,RECURRING_SUBSCRIPTION,4,,0
2026-05,345 Baldwin Avenue,Floating Jersey,TRIAL,2,5.0,0
2026-05,345 Baldwin Avenue,Floating Jersey,WARM_LEAD,2,5.0,0
2026-05,416 Kent Avenue,Williamsburg Polygon,ON_DEMAND_SUBSCRIPTION,2,,0
2026-05,416 Kent Avenue,Williamsburg Polygon,RECURRING_SUBSCRIPTION,8,5.0,1
2026-05,416 Kent Avenue,Williamsburg Polygon,WARM_LEAD,2,,0
2026-05,420 Kent Avenue,Williamsburg Polygon,ON_DEMAND_SUBSCRIPTION,7,4.0,1
2026-05,420 Kent Avenue,Williamsburg Polygon,RECURRING_SUBSCRIPTION,23,5.0,1
2026-05,420 Kent Avenue,Williamsburg Polygon,TRIAL,1,,0
2026-05,420 Kent Avenue,Williamsburg Polygon,WARM_LEAD,3,5.0,0
2026-05,535 W 43rd Street,Hell's Kitchen Polygon,ON_DEMAND_SUBSCRIPTION,1,5.0,1
2026-05,535 W 43rd Street,Hell's Kitchen Polygon,RECURRING_SUBSCRIPTION,4,5.0,0
2026-05,535 W 43rd Street,Hell's Kitchen Polygon,WARM_LEAD,1,,0
2026-05,561 10th Avenue,Hell's Kitchen Polygon,RECURRING_SUBSCRIPTION,2,5.0,1
2026-05,655 Union,Boerum Hill Polygon,ON_DEMAND_SUBSCRIPTION,1,,0
2026-05,655 Union,Boerum Hill Polygon,RECURRING_SUBSCRIPTION,18,5.0,0
2026-05,655 Union,Boerum Hill Polygon,WARM_LEAD,2,,0
2026-05,655 Union,Williamsburg Polygon,CHURN,2,,0
2026-05,66 Rockwell Place,Brooklyn Heights Polygon,ON_DEMAND_SUBSCRIPTION,1,5.0,0
2026-05,66 Rockwell Place,Brooklyn Heights Polygon,RECURRING_SUBSCRIPTION,19,5.0,0
2026-05,66 Rockwell Place,Brooklyn Heights Polygon,WARM_LEAD,2,5.0,1
2026-05,Agnes,Floating Jersey,RECURRING_SUBSCRIPTION,12,5.0,3
2026-05,Alta,Floating NY 1,ON_DEMAND_SUBSCRIPTION,4,4.75,1
2026-05,Alta,Floating NY 1,RECURRING_SUBSCRIPTION,14,5.0,0
2026-05,Alta,Floating NY 1,TRIAL,2,5.0,0
2026-05,Alta,Floating NY 1,WARM_LEAD,2,5.0,0
2026-05,Aria on the Bay Condominium Association  INC,Edgeater Polygon,TRIAL,1,5.0,0
2026-05,Azrieli TLV,Unknown,CHURN,12,4.75,0
2026-05,Azrieli TLV,Unknown,TRIAL,1,,0
2026-05,Bay Parc Apartments,Edgeater Polygon,ON_DEMAND_SUBSCRIPTION,1,,0
2026-05,Bay Parc Apartments,Edgeater Polygon,RECURRING_SUBSCRIPTION,27,4.9,5
2026-05,Bay Parc Apartments,Edgeater Polygon,TRIAL,4,5.0,2
2026-05,Bay Parc Apartments,Edgeater Polygon,WARM_LEAD,3,,0
2026-05,Brooklyn Crossing,Boerum Hill Polygon,ON_DEMAND_SUBSCRIPTION,9,5.0,3
2026-05,Brooklyn Crossing,Boerum Hill Polygon,RECURRING_SUBSCRIPTION,33,5.0,1
2026-05,Brooklyn Crossing,Boerum Hill Polygon,WARM_LEAD,3,5.0,2
2026-05,Cite On The Bay,Edgeater Polygon,RECURRING_SUBSCRIPTION,2,,0
2026-05,Dey and Bergen,Harrison Polygon,CHURN,1,,0
2026-05,Dey and Bergen,Harrison Polygon,TRIAL,1,,0
2026-05,Dey and Bergen,Harrison Polygon,WARM_LEAD,2,5.0,0
2026-05,Flamingo Point Center Tower,Miami Beach Polygon,CHURN,2,5.0,0
2026-05,Flamingo Point Center Tower,Miami Beach Polygon,FROZEN,10,5.0,0
2026-05,Flamingo Point Center Tower,Miami Beach Polygon,ON_DEMAND_SUBSCRIPTION,6,5.0,2
2026-05,Flamingo Point Center Tower,Miami Beach Polygon,RECURRING_SUBSCRIPTION,63,5.0,1
2026-05,Flamingo Point Center Tower,Miami Beach Polygon,TRIAL,1,5.0,1
2026-05,Flamingo Point Center Tower,Miami Beach Polygon,WARM_LEAD,7,5.0,1
2026-05,Flamingo Point North Tower,Miami Beach Polygon,ON_DEMAND_SUBSCRIPTION,4,5.0,0
2026-05,Flamingo Point North Tower,Miami Beach Polygon,RECURRING_SUBSCRIPTION,35,5.0,0
2026-05,Flamingo Point North Tower,Miami Beach Polygon,TRIAL,2,5.0,0
2026-05,Flamingo Point North Tower,Miami Beach Polygon,WARM_LEAD,2,,0
2026-05,Flamingo South Beach,Miami Beach Polygon,CHURN,4,5.0,0
2026-05,Flamingo South Beach,Miami Beach Polygon,ON_DEMAND_SUBSCRIPTION,2,,0
2026-05,Flamingo South Beach,Miami Beach Polygon,RECURRING_SUBSCRIPTION,46,4.96,4
2026-05,Flamingo South Beach,Miami Beach Polygon,TRIAL,4,4.0,0
2026-05,Flamingo South Beach,Miami Beach Polygon,WARM_LEAD,6,5.0,1
2026-05,Flow Brickell,Flow Brickell Polygon,RECURRING_SUBSCRIPTION,14,5.0,1
2026-05,Flow Brickell,Flow Brickell Polygon,TRIAL,11,5.0,0
2026-05,Flow Brickell,Flow Brickell Polygon,WARM_LEAD,9,5.0,2
2026-05,Gindi 1,Unknown,CHURN,16,4.33,1
2026-05,Gindi 2,Unknown,CHURN,13,5.0,1
2026-05,Gindi 2,Unknown,TRIAL,2,,0
2026-05,Gindi 3,Unknown,CHURN,11,,0
2026-05,Gindi 4,Unknown,CHURN,8,5.0,0
2026-05,Grove Central Residences,Floating Miami,RECURRING_SUBSCRIPTION,6,5.0,0
2026-05,Grove Central Residences,Floating Miami,WARM_LEAD,1,,0
2026-05,HaHehad,Unknown,CHURN,9,,0
2026-05,John Street 116,Financial District Polygon,CHURN,2,,0
2026-05,John Street 116,Financial District Polygon,ON_DEMAND_SUBSCRIPTION,4,,0
2026-05,John Street 116,Financial District Polygon,RECURRING_SUBSCRIPTION,10,5.0,1
2026-05,Livana East Hanover,Chatham / West Orange Polygon,RECURRING_SUBSCRIPTION,10,5.0,0
2026-05,Livana East Hanover,Chatham / West Orange Polygon,TRIAL,1,,0
2026-05,Livana East Hanover,Chatham / West Orange Polygon,WARM_LEAD,4,5.0,1
2026-05,Midtown 5,Floating Miami,CHURN,1,,0
2026-05,Midtown 5,Floating Miami,RECURRING_SUBSCRIPTION,16,5.0,1
2026-05,Midtown 5,Floating Miami,TRIAL,5,5.0,0
2026-05,Nine 52,Hell's Kitchen Polygon,RECURRING_SUBSCRIPTION,11,5.0,1
2026-05,Oliver on the Hudson,Floating Jersey,ON_DEMAND_SUBSCRIPTION,4,3.0,1
2026-05,Oliver on the Hudson,Floating Jersey,RECURRING_SUBSCRIPTION,16,4.8,3
2026-05,Oliver on the Hudson,Floating Jersey,TRIAL,3,5.0,1
2026-05,Oliver on the Hudson,Floating Jersey,WARM_LEAD,12,5.0,5
2026-05,One Harrison,Harrison Polygon,CHURN,1,,0
2026-05,One Harrison,Harrison Polygon,RECURRING_SUBSCRIPTION,4,5.0,1
2026-05,One Harrison,Harrison Polygon,TRIAL,2,,0
2026-05,One Harrison,Harrison Polygon,WARM_LEAD,3,5.0,0
2026-05,One Ten,Hoboken Polygon,FREEMIUM,2,5.0,0
2026-05,One Ten,Hoboken Polygon,ON_DEMAND_SUBSCRIPTION,2,,0
2026-05,One Ten,Hoboken Polygon,RECURRING_SUBSCRIPTION,26,5.0,0
2026-05,One Ten,Hoboken Polygon,WARM_LEAD,1,,0
2026-05,Opera Tower,Edgeater Polygon,RECURRING_SUBSCRIPTION,1,,0
2026-05,Plank Road,Boerum Hill Polygon,RECURRING_SUBSCRIPTION,6,,0
2026-05,Quantum on the Bay Condominium,Edgeater Polygon,TRIAL,2,5.0,1
2026-05,River Place,Hell's Kitchen Polygon,CHURN,2,,0
2026-05,River Place,Hell's Kitchen Polygon,FREEMIUM,2,5.0,0
2026-05,River Place,Hell's Kitchen Polygon,ON_DEMAND_SUBSCRIPTION,24,4.91,0
2026-05,River Place,Hell's Kitchen Polygon,RECURRING_SUBSCRIPTION,64,5.0,1
2026-05,River Place,Hell's Kitchen Polygon,TRIAL,11,4.86,6
2026-05,River Place,Hell's Kitchen Polygon,WARM_LEAD,9,4.8,1
2026-05,Silver Towers,Hell's Kitchen Polygon,CHURN,1,,0
2026-05,Silver Towers,Hell's Kitchen Polygon,FREEMIUM,4,5.0,0
2026-05,Silver Towers,Hell's Kitchen Polygon,FROZEN,1,,0
2026-05,Silver Towers,Hell's Kitchen Polygon,ON_DEMAND_SUBSCRIPTION,18,5.0,1
2026-05,Silver Towers,Hell's Kitchen Polygon,RECURRING_SUBSCRIPTION,189,4.61,4
2026-05,Silver Towers,Hell's Kitchen Polygon,TRIAL,3,,0
2026-05,Silver Towers,Hell's Kitchen Polygon,WARM_LEAD,7,5.0,0
2026-05,Southgate Towers,Miami Beach Polygon,CHURN,4,4.5,0
2026-05,Southgate Towers,Miami Beach Polygon,ON_DEMAND_SUBSCRIPTION,1,,0
2026-05,Southgate Towers,Miami Beach Polygon,RECURRING_SUBSCRIPTION,12,4.5,0
2026-05,Southgate Towers,Miami Beach Polygon,TRIAL,2,5.0,0
2026-05,Southgate Towers,Miami Beach Polygon,WARM_LEAD,2,5.0,0
2026-05,Stonehill,Chatham / West Orange Polygon,ON_DEMAND_SUBSCRIPTION,1,5.0,1
2026-05,Stonehill,Chatham / West Orange Polygon,RECURRING_SUBSCRIPTION,13,5.0,0
2026-05,Stonehill,Chatham / West Orange Polygon,WARM_LEAD,1,5.0,0
2026-05,The Addison,Brooklyn Heights Polygon,RECURRING_SUBSCRIPTION,2,,0
2026-05,The Bergen,Boerum Hill Polygon,RECURRING_SUBSCRIPTION,3,5.0,0
2026-05,The Boulevard,Floating Miami,ON_DEMAND_SUBSCRIPTION,1,,0
2026-05,The Boulevard,Floating Miami,RECURRING_SUBSCRIPTION,11,5.0,1
2026-05,The Boulevard,Floating Miami,TRIAL,1,,0
2026-05,The Buchanan,Floating NY 1,ON_DEMAND_SUBSCRIPTION,2,,0
2026-05,The Buchanan,Floating NY 1,RECURRING_SUBSCRIPTION,16,5.0,1
2026-05,The Buchanan,Floating NY 1,WARM_LEAD,2,5.0,0
2026-05,The Devan,Hoboken Polygon,RECURRING_SUBSCRIPTION,28,5.0,1
2026-05,The Devan,Hoboken Polygon,TRIAL,2,5.0,1
2026-05,The Devan,Hoboken Polygon,WARM_LEAD,3,5.0,0
2026-05,The Dime,Williamsburg Polygon,ON_DEMAND_SUBSCRIPTION,1,,0
2026-05,The Dime,Williamsburg Polygon,RECURRING_SUBSCRIPTION,7,5.0,0
2026-05,The Eddy,Harrison Polygon,CHURN,1,,0
2026-05,The Eddy,Harrison Polygon,RECURRING_SUBSCRIPTION,12,5.0,0
2026-05,The Eddy,Harrison Polygon,WARM_LEAD,2,,0
2026-05,The Enclave,Hoboken Polygon,FREEMIUM,2,5.0,0
2026-05,The Enclave,Hoboken Polygon,RECURRING_SUBSCRIPTION,12,5.0,2
2026-05,The Ivy,Chatham / West Orange Polygon,CHURN,3,,0
2026-05,The Ivy,Chatham / West Orange Polygon,FREEMIUM,1,,0
2026-05,The Ivy,Chatham / West Orange Polygon,ON_DEMAND_SUBSCRIPTION,1,5.0,0
2026-05,The Ivy,Chatham / West Orange Polygon,RECURRING_SUBSCRIPTION,16,5.0,0
2026-05,The Kestrel,Floating NY 2,ON_DEMAND_SUBSCRIPTION,2,5.0,1
2026-05,The Kestrel,Floating NY 2,RECURRING_SUBSCRIPTION,3,5.0,1
2026-05,The Kestrel,Floating NY 2,WARM_LEAD,2,3.0,0
2026-05,The Landing,Brooklyn Heights Polygon,ON_DEMAND_SUBSCRIPTION,1,,0
2026-05,The Landing,Brooklyn Heights Polygon,RECURRING_SUBSCRIPTION,2,3.0,1
2026-05,The Landon,Hell's Kitchen Polygon,RECURRING_SUBSCRIPTION,7,5.0,1
2026-05,The Landon,Hell's Kitchen Polygon,TRIAL,1,,0
2026-05,The Landon,Hell's Kitchen Polygon,WARM_LEAD,4,5.0,2
2026-05,The Vitagraph,Floating NY 2,CHURN,1,5.0,0
2026-05,Union Channel ,Boerum Hill Polygon,RECURRING_SUBSCRIPTION,6,4.0,1
2026-05,Watermarc at Biscayne Bay,Edgeater Polygon,CHURN,1,,0
2026-05,Watermarc at Biscayne Bay,Edgeater Polygon,RECURRING_SUBSCRIPTION,5,4.75,1
2026-05,Watermarc at Biscayne Bay,Edgeater Polygon,TRIAL,2,5.0,0
2026-05,Watermarc at Biscayne Bay,Edgeater Polygon,WARM_LEAD,1,5.0,1
2026-05,Waters Edge,Harrison Polygon,ON_DEMAND_SUBSCRIPTION,1,,0
2026-05,Woodside Central,Floating NY 1,ON_DEMAND_SUBSCRIPTION,1,,0
2026-05,Woodside Central,Floating NY 1,RECURRING_SUBSCRIPTION,10,5.0,1
