visit_month,project,neighbourhood,apt_status,avg_tasks_per_visit,avg_visit_price,chore_count,total_amount
2023-05,Azrieli TLV,Unknown,CHURN,4.93,73.88,74,1963.26
2023-05,Azrieli TLV,Unknown,TRIAL,2.2,55.62,11,383.76
2023-06,Azrieli TLV,Unknown,CHURN,4.32,69.05,160,4683.12
2023-06,Azrieli TLV,Unknown,TRIAL,4.82,69.26,53,1650.87
2023-07,100 House,Hoboken Polygon,CHURN,5.33,35.16,16,612.3
2023-07,Azrieli TLV,Unknown,CHURN,5.08,71.94,259,7465.64
2023-07,Azrieli TLV,Unknown,TRIAL,7.0,60.09,28,809.64
2023-07,Gindi 1,Unknown,CHURN,4.4,45.58,233,6316.44
2023-07,Gindi 1,Unknown,COLD_LEAD,10.0,0.0,10,332.41
2023-07,Gindi 1,Unknown,TRIAL,3.43,61.82,24,674.31
2023-08,100 House,Hoboken Polygon,CHURN,4.5,71.47,9,318.5
2023-08,100 House,Hoboken Polygon,FREEMIUM,4.0,80.0,8,241.15
2023-08,100 House,Hoboken Polygon,ON_DEMAND_SUBSCRIPTION,4.0,108.8,4,124.15
2023-08,Azrieli TLV,Unknown,CHURN,4.5,58.33,306,8881.86
2023-08,Gindi 1,Unknown,CHURN,4.47,47.22,496,14552.59
2023-08,Gindi 1,Unknown,TRIAL,3.25,35.03,39,1071.07
2023-08,Gindi 2,Unknown,CHURN,4.84,44.82,218,6229.6
2023-08,Gindi 2,Unknown,COLD_LEAD,2.2,0.0,11,372.45
2023-08,Gindi 2,Unknown,TRIAL,4.56,62.01,41,1097.2
2023-08,Gindi 3,Unknown,COLD_LEAD,7.0,0.0,7,202.41
2023-08,Gindi 4,Unknown,CHURN,2.2,15.74,22,691.6
2023-08,One Ten,Hoboken Polygon,FREEMIUM,5.0,48.0,5,165.1
2023-08,One Ten,Hoboken Polygon,RECURRING_SUBSCRIPTION,5.0,100.0,5,194.35
2023-09,100 House,Hoboken Polygon,CHURN,4.67,125.94,14,529.1
2023-09,100 House,Hoboken Polygon,FREEMIUM,6.5,86.77,13,413.01
2023-09,100 House,Hoboken Polygon,ON_DEMAND_SUBSCRIPTION,3.0,62.02,9,214.5
2023-09,829 Garfield,Floating Jersey,CHURN,4.75,100.21,19,677.95
2023-09,Azrieli TLV,Unknown,CHURN,4.72,63.73,307,8974.16
2023-09,Azrieli TLV,Unknown,TRIAL,2.0,0.0,2,64.35
2023-09,Gindi 1,Unknown,CHURN,5.25,45.12,488,13818.22
2023-09,Gindi 1,Unknown,COLD_LEAD,4.5,0.0,9,299.65
2023-09,Gindi 1,Unknown,TRIAL,4.5,104.2,9,249.21
2023-09,Gindi 2,Unknown,CHURN,6.34,64.62,317,8282.95
2023-09,Gindi 2,Unknown,COLD_LEAD,3.0,0.0,3,83.2
2023-09,Gindi 2,Unknown,TRIAL,4.73,44.82,52,1485.9
2023-09,Gindi 3,Unknown,CHURN,5.15,59.73,134,3488.03
2023-09,Gindi 3,Unknown,TRIAL,1.5,47.4,3,64.35
2023-09,Gindi 4,Unknown,CHURN,3.22,40.35,29,894.4
2023-09,One Ten,Hoboken Polygon,CHURN,5.0,58.73,15,491.66
2023-09,One Ten,Hoboken Polygon,FREEMIUM,4.33,49.5,26,808.86
2023-09,One Ten,Hoboken Polygon,ON_DEMAND_SUBSCRIPTION,4.0,51.0,4,182.65
2023-09,One Ten,Hoboken Polygon,RECURRING_SUBSCRIPTION,5.0,90.42,15,583.05
2023-09,The Enclave,Hoboken Polygon,CHURN,5.0,100.0,5,194.35
2023-09,The Enclave,Hoboken Polygon,RECURRING_SUBSCRIPTION,4.0,50.0,4,135.85
2023-10,100 House,Hoboken Polygon,CHURN,5.67,99.72,17,545.61
2023-10,100 House,Hoboken Polygon,ON_DEMAND_SUBSCRIPTION,2.8,48.66,14,304.85
2023-10,829 Garfield,Floating Jersey,CHURN,4.76,108.06,100,3316.95
2023-10,829 Garfield,Floating Jersey,TRIAL,5.0,95.8,10,320.71
2023-10,Azrieli TLV,Unknown,CHURN,5.06,46.84,329,9525.1
2023-10,Azrieli TLV,Unknown,TRIAL,8.0,87.4,8,272.61
2023-10,Gindi 1,Unknown,CHURN,4.96,44.16,585,17561.57
2023-10,Gindi 1,Unknown,TRIAL,4.0,91.93,8,272.61
2023-10,Gindi 2,Unknown,CHURN,6.07,50.97,334,8794.5
2023-10,Gindi 2,Unknown,TRIAL,5.38,12.24,86,2511.21
2023-10,Gindi 3,Unknown,CHURN,5.17,61.44,372,10171.2
2023-10,Gindi 3,Unknown,TRIAL,3.0,59.09,15,393.12
2023-10,Gindi 4,Unknown,CHURN,2.09,23.03,23,685.1
2023-10,One Ten,Hoboken Polygon,CHURN,5.11,58.04,46,1400.49
2023-10,One Ten,Hoboken Polygon,FREEMIUM,4.76,67.07,81,2621.71
2023-10,One Ten,Hoboken Polygon,ON_DEMAND_SUBSCRIPTION,6.0,72.67,18,694.2
2023-10,One Ten,Hoboken Polygon,RECURRING_SUBSCRIPTION,5.0,90.42,15,583.05
2023-10,The Enclave,Hoboken Polygon,CHURN,5.14,94.54,36,1208.22
2023-10,The Enclave,Hoboken Polygon,RECURRING_SUBSCRIPTION,4.0,50.0,4,135.85
2023-11,100 House,Hoboken Polygon,CHURN,6.25,115.17,25,772.72
2023-11,100 House,Hoboken Polygon,ON_DEMAND_SUBSCRIPTION,2.8,48.66,14,304.85
2023-11,829 Garfield,Floating Jersey,CHURN,5.18,102.94,114,3527.94
2023-11,829 Garfield,Floating Jersey,TRIAL,5.0,95.8,10,320.71
2023-11,Azrieli TLV,Unknown,CHURN,4.9,47.04,358,10775.57
2023-11,Azrieli TLV,Unknown,TRIAL,6.33,50.64,19,675.22
2023-11,Gindi 1,Unknown,CHURN,5.11,67.07,634,19194.37
2023-11,Gindi 1,Unknown,TRIAL,4.67,66.23,14,543.4
2023-11,Gindi 2,Unknown,CHURN,6.04,45.15,278,7732.92
2023-11,Gindi 2,Unknown,TRIAL,6.1,48.52,61,1986.14
2023-11,Gindi 3,Unknown,CHURN,5.73,70.66,579,14820.13
2023-11,Gindi 3,Unknown,TRIAL,8.0,66.99,16,545.22
2023-11,Gindi 4,Unknown,CHURN,2.71,19.43,46,1395.81
2023-11,One Ten,Hoboken Polygon,CHURN,4.55,54.12,50,1543.49
2023-11,One Ten,Hoboken Polygon,FREEMIUM,3.57,41.69,25,850.2
2023-11,One Ten,Hoboken Polygon,ON_DEMAND_SUBSCRIPTION,10.0,90.0,10,328.9
2023-11,One Ten,Hoboken Polygon,RECURRING_SUBSCRIPTION,5.6,108.58,28,1004.51
2023-11,The Enclave,Hoboken Polygon,CHURN,6.09,96.18,67,2198.69
2023-11,The Enclave,Hoboken Polygon,FREEMIUM,8.0,148.0,8,227.11
2023-11,The Enclave,Hoboken Polygon,RECURRING_SUBSCRIPTION,4.0,50.0,12,407.55
2023-12,100 House,Hoboken Polygon,CHURN,6.6,103.98,33,999.83
2023-12,100 House,Hoboken Polygon,ON_DEMAND_SUBSCRIPTION,2.67,42.58,16,329.55
2023-12,829 Garfield,Floating Jersey,CHURN,5.0,78.75,110,3394.69
2023-12,829 Garfield,Floating Jersey,TRIAL,4.0,32.88,16,613.21
2023-12,Azrieli TLV,Unknown,CHURN,4.4,54.2,339,10505.43
2023-12,Gindi 1,Unknown,CHURN,5.25,61.4,813,24883.69
2023-12,Gindi 1,Unknown,TRIAL,1.33,99.38,8,364.0
2023-12,Gindi 2,Unknown,CHURN,5.84,58.07,257,7440.55
2023-12,Gindi 3,Unknown,CHURN,5.45,81.24,741,19084.91
2023-12,Gindi 3,Unknown,TRIAL,4.5,73.7,27,799.63
2023-12,Gindi 4,Unknown,CHURN,3.83,32.34,46,1370.85
2023-12,One Ten,Hoboken Polygon,CHURN,5.09,47.36,56,1699.1
2023-12,One Ten,Hoboken Polygon,FREEMIUM,5.0,51.97,35,1133.47
2023-12,One Ten,Hoboken Polygon,ON_DEMAND_SUBSCRIPTION,10.0,90.0,20,657.8
2023-12,One Ten,Hoboken Polygon,RECURRING_SUBSCRIPTION,5.6,103.45,28,1004.51
2023-12,Silver Towers,Hell's Kitchen Polygon,CHURN,3.95,37.92,75,2638.74
2023-12,Silver Towers,Hell's Kitchen Polygon,FREEMIUM,8.0,63.25,32,908.44
2023-12,Silver Towers,Hell's Kitchen Polygon,FROZEN,8.0,92.0,8,227.11
2023-12,Silver Towers,Hell's Kitchen Polygon,ON_DEMAND_SUBSCRIPTION,5.08,35.29,66,2069.47
2023-12,Silver Towers,Hell's Kitchen Polygon,RECURRING_SUBSCRIPTION,4.05,66.0,170,5318.17
2023-12,Silver Towers,Hell's Kitchen Polygon,TRIAL,3.43,71.39,24,681.33
2023-12,The Enclave,Hoboken Polygon,CHURN,6.33,86.74,57,1833.39
2023-12,The Enclave,Hoboken Polygon,FREEMIUM,8.0,148.0,8,227.11
2023-12,The Enclave,Hoboken Polygon,RECURRING_SUBSCRIPTION,4.0,50.0,8,271.7
2024-01,100 House,Hoboken Polygon,CHURN,7.5,42.66,180,4206.67
2024-01,100 House,Hoboken Polygon,ON_DEMAND_SUBSCRIPTION,2.67,5.81,16,329.55
2024-01,829 Garfield,Floating Jersey,CHURN,4.84,52.42,121,3783.39
2024-01,829 Garfield,Floating Jersey,TRIAL,3.67,8.67,11,379.21
2024-01,Azrieli TLV,Unknown,CHURN,4.61,55.92,387,11983.92
2024-01,Azrieli TLV,Unknown,TRIAL,0.5,43.29,1,13.0
2024-01,Gindi 1,Unknown,CHURN,4.91,64.56,840,25735.32
2024-01,Gindi 1,Unknown,COLD_LEAD,7.0,28.63,14,404.82
2024-01,Gindi 1,Unknown,TRIAL,3.82,27.66,42,1401.27
2024-01,Gindi 2,Unknown,CHURN,5.7,54.63,285,8159.58
2024-01,Gindi 2,Unknown,TRIAL,6.0,87.63,6,194.35
2024-01,Gindi 3,Unknown,CHURN,5.52,86.11,817,22154.73
2024-01,Gindi 3,Unknown,TRIAL,3.29,68.61,102,2665.0
2024-01,Gindi 4,Unknown,CHURN,4.15,45.59,54,1661.01
2024-01,One Ten,Hoboken Polygon,CHURN,4.0,17.54,48,1585.48
2024-01,One Ten,Hoboken Polygon,FREEMIUM,6.14,41.93,43,1340.43
2024-01,One Ten,Hoboken Polygon,ON_DEMAND_SUBSCRIPTION,8.0,25.5,16,539.5
2024-01,One Ten,Hoboken Polygon,RECURRING_SUBSCRIPTION,6.0,93.56,18,615.81
2024-01,River Place,Hell's Kitchen Polygon,CHURN,6.33,52.33,38,1077.05
2024-01,River Place,Hell's Kitchen Polygon,FREEMIUM,2.0,0.0,4,187.2
2024-01,River Place,Hell's Kitchen Polygon,ON_DEMAND_SUBSCRIPTION,2.5,31.8,5,187.2
2024-01,River Place,Hell's Kitchen Polygon,RECURRING_SUBSCRIPTION,7.8,15.56,234,5240.3
2024-01,River Place,Hell's Kitchen Polygon,TRIAL,2.0,41.75,8,368.55
2024-01,River Place,Hell's Kitchen Polygon,WARM_LEAD,1.0,47.0,2,117.0
2024-01,Silver Towers,Hell's Kitchen Polygon,CHURN,3.93,54.72,220,7427.81
2024-01,Silver Towers,Hell's Kitchen Polygon,FREEMIUM,7.56,26.41,68,1928.03
2024-01,Silver Towers,Hell's Kitchen Polygon,FROZEN,8.0,92.0,8,227.11
2024-01,Silver Towers,Hell's Kitchen Polygon,ON_DEMAND_SUBSCRIPTION,4.85,47.72,126,4032.47
2024-01,Silver Towers,Hell's Kitchen Polygon,RECURRING_SUBSCRIPTION,5.83,96.9,268,7294.95
2024-01,Silver Towers,Hell's Kitchen Polygon,TRIAL,3.61,40.24,65,2317.25
2024-01,The Enclave,Hoboken Polygon,CHURN,6.0,67.67,66,2119.0
2024-01,The Enclave,Hoboken Polygon,FREEMIUM,8.0,74.0,16,454.22
2024-01,The Enclave,Hoboken Polygon,RECURRING_SUBSCRIPTION,4.0,50.0,12,407.55
2024-02,100 House,Hoboken Polygon,CHURN,7.46,70.72,97,2866.89
2024-02,100 House,Hoboken Polygon,ON_DEMAND_SUBSCRIPTION,3.0,0.0,3,65.65
2024-02,829 Garfield,Floating Jersey,CHURN,5.24,37.56,89,2941.25
2024-02,829 Garfield,Floating Jersey,TRIAL,1.5,0.0,3,146.25
2024-02,Azrieli TLV,Unknown,CHURN,5.28,61.33,396,12128.87
2024-02,Azrieli TLV,Unknown,TRIAL,0.0,0.0,0,
2024-02,Gindi 1,Unknown,CHURN,5.06,69.43,637,19960.46
2024-02,Gindi 1,Unknown,TRIAL,3.75,18.56,15,565.5
2024-02,Gindi 2,Unknown,CHURN,5.67,60.85,187,5319.34
2024-02,Gindi 3,Unknown,CHURN,5.31,75.55,812,22219.47
2024-02,Gindi 3,Unknown,COLD_LEAD,5.0,0.0,5,251.55
2024-02,Gindi 3,Unknown,TRIAL,4.5,1.6,90,2144.74
2024-02,Gindi 4,Unknown,CHURN,4.17,43.7,50,1453.01
2024-02,One Ten,Hoboken Polygon,CHURN,3.38,18.78,27,980.2
2024-02,One Ten,Hoboken Polygon,FREEMIUM,7.6,33.89,38,1187.03
2024-02,One Ten,Hoboken Polygon,ON_DEMAND_SUBSCRIPTION,8.0,25.5,16,539.5
2024-02,One Ten,Hoboken Polygon,RECURRING_SUBSCRIPTION,5.5,83.04,33,1198.86
2024-02,River Place,Hell's Kitchen Polygon,CHURN,7.0,53.76,133,3300.57
2024-02,River Place,Hell's Kitchen Polygon,FREEMIUM,2.88,38.04,69,2155.53
2024-02,River Place,Hell's Kitchen Polygon,ON_DEMAND_SUBSCRIPTION,2.2,12.36,11,432.9
2024-02,River Place,Hell's Kitchen Polygon,RECURRING_SUBSCRIPTION,6.97,24.44,258,5497.44
2024-02,River Place,Hell's Kitchen Polygon,TRIAL,4.83,67.47,29,922.48
2024-02,Silver Towers,Hell's Kitchen Polygon,CHURN,5.05,66.06,202,6523.14
2024-02,Silver Towers,Hell's Kitchen Polygon,FREEMIUM,5.57,9.95,78,2374.06
2024-02,Silver Towers,Hell's Kitchen Polygon,FROZEN,8.0,0.0,8,227.11
2024-02,Silver Towers,Hell's Kitchen Polygon,ON_DEMAND_SUBSCRIPTION,4.87,56.7,73,2466.36
2024-02,Silver Towers,Hell's Kitchen Polygon,RECURRING_SUBSCRIPTION,6.83,77.24,314,7954.83
2024-02,Silver Towers,Hell's Kitchen Polygon,TRIAL,5.0,22.57,75,2435.81
2024-02,The Enclave,Hoboken Polygon,CHURN,5.5,59.92,66,2227.94
2024-02,The Enclave,Hoboken Polygon,RECURRING_SUBSCRIPTION,4.0,50.0,8,271.7
2024-03,100 House,Hoboken Polygon,CHURN,7.7,77.04,77,2193.88
2024-03,100 House,Hoboken Polygon,ON_DEMAND_SUBSCRIPTION,2.0,15.38,8,154.7
2024-03,829 Garfield,Floating Jersey,CHURN,4.62,49.98,60,2016.43
2024-03,Azrieli TLV,Unknown,CHURN,5.01,64.43,376,11568.7
2024-03,Azrieli TLV,Unknown,COLD_LEAD,8.0,0.0,16,381.42
2024-03,Azrieli TLV,Unknown,TRIAL,7.2,58.01,36,1082.25
2024-03,Gindi 1,Unknown,CHURN,4.13,67.84,632,19898.58
2024-03,Gindi 1,Unknown,TRIAL,3.67,67.82,11,284.7
2024-03,Gindi 2,Unknown,CHURN,4.58,65.98,243,6885.97
2024-03,Gindi 2,Unknown,COLD_LEAD,8.5,0.0,17,510.12
2024-03,Gindi 2,Unknown,TRIAL,0.5,48.63,1,13.0
2024-03,Gindi 3,Unknown,CHURN,4.66,81.01,876,24084.97
2024-03,Gindi 3,Unknown,TRIAL,4.57,27.74,32,982.93
2024-03,Gindi 4,Unknown,CHURN,5.37,32.75,102,2961.79
2024-03,John Street 116,Financial District Polygon,CHURN,8.0,72.0,24,713.83
2024-03,John Street 116,Financial District Polygon,RECURRING_SUBSCRIPTION,6.13,39.14,49,1271.4
2024-03,John Street 116,Financial District Polygon,TRIAL,5.38,77.57,43,1215.24
2024-03,One Ten,Hoboken Polygon,CHURN,3.13,36.04,25,926.25
2024-03,One Ten,Hoboken Polygon,FREEMIUM,7.75,34.97,31,934.18
2024-03,One Ten,Hoboken Polygon,ON_DEMAND_SUBSCRIPTION,6.5,33.92,13,426.01
2024-03,One Ten,Hoboken Polygon,RECURRING_SUBSCRIPTION,5.75,119.14,23,810.16
2024-03,River Place,Hell's Kitchen Polygon,CHURN,6.27,37.8,188,5144.88
2024-03,River Place,Hell's Kitchen Polygon,FREEMIUM,2.72,17.16,68,1248.78
2024-03,River Place,Hell's Kitchen Polygon,ON_DEMAND_SUBSCRIPTION,3.71,34.63,52,1779.18
2024-03,River Place,Hell's Kitchen Polygon,RECURRING_SUBSCRIPTION,6.83,70.8,123,2999.75
2024-03,River Place,Hell's Kitchen Polygon,TRIAL,6.5,28.31,26,798.33
2024-03,Silver Towers,Hell's Kitchen Polygon,CHURN,5.0,53.97,205,6437.08
2024-03,Silver Towers,Hell's Kitchen Polygon,FREEMIUM,4.0,23.0,24,882.57
2024-03,Silver Towers,Hell's Kitchen Polygon,FROZEN,4.67,62.86,14,454.61
2024-03,Silver Towers,Hell's Kitchen Polygon,ON_DEMAND_SUBSCRIPTION,4.48,52.91,103,3233.23
2024-03,Silver Towers,Hell's Kitchen Polygon,RECURRING_SUBSCRIPTION,6.98,78.91,293,7423.0
2024-03,Silver Towers,Hell's Kitchen Polygon,TRIAL,4.25,13.5,51,1676.09
2024-03,The Enclave,Hoboken Polygon,CHURN,5.71,69.11,80,2587.26
2024-03,The Enclave,Hoboken Polygon,RECURRING_SUBSCRIPTION,4.0,50.0,8,271.7
2024-04,100 House,Hoboken Polygon,CHURN,7.45,72.15,82,2420.99
2024-04,100 House,Hoboken Polygon,ON_DEMAND_SUBSCRIPTION,2.88,36.0,23,524.81
2024-04,1 Boerum PL,Floating NY 2,CHURN,5.5,0.0,11,434.2
2024-04,330W-56th,Hell's Kitchen Polygon,CHURN,8.0,92.0,16,454.22
2024-04,330W-56th,Hell's Kitchen Polygon,FREEMIUM,4.0,36.25,20,731.51
2024-04,330W-56th,Hell's Kitchen Polygon,RECURRING_SUBSCRIPTION,5.0,73.6,10,344.11
2024-04,330W-56th,Hell's Kitchen Polygon,WARM_LEAD,3.0,0.0,3,130.0
2024-04,829 Garfield,Floating Jersey,CHURN,3.9,43.2,39,1279.98
2024-04,829 Garfield,Floating Jersey,TRIAL,9.0,237.0,9,209.56
2024-04,Azrieli TLV,Unknown,CHURN,5.08,67.56,361,10839.01
2024-04,Azrieli TLV,Unknown,TRIAL,6.4,3.34,32,927.94
2024-04,Gindi 1,Unknown,CHURN,4.69,62.18,732,23666.11
2024-04,Gindi 1,Unknown,COLD_LEAD,4.0,0.0,8,386.1
2024-04,Gindi 1,Unknown,TRIAL,4.0,34.79,8,271.7
2024-04,Gindi 2,Unknown,CHURN,5.69,49.64,438,11570.78
2024-04,Gindi 2,Unknown,COLD_LEAD,7.0,0.0,7,202.41
2024-04,Gindi 2,Unknown,TRIAL,4.0,40.41,8,271.7
2024-04,Gindi 3,Unknown,CHURN,4.72,53.88,1053,28061.02
2024-04,Gindi 3,Unknown,TRIAL,5.4,13.27,27,901.29
2024-04,Gindi 4,Unknown,CHURN,5.57,43.18,78,2292.42
2024-04,John Street 116,Financial District Polygon,CHURN,7.93,58.65,119,3352.44
2024-04,John Street 116,Financial District Polygon,RECURRING_SUBSCRIPTION,5.1,21.22,51,1298.7
2024-04,John Street 116,Financial District Polygon,TRIAL,5.8,46.83,29,909.48
2024-04,One Ten,Hoboken Polygon,CHURN,3.43,50.25,24,898.3
2024-04,One Ten,Hoboken Polygon,FREEMIUM,7.67,24.0,23,707.07
2024-04,One Ten,Hoboken Polygon,ON_DEMAND_SUBSCRIPTION,6.0,35.06,30,901.42
2024-04,One Ten,Hoboken Polygon,RECURRING_SUBSCRIPTION,5.6,95.32,28,1004.51
2024-04,River Place,Hell's Kitchen Polygon,CHURN,7.34,38.43,389,10681.97
2024-04,River Place,Hell's Kitchen Polygon,FREEMIUM,2.5,8.29,20,431.86
2024-04,River Place,Hell's Kitchen Polygon,ON_DEMAND_SUBSCRIPTION,6.42,27.12,212,4838.6
2024-04,River Place,Hell's Kitchen Polygon,RECURRING_SUBSCRIPTION,7.12,73.95,121,3052.14
2024-04,River Place,Hell's Kitchen Polygon,TRIAL,4.43,55.7,62,1929.07
2024-04,Silver Towers,Hell's Kitchen Polygon,CHURN,4.84,43.56,213,6257.55
2024-04,Silver Towers,Hell's Kitchen Polygon,FREEMIUM,5.0,55.2,10,344.11
2024-04,Silver Towers,Hell's Kitchen Polygon,FROZEN,0.5,19.5,1,58.5
2024-04,Silver Towers,Hell's Kitchen Polygon,ON_DEMAND_SUBSCRIPTION,3.96,51.23,95,3019.38
2024-04,Silver Towers,Hell's Kitchen Polygon,RECURRING_SUBSCRIPTION,6.76,93.67,304,8502.0
2024-04,Silver Towers,Hell's Kitchen Polygon,TRIAL,2.46,43.63,32,1012.83
2024-04,The Enclave,Hoboken Polygon,CHURN,6.08,76.76,79,2559.31
2024-04,The Enclave,Hoboken Polygon,RECURRING_SUBSCRIPTION,3.33,44.6,10,343.2
2024-05,100 House,Hoboken Polygon,CHURN,6.73,55.62,101,3052.01
2024-05,100 House,Hoboken Polygon,ON_DEMAND_SUBSCRIPTION,2.43,29.12,17,399.75
2024-05,1 Boerum PL,Floating NY 2,CHURN,5.72,95.23,103,3866.2
2024-05,1 Boerum PL,Floating NY 2,FREEMIUM,8.0,0.0,8,227.11
2024-05,1 Boerum PL,Floating NY 2,ON_DEMAND_SUBSCRIPTION,5.0,55.2,10,297.31
2024-05,1 Boerum PL,Floating NY 2,RECURRING_SUBSCRIPTION,1.75,6.57,14,631.15
2024-05,1 Boerum PL,Floating NY 2,TRIAL,0.0,0.0,0,
2024-05,330W-56th,Hell's Kitchen Polygon,CHURN,8.0,69.0,48,1362.66
2024-05,330W-56th,Hell's Kitchen Polygon,FREEMIUM,3.0,3.67,6,252.85
2024-05,330W-56th,Hell's Kitchen Polygon,RECURRING_SUBSCRIPTION,7.75,64.43,31,879.19
2024-05,829 Garfield,Floating Jersey,CHURN,4.0,32.35,20,688.61
2024-05,829 Garfield,Floating Jersey,TRIAL,9.0,133.33,27,804.18
2024-05,Azrieli TLV,Unknown,CHURN,5.7,61.96,405,12312.17
2024-05,Gindi 1,Unknown,CHURN,4.6,56.03,740,23408.71
2024-05,Gindi 1,Unknown,TRIAL,4.0,34.79,8,271.7
2024-05,Gindi 2,Unknown,CHURN,6.27,57.52,370,10720.84
2024-05,Gindi 2,Unknown,COLD_LEAD,7.0,0.0,7,202.41
2024-05,Gindi 2,Unknown,TRIAL,2.0,0.0,2,
2024-05,Gindi 3,Unknown,CHURN,5.39,71.09,906,24760.19
2024-05,Gindi 3,Unknown,COLD_LEAD,6.0,105.42,6,220.35
2024-05,Gindi 3,Unknown,TRIAL,3.5,119.49,14,587.6
2024-05,Gindi 4,Unknown,CHURN,4.6,43.52,69,2043.6
2024-05,John Street 116,Financial District Polygon,CHURN,7.05,75.99,134,3844.36
2024-05,John Street 116,Financial District Polygon,FREEMIUM,8.0,104.0,8,227.11
2024-05,John Street 116,Financial District Polygon,RECURRING_SUBSCRIPTION,5.0,56.53,30,837.33
2024-05,John Street 116,Financial District Polygon,TRIAL,5.86,34.63,41,1273.74
2024-05,John Street 116,Financial District Polygon,WARM_LEAD,2.0,0.0,2,117.0
2024-05,One Ten,Hoboken Polygon,CHURN,3.4,49.94,17,632.45
2024-05,One Ten,Hoboken Polygon,FREEMIUM,7.5,68.6,15,450.71
2024-05,One Ten,Hoboken Polygon,ON_DEMAND_SUBSCRIPTION,6.33,29.05,19,633.36
2024-05,One Ten,Hoboken Polygon,RECURRING_SUBSCRIPTION,5.75,116.04,23,810.16
2024-05,River Place,Hell's Kitchen Polygon,CHURN,5.87,68.83,264,6936.8
2024-05,River Place,Hell's Kitchen Polygon,ON_DEMAND_SUBSCRIPTION,6.57,49.9,184,3606.72
2024-05,River Place,Hell's Kitchen Polygon,RECURRING_SUBSCRIPTION,7.05,70.61,155,3954.08
2024-05,River Place,Hell's Kitchen Polygon,TRIAL,4.4,43.23,44,1322.75
2024-05,River Place,Hell's Kitchen Polygon,WARM_LEAD,8.0,92.0,8,227.11
2024-05,Silver Towers,Hell's Kitchen Polygon,CHURN,5.11,57.78,286,8200.01
2024-05,Silver Towers,Hell's Kitchen Polygon,FREEMIUM,6.33,91.37,19,537.42
2024-05,Silver Towers,Hell's Kitchen Polygon,FROZEN,8.0,46.0,16,454.22
2024-05,Silver Towers,Hell's Kitchen Polygon,ON_DEMAND_SUBSCRIPTION,4.08,52.86,98,3301.48
2024-05,Silver Towers,Hell's Kitchen Polygon,RECURRING_SUBSCRIPTION,6.71,105.72,349,9822.54
2024-05,Silver Towers,Hell's Kitchen Polygon,TRIAL,3.5,44.67,56,1931.93
2024-05,The Enclave,Hoboken Polygon,CHURN,4.13,23.88,66,2198.95
2024-05,The Enclave,Hoboken Polygon,FREEMIUM,7.8,53.41,39,1037.14
2024-05,The Enclave,Hoboken Polygon,RECURRING_SUBSCRIPTION,3.33,44.6,10,343.2
2024-06,100 House,Hoboken Polygon,CHURN,5.64,83.8,79,2358.98
2024-06,100 House,Hoboken Polygon,ON_DEMAND_SUBSCRIPTION,2.0,24.36,10,180.7
2024-06,1 Boerum PL,Floating NY 2,CHURN,4.6,117.9,69,2379.0
2024-06,1 Boerum PL,Floating NY 2,ON_DEMAND_SUBSCRIPTION,4.4,61.45,22,700.31
2024-06,1 Boerum PL,Floating NY 2,RECURRING_SUBSCRIPTION,3.13,44.96,25,936.91
2024-06,1 Boerum PL,Floating NY 2,TRIAL,3.0,51.17,12,467.35
2024-06,330W-56th,Hell's Kitchen Polygon,CHURN,8.0,92.0,32,908.44
2024-06,330W-56th,Hell's Kitchen Polygon,RECURRING_SUBSCRIPTION,8.0,92.0,24,681.33
2024-06,829 Garfield,Floating Jersey,CHURN,2.75,7.82,11,408.85
2024-06,829 Garfield,Floating Jersey,TRIAL,8.75,33.83,35,1031.29
2024-06,Azrieli TLV,Unknown,CHURN,5.38,67.42,414,12640.16
2024-06,Azrieli TLV,Unknown,TRIAL,8.0,109.59,8,272.61
2024-06,Gindi 1,Unknown,CHURN,4.51,62.04,681,22072.83
2024-06,Gindi 1,Unknown,TRIAL,3.13,56.19,50,1204.71
2024-06,Gindi 2,Unknown,CHURN,6.37,70.27,325,9118.72
2024-06,Gindi 2,Unknown,TRIAL,5.0,0.0,5,206.05
2024-06,Gindi 3,Unknown,CHURN,5.3,77.92,800,21958.04
2024-06,Gindi 3,Unknown,COLD_LEAD,2.0,0.0,4,131.3
2024-06,Gindi 3,Unknown,TRIAL,4.11,53.58,37,1161.81
2024-06,Gindi 4,Unknown,CHURN,3.58,49.14,68,2121.6
2024-06,John Street 116,Financial District Polygon,CHURN,7.22,76.86,130,3685.5
2024-06,John Street 116,Financial District Polygon,FREEMIUM,8.0,104.0,8,227.11
2024-06,John Street 116,Financial District Polygon,RECURRING_SUBSCRIPTION,5.43,68.63,38,947.44
2024-06,John Street 116,Financial District Polygon,TRIAL,6.71,33.15,47,1389.7
2024-06,John Street 116,Financial District Polygon,WARM_LEAD,4.0,0.0,4,141.7
2024-06,One Ten,Hoboken Polygon,CHURN,2.75,29.18,11,408.85
2024-06,One Ten,Hoboken Polygon,FREEMIUM,8.0,69.0,8,227.11
2024-06,One Ten,Hoboken Polygon,ON_DEMAND_SUBSCRIPTION,5.0,28.76,20,636.87
2024-06,One Ten,Hoboken Polygon,RECURRING_SUBSCRIPTION,5.75,116.04,23,810.16
2024-06,One Ten,Hoboken Polygon,WARM_LEAD,3.0,21.0,6,154.7
2024-06,River Place,Hell's Kitchen Polygon,CHURN,5.9,66.56,354,8855.34
2024-06,River Place,Hell's Kitchen Polygon,FREEMIUM,2.0,0.0,2,117.0
2024-06,River Place,Hell's Kitchen Polygon,ON_DEMAND_SUBSCRIPTION,5.64,49.65,124,2370.68
2024-06,River Place,Hell's Kitchen Polygon,RECURRING_SUBSCRIPTION,7.31,72.85,117,2894.19
2024-06,River Place,Hell's Kitchen Polygon,TRIAL,5.67,14.43,51,1574.69
2024-06,River Place,Hell's Kitchen Polygon,WARM_LEAD,8.0,92.0,8,227.11
2024-06,Silver Towers,Hell's Kitchen Polygon,CHURN,5.58,82.95,251,7444.71
2024-06,Silver Towers,Hell's Kitchen Polygon,FREEMIUM,8.0,69.0,8,227.11
2024-06,Silver Towers,Hell's Kitchen Polygon,FROZEN,4.0,86.11,8,227.11
2024-06,Silver Towers,Hell's Kitchen Polygon,ON_DEMAND_SUBSCRIPTION,4.48,52.62,121,3646.5
2024-06,Silver Towers,Hell's Kitchen Polygon,RECURRING_SUBSCRIPTION,7.07,91.7,318,8798.01
2024-06,Silver Towers,Hell's Kitchen Polygon,TRIAL,4.15,15.22,54,1620.58
2024-06,Silver Towers,Hell's Kitchen Polygon,WARM_LEAD,2.0,0.0,2,71.5
2024-06,The Enclave,Hoboken Polygon,CHURN,4.11,88.18,37,1208.48
2024-06,The Enclave,Hoboken Polygon,FREEMIUM,9.0,0.0,18,419.12
2024-06,The Enclave,Hoboken Polygon,RECURRING_SUBSCRIPTION,3.33,44.6,10,343.2
2024-06,The Ivy,Chatham / West Orange Polygon,CHURN,7.13,84.6,57,1625.0
2024-06,The Ivy,Chatham / West Orange Polygon,ON_DEMAND_SUBSCRIPTION,8.0,0.0,8,227.11
2024-06,The Ivy,Chatham / West Orange Polygon,RECURRING_SUBSCRIPTION,5.33,126.69,16,545.61
2024-06,The Ivy,Chatham / West Orange Polygon,TRIAL,8.0,120.0,16,454.22
2024-07,100 House,Hoboken Polygon,CHURN,7.28,56.05,131,3912.48
2024-07,100 House,Hoboken Polygon,FREEMIUM,6.0,136.0,6,194.35
2024-07,100 House,Hoboken Polygon,ON_DEMAND_SUBSCRIPTION,2.17,8.31,13,247.65
2024-07,100 House,Hoboken Polygon,RECURRING_SUBSCRIPTION,8.0,59.5,16,454.22
2024-07,1 Boerum PL,Floating NY 2,CHURN,5.0,79.61,80,2817.1
2024-07,1 Boerum PL,Floating NY 2,ON_DEMAND_SUBSCRIPTION,4.75,66.5,19,537.42
2024-07,1 Boerum PL,Floating NY 2,RECURRING_SUBSCRIPTION,2.25,31.16,18,722.8
2024-07,1 Boerum PL,Floating NY 2,TRIAL,5.71,117.48,40,909.35
2024-07,1 Boerum PL,Floating NY 2,WARM_LEAD,6.0,69.78,18,525.72
2024-07,330W-56th,Hell's Kitchen Polygon,CHURN,8.0,72.6,40,1123.85
2024-07,330W-56th,Hell's Kitchen Polygon,FREEMIUM,8.0,92.0,8,227.11
2024-07,330W-56th,Hell's Kitchen Polygon,RECURRING_SUBSCRIPTION,6.5,86.69,26,752.83
2024-07,330W-56th,Hell's Kitchen Polygon,WARM_LEAD,2.0,0.0,22,429.65
2024-07,829 Garfield,Floating Jersey,CHURN,3.0,0.0,9,337.35
2024-07,829 Garfield,Floating Jersey,TRIAL,9.0,0.0,18,536.12
2024-07,Azrieli TLV,Unknown,CHURN,5.85,58.18,532,16007.55
2024-07,Azrieli TLV,Unknown,TRIAL,0.0,0.0,0,
2024-07,Gindi 1,Unknown,CHURN,4.66,65.31,731,23444.07
2024-07,Gindi 1,Unknown,TRIAL,3.5,29.58,105,2949.96
2024-07,Gindi 2,Unknown,CHURN,6.39,69.25,364,10312.9
2024-07,Gindi 2,Unknown,TRIAL,6.67,16.48,40,1311.18
2024-07,Gindi 3,Unknown,CHURN,4.87,80.57,881,24428.17
2024-07,Gindi 3,Unknown,TRIAL,5.31,13.19,85,2787.85
2024-07,Gindi 4,Unknown,CHURN,5.07,53.06,71,2113.41
2024-07,John Street 116,Financial District Polygon,CHURN,8.22,68.92,148,4158.18
2024-07,John Street 116,Financial District Polygon,FREEMIUM,8.0,104.0,8,227.11
2024-07,John Street 116,Financial District Polygon,RECURRING_SUBSCRIPTION,6.0,71.0,36,875.94
2024-07,John Street 116,Financial District Polygon,TRIAL,7.4,51.89,37,1091.09
2024-07,One Ten,Hoboken Polygon,CHURN,4.56,47.93,41,1381.77
2024-07,One Ten,Hoboken Polygon,FREEMIUM,6.0,17.0,12,357.11
2024-07,One Ten,Hoboken Polygon,ON_DEMAND_SUBSCRIPTION,5.0,37.75,15,450.71
2024-07,One Ten,Hoboken Polygon,RECURRING_SUBSCRIPTION,6.11,85.4,55,1832.22
2024-07,One Ten,Hoboken Polygon,WARM_LEAD,3.0,5.25,12,309.4
2024-07,River Place,Hell's Kitchen Polygon,CHURN,6.54,55.65,458,11709.88
2024-07,River Place,Hell's Kitchen Polygon,FREEMIUM,3.0,48.0,3,130.0
2024-07,River Place,Hell's Kitchen Polygon,ON_DEMAND_SUBSCRIPTION,5.28,41.77,153,3091.27
2024-07,River Place,Hell's Kitchen Polygon,RECURRING_SUBSCRIPTION,7.55,73.99,151,3843.58
2024-07,River Place,Hell's Kitchen Polygon,TRIAL,5.73,28.25,63,1997.06
2024-07,River Place,Hell's Kitchen Polygon,WARM_LEAD,5.0,73.6,10,298.61
2024-07,Silver Towers,Hell's Kitchen Polygon,CHURN,5.56,64.0,350,10449.01
2024-07,Silver Towers,Hell's Kitchen Polygon,FREEMIUM,5.5,50.18,11,304.46
2024-07,Silver Towers,Hell's Kitchen Polygon,FROZEN,4.0,87.56,8,227.11
2024-07,Silver Towers,Hell's Kitchen Polygon,ON_DEMAND_SUBSCRIPTION,3.73,44.67,168,4902.82
2024-07,Silver Towers,Hell's Kitchen Polygon,RECURRING_SUBSCRIPTION,6.45,99.75,419,11219.13
2024-07,Silver Towers,Hell's Kitchen Polygon,TRIAL,3.26,25.9,114,2965.69
2024-07,The Enclave,Hoboken Polygon,CHURN,5.69,57.54,91,2734.94
2024-07,The Enclave,Hoboken Polygon,FREEMIUM,4.38,53.81,35,1088.88
2024-07,The Enclave,Hoboken Polygon,ON_DEMAND_SUBSCRIPTION,8.0,92.0,8,227.11
2024-07,The Enclave,Hoboken Polygon,RECURRING_SUBSCRIPTION,3.0,41.0,12,414.7
2024-07,The Enclave,Hoboken Polygon,TRIAL,4.0,0.0,8,227.11
2024-07,The Ivy,Chatham / West Orange Polygon,CHURN,6.89,110.74,124,3470.22
2024-07,The Ivy,Chatham / West Orange Polygon,ON_DEMAND_SUBSCRIPTION,8.0,55.5,32,908.44
2024-07,The Ivy,Chatham / West Orange Polygon,RECURRING_SUBSCRIPTION,5.67,98.91,34,1161.42
2024-07,The Ivy,Chatham / West Orange Polygon,TRIAL,8.0,80.0,24,681.33
2024-07,The Ivy,Chatham / West Orange Polygon,WARM_LEAD,8.0,148.0,16,454.22
2024-08,100 House,Hoboken Polygon,CHURN,6.47,60.46,110,3306.16
2024-08,100 House,Hoboken Polygon,ON_DEMAND_SUBSCRIPTION,2.4,20.5,12,205.4
2024-08,100 House,Hoboken Polygon,RECURRING_SUBSCRIPTION,8.0,113.33,48,1362.66
2024-08,1 Boerum PL,Floating NY 2,CHURN,4.92,50.5,64,2321.8
2024-08,1 Boerum PL,Floating NY 2,ON_DEMAND_SUBSCRIPTION,5.5,15.82,11,310.31
2024-08,1 Boerum PL,Floating NY 2,RECURRING_SUBSCRIPTION,3.5,94.48,28,922.87
2024-08,1 Boerum PL,Floating NY 2,TRIAL,7.6,8.05,38,950.95
2024-08,1 Boerum PL,Floating NY 2,WARM_LEAD,6.0,139.56,36,1051.44
2024-08,300 Somerset,Harrison Polygon,CHURN,2.25,21.67,9,297.7
2024-08,300 Somerset,Harrison Polygon,RECURRING_SUBSCRIPTION,2.0,8.0,8,145.6
2024-08,300 Somerset,Harrison Polygon,TRIAL,2.2,21.91,11,416.0
2024-08,330 Angelo Cifelli,Harrison Polygon,FREEMIUM,2.0,0.0,4,96.2
2024-08,330 Angelo Cifelli,Harrison Polygon,RECURRING_SUBSCRIPTION,2.0,23.0,4,143.0
2024-08,330 Angelo Cifelli,Harrison Polygon,TRIAL,2.0,23.0,4,143.0
2024-08,330W-56th,Hell's Kitchen Polygon,CHURN,7.38,50.53,59,1635.53
2024-08,330W-56th,Hell's Kitchen Polygon,FREEMIUM,8.0,92.0,8,227.11
2024-08,330W-56th,Hell's Kitchen Polygon,RECURRING_SUBSCRIPTION,6.5,84.92,26,752.83
2024-08,330W-56th,Hell's Kitchen Polygon,WARM_LEAD,1.75,0.0,7,267.15
2024-08,829 Garfield,Floating Jersey,CHURN,2.0,0.0,2,71.5
2024-08,Azrieli TLV,Unknown,CHURN,5.65,63.18,525,15797.47
2024-08,Azrieli TLV,Unknown,TRIAL,4.3,82.42,43,1384.63
2024-08,Gindi 1,Unknown,CHURN,4.08,52.53,693,21338.85
2024-08,Gindi 1,Unknown,TRIAL,5.0,13.92,20,701.35
2024-08,Gindi 2,Unknown,CHURN,6.25,47.83,331,9354.28
2024-08,Gindi 2,Unknown,TRIAL,3.0,53.88,12,466.05
2024-08,Gindi 3,Unknown,CHURN,5.24,76.13,865,23358.01
2024-08,Gindi 3,Unknown,TRIAL,4.22,19.86,38,1333.67
2024-08,Gindi 4,Unknown,CHURN,5.0,47.2,75,2205.06
2024-08,John Street 116,Financial District Polygon,CHURN,7.13,69.3,171,4786.99
2024-08,John Street 116,Financial District Polygon,FREEMIUM,8.0,52.0,8,227.11
2024-08,John Street 116,Financial District Polygon,RECURRING_SUBSCRIPTION,5.43,67.21,38,1005.94
2024-08,John Street 116,Financial District Polygon,TRIAL,0.8,21.43,4,143.0
2024-08,One Ten,Hoboken Polygon,CHURN,3.67,54.58,33,1138.41
2024-08,One Ten,Hoboken Polygon,FREEMIUM,8.0,0.0,8,227.11
2024-08,One Ten,Hoboken Polygon,ON_DEMAND_SUBSCRIPTION,4.57,17.79,32,917.93
2024-08,One Ten,Hoboken Polygon,RECURRING_SUBSCRIPTION,6.1,67.89,61,1973.79
2024-08,One Ten,Hoboken Polygon,WARM_LEAD,3.0,0.0,15,386.75
2024-08,River Place,Hell's Kitchen Polygon,CHURN,6.29,48.61,390,9225.71
2024-08,River Place,Hell's Kitchen Polygon,FREEMIUM,4.0,45.0,4,135.85
2024-08,River Place,Hell's Kitchen Polygon,ON_DEMAND_SUBSCRIPTION,5.5,61.85,176,3554.72
2024-08,River Place,Hell's Kitchen Polygon,RECURRING_SUBSCRIPTION,5.85,62.8,152,3915.47
2024-08,River Place,Hell's Kitchen Polygon,TRIAL,2.82,42.35,31,1058.72
2024-08,River Place,Hell's Kitchen Polygon,WARM_LEAD,6.0,39.11,18,525.72
2024-08,Silver Towers,Hell's Kitchen Polygon,CHURN,5.62,77.31,326,9752.34
2024-08,Silver Towers,Hell's Kitchen Polygon,FREEMIUM,8.0,0.0,8,227.11
2024-08,Silver Towers,Hell's Kitchen Polygon,FROZEN,4.0,87.56,8,227.11
2024-08,Silver Towers,Hell's Kitchen Polygon,ON_DEMAND_SUBSCRIPTION,3.28,37.54,128,3773.64
2024-08,Silver Towers,Hell's Kitchen Polygon,RECURRING_SUBSCRIPTION,5.87,98.12,417,11246.56
2024-08,Silver Towers,Hell's Kitchen Polygon,TRIAL,4.56,33.21,41,1200.29
2024-08,The Eddy,Harrison Polygon,CHURN,2.0,0.0,4,143.0
2024-08,The Eddy,Harrison Polygon,RECURRING_SUBSCRIPTION,8.0,99.0,8,227.11
2024-08,The Eddy,Harrison Polygon,TRIAL,8.0,99.0,8,227.11
2024-08,The Enclave,Hoboken Polygon,CHURN,3.95,51.73,75,2284.36
2024-08,The Enclave,Hoboken Polygon,FREEMIUM,7.2,20.44,36,1050.14
2024-08,The Enclave,Hoboken Polygon,RECURRING_SUBSCRIPTION,3.6,24.78,18,614.9
2024-08,The Enclave,Hoboken Polygon,TRIAL,8.0,148.0,8,227.11
2024-08,The Ivy,Chatham / West Orange Polygon,CHURN,7.05,98.52,155,4465.24
2024-08,The Ivy,Chatham / West Orange Polygon,ON_DEMAND_SUBSCRIPTION,8.0,111.0,32,908.44
2024-08,The Ivy,Chatham / West Orange Polygon,RECURRING_SUBSCRIPTION,5.29,118.89,37,1202.37
2024-08,The Ivy,Chatham / West Orange Polygon,TRIAL,7.4,19.89,37,1102.79
2024-08,The Ivy,Chatham / West Orange Polygon,WARM_LEAD,8.0,148.0,8,227.11
2024-09,100 House,Hoboken Polygon,CHURN,6.7,49.37,134,4136.08
2024-09,100 House,Hoboken Polygon,ON_DEMAND_SUBSCRIPTION,3.33,40.15,20,432.51
2024-09,100 House,Hoboken Polygon,RECURRING_SUBSCRIPTION,8.0,107.2,40,1135.55
2024-09,1 Boerum PL,Floating NY 2,CHURN,6.44,87.74,58,1550.25
2024-09,1 Boerum PL,Floating NY 2,ON_DEMAND_SUBSCRIPTION,3.0,77.67,9,337.35
2024-09,1 Boerum PL,Floating NY 2,RECURRING_SUBSCRIPTION,3.5,38.76,28,922.87
2024-09,1 Boerum PL,Floating NY 2,TRIAL,8.0,0.0,16,454.22
2024-09,1 Boerum PL,Floating NY 2,WARM_LEAD,7.8,56.62,39,1106.3
2024-09,300 Somerset,Harrison Polygon,CHURN,2.14,22.93,30,1071.2
2024-09,300 Somerset,Harrison Polygon,FREEMIUM,6.0,0.0,6,170.95
2024-09,300 Somerset,Harrison Polygon,ON_DEMAND_SUBSCRIPTION,2.0,23.0,2,71.5
2024-09,300 Somerset,Harrison Polygon,RECURRING_SUBSCRIPTION,2.13,13.59,17,443.3
2024-09,300 Somerset,Harrison Polygon,TRIAL,2.08,12.85,25,812.11
2024-09,330 Angelo Cifelli,Harrison Polygon,CHURN,2.0,23.0,8,286.0
2024-09,330 Angelo Cifelli,Harrison Polygon,RECURRING_SUBSCRIPTION,3.0,21.81,27,921.96
2024-09,330 Angelo Cifelli,Harrison Polygon,TRIAL,2.38,43.28,31,953.81
2024-09,330 Angelo Cifelli,Harrison Polygon,WARM_LEAD,5.0,74.0,5,194.35
2024-09,330W-56th,Hell's Kitchen Polygon,CHURN,6.71,52.4,47,1270.36
2024-09,330W-56th,Hell's Kitchen Polygon,FREEMIUM,0.5,52.5,1,13.0
2024-09,330W-56th,Hell's Kitchen Polygon,RECURRING_SUBSCRIPTION,7.13,35.53,57,1632.02
2024-09,330W-56th,Hell's Kitchen Polygon,WARM_LEAD,3.6,83.7,18,408.72
2024-09,Azrieli TLV,Unknown,CHURN,5.96,64.83,560,16862.3
2024-09,Azrieli TLV,Unknown,TRIAL,5.67,83.95,17,471.77
2024-09,Gindi 1,Unknown,CHURN,3.96,62.46,777,23094.89
2024-09,Gindi 1,Unknown,TRIAL,6.07,112.5,85,2186.47
2024-09,Gindi 2,Unknown,CHURN,6.89,76.46,262,7492.16
2024-09,Gindi 2,Unknown,COLD_LEAD,9.0,0.0,9,311.35
2024-09,Gindi 2,Unknown,TRIAL,2.25,7.64,9,284.7
2024-09,Gindi 3,Unknown,CHURN,5.21,78.25,828,22773.4
2024-09,Gindi 3,Unknown,TRIAL,5.25,0.0,21,648.57
2024-09,Gindi 4,Unknown,CHURN,4.35,47.38,74,2263.3
2024-09,John Street 116,Financial District Polygon,CHURN,7.31,73.62,117,3217.11
2024-09,John Street 116,Financial District Polygon,FREEMIUM,8.0,52.0,8,227.11
2024-09,John Street 116,Financial District Polygon,RECURRING_SUBSCRIPTION,5.6,85.14,28,707.33
2024-09,John Street 116,Financial District Polygon,TRIAL,3.5,17.57,14,434.46
2024-09,Nine 52,Hell's Kitchen Polygon,RECURRING_SUBSCRIPTION,3.0,71.0,3,130.0
2024-09,One Ten,Hoboken Polygon,CHURN,4.29,61.23,30,1053.91
2024-09,One Ten,Hoboken Polygon,FREEMIUM,8.0,0.0,8,227.11
2024-09,One Ten,Hoboken Polygon,ON_DEMAND_SUBSCRIPTION,3.0,2.89,15,450.71
2024-09,One Ten,Hoboken Polygon,RECURRING_SUBSCRIPTION,6.75,94.06,54,1775.93
2024-09,River Place,Hell's Kitchen Polygon,CHURN,6.61,51.38,238,5987.67
2024-09,River Place,Hell's Kitchen Polygon,FREEMIUM,1.25,29.86,5,148.85
2024-09,River Place,Hell's Kitchen Polygon,ON_DEMAND_SUBSCRIPTION,5.44,52.57,196,4337.97
2024-09,River Place,Hell's Kitchen Polygon,RECURRING_SUBSCRIPTION,6.38,49.4,185,4862.26
2024-09,River Place,Hell's Kitchen Polygon,TRIAL,2.91,39.12,32,1064.57
2024-09,River Place,Hell's Kitchen Polygon,WARM_LEAD,4.67,10.29,14,487.11
2024-09,Silver Towers,Hell's Kitchen Polygon,CHURN,5.93,62.2,332,9799.27
2024-09,Silver Towers,Hell's Kitchen Polygon,FREEMIUM,6.6,39.03,33,921.44
2024-09,Silver Towers,Hell's Kitchen Polygon,FROZEN,8.0,92.0,8,227.11
2024-09,Silver Towers,Hell's Kitchen Polygon,ON_DEMAND_SUBSCRIPTION,3.41,46.24,92,3023.41
2024-09,Silver Towers,Hell's Kitchen Polygon,RECURRING_SUBSCRIPTION,6.04,91.48,507,13437.97
2024-09,Silver Towers,Hell's Kitchen Polygon,TRIAL,4.44,47.29,40,1241.24
2024-09,The Dime,Williamsburg Polygon,CHURN,8.0,0.0,8,227.11
2024-09,The Dime,Williamsburg Polygon,TRIAL,3.0,0.0,3,130.0
2024-09,The Eddy,Harrison Polygon,CHURN,2.0,23.0,4,143.0
2024-09,The Eddy,Harrison Polygon,FREEMIUM,9.0,116.0,9,268.06
2024-09,The Eddy,Harrison Polygon,RECURRING_SUBSCRIPTION,5.67,111.06,17,460.07
2024-09,The Eddy,Harrison Polygon,TRIAL,7.13,61.86,57,1624.87
2024-09,The Enclave,Hoboken Polygon,CHURN,4.65,76.83,79,2369.77
2024-09,The Enclave,Hoboken Polygon,FREEMIUM,8.0,0.0,8,227.11
2024-09,The Enclave,Hoboken Polygon,RECURRING_SUBSCRIPTION,3.33,24.6,10,343.2
2024-09,The Enclave,Hoboken Polygon,TRIAL,8.0,0.0,8,227.11
2024-09,The Ivy,Chatham / West Orange Polygon,CHURN,6.52,87.07,163,4780.23
2024-09,The Ivy,Chatham / West Orange Polygon,ON_DEMAND_SUBSCRIPTION,8.0,148.0,16,454.22
2024-09,The Ivy,Chatham / West Orange Polygon,RECURRING_SUBSCRIPTION,6.43,77.76,45,1421.29
2024-09,The Ivy,Chatham / West Orange Polygon,TRIAL,6.6,54.67,66,1851.98
2024-09,The Ivy,Chatham / West Orange Polygon,WARM_LEAD,3.5,63.05,21,566.67
2024-10,100 House,Hoboken Polygon,CHURN,6.47,64.85,123,3800.16
2024-10,100 House,Hoboken Polygon,FREEMIUM,8.0,151.0,16,454.22
2024-10,100 House,Hoboken Polygon,ON_DEMAND_SUBSCRIPTION,2.67,0.0,8,156.0
2024-10,100 House,Hoboken Polygon,RECURRING_SUBSCRIPTION,7.5,82.77,60,1891.76
2024-10,1 Boerum PL,Floating NY 2,CHURN,6.05,35.23,133,2986.36
2024-10,1 Boerum PL,Floating NY 2,ON_DEMAND_SUBSCRIPTION,3.63,89.38,29,1086.8
2024-10,1 Boerum PL,Floating NY 2,RECURRING_SUBSCRIPTION,4.1,26.32,41,1304.68
2024-10,1 Boerum PL,Floating NY 2,WARM_LEAD,7.33,86.55,22,622.83
2024-10,300 Somerset,Harrison Polygon,CHURN,2.31,21.19,37,1208.35
2024-10,300 Somerset,Harrison Polygon,FREEMIUM,7.0,56.57,14,398.06
2024-10,300 Somerset,Harrison Polygon,ON_DEMAND_SUBSCRIPTION,3.67,44.41,22,719.16
2024-10,300 Somerset,Harrison Polygon,RECURRING_SUBSCRIPTION,2.88,42.43,23,739.31
2024-10,300 Somerset,Harrison Polygon,TRIAL,1.2,6.5,12,429.0
2024-10,330 Angelo Cifelli,Harrison Polygon,CHURN,2.0,20.13,8,286.0
2024-10,330 Angelo Cifelli,Harrison Polygon,FREEMIUM,2.0,11.5,2,71.5
2024-10,330 Angelo Cifelli,Harrison Polygon,ON_DEMAND_SUBSCRIPTION,4.5,88.0,9,244.66
2024-10,330 Angelo Cifelli,Harrison Polygon,RECURRING_SUBSCRIPTION,2.0,22.3,20,760.5
2024-10,330 Angelo Cifelli,Harrison Polygon,TRIAL,2.44,3.21,39,1191.71
2024-10,330 Angelo Cifelli,Harrison Polygon,WARM_LEAD,3.33,4.73,10,388.7
2024-10,330W-56th,Hell's Kitchen Polygon,CHURN,8.0,61.33,24,681.33
2024-10,330W-56th,Hell's Kitchen Polygon,FREEMIUM,3.0,10.5,9,240.11
2024-10,330W-56th,Hell's Kitchen Polygon,RECURRING_SUBSCRIPTION,5.25,53.29,42,1169.74
2024-10,330W-56th,Hell's Kitchen Polygon,TRIAL,1.5,13.33,3,77.35
2024-10,330W-56th,Hell's Kitchen Polygon,WARM_LEAD,8.0,0.0,8,168.61
2024-10,Azrieli TLV,Unknown,CHURN,5.84,53.87,677,20252.83
2024-10,Azrieli TLV,Unknown,TRIAL,7.0,38.8,56,1655.16
2024-10,Gindi 1,Unknown,CHURN,4.23,56.28,762,22959.17
2024-10,Gindi 1,Unknown,TRIAL,7.23,24.89,94,2154.49
2024-10,Gindi 2,Unknown,CHURN,6.85,65.57,322,9656.27
2024-10,Gindi 2,Unknown,COLD_LEAD,9.0,0.0,45,1556.75
2024-10,Gindi 3,Unknown,CHURN,4.95,52.25,915,25786.28
2024-10,Gindi 3,Unknown,TRIAL,6.0,112.05,6,264.55
2024-10,Gindi 4,Unknown,CHURN,5.09,28.57,112,3390.27
2024-10,John Street 116,Financial District Polygon,CHURN,6.9,67.56,138,3883.23
2024-10,John Street 116,Financial District Polygon,FREEMIUM,8.0,129.0,8,227.11
2024-10,John Street 116,Financial District Polygon,ON_DEMAND_SUBSCRIPTION,4.0,55.0,4,141.7
2024-10,John Street 116,Financial District Polygon,RECURRING_SUBSCRIPTION,5.43,66.0,38,1005.94
2024-10,Nine 52,Hell's Kitchen Polygon,CHURN,6.6,60.74,99,2922.92
2024-10,Nine 52,Hell's Kitchen Polygon,RECURRING_SUBSCRIPTION,3.0,71.0,3,130.0
2024-10,Nine 52,Hell's Kitchen Polygon,TRIAL,5.67,35.71,17,557.31
2024-10,One Ten,Hoboken Polygon,CHURN,5.67,74.03,34,1138.02
2024-10,One Ten,Hoboken Polygon,FREEMIUM,7.14,14.72,50,1524.25
2024-10,One Ten,Hoboken Polygon,ON_DEMAND_SUBSCRIPTION,4.2,23.04,21,648.57
2024-10,One Ten,Hoboken Polygon,RECURRING_SUBSCRIPTION,5.73,62.44,86,2673.97
2024-10,River Place,Hell's Kitchen Polygon,CHURN,6.16,58.79,197,5297.89
2024-10,River Place,Hell's Kitchen Polygon,FREEMIUM,6.0,100.67,12,362.96
2024-10,River Place,Hell's Kitchen Polygon,ON_DEMAND_SUBSCRIPTION,5.39,51.31,205,4430.79
2024-10,River Place,Hell's Kitchen Polygon,RECURRING_SUBSCRIPTION,7.33,37.85,198,5188.69
2024-10,River Place,Hell's Kitchen Polygon,TRIAL,4.75,46.95,38,1038.83
2024-10,River Place,Hell's Kitchen Polygon,WARM_LEAD,2.5,9.2,5,201.5
2024-10,Silver Towers,Hell's Kitchen Polygon,CHURN,5.43,65.22,331,9846.2
2024-10,Silver Towers,Hell's Kitchen Polygon,FREEMIUM,8.0,0.0,16,454.22
2024-10,Silver Towers,Hell's Kitchen Polygon,FROZEN,6.33,46.32,19,584.22
2024-10,Silver Towers,Hell's Kitchen Polygon,ON_DEMAND_SUBSCRIPTION,3.73,40.97,138,4021.03
2024-10,Silver Towers,Hell's Kitchen Polygon,RECURRING_SUBSCRIPTION,5.42,96.04,639,17604.21
2024-10,Silver Towers,Hell's Kitchen Polygon,TRIAL,4.55,53.23,50,1447.16
2024-10,Stonehill,Chatham / West Orange Polygon,CHURN,1.0,0.0,1,58.5
2024-10,Stonehill,Chatham / West Orange Polygon,TRIAL,2.0,0.0,2,71.5
2024-10,The Dime,Williamsburg Polygon,CHURN,5.89,118.11,53,1518.66
2024-10,The Dime,Williamsburg Polygon,FREEMIUM,5.0,64.0,10,330.2
2024-10,The Dime,Williamsburg Polygon,RECURRING_SUBSCRIPTION,6.33,58.74,38,1216.41
2024-10,The Dime,Williamsburg Polygon,TRIAL,3.0,39.39,18,688.35
2024-10,The Dime,Williamsburg Polygon,WARM_LEAD,4.0,84.0,4,159.25
2024-10,The Eddy,Harrison Polygon,CHURN,2.0,23.0,4,143.0
2024-10,The Eddy,Harrison Polygon,FREEMIUM,9.0,116.0,9,268.06
2024-10,The Eddy,Harrison Polygon,RECURRING_SUBSCRIPTION,4.0,44.0,4,124.15
2024-10,The Eddy,Harrison Polygon,TRIAL,8.0,56.6,40,1135.55
2024-10,The Enclave,Hoboken Polygon,CHURN,5.27,47.32,79,2377.83
2024-10,The Enclave,Hoboken Polygon,FREEMIUM,8.0,0.0,8,227.11
2024-10,The Enclave,Hoboken Polygon,ON_DEMAND_SUBSCRIPTION,8.0,92.0,8,227.11
2024-10,The Enclave,Hoboken Polygon,RECURRING_SUBSCRIPTION,4.0,50.0,12,407.55
2024-10,The Enclave,Hoboken Polygon,TRIAL,8.0,74.0,16,454.22
2024-10,The Ivy,Chatham / West Orange Polygon,CHURN,5.65,92.93,175,4883.84
2024-10,The Ivy,Chatham / West Orange Polygon,ON_DEMAND_SUBSCRIPTION,8.0,96.0,40,1135.55
2024-10,The Ivy,Chatham / West Orange Polygon,RECURRING_SUBSCRIPTION,5.45,81.98,60,2060.63
2024-10,The Ivy,Chatham / West Orange Polygon,TRIAL,7.0,0.46,56,1589.77
2024-10,The Ivy,Chatham / West Orange Polygon,WARM_LEAD,8.0,0.0,8,227.11
2024-11,100 House,Hoboken Polygon,CHURN,6.67,89.25,100,3139.89
2024-11,100 House,Hoboken Polygon,ON_DEMAND_SUBSCRIPTION,2.0,35.5,4,143.0
2024-11,100 House,Hoboken Polygon,RECURRING_SUBSCRIPTION,7.29,93.88,51,1594.45
2024-11,1 Boerum PL,Floating NY 2,CHURN,5.0,24.69,80,1731.21
2024-11,1 Boerum PL,Floating NY 2,FREEMIUM,8.11,71.42,73,1425.19
2024-11,1 Boerum PL,Floating NY 2,ON_DEMAND_SUBSCRIPTION,3.5,94.24,21,768.3
2024-11,1 Boerum PL,Floating NY 2,RECURRING_SUBSCRIPTION,3.11,47.43,28,933.66
2024-11,1 Boerum PL,Floating NY 2,WARM_LEAD,7.0,136.0,14,395.72
2024-11,300 Somerset,Harrison Polygon,CHURN,2.47,17.19,42,1414.4
2024-11,300 Somerset,Harrison Polygon,FREEMIUM,7.5,60.0,15,401.57
2024-11,300 Somerset,Harrison Polygon,ON_DEMAND_SUBSCRIPTION,3.5,63.0,7,265.85
2024-11,300 Somerset,Harrison Polygon,RECURRING_SUBSCRIPTION,3.2,58.13,16,513.11
2024-11,300 Somerset,Harrison Polygon,TRIAL,3.0,72.78,18,584.61
2024-11,330 Angelo Cifelli,Harrison Polygon,CHURN,4.4,56.39,44,1337.44
2024-11,330 Angelo Cifelli,Harrison Polygon,ON_DEMAND_SUBSCRIPTION,8.0,99.0,16,454.22
2024-11,330 Angelo Cifelli,Harrison Polygon,RECURRING_SUBSCRIPTION,1.85,11.5,24,903.5
2024-11,330 Angelo Cifelli,Harrison Polygon,TRIAL,3.0,35.33,6,207.35
2024-11,330 Angelo Cifelli,Harrison Polygon,WARM_LEAD,5.0,0.0,5,194.35
2024-11,330W-56th,Hell's Kitchen Polygon,CHURN,8.0,46.0,16,454.22
2024-11,330W-56th,Hell's Kitchen Polygon,FREEMIUM,8.0,92.0,8,227.11
2024-11,330W-56th,Hell's Kitchen Polygon,RECURRING_SUBSCRIPTION,4.11,64.22,37,1008.28
2024-11,Agnes,Floating Jersey,CHURN,8.0,0.0,16,454.22
2024-11,Agnes,Floating Jersey,RECURRING_SUBSCRIPTION,8.0,0.0,8,227.11
2024-11,Azrieli TLV,Unknown,CHURN,5.78,69.18,451,13369.2
2024-11,Azrieli TLV,Unknown,TRIAL,4.5,61.4,18,571.22
2024-11,Gindi 1,Unknown,CHURN,4.04,61.94,659,19394.96
2024-11,Gindi 1,Unknown,TRIAL,5.5,22.57,33,893.62
2024-11,Gindi 2,Unknown,CHURN,6.94,68.77,250,7431.06
2024-11,Gindi 2,Unknown,COLD_LEAD,9.0,0.0,9,311.35
2024-11,Gindi 3,Unknown,CHURN,4.97,85.85,681,19650.15
2024-11,Gindi 3,Unknown,TRIAL,5.2,15.89,26,831.22
2024-11,Gindi 4,Unknown,CHURN,5.14,48.5,72,2155.66
2024-11,HaHehad,Unknown,CHURN,6.33,54.79,57,1701.57
2024-11,John Street 116,Financial District Polygon,CHURN,6.86,60.47,192,5379.66
2024-11,John Street 116,Financial District Polygon,RECURRING_SUBSCRIPTION,4.88,83.51,39,1041.04
2024-11,John Street 116,Financial District Polygon,TRIAL,5.0,82.6,10,298.61
2024-11,Nine 52,Hell's Kitchen Polygon,CHURN,7.0,78.51,105,3136.77
2024-11,Nine 52,Hell's Kitchen Polygon,RECURRING_SUBSCRIPTION,3.6,86.0,18,654.55
2024-11,Nine 52,Hell's Kitchen Polygon,TRIAL,8.0,92.0,8,227.11
2024-11,One Ten,Hoboken Polygon,CHURN,5.33,57.41,32,1134.51
2024-11,One Ten,Hoboken Polygon,FREEMIUM,7.14,14.72,50,1524.25
2024-11,One Ten,Hoboken Polygon,ON_DEMAND_SUBSCRIPTION,5.5,87.82,33,977.73
2024-11,One Ten,Hoboken Polygon,RECURRING_SUBSCRIPTION,6.83,53.78,41,1285.44
2024-11,River Place,Hell's Kitchen Polygon,CHURN,7.17,74.19,215,6076.46
2024-11,River Place,Hell's Kitchen Polygon,ON_DEMAND_SUBSCRIPTION,4.72,49.17,217,5040.49
2024-11,River Place,Hell's Kitchen Polygon,RECURRING_SUBSCRIPTION,5.75,47.5,115,3305.77
2024-11,River Place,Hell's Kitchen Polygon,TRIAL,3.31,51.55,53,1411.67
2024-11,River Place,Hell's Kitchen Polygon,WARM_LEAD,2.5,9.2,5,201.5
2024-11,Silver Towers,Hell's Kitchen Polygon,CHURN,5.54,60.1,299,9079.98
2024-11,Silver Towers,Hell's Kitchen Polygon,FREEMIUM,6.33,92.63,19,584.22
2024-11,Silver Towers,Hell's Kitchen Polygon,FROZEN,4.0,4.33,8,227.11
2024-11,Silver Towers,Hell's Kitchen Polygon,ON_DEMAND_SUBSCRIPTION,4.06,54.38,126,3674.71
2024-11,Silver Towers,Hell's Kitchen Polygon,RECURRING_SUBSCRIPTION,5.61,99.59,516,14323.27
2024-11,Silver Towers,Hell's Kitchen Polygon,TRIAL,8.73,58.04,96,2892.5
2024-11,Stonehill,Chatham / West Orange Polygon,CHURN,4.36,123.94,48,1589.9
2024-11,Stonehill,Chatham / West Orange Polygon,ON_DEMAND_SUBSCRIPTION,7.0,122.86,28,849.94
2024-11,Stonehill,Chatham / West Orange Polygon,RECURRING_SUBSCRIPTION,8.0,110.0,24,681.33
2024-11,Stonehill,Chatham / West Orange Polygon,TRIAL,6.0,114.61,36,1051.44
2024-11,The Dime,Williamsburg Polygon,CHURN,5.21,92.99,73,2274.74
2024-11,The Dime,Williamsburg Polygon,FREEMIUM,5.0,42.67,15,495.3
2024-11,The Dime,Williamsburg Polygon,ON_DEMAND_SUBSCRIPTION,8.0,99.0,8,227.11
2024-11,The Dime,Williamsburg Polygon,RECURRING_SUBSCRIPTION,6.67,39.6,20,622.83
2024-11,The Dime,Williamsburg Polygon,TRIAL,3.13,47.24,25,879.45
2024-11,The Dime,Williamsburg Polygon,WARM_LEAD,2.0,45.0,4,143.0
2024-11,The Eddy,Harrison Polygon,CHURN,2.0,23.0,4,143.0
2024-11,The Eddy,Harrison Polygon,FREEMIUM,9.0,0.0,9,268.06
2024-11,The Eddy,Harrison Polygon,RECURRING_SUBSCRIPTION,5.5,106.18,22,677.82
2024-11,The Eddy,Harrison Polygon,TRIAL,8.0,18.4,40,1135.55
2024-11,The Enclave,Hoboken Polygon,CHURN,5.38,65.57,43,1321.84
2024-11,The Enclave,Hoboken Polygon,RECURRING_SUBSCRIPTION,3.2,30.75,16,550.55
2024-11,The Ivy,Chatham / West Orange Polygon,CHURN,5.33,74.87,176,4906.07
2024-11,The Ivy,Chatham / West Orange Polygon,ON_DEMAND_SUBSCRIPTION,8.0,83.0,32,908.44
2024-11,The Ivy,Chatham / West Orange Polygon,RECURRING_SUBSCRIPTION,5.86,90.95,41,1335.88
2024-11,The Ivy,Chatham / West Orange Polygon,TRIAL,4.0,51.0,4,130.0
2024-12,100 House,Hoboken Polygon,CHURN,6.83,77.84,82,2524.08
2024-12,100 House,Hoboken Polygon,ON_DEMAND_SUBSCRIPTION,7.0,154.86,14,474.11
2024-12,100 House,Hoboken Polygon,RECURRING_SUBSCRIPTION,7.38,93.63,59,1821.56
2024-12,1 Boerum PL,Floating NY 2,CHURN,4.6,53.48,23,572.78
2024-12,1 Boerum PL,Floating NY 2,FREEMIUM,8.1,0.65,81,1698.84
2024-12,1 Boerum PL,Floating NY 2,FROZEN,7.09,78.53,78,1778.4
2024-12,1 Boerum PL,Floating NY 2,ON_DEMAND_SUBSCRIPTION,3.78,63.59,34,1243.71
2024-12,1 Boerum PL,Floating NY 2,RECURRING_SUBSCRIPTION,3.57,48.72,25,802.36
2024-12,1 Boerum PL,Floating NY 2,WARM_LEAD,7.0,90.67,21,593.58
2024-12,300 Somerset,Harrison Polygon,CHURN,2.2,22.64,22,744.25
2024-12,300 Somerset,Harrison Polygon,FREEMIUM,6.0,0.0,6,170.95
2024-12,300 Somerset,Harrison Polygon,ON_DEMAND_SUBSCRIPTION,2.0,7.67,6,214.5
2024-12,300 Somerset,Harrison Polygon,RECURRING_SUBSCRIPTION,3.0,54.22,18,584.61
2024-12,300 Somerset,Harrison Polygon,TRIAL,7.7,19.4,77,1719.9
2024-12,330 Angelo Cifelli,Harrison Polygon,CHURN,4.0,66.54,48,1480.44
2024-12,330 Angelo Cifelli,Harrison Polygon,ON_DEMAND_SUBSCRIPTION,8.0,99.0,8,227.11
2024-12,330 Angelo Cifelli,Harrison Polygon,RECURRING_SUBSCRIPTION,2.0,23.0,20,715.0
2024-12,330 Angelo Cifelli,Harrison Polygon,TRIAL,3.5,19.29,7,260.0
2024-12,330 Angelo Cifelli,Harrison Polygon,WARM_LEAD,5.0,0.0,5,194.35
2024-12,330W-56th,Hell's Kitchen Polygon,CHURN,8.0,0.0,16,454.22
2024-12,330W-56th,Hell's Kitchen Polygon,FREEMIUM,8.0,0.0,8,227.11
2024-12,330W-56th,Hell's Kitchen Polygon,RECURRING_SUBSCRIPTION,4.14,51.88,58,1720.55
2024-12,Agnes,Floating Jersey,CHURN,5.0,39.68,25,700.57
2024-12,Agnes,Floating Jersey,RECURRING_SUBSCRIPTION,8.0,0.0,16,454.22
2024-12,Agnes,Floating Jersey,TRIAL,3.5,19.29,7,300.95
2024-12,Agnes,Floating Jersey,WARM_LEAD,8.0,55.0,16,454.22
2024-12,Azrieli TLV,Unknown,CHURN,5.25,70.55,567,17411.55
2024-12,Azrieli TLV,Unknown,TRIAL,6.0,64.63,18,571.22
2024-12,Gindi 1,Unknown,CHURN,3.88,61.51,745,21912.8
2024-12,Gindi 1,Unknown,TRIAL,6.4,13.53,32,1066.52
2024-12,Gindi 2,Unknown,CHURN,6.73,64.48,296,8923.46
2024-12,Gindi 2,Unknown,TRIAL,6.0,61.92,6,251.55
2024-12,Gindi 3,Unknown,CHURN,5.01,85.18,742,21441.55
2024-12,Gindi 3,Unknown,TRIAL,6.33,0.0,38,1226.55
2024-12,Gindi 4,Unknown,CHURN,4.88,64.5,78,2385.11
2024-12,HaHehad,Unknown,CHURN,6.79,41.54,190,5749.51
2024-12,HaHehad,Unknown,COLD_LEAD,3.0,0.0,3,77.35
2024-12,John Street 116,Financial District Polygon,CHURN,7.28,58.48,131,3718.26
2024-12,John Street 116,Financial District Polygon,RECURRING_SUBSCRIPTION,6.0,90.11,36,934.44
2024-12,John Street 116,Financial District Polygon,TRIAL,2.0,23.0,2,71.5
2024-12,Nine 52,Hell's Kitchen Polygon,CHURN,7.6,47.29,76,2361.84
2024-12,Nine 52,Hell's Kitchen Polygon,RECURRING_SUBSCRIPTION,4.63,70.35,37,1221.35
2024-12,One Ten,Hoboken Polygon,CHURN,5.2,59.69,26,910.91
2024-12,One Ten,Hoboken Polygon,ON_DEMAND_SUBSCRIPTION,8.0,151.0,8,227.11
2024-12,One Ten,Hoboken Polygon,RECURRING_SUBSCRIPTION,7.0,81.96,49,1512.55
2024-12,River Place,Hell's Kitchen Polygon,CHURN,7.0,83.14,189,5576.22
2024-12,River Place,Hell's Kitchen Polygon,FREEMIUM,2.57,18.39,18,455.65
2024-12,River Place,Hell's Kitchen Polygon,ON_DEMAND_SUBSCRIPTION,5.51,39.12,259,5816.33
2024-12,River Place,Hell's Kitchen Polygon,RECURRING_SUBSCRIPTION,5.41,59.72,92,2737.54
2024-12,River Place,Hell's Kitchen Polygon,TRIAL,4.41,27.06,97,2753.4
2024-12,River Place,Hell's Kitchen Polygon,WARM_LEAD,2.0,48.0,4,143.0
2024-12,Silver Towers,Hell's Kitchen Polygon,CHURN,5.92,63.6,290,8615.1
2024-12,Silver Towers,Hell's Kitchen Polygon,FREEMIUM,8.0,69.0,8,227.11
2024-12,Silver Towers,Hell's Kitchen Polygon,FROZEN,3.0,9.2,9,240.11
2024-12,Silver Towers,Hell's Kitchen Polygon,ON_DEMAND_SUBSCRIPTION,3.11,39.53,143,4277.26
2024-12,Silver Towers,Hell's Kitchen Polygon,RECURRING_SUBSCRIPTION,6.05,99.23,502,13792.87
2024-12,Silver Towers,Hell's Kitchen Polygon,TRIAL,4.36,31.59,48,1554.93
2024-12,Silver Towers,Hell's Kitchen Polygon,WARM_LEAD,3.0,0.0,3,130.0
2024-12,Stonehill,Chatham / West Orange Polygon,CHURN,5.29,111.41,37,1187.29
2024-12,Stonehill,Chatham / West Orange Polygon,FREEMIUM,11.0,0.0,11,338.26
2024-12,Stonehill,Chatham / West Orange Polygon,ON_DEMAND_SUBSCRIPTION,7.0,94.57,28,849.94
2024-12,Stonehill,Chatham / West Orange Polygon,RECURRING_SUBSCRIPTION,8.0,110.0,16,454.22
2024-12,Stonehill,Chatham / West Orange Polygon,TRIAL,5.2,82.62,26,795.08
2024-12,Stonehill,Chatham / West Orange Polygon,WARM_LEAD,8.0,0.0,8,227.11
2024-12,The Dime,Williamsburg Polygon,CHURN,6.33,64.3,57,1732.77
2024-12,The Dime,Williamsburg Polygon,FREEMIUM,5.0,0.0,5,165.1
2024-12,The Dime,Williamsburg Polygon,ON_DEMAND_SUBSCRIPTION,8.0,99.0,8,227.11
2024-12,The Dime,Williamsburg Polygon,RECURRING_SUBSCRIPTION,3.5,84.38,14,424.97
2024-12,The Dime,Williamsburg Polygon,TRIAL,5.5,36.0,22,669.76
2024-12,The Dime,Williamsburg Polygon,WARM_LEAD,2.0,0.0,2,71.5
2024-12,The Eddy,Harrison Polygon,CHURN,2.33,29.86,7,255.45
2024-12,The Eddy,Harrison Polygon,RECURRING_SUBSCRIPTION,7.0,126.14,28,823.03
2024-12,The Eddy,Harrison Polygon,TRIAL,8.0,0.0,24,681.33
2024-12,The Enclave,Hoboken Polygon,CHURN,5.83,39.49,35,1094.73
2024-12,The Enclave,Hoboken Polygon,FREEMIUM,8.0,0.0,8,227.11
2024-12,The Enclave,Hoboken Polygon,RECURRING_SUBSCRIPTION,3.33,40.0,10,343.2
2024-12,The Ivy,Chatham / West Orange Polygon,CHURN,5.6,70.97,241,6635.59
2024-12,The Ivy,Chatham / West Orange Polygon,ON_DEMAND_SUBSCRIPTION,6.6,145.45,33,925.99
2024-12,The Ivy,Chatham / West Orange Polygon,RECURRING_SUBSCRIPTION,4.89,103.78,44,1368.64
2024-12,The Ivy,Chatham / West Orange Polygon,TRIAL,5.0,126.99,10,240.11
2025-01,100 House,Hoboken Polygon,CHURN,7.0,66.51,98,2978.3
2025-01,100 House,Hoboken Polygon,ON_DEMAND_SUBSCRIPTION,8.0,101.0,8,227.11
2025-01,100 House,Hoboken Polygon,RECURRING_SUBSCRIPTION,7.44,100.87,67,2048.67
2025-01,1 Boerum PL,Floating NY 2,CHURN,4.5,119.0,18,468.52
2025-01,1 Boerum PL,Floating NY 2,FREEMIUM,8.0,0.0,56,1079.52
2025-01,1 Boerum PL,Floating NY 2,FROZEN,7.33,0.0,66,1284.79
2025-01,1 Boerum PL,Floating NY 2,ON_DEMAND_SUBSCRIPTION,3.78,33.38,34,1333.8
2025-01,1 Boerum PL,Floating NY 2,RECURRING_SUBSCRIPTION,5.11,74.3,46,1400.49
2025-01,1 Boerum PL,Floating NY 2,WARM_LEAD,7.0,136.0,14,395.72
2025-01,300 Somerset,Harrison Polygon,CHURN,2.89,26.88,52,1738.62
2025-01,300 Somerset,Harrison Polygon,FREEMIUM,3.5,7.57,7,183.95
2025-01,300 Somerset,Harrison Polygon,ON_DEMAND_SUBSCRIPTION,3.0,61.21,24,844.61
2025-01,300 Somerset,Harrison Polygon,RECURRING_SUBSCRIPTION,3.43,41.0,24,753.22
2025-01,300 Somerset,Harrison Polygon,TRIAL,7.0,1.5,70,1523.34
2025-01,330 Angelo Cifelli,Harrison Polygon,CHURN,3.93,62.91,55,1693.64
2025-01,330 Angelo Cifelli,Harrison Polygon,FREEMIUM,2.0,0.0,4,137.15
2025-01,330 Angelo Cifelli,Harrison Polygon,ON_DEMAND_SUBSCRIPTION,10.0,127.0,10,297.31
2025-01,330 Angelo Cifelli,Harrison Polygon,RECURRING_SUBSCRIPTION,2.0,18.0,32,1144.0
2025-01,330 Angelo Cifelli,Harrison Polygon,WARM_LEAD,5.0,0.0,5,194.35
2025-01,330W-56th,Hell's Kitchen Polygon,CHURN,8.0,0.0,8,227.11
2025-01,330W-56th,Hell's Kitchen Polygon,FREEMIUM,8.0,0.0,8,227.11
2025-01,330W-56th,Hell's Kitchen Polygon,ON_DEMAND_SUBSCRIPTION,8.0,0.0,8,227.11
2025-01,330W-56th,Hell's Kitchen Polygon,RECURRING_SUBSCRIPTION,4.11,41.54,37,1081.08
2025-01,330W-56th,Hell's Kitchen Polygon,TRIAL,3.0,52.0,3,130.0
2025-01,Agnes,Floating Jersey,CHURN,5.14,67.25,36,1010.62
2025-01,Agnes,Floating Jersey,RECURRING_SUBSCRIPTION,8.0,36.33,24,681.33
2025-01,Agnes,Floating Jersey,TRIAL,8.0,102.0,8,227.11
2025-01,Agnes,Floating Jersey,WARM_LEAD,8.0,0.0,8,227.11
2025-01,Azrieli TLV,Unknown,CHURN,6.01,59.24,595,18138.51
2025-01,Azrieli TLV,Unknown,TRIAL,4.78,41.86,43,1381.64
2025-01,Gindi 1,Unknown,CHURN,3.9,55.8,788,22255.87
2025-01,Gindi 1,Unknown,TRIAL,7.75,65.64,62,2011.1
2025-01,Gindi 2,Unknown,CHURN,6.23,62.07,330,9905.87
2025-01,Gindi 2,Unknown,COLD_LEAD,5.0,81.53,10,321.1
2025-01,Gindi 3,Unknown,CHURN,4.86,81.2,826,23259.21
2025-01,Gindi 3,Unknown,COLD_LEAD,5.0,0.0,10,321.1
2025-01,Gindi 3,Unknown,TRIAL,3.75,21.89,45,1442.35
2025-01,Gindi 4,Unknown,CHURN,5.39,42.51,97,2926.43
2025-01,HaHehad,Unknown,CHURN,6.62,38.72,225,6621.16
2025-01,HaHehad,Unknown,TRIAL,3.5,76.79,7,277.55
2025-01,John Street 116,Financial District Polygon,CHURN,6.44,53.57,174,4875.39
2025-01,John Street 116,Financial District Polygon,ON_DEMAND_SUBSCRIPTION,4.0,70.08,24,687.57
2025-01,John Street 116,Financial District Polygon,RECURRING_SUBSCRIPTION,6.2,78.03,62,1628.77
2025-01,John Street 116,Financial District Polygon,TRIAL,6.0,138.0,6,194.35
2025-01,Nine 52,Hell's Kitchen Polygon,CHURN,7.9,35.85,79,2489.24
2025-01,Nine 52,Hell's Kitchen Polygon,FREEMIUM,8.0,0.0,8,227.11
2025-01,Nine 52,Hell's Kitchen Polygon,ON_DEMAND_SUBSCRIPTION,6.0,67.0,6,197.86
2025-01,Nine 52,Hell's Kitchen Polygon,RECURRING_SUBSCRIPTION,4.73,58.42,52,1751.75
2025-01,Nine 52,Hell's Kitchen Polygon,TRIAL,2.0,24.33,6,208.65
2025-01,One Ten,Hoboken Polygon,CHURN,3.78,49.03,34,1144.26
2025-01,One Ten,Hoboken Polygon,RECURRING_SUBSCRIPTION,7.0,94.88,49,1512.55
2025-01,River Place,Hell's Kitchen Polygon,CHURN,7.24,93.67,181,5205.07
2025-01,River Place,Hell's Kitchen Polygon,FREEMIUM,6.0,93.0,6,211.9
2025-01,River Place,Hell's Kitchen Polygon,ON_DEMAND_SUBSCRIPTION,6.02,46.06,373,8283.08
2025-01,River Place,Hell's Kitchen Polygon,RECURRING_SUBSCRIPTION,5.71,64.22,97,2841.8
2025-01,River Place,Hell's Kitchen Polygon,TRIAL,4.53,11.57,68,1952.34
2025-01,Silver Towers,Hell's Kitchen Polygon,CHURN,6.25,56.92,444,12895.61
2025-01,Silver Towers,Hell's Kitchen Polygon,FREEMIUM,8.0,34.5,16,454.22
2025-01,Silver Towers,Hell's Kitchen Polygon,FROZEN,8.0,0.0,8,227.11
2025-01,Silver Towers,Hell's Kitchen Polygon,ON_DEMAND_SUBSCRIPTION,3.41,34.37,174,5203.64
2025-01,Silver Towers,Hell's Kitchen Polygon,RECURRING_SUBSCRIPTION,5.99,101.91,587,16248.44
2025-01,Silver Towers,Hell's Kitchen Polygon,TRIAL,4.14,56.21,29,817.57
2025-01,Stonehill,Chatham / West Orange Polygon,CHURN,5.92,95.17,77,2365.09
2025-01,Stonehill,Chatham / West Orange Polygon,ON_DEMAND_SUBSCRIPTION,7.33,76.55,44,1304.16
2025-01,Stonehill,Chatham / West Orange Polygon,RECURRING_SUBSCRIPTION,8.0,73.33,48,1362.66
2025-01,Stonehill,Chatham / West Orange Polygon,TRIAL,4.71,44.21,66,2100.8
2025-01,Stonehill,Chatham / West Orange Polygon,WARM_LEAD,8.0,123.0,8,227.11
2025-01,The Dime,Williamsburg Polygon,CHURN,6.4,50.75,64,1901.38
2025-01,The Dime,Williamsburg Polygon,ON_DEMAND_SUBSCRIPTION,8.0,0.0,8,227.11
2025-01,The Dime,Williamsburg Polygon,RECURRING_SUBSCRIPTION,7.33,93.82,22,652.08
2025-01,The Dime,Williamsburg Polygon,TRIAL,5.2,51.92,26,807.95
2025-01,The Dime,Williamsburg Polygon,WARM_LEAD,2.0,0.0,2,71.5
2025-01,The Eddy,Harrison Polygon,CHURN,2.0,23.0,4,143.0
2025-01,The Eddy,Harrison Polygon,ON_DEMAND_SUBSCRIPTION,8.0,107.0,8,227.11
2025-01,The Eddy,Harrison Polygon,RECURRING_SUBSCRIPTION,8.0,105.33,24,681.33
2025-01,The Eddy,Harrison Polygon,TRIAL,8.0,0.0,32,908.44
2025-01,The Enclave,Hoboken Polygon,CHURN,5.0,94.34,40,1248.13
2025-01,The Enclave,Hoboken Polygon,RECURRING_SUBSCRIPTION,3.0,37.83,12,414.7
2025-01,The Enclave,Hoboken Polygon,TRIAL,2.0,45.0,2,71.5
2025-01,The Ivy,Chatham / West Orange Polygon,CHURN,6.88,64.19,275,7761.13
2025-01,The Ivy,Chatham / West Orange Polygon,ON_DEMAND_SUBSCRIPTION,6.88,105.89,55,1573.52
2025-01,The Ivy,Chatham / West Orange Polygon,RECURRING_SUBSCRIPTION,5.67,86.12,51,1628.64
2025-01,The Ivy,Chatham / West Orange Polygon,TRIAL,8.0,159.0,16,454.22
2025-02,100 House,Hoboken Polygon,CHURN,6.73,82.55,74,2296.97
2025-02,100 House,Hoboken Polygon,RECURRING_SUBSCRIPTION,6.78,124.48,61,1784.12
2025-02,1 Boerum PL,Floating NY 2,CHURN,4.6,79.52,23,543.53
2025-02,1 Boerum PL,Floating NY 2,FROZEN,7.5,0.0,30,621.14
2025-02,1 Boerum PL,Floating NY 2,ON_DEMAND_SUBSCRIPTION,3.0,18.19,27,936.0
2025-02,1 Boerum PL,Floating NY 2,RECURRING_SUBSCRIPTION,3.91,47.44,43,1329.38
2025-02,1 Boerum PL,Floating NY 2,WARM_LEAD,7.0,143.0,14,395.72
2025-02,300 Somerset,Harrison Polygon,CHURN,2.57,37.61,36,1185.86
2025-02,300 Somerset,Harrison Polygon,ON_DEMAND_SUBSCRIPTION,2.89,58.58,26,810.81
2025-02,300 Somerset,Harrison Polygon,RECURRING_SUBSCRIPTION,3.2,13.5,16,513.11
2025-02,300 Somerset,Harrison Polygon,TRIAL,7.5,0.0,30,621.14
2025-02,330 Angelo Cifelli,Harrison Polygon,CHURN,4.58,73.85,55,1679.34
2025-02,330 Angelo Cifelli,Harrison Polygon,ON_DEMAND_SUBSCRIPTION,8.0,0.0,8,227.11
2025-02,330 Angelo Cifelli,Harrison Polygon,RECURRING_SUBSCRIPTION,2.0,19.64,22,786.5
2025-02,330 Angelo Cifelli,Harrison Polygon,TRIAL,5.0,91.0,10,298.61
2025-02,330W-56th,Hell's Kitchen Polygon,FREEMIUM,2.5,26.0,15,418.47
2025-02,330W-56th,Hell's Kitchen Polygon,ON_DEMAND_SUBSCRIPTION,8.0,0.0,8,227.11
2025-02,330W-56th,Hell's Kitchen Polygon,RECURRING_SUBSCRIPTION,4.38,73.43,35,1009.58
2025-02,330W-56th,Hell's Kitchen Polygon,TRIAL,2.25,29.33,9,291.85
2025-02,Agnes,Floating Jersey,CHURN,5.6,78.54,28,797.42
2025-02,Agnes,Floating Jersey,RECURRING_SUBSCRIPTION,8.0,55.0,16,454.22
2025-02,Agnes,Floating Jersey,TRIAL,2.33,19.29,7,196.95
2025-02,Agnes,Floating Jersey,WARM_LEAD,8.0,0.0,8,227.11
2025-02,Azrieli TLV,Unknown,CHURN,5.62,56.92,657,19695.39
2025-02,Azrieli TLV,Unknown,TRIAL,4.8,67.16,24,774.02
2025-02,Gindi 1,Unknown,CHURN,4.25,63.33,709,20245.16
2025-02,Gindi 1,Unknown,COLD_LEAD,4.0,66.78,8,306.8
2025-02,Gindi 1,Unknown,TRIAL,7.63,24.61,61,1984.19
2025-02,Gindi 2,Unknown,CHURN,6.66,68.87,293,8834.93
2025-02,Gindi 2,Unknown,COLD_LEAD,4.17,0.0,25,691.6
2025-02,Gindi 3,Unknown,CHURN,5.05,85.28,772,21888.36
2025-02,Gindi 3,Unknown,COLD_LEAD,5.0,0.0,20,575.51
2025-02,Gindi 3,Unknown,TRIAL,3.5,63.31,35,1092.91
2025-02,Gindi 4,Unknown,CHURN,5.56,22.57,100,2884.83
2025-02,HaHehad,Unknown,CHURN,6.63,31.33,199,5761.6
2025-02,John Street 116,Financial District Polygon,CHURN,6.1,74.86,122,3379.09
2025-02,John Street 116,Financial District Polygon,ON_DEMAND_SUBSCRIPTION,8.7,44.79,87,2464.15
2025-02,John Street 116,Financial District Polygon,RECURRING_SUBSCRIPTION,6.0,98.11,36,934.44
2025-02,John Street 116,Financial District Polygon,TRIAL,2.0,47.0,2,71.5
2025-02,Nine 52,Hell's Kitchen Polygon,CHURN,8.75,11.49,70,2176.98
2025-02,Nine 52,Hell's Kitchen Polygon,ON_DEMAND_SUBSCRIPTION,6.0,67.0,12,395.72
2025-02,Nine 52,Hell's Kitchen Polygon,RECURRING_SUBSCRIPTION,4.67,74.1,42,1415.7
2025-02,Nine 52,Hell's Kitchen Polygon,TRIAL,8.0,202.0,16,454.22
2025-02,One Ten,Hoboken Polygon,CHURN,5.2,58.69,26,910.91
2025-02,One Ten,Hoboken Polygon,FREEMIUM,4.5,71.0,9,306.8
2025-02,One Ten,Hoboken Polygon,ON_DEMAND_SUBSCRIPTION,4.67,116.5,14,426.27
2025-02,One Ten,Hoboken Polygon,RECURRING_SUBSCRIPTION,7.0,82.08,49,1512.55
2025-02,One Ten,Hoboken Polygon,TRIAL,8.0,79.5,16,454.22
2025-02,River Place,Hell's Kitchen Polygon,CHURN,7.1,79.46,220,6355.96
2025-02,River Place,Hell's Kitchen Polygon,FREEMIUM,1.0,0.0,1,13.0
2025-02,River Place,Hell's Kitchen Polygon,ON_DEMAND_SUBSCRIPTION,5.18,37.41,285,7094.75
2025-02,River Place,Hell's Kitchen Polygon,RECURRING_SUBSCRIPTION,6.0,73.37,102,2984.41
2025-02,River Place,Hell's Kitchen Polygon,TRIAL,5.71,35.4,40,1146.34
2025-02,River Place,Hell's Kitchen Polygon,WARM_LEAD,2.0,35.0,6,214.5
2025-02,Silver Towers,Hell's Kitchen Polygon,CHURN,6.39,75.03,364,10573.68
2025-02,Silver Towers,Hell's Kitchen Polygon,FREEMIUM,4.43,31.68,31,1028.17
2025-02,Silver Towers,Hell's Kitchen Polygon,FROZEN,4.5,50.78,18,480.22
2025-02,Silver Towers,Hell's Kitchen Polygon,ON_DEMAND_SUBSCRIPTION,3.35,30.98,241,6645.6
2025-02,Silver Towers,Hell's Kitchen Polygon,RECURRING_SUBSCRIPTION,6.04,107.57,550,15230.8
2025-02,Silver Towers,Hell's Kitchen Polygon,TRIAL,4.29,40.63,30,998.92
2025-02,Stonehill,Chatham / West Orange Polygon,CHURN,6.14,102.42,86,2644.85
2025-02,Stonehill,Chatham / West Orange Polygon,FREEMIUM,8.0,110.0,8,227.11
2025-02,Stonehill,Chatham / West Orange Polygon,ON_DEMAND_SUBSCRIPTION,6.0,56.52,42,1276.21
2025-02,Stonehill,Chatham / West Orange Polygon,RECURRING_SUBSCRIPTION,6.5,71.31,52,1505.66
2025-02,Stonehill,Chatham / West Orange Polygon,TRIAL,4.33,26.88,52,1702.74
2025-02,Stonehill,Chatham / West Orange Polygon,WARM_LEAD,8.0,0.0,8,227.11
2025-02,The Dime,Williamsburg Polygon,CHURN,4.0,50.19,52,1473.55
2025-02,The Dime,Williamsburg Polygon,ON_DEMAND_SUBSCRIPTION,8.0,0.0,8,227.11
2025-02,The Dime,Williamsburg Polygon,RECURRING_SUBSCRIPTION,7.0,98.86,14,424.97
2025-02,The Dime,Williamsburg Polygon,TRIAL,6.0,0.0,6,170.95
2025-02,The Eddy,Harrison Polygon,CHURN,2.0,30.8,10,339.95
2025-02,The Eddy,Harrison Polygon,ON_DEMAND_SUBSCRIPTION,8.0,107.0,8,227.11
2025-02,The Eddy,Harrison Polygon,RECURRING_SUBSCRIPTION,6.25,138.36,25,694.33
2025-02,The Eddy,Harrison Polygon,TRIAL,8.0,0.0,8,227.11
2025-02,The Enclave,Hoboken Polygon,CHURN,6.25,96.3,50,1484.6
2025-02,The Enclave,Hoboken Polygon,FREEMIUM,8.0,159.0,8,227.11
2025-02,The Enclave,Hoboken Polygon,RECURRING_SUBSCRIPTION,3.75,35.07,15,537.55
2025-02,The Ivy,Chatham / West Orange Polygon,CHURN,6.48,99.79,136,3919.89
2025-02,The Ivy,Chatham / West Orange Polygon,ON_DEMAND_SUBSCRIPTION,8.0,65.0,32,908.44
2025-02,The Ivy,Chatham / West Orange Polygon,RECURRING_SUBSCRIPTION,6.36,108.71,70,2074.67
2025-02,The Ivy,Chatham / West Orange Polygon,TRIAL,8.0,0.0,16,454.22
2025-03,100 House,Hoboken Polygon,CHURN,6.5,92.11,78,2430.48
2025-03,100 House,Hoboken Polygon,FREEMIUM,2.0,42.0,4,137.15
2025-03,100 House,Hoboken Polygon,ON_DEMAND_SUBSCRIPTION,3.18,36.26,35,943.28
2025-03,100 House,Hoboken Polygon,RECURRING_SUBSCRIPTION,7.67,123.57,69,2011.23
2025-03,100 House,Hoboken Polygon,TRIAL,8.0,93.0,8,227.11
2025-03,1 Boerum PL,Floating NY 2,CHURN,4.0,57.31,16,410.02
2025-03,1 Boerum PL,Floating NY 2,ON_DEMAND_SUBSCRIPTION,3.0,63.33,9,337.35
2025-03,1 Boerum PL,Floating NY 2,RECURRING_SUBSCRIPTION,3.11,70.93,28,933.66
2025-03,1 Boerum PL,Floating NY 2,WARM_LEAD,7.0,76.5,14,395.72
2025-03,300 Somerset,Harrison Polygon,CHURN,2.59,33.5,44,1456.52
2025-03,300 Somerset,Harrison Polygon,FREEMIUM,9.0,120.0,9,297.31
2025-03,300 Somerset,Harrison Polygon,ON_DEMAND_SUBSCRIPTION,3.5,32.5,28,883.22
2025-03,300 Somerset,Harrison Polygon,RECURRING_SUBSCRIPTION,3.5,72.71,14,441.61
2025-03,330 Angelo Cifelli,Harrison Polygon,CHURN,5.0,30.54,70,2075.06
2025-03,330 Angelo Cifelli,Harrison Polygon,FREEMIUM,8.0,107.0,8,227.11
2025-03,330 Angelo Cifelli,Harrison Polygon,ON_DEMAND_SUBSCRIPTION,7.0,38.14,14,427.31
2025-03,330 Angelo Cifelli,Harrison Polygon,RECURRING_SUBSCRIPTION,2.0,27.0,20,715.0
2025-03,330 Angelo Cifelli,Harrison Polygon,TRIAL,8.0,107.0,8,227.11
2025-03,330W-56th,Hell's Kitchen Polygon,CHURN,2.5,27.2,5,143.0
2025-03,330W-56th,Hell's Kitchen Polygon,FREEMIUM,2.29,23.81,16,465.4
2025-03,330W-56th,Hell's Kitchen Polygon,RECURRING_SUBSCRIPTION,3.9,61.26,39,1064.83
2025-03,330W-56th,Hell's Kitchen Polygon,TRIAL,3.0,0.0,6,260.0
2025-03,330W-56th,Hell's Kitchen Polygon,WARM_LEAD,2.0,26.0,2,71.5
2025-03,Agnes,Floating Jersey,CHURN,7.0,100.24,21,590.07
2025-03,Agnes,Floating Jersey,RECURRING_SUBSCRIPTION,8.0,110.0,8,227.11
2025-03,Agnes,Floating Jersey,WARM_LEAD,8.0,0.0,8,227.11
2025-03,Azrieli TLV,Unknown,CHURN,5.57,59.18,713,21003.97
2025-03,Azrieli TLV,Unknown,TRIAL,5.0,46.11,20,597.22
2025-03,Gindi 1,Unknown,CHURN,4.22,60.83,739,21551.14
2025-03,Gindi 1,Unknown,TRIAL,7.13,2.79,57,1814.54
2025-03,Gindi 2,Unknown,CHURN,5.96,71.51,316,9298.9
2025-03,Gindi 2,Unknown,COLD_LEAD,4.75,0.0,19,572.0
2025-03,Gindi 2,Unknown,TRIAL,10.0,71.37,20,629.72
2025-03,Gindi 3,Unknown,CHURN,4.97,80.83,855,23335.0
2025-03,Gindi 3,Unknown,COLD_LEAD,5.5,0.56,44,1313.13
2025-03,Gindi 3,Unknown,TRIAL,4.0,26.51,20,708.5
2025-03,Gindi 4,Unknown,CHURN,5.78,45.63,104,2936.83
2025-03,HaHehad,Unknown,CHURN,6.44,27.4,322,9336.21
2025-03,HaHehad,Unknown,TRIAL,5.5,43.04,11,417.95
2025-03,John Street 116,Financial District Polygon,CHURN,6.32,83.89,120,3358.03
2025-03,John Street 116,Financial District Polygon,ON_DEMAND_SUBSCRIPTION,6.45,47.49,71,1945.97
2025-03,John Street 116,Financial District Polygon,RECURRING_SUBSCRIPTION,6.0,98.11,36,934.44
2025-03,John Street 116,Financial District Polygon,TRIAL,5.0,86.2,10,298.61
2025-03,Nine 52,Hell's Kitchen Polygon,CHURN,8.0,14.36,56,1724.32
2025-03,Nine 52,Hell's Kitchen Polygon,ON_DEMAND_SUBSCRIPTION,6.0,0.0,12,395.72
2025-03,Nine 52,Hell's Kitchen Polygon,RECURRING_SUBSCRIPTION,4.57,90.41,32,1027.0
2025-03,Nine 52,Hell's Kitchen Polygon,TRIAL,6.0,68.37,30,1025.57
2025-03,One Ten,Hoboken Polygon,CHURN,5.2,43.69,26,910.91
2025-03,One Ten,Hoboken Polygon,FREEMIUM,3.3,24.09,33,858.91
2025-03,One Ten,Hoboken Polygon,RECURRING_SUBSCRIPTION,6.33,79.36,76,2286.57
2025-03,One Ten,Hoboken Polygon,TRIAL,8.0,53.0,24,681.33
2025-03,River Place,Hell's Kitchen Polygon,CHURN,6.45,75.37,213,6222.84
2025-03,River Place,Hell's Kitchen Polygon,FREEMIUM,3.6,67.56,18,583.31
2025-03,River Place,Hell's Kitchen Polygon,ON_DEMAND_SUBSCRIPTION,5.55,37.63,283,7672.34
2025-03,River Place,Hell's Kitchen Polygon,RECURRING_SUBSCRIPTION,6.14,78.22,129,3750.24
2025-03,River Place,Hell's Kitchen Polygon,TRIAL,6.57,40.35,46,1337.05
2025-03,River Place,Hell's Kitchen Polygon,WARM_LEAD,3.0,0.0,3,130.0
2025-03,Silver Towers,Hell's Kitchen Polygon,CHURN,5.68,63.96,369,10867.22
2025-03,Silver Towers,Hell's Kitchen Polygon,FREEMIUM,3.69,42.88,48,1457.17
2025-03,Silver Towers,Hell's Kitchen Polygon,FROZEN,8.0,101.0,8,227.11
2025-03,Silver Towers,Hell's Kitchen Polygon,ON_DEMAND_SUBSCRIPTION,3.91,42.96,215,6126.25
2025-03,Silver Towers,Hell's Kitchen Polygon,RECURRING_SUBSCRIPTION,5.76,111.74,553,15089.1
2025-03,Silver Towers,Hell's Kitchen Polygon,TRIAL,4.67,69.14,28,824.33
2025-03,Stonehill,Chatham / West Orange Polygon,CHURN,6.25,97.71,75,2293.59
2025-03,Stonehill,Chatham / West Orange Polygon,FREEMIUM,5.5,60.45,11,392.21
2025-03,Stonehill,Chatham / West Orange Polygon,ON_DEMAND_SUBSCRIPTION,5.2,47.38,26,821.99
2025-03,Stonehill,Chatham / West Orange Polygon,RECURRING_SUBSCRIPTION,5.27,77.86,58,1728.35
2025-03,Stonehill,Chatham / West Orange Polygon,TRIAL,4.89,48.82,44,1458.99
2025-03,Stonehill,Chatham / West Orange Polygon,WARM_LEAD,8.0,0.0,8,227.11
2025-03,The Dime,Williamsburg Polygon,CHURN,4.33,94.15,39,1148.94
2025-03,The Dime,Williamsburg Polygon,ON_DEMAND_SUBSCRIPTION,8.0,107.0,8,227.11
2025-03,The Dime,Williamsburg Polygon,RECURRING_SUBSCRIPTION,7.0,98.86,14,424.97
2025-03,The Eddy,Harrison Polygon,CHURN,2.73,25.2,30,979.55
2025-03,The Eddy,Harrison Polygon,ON_DEMAND_SUBSCRIPTION,8.0,0.0,24,681.33
2025-03,The Eddy,Harrison Polygon,RECURRING_SUBSCRIPTION,6.57,128.3,46,1307.8
2025-03,The Eddy,Harrison Polygon,TRIAL,8.0,0.0,8,227.11
2025-03,The Enclave,Hoboken Polygon,CHURN,6.0,145.71,24,737.62
2025-03,The Enclave,Hoboken Polygon,FREEMIUM,2.0,20.0,2,24.7
2025-03,The Enclave,Hoboken Polygon,RECURRING_SUBSCRIPTION,4.0,58.8,20,731.9
2025-03,The Enclave,Hoboken Polygon,TRIAL,8.0,101.0,16,454.22
2025-03,The Ivy,Chatham / West Orange Polygon,CHURN,5.87,99.97,135,3882.58
2025-03,The Ivy,Chatham / West Orange Polygon,ON_DEMAND_SUBSCRIPTION,8.0,63.6,40,1135.55
2025-03,The Ivy,Chatham / West Orange Polygon,RECURRING_SUBSCRIPTION,5.77,117.28,75,2360.41
2025-03,The Ivy,Chatham / West Orange Polygon,TRIAL,8.0,0.0,16,454.22
2025-04,100 House,Hoboken Polygon,CHURN,6.36,66.74,70,2197.52
2025-04,100 House,Hoboken Polygon,ON_DEMAND_SUBSCRIPTION,6.56,46.24,59,1670.76
2025-04,100 House,Hoboken Polygon,RECURRING_SUBSCRIPTION,7.75,105.35,93,2692.56
2025-04,100 House,Hoboken Polygon,TRIAL,8.0,46.5,16,454.22
2025-04,1 Boerum PL,Floating NY 2,CHURN,3.86,27.56,27,745.03
2025-04,1 Boerum PL,Floating NY 2,ON_DEMAND_SUBSCRIPTION,2.75,63.82,11,403.0
2025-04,1 Boerum PL,Floating NY 2,RECURRING_SUBSCRIPTION,3.69,75.46,48,1489.93
2025-04,1 Boerum PL,Floating NY 2,WARM_LEAD,7.6,52.68,38,1077.05
2025-04,300 Somerset,Harrison Polygon,CHURN,2.92,37.26,38,1336.66
2025-04,300 Somerset,Harrison Polygon,ON_DEMAND_SUBSCRIPTION,4.0,4.5,12,370.11
2025-04,300 Somerset,Harrison Polygon,RECURRING_SUBSCRIPTION,3.5,7.71,14,441.61
2025-04,300 Somerset,Harrison Polygon,TRIAL,3.0,0.0,6,166.4
2025-04,330 Angelo Cifelli,Harrison Polygon,CHURN,4.57,47.06,64,1913.6
2025-04,330 Angelo Cifelli,Harrison Polygon,ON_DEMAND_SUBSCRIPTION,8.0,0.0,8,227.11
2025-04,330 Angelo Cifelli,Harrison Polygon,RECURRING_SUBSCRIPTION,2.18,30.25,24,850.85
2025-04,330 Angelo Cifelli,Harrison Polygon,TRIAL,6.0,1.22,18,478.92
2025-04,330W-56th,Hell's Kitchen Polygon,FREEMIUM,2.0,13.0,2,24.7
2025-04,330W-56th,Hell's Kitchen Polygon,RECURRING_SUBSCRIPTION,4.0,41.54,48,1237.08
2025-04,330W-56th,Hell's Kitchen Polygon,TRIAL,3.0,0.0,3,130.0
2025-04,655 Union,Boerum Hill Polygon,CHURN,5.2,68.56,26,707.33
2025-04,655 Union,Boerum Hill Polygon,ON_DEMAND_SUBSCRIPTION,8.0,59.2,40,1135.55
2025-04,655 Union,Boerum Hill Polygon,RECURRING_SUBSCRIPTION,8.0,0.0,16,454.22
2025-04,655 Union,Boerum Hill Polygon,TRIAL,6.0,71.89,18,615.81
2025-04,Agnes,Floating Jersey,CHURN,6.14,85.16,43,1236.43
2025-04,Agnes,Floating Jersey,ON_DEMAND_SUBSCRIPTION,3.0,72.0,3,130.0
2025-04,Agnes,Floating Jersey,RECURRING_SUBSCRIPTION,8.33,70.4,25,710.58
2025-04,Agnes,Floating Jersey,WARM_LEAD,8.0,0.0,8,227.11
2025-04,Azrieli TLV,Unknown,CHURN,5.81,71.95,639,19030.31
2025-04,Azrieli TLV,Unknown,TRIAL,4.43,39.61,31,908.83
2025-04,Gindi 1,Unknown,CHURN,4.31,54.21,789,23388.17
2025-04,Gindi 1,Unknown,TRIAL,5.43,5.23,38,1328.86
2025-04,Gindi 2,Unknown,CHURN,5.51,69.16,303,8661.25
2025-04,Gindi 2,Unknown,TRIAL,6.2,70.08,31,976.43
2025-04,Gindi 3,Unknown,CHURN,4.95,74.02,896,24342.24
2025-04,Gindi 3,Unknown,COLD_LEAD,10.0,0.0,20,629.72
2025-04,Gindi 3,Unknown,TRIAL,3.25,7.9,13,403.0
2025-04,Gindi 4,Unknown,CHURN,5.95,49.08,113,3219.19
2025-04,HaHehad,Unknown,CHURN,6.66,25.5,293,8714.42
2025-04,HaHehad,Unknown,TRIAL,4.0,2.01,12,407.55
2025-04,John Street 116,Financial District Polygon,CHURN,6.39,73.94,115,3242.07
2025-04,John Street 116,Financial District Polygon,FREEMIUM,8.0,105.0,8,227.11
2025-04,John Street 116,Financial District Polygon,ON_DEMAND_SUBSCRIPTION,6.2,96.16,62,1677.91
2025-04,John Street 116,Financial District Polygon,RECURRING_SUBSCRIPTION,6.0,98.11,36,934.44
2025-04,Nine 52,Hell's Kitchen Polygon,CHURN,6.67,42.8,20,622.83
2025-04,Nine 52,Hell's Kitchen Polygon,ON_DEMAND_SUBSCRIPTION,6.0,0.0,12,395.72
2025-04,Nine 52,Hell's Kitchen Polygon,RECURRING_SUBSCRIPTION,4.63,98.03,37,1168.7
2025-04,Nine 52,Hell's Kitchen Polygon,TRIAL,7.0,0.0,21,648.57
2025-04,One Ten,Hoboken Polygon,CHURN,5.2,43.69,26,910.91
2025-04,One Ten,Hoboken Polygon,FREEMIUM,8.0,0.0,32,908.44
2025-04,One Ten,Hoboken Polygon,ON_DEMAND_SUBSCRIPTION,5.0,69.0,5,186.16
2025-04,One Ten,Hoboken Polygon,RECURRING_SUBSCRIPTION,6.8,86.56,68,2096.77
2025-04,One Ten,Hoboken Polygon,TRIAL,8.0,0.0,8,227.11
2025-04,River Place,Hell's Kitchen Polygon,CHURN,4.94,50.9,257,7450.3
2025-04,River Place,Hell's Kitchen Polygon,FREEMIUM,2.18,15.64,194,5496.27
2025-04,River Place,Hell's Kitchen Polygon,ON_DEMAND_SUBSCRIPTION,4.32,35.24,307,8685.04
2025-04,River Place,Hell's Kitchen Polygon,RECURRING_SUBSCRIPTION,4.85,66.34,160,4546.1
2025-04,River Place,Hell's Kitchen Polygon,TRIAL,3.53,6.87,60,1709.24
2025-04,River Place,Hell's Kitchen Polygon,WARM_LEAD,3.0,0.0,3,130.0
2025-04,Silver Towers,Hell's Kitchen Polygon,CHURN,4.67,63.35,528,14658.28
2025-04,Silver Towers,Hell's Kitchen Polygon,FREEMIUM,2.21,13.54,426,11440.52
2025-04,Silver Towers,Hell's Kitchen Polygon,FROZEN,5.67,98.18,17,467.22
2025-04,Silver Towers,Hell's Kitchen Polygon,ON_DEMAND_SUBSCRIPTION,2.96,48.01,228,6702.02
2025-04,Silver Towers,Hell's Kitchen Polygon,RECURRING_SUBSCRIPTION,5.55,108.55,655,18173.48
2025-04,Silver Towers,Hell's Kitchen Polygon,TRIAL,3.13,7.29,50,1352.13
2025-04,Silver Towers,Hell's Kitchen Polygon,WARM_LEAD,2.43,21.09,34,733.07
2025-04,Stonehill,Chatham / West Orange Polygon,CHURN,5.57,67.46,78,2392.13
2025-04,Stonehill,Chatham / West Orange Polygon,FREEMIUM,6.5,82.92,26,820.69
2025-04,Stonehill,Chatham / West Orange Polygon,ON_DEMAND_SUBSCRIPTION,6.67,70.5,20,648.57
2025-04,Stonehill,Chatham / West Orange Polygon,RECURRING_SUBSCRIPTION,4.73,69.92,52,1572.74
2025-04,Stonehill,Chatham / West Orange Polygon,TRIAL,5.6,76.71,28,892.19
2025-04,Stonehill,Chatham / West Orange Polygon,WARM_LEAD,8.0,0.0,8,227.11
2025-04,The Devan,Hoboken Polygon,CHURN,6.0,73.67,18,435.63
2025-04,The Devan,Hoboken Polygon,RECURRING_SUBSCRIPTION,6.4,94.0,32,833.69
2025-04,The Devan,Hoboken Polygon,TRIAL,6.0,158.33,12,368.81
2025-04,The Dime,Williamsburg Polygon,CHURN,5.25,106.43,63,1830.27
2025-04,The Dime,Williamsburg Polygon,ON_DEMAND_SUBSCRIPTION,8.0,53.5,16,454.22
2025-04,The Dime,Williamsburg Polygon,RECURRING_SUBSCRIPTION,7.0,98.86,14,424.97
2025-04,The Dime,Williamsburg Polygon,TRIAL,2.0,6.75,4,143.0
2025-04,The Eddy,Harrison Polygon,CHURN,2.39,11.42,55,1796.6
2025-04,The Eddy,Harrison Polygon,FREEMIUM,2.0,51.0,2,71.5
2025-04,The Eddy,Harrison Polygon,ON_DEMAND_SUBSCRIPTION,8.0,0.0,16,454.22
2025-04,The Eddy,Harrison Polygon,RECURRING_SUBSCRIPTION,6.75,133.37,27,770.38
2025-04,The Enclave,Hoboken Polygon,CHURN,6.0,145.71,24,737.62
2025-04,The Enclave,Hoboken Polygon,ON_DEMAND_SUBSCRIPTION,5.0,84.0,5,194.35
2025-04,The Enclave,Hoboken Polygon,RECURRING_SUBSCRIPTION,3.83,28.35,23,820.95
2025-04,The Enclave,Hoboken Polygon,TRIAL,8.0,101.0,16,454.22
2025-04,The Ivy,Chatham / West Orange Polygon,CHURN,6.04,77.92,151,4370.86
2025-04,The Ivy,Chatham / West Orange Polygon,ON_DEMAND_SUBSCRIPTION,8.0,63.6,40,1135.55
2025-04,The Ivy,Chatham / West Orange Polygon,RECURRING_SUBSCRIPTION,6.67,135.36,80,2412.93
2025-05,100 House,Hoboken Polygon,CHURN,5.67,14.78,85,2650.83
2025-05,100 House,Hoboken Polygon,ON_DEMAND_SUBSCRIPTION,8.0,80.17,48,1362.66
2025-05,100 House,Hoboken Polygon,RECURRING_SUBSCRIPTION,6.9,121.8,69,2011.23
2025-05,100 House,Hoboken Polygon,TRIAL,8.0,0.0,8,227.11
2025-05,1 Boerum PL,Floating NY 2,CHURN,3.4,47.29,17,595.01
2025-05,1 Boerum PL,Floating NY 2,FREEMIUM,1.0,70.0,1,13.0
2025-05,1 Boerum PL,Floating NY 2,ON_DEMAND_SUBSCRIPTION,2.5,49.0,5,131.3
2025-05,1 Boerum PL,Floating NY 2,RECURRING_SUBSCRIPTION,2.55,62.6,28,933.66
2025-05,1 Boerum PL,Floating NY 2,WARM_LEAD,7.5,0.0,30,849.94
2025-05,300 Somerset,Harrison Polygon,CHURN,2.63,21.24,50,1765.66
2025-05,300 Somerset,Harrison Polygon,ON_DEMAND_SUBSCRIPTION,3.0,59.56,18,578.76
2025-05,300 Somerset,Harrison Polygon,RECURRING_SUBSCRIPTION,3.5,68.86,14,441.61
2025-05,300 Somerset,Harrison Polygon,TRIAL,1.0,0.0,3,39.0
2025-05,300 Somerset,Harrison Polygon,WARM_LEAD,4.0,60.0,4,135.85
2025-05,330 Angelo Cifelli,Harrison Polygon,CHURN,4.87,45.4,73,2152.41
2025-05,330 Angelo Cifelli,Harrison Polygon,FREEMIUM,5.0,0.0,5,194.35
2025-05,330 Angelo Cifelli,Harrison Polygon,ON_DEMAND_SUBSCRIPTION,8.0,107.0,8,227.11
2025-05,330 Angelo Cifelli,Harrison Polygon,RECURRING_SUBSCRIPTION,2.15,29.93,28,993.85
2025-05,330 Angelo Cifelli,Harrison Polygon,TRIAL,8.0,0.0,8,227.11
2025-05,330W-56th,Hell's Kitchen Polygon,RECURRING_SUBSCRIPTION,5.1,58.1,51,1434.55
2025-05,330W-56th,Hell's Kitchen Polygon,TRIAL,3.0,0.0,3,130.0
2025-05,655 Union,Boerum Hill Polygon,CHURN,7.0,84.24,42,1166.1
2025-05,655 Union,Boerum Hill Polygon,ON_DEMAND_SUBSCRIPTION,8.0,29.6,40,1135.55
2025-05,655 Union,Boerum Hill Polygon,RECURRING_SUBSCRIPTION,8.0,108.0,16,454.22
2025-05,655 Union,Boerum Hill Polygon,TRIAL,8.0,0.0,8,227.11
2025-05,Agnes,Floating Jersey,CHURN,5.43,71.79,38,1072.63
2025-05,Agnes,Floating Jersey,ON_DEMAND_SUBSCRIPTION,4.0,70.0,4,71.5
2025-05,Agnes,Floating Jersey,RECURRING_SUBSCRIPTION,8.0,110.0,16,454.22
2025-05,Agnes,Floating Jersey,WARM_LEAD,8.0,0.0,8,227.11
2025-05,Azrieli TLV,Unknown,CHURN,5.57,65.25,607,18047.38
2025-05,Azrieli TLV,Unknown,TRIAL,5.5,75.01,44,1419.08
2025-05,Gindi 1,Unknown,CHURN,4.4,64.06,761,22029.41
2025-05,Gindi 1,Unknown,TRIAL,4.17,16.33,25,932.1
2025-05,Gindi 2,Unknown,CHURN,6.0,69.16,258,7305.48
2025-05,Gindi 2,Unknown,TRIAL,6.67,18.56,40,1197.69
2025-05,Gindi 3,Unknown,CHURN,5.1,85.35,780,21068.45
2025-05,Gindi 3,Unknown,COLD_LEAD,10.0,0.0,10,314.86
2025-05,Gindi 3,Unknown,TRIAL,5.17,32.77,31,1054.3
2025-05,Gindi 4,Unknown,CHURN,6.0,46.08,102,2856.23
2025-05,HaHehad,Unknown,CHURN,6.38,47.09,217,6548.1
2025-05,John Street 116,Financial District Polygon,CHURN,6.2,69.81,124,3452.93
2025-05,John Street 116,Financial District Polygon,ON_DEMAND_SUBSCRIPTION,5.0,85.38,55,1511.9
2025-05,John Street 116,Financial District Polygon,RECURRING_SUBSCRIPTION,6.5,90.62,52,1388.66
2025-05,John Street 116,Financial District Polygon,TRIAL,3.0,52.33,6,207.35
2025-05,Nine 52,Hell's Kitchen Polygon,CHURN,8.0,107.0,8,227.11
2025-05,Nine 52,Hell's Kitchen Polygon,RECURRING_SUBSCRIPTION,4.57,97.25,32,1027.0
2025-05,One Ten,Hoboken Polygon,CHURN,5.0,61.04,25,881.66
2025-05,One Ten,Hoboken Polygon,ON_DEMAND_SUBSCRIPTION,2.0,46.0,2,71.5
2025-05,One Ten,Hoboken Polygon,RECURRING_SUBSCRIPTION,6.14,69.79,86,2731.43
2025-05,One Ten,Hoboken Polygon,TRIAL,8.0,63.0,16,454.22
2025-05,One Ten,Hoboken Polygon,WARM_LEAD,2.0,0.0,8,286.0
2025-05,River Place,Hell's Kitchen Polygon,CHURN,6.37,49.08,191,5731.05
2025-05,River Place,Hell's Kitchen Polygon,FREEMIUM,4.0,8.5,12,329.16
2025-05,River Place,Hell's Kitchen Polygon,ON_DEMAND_SUBSCRIPTION,4.84,54.05,155,4305.08
2025-05,River Place,Hell's Kitchen Polygon,RECURRING_SUBSCRIPTION,5.92,66.87,154,4505.41
2025-05,River Place,Hell's Kitchen Polygon,TRIAL,6.5,34.94,78,2331.03
2025-05,River Place,Hell's Kitchen Polygon,WARM_LEAD,2.0,31.0,2,71.5
2025-05,Silver Towers,Hell's Kitchen Polygon,CHURN,5.84,54.41,537,14259.18
2025-05,Silver Towers,Hell's Kitchen Polygon,FREEMIUM,3.0,8.77,24,734.37
2025-05,Silver Towers,Hell's Kitchen Polygon,FROZEN,4.5,97.11,9,240.11
2025-05,Silver Towers,Hell's Kitchen Polygon,ON_DEMAND_SUBSCRIPTION,3.57,46.91,239,6690.45
2025-05,Silver Towers,Hell's Kitchen Polygon,RECURRING_SUBSCRIPTION,5.7,99.35,656,18170.88
2025-05,Silver Towers,Hell's Kitchen Polygon,TRIAL,8.0,50.5,32,908.44
2025-05,Stonehill,Chatham / West Orange Polygon,CHURN,5.94,34.76,107,3154.32
2025-05,Stonehill,Chatham / West Orange Polygon,FREEMIUM,6.67,68.8,20,622.83
2025-05,Stonehill,Chatham / West Orange Polygon,ON_DEMAND_SUBSCRIPTION,5.78,64.06,52,1567.8
2025-05,Stonehill,Chatham / West Orange Polygon,RECURRING_SUBSCRIPTION,5.27,47.52,58,1728.35
2025-05,Stonehill,Chatham / West Orange Polygon,TRIAL,6.5,0.0,26,820.69
2025-05,Stonehill,Chatham / West Orange Polygon,WARM_LEAD,8.0,0.0,16,454.22
2025-05,The Boulevard,Floating Miami,CHURN,4.0,64.0,4,194.35
2025-05,The Boulevard,Floating Miami,TRIAL,5.33,116.5,16,498.81
2025-05,The Boulevard,Floating Miami,WARM_LEAD,2.0,26.0,2,71.5
2025-05,The Devan,Hoboken Polygon,CHURN,6.6,54.97,33,825.5
2025-05,The Devan,Hoboken Polygon,FROZEN,3.0,53.0,3,130.0
2025-05,The Devan,Hoboken Polygon,RECURRING_SUBSCRIPTION,6.0,53.74,54,1399.32
2025-05,The Devan,Hoboken Polygon,TRIAL,8.0,56.0,24,681.33
2025-05,The Devan,Hoboken Polygon,WARM_LEAD,4.67,0.0,14,393.51
2025-05,The Dime,Williamsburg Polygon,CHURN,5.8,104.05,87,2540.85
2025-05,The Dime,Williamsburg Polygon,FREEMIUM,9.0,114.0,9,244.66
2025-05,The Dime,Williamsburg Polygon,ON_DEMAND_SUBSCRIPTION,8.0,0.0,8,227.11
2025-05,The Dime,Williamsburg Polygon,RECURRING_SUBSCRIPTION,7.0,98.86,14,424.97
2025-05,The Dime,Williamsburg Polygon,TRIAL,5.6,43.61,28,791.57
2025-05,The Dime,Williamsburg Polygon,WARM_LEAD,8.0,0.0,8,227.11
2025-05,The Eddy,Harrison Polygon,CHURN,2.24,5.38,65,2237.3
2025-05,The Eddy,Harrison Polygon,ON_DEMAND_SUBSCRIPTION,8.0,0.0,8,227.11
2025-05,The Eddy,Harrison Polygon,RECURRING_SUBSCRIPTION,8.0,35.67,24,681.33
2025-05,The Enclave,Hoboken Polygon,CHURN,7.33,158.95,22,666.12
2025-05,The Enclave,Hoboken Polygon,FREEMIUM,8.0,163.0,8,227.11
2025-05,The Enclave,Hoboken Polygon,RECURRING_SUBSCRIPTION,3.8,74.32,19,673.4
2025-05,The Enclave,Hoboken Polygon,TRIAL,5.2,68.54,26,707.33
2025-05,The Enclave,Hoboken Polygon,WARM_LEAD,2.0,27.0,2,71.5
2025-05,The Ivy,Chatham / West Orange Polygon,CHURN,5.96,90.66,155,4409.6
2025-05,The Ivy,Chatham / West Orange Polygon,ON_DEMAND_SUBSCRIPTION,7.2,77.22,36,1044.29
2025-05,The Ivy,Chatham / West Orange Polygon,RECURRING_SUBSCRIPTION,5.93,104.82,89,2840.37
2025-05,The Ivy,Chatham / West Orange Polygon,WARM_LEAD,8.0,25.25,32,908.44
2025-05,Woodside Central,Floating NY 1,CHURN,7.5,43.33,30,621.14
2025-05,Woodside Central,Floating NY 1,RECURRING_SUBSCRIPTION,8.0,103.0,8,227.11
2025-06,100 House,Hoboken Polygon,CHURN,6.9,38.41,69,2076.88
2025-06,100 House,Hoboken Polygon,ON_DEMAND_SUBSCRIPTION,6.57,52.96,46,1415.44
2025-06,100 House,Hoboken Polygon,RECURRING_SUBSCRIPTION,6.92,108.62,90,2659.8
2025-06,100 House,Hoboken Polygon,TRIAL,8.0,211.0,8,227.11
2025-06,100 House,Hoboken Polygon,WARM_LEAD,4.0,140.44,8,227.11
2025-06,1 Boerum PL,Floating NY 2,CHURN,3.0,44.67,9,390.0
2025-06,1 Boerum PL,Floating NY 2,ON_DEMAND_SUBSCRIPTION,4.0,125.5,12,340.86
2025-06,1 Boerum PL,Floating NY 2,RECURRING_SUBSCRIPTION,5.67,80.65,34,1030.38
2025-06,1 Boerum PL,Floating NY 2,TRIAL,6.0,143.0,6,197.86
2025-06,1 Boerum PL,Floating NY 2,WARM_LEAD,7.5,0.0,30,849.94
2025-06,300 Somerset,Harrison Polygon,CHURN,2.83,9.49,34,1111.76
2025-06,300 Somerset,Harrison Polygon,ON_DEMAND_SUBSCRIPTION,2.0,19.57,14,360.1
2025-06,300 Somerset,Harrison Polygon,RECURRING_SUBSCRIPTION,4.0,40.17,24,740.22
2025-06,300 Somerset,Harrison Polygon,TRIAL,2.0,31.0,2,71.5
2025-06,330 Angelo Cifelli,Harrison Polygon,CHURN,4.55,40.84,50,1484.99
2025-06,330 Angelo Cifelli,Harrison Polygon,RECURRING_SUBSCRIPTION,2.93,56.73,44,1448.07
2025-06,330W-56th,Hell's Kitchen Polygon,CHURN,7.0,88.0,14,395.72
2025-06,330W-56th,Hell's Kitchen Polygon,FREEMIUM,2.0,31.0,2,71.5
2025-06,330W-56th,Hell's Kitchen Polygon,RECURRING_SUBSCRIPTION,4.54,41.58,59,1678.3
2025-06,655 Union,Boerum Hill Polygon,CHURN,5.36,83.87,59,1789.06
2025-06,655 Union,Boerum Hill Polygon,ON_DEMAND_SUBSCRIPTION,7.0,97.0,28,817.18
2025-06,655 Union,Boerum Hill Polygon,RECURRING_SUBSCRIPTION,7.82,113.13,86,2468.96
2025-06,655 Union,Boerum Hill Polygon,TRIAL,6.0,20.33,12,362.96
2025-06,655 Union,Boerum Hill Polygon,WARM_LEAD,7.0,0.0,7,227.11
2025-06,Agnes,Floating Jersey,CHURN,4.86,46.03,34,914.68
2025-06,Agnes,Floating Jersey,RECURRING_SUBSCRIPTION,8.0,110.0,8,227.11
2025-06,Agnes,Floating Jersey,TRIAL,2.0,31.0,2,71.5
2025-06,Agnes,Floating Jersey,WARM_LEAD,8.0,0.0,8,227.11
2025-06,Azrieli TLV,Unknown,CHURN,5.68,50.42,931,26720.2
2025-06,Azrieli TLV,Unknown,TRIAL,5.0,35.51,20,597.22
2025-06,Gindi 1,Unknown,CHURN,4.56,47.9,821,23553.66
2025-06,Gindi 1,Unknown,TRIAL,4.0,19.86,8,271.7
2025-06,Gindi 2,Unknown,CHURN,7.0,66.16,420,11673.74
2025-06,Gindi 2,Unknown,TRIAL,10.0,0.0,10,314.86
2025-06,Gindi 3,Unknown,CHURN,5.26,71.37,868,24237.33
2025-06,Gindi 4,Unknown,CHURN,5.95,30.45,119,3348.54
2025-06,HaHehad,Unknown,CHURN,6.96,57.14,195,5955.69
2025-06,HaHehad,Unknown,TRIAL,2.0,30.32,6,138.45
2025-06,John Street 116,Financial District Polygon,CHURN,7.33,70.11,88,2476.11
2025-06,John Street 116,Financial District Polygon,ON_DEMAND_SUBSCRIPTION,6.71,50.21,47,1272.7
2025-06,John Street 116,Financial District Polygon,RECURRING_SUBSCRIPTION,6.43,81.96,45,1179.1
2025-06,John Street 116,Financial District Polygon,WARM_LEAD,2.0,0.0,4,143.0
2025-06,Nine 52,Hell's Kitchen Polygon,CHURN,8.0,107.0,8,227.11
2025-06,Nine 52,Hell's Kitchen Polygon,RECURRING_SUBSCRIPTION,5.0,87.13,40,1254.11
2025-06,Oliver on the Hudson,Floating Jersey,CHURN,8.0,0.0,8,227.11
2025-06,One Ten,Hoboken Polygon,CHURN,3.5,54.05,21,700.31
2025-06,One Ten,Hoboken Polygon,ON_DEMAND_SUBSCRIPTION,6.0,79.0,6,197.86
2025-06,One Ten,Hoboken Polygon,RECURRING_SUBSCRIPTION,6.08,80.11,73,2309.97
2025-06,One Ten,Hoboken Polygon,TRIAL,5.0,5.4,10,298.61
2025-06,One Ten,Hoboken Polygon,WARM_LEAD,6.0,0.0,36,1051.44
2025-06,River Place,Hell's Kitchen Polygon,CHURN,6.37,60.74,191,5709.99
2025-06,River Place,Hell's Kitchen Polygon,FREEMIUM,2.25,28.44,9,274.3
2025-06,River Place,Hell's Kitchen Polygon,ON_DEMAND_SUBSCRIPTION,3.37,65.35,118,3454.88
2025-06,River Place,Hell's Kitchen Polygon,RECURRING_SUBSCRIPTION,5.83,69.45,280,7585.11
2025-06,River Place,Hell's Kitchen Polygon,TRIAL,6.43,47.51,45,1337.05
2025-06,River Place,Hell's Kitchen Polygon,WARM_LEAD,8.0,125.5,16,454.22
2025-06,Silver Towers,Hell's Kitchen Polygon,CHURN,6.12,64.02,453,12069.59
2025-06,Silver Towers,Hell's Kitchen Polygon,FREEMIUM,2.2,38.41,22,609.7
2025-06,Silver Towers,Hell's Kitchen Polygon,FROZEN,4.5,97.11,9,240.11
2025-06,Silver Towers,Hell's Kitchen Polygon,ON_DEMAND_SUBSCRIPTION,3.0,48.14,231,6575.79
2025-06,Silver Towers,Hell's Kitchen Polygon,RECURRING_SUBSCRIPTION,5.8,103.7,638,17490.59
2025-06,Silver Towers,Hell's Kitchen Polygon,TRIAL,3.7,52.73,37,971.23
2025-06,Stonehill,Chatham / West Orange Polygon,CHURN,5.79,30.48,81,2421.38
2025-06,Stonehill,Chatham / West Orange Polygon,FREEMIUM,8.0,172.0,8,227.11
2025-06,Stonehill,Chatham / West Orange Polygon,ON_DEMAND_SUBSCRIPTION,6.0,56.33,36,1051.44
2025-06,Stonehill,Chatham / West Orange Polygon,RECURRING_SUBSCRIPTION,3.82,62.64,42,1274.13
2025-06,Stonehill,Chatham / West Orange Polygon,TRIAL,7.5,29.47,30,879.19
2025-06,Stonehill,Chatham / West Orange Polygon,WARM_LEAD,5.0,0.0,20,775.06
2025-06,The Boulevard,Floating Miami,CHURN,4.33,91.23,26,918.06
2025-06,The Boulevard,Floating Miami,ON_DEMAND_SUBSCRIPTION,5.0,140.4,10,298.61
2025-06,The Boulevard,Floating Miami,RECURRING_SUBSCRIPTION,7.25,78.66,29,875.68
2025-06,The Boulevard,Floating Miami,TRIAL,8.0,68.67,24,681.33
2025-06,The Boulevard,Floating Miami,WARM_LEAD,2.5,13.8,5,143.0
2025-06,The Devan,Hoboken Polygon,CHURN,7.0,94.61,49,1232.92
2025-06,The Devan,Hoboken Polygon,FROZEN,3.0,53.0,3,130.0
2025-06,The Devan,Hoboken Polygon,RECURRING_SUBSCRIPTION,5.14,59.44,72,1821.04
2025-06,The Devan,Hoboken Polygon,TRIAL,8.0,168.0,16,454.22
2025-06,The Devan,Hoboken Polygon,WARM_LEAD,5.25,0.0,21,567.97
2025-06,The Dime,Williamsburg Polygon,CHURN,5.9,70.37,59,1745.77
2025-06,The Dime,Williamsburg Polygon,ON_DEMAND_SUBSCRIPTION,8.0,0.0,8,227.11
2025-06,The Dime,Williamsburg Polygon,RECURRING_SUBSCRIPTION,7.33,62.91,22,652.08
2025-06,The Dime,Williamsburg Polygon,TRIAL,4.75,0.0,19,555.1
2025-06,The Dime,Williamsburg Polygon,WARM_LEAD,8.0,0.0,8,227.11
2025-06,The Eddy,Harrison Polygon,CHURN,2.07,11.59,29,1041.95
2025-06,The Eddy,Harrison Polygon,ON_DEMAND_SUBSCRIPTION,8.0,106.0,8,227.11
2025-06,The Eddy,Harrison Polygon,RECURRING_SUBSCRIPTION,8.0,145.67,24,681.33
2025-06,The Eddy,Harrison Polygon,TRIAL,2.0,3.86,14,500.5
2025-06,The Enclave,Hoboken Polygon,CHURN,6.4,115.91,32,964.73
2025-06,The Enclave,Hoboken Polygon,RECURRING_SUBSCRIPTION,5.0,87.12,25,905.06
2025-06,The Enclave,Hoboken Polygon,TRIAL,8.0,101.0,16,454.22
2025-06,The Ivy,Chatham / West Orange Polygon,CHURN,6.43,101.46,148,4217.2
2025-06,The Ivy,Chatham / West Orange Polygon,ON_DEMAND_SUBSCRIPTION,8.0,104.75,32,908.44
2025-06,The Ivy,Chatham / West Orange Polygon,RECURRING_SUBSCRIPTION,5.87,116.31,88,2871.96
2025-06,The Ivy,Chatham / West Orange Polygon,WARM_LEAD,8.0,0.0,16,454.22
2025-06,Woodside Central,Floating NY 1,CHURN,7.5,49.13,60,1242.28
2025-06,Woodside Central,Floating NY 1,ON_DEMAND_SUBSCRIPTION,3.0,25.0,6,148.85
2025-06,Woodside Central,Floating NY 1,RECURRING_SUBSCRIPTION,4.14,61.24,29,884.26
2025-07,100 House,Hoboken Polygon,CHURN,5.27,47.67,58,1941.29
2025-07,100 House,Hoboken Polygon,ON_DEMAND_SUBSCRIPTION,8.0,0.0,16,454.22
2025-07,100 House,Hoboken Polygon,RECURRING_SUBSCRIPTION,7.5,115.03,105,3088.28
2025-07,100 House,Hoboken Polygon,WARM_LEAD,8.0,159.0,8,227.11
2025-07,1 Boerum PL,Floating NY 2,CHURN,3.0,19.0,9,390.0
2025-07,1 Boerum PL,Floating NY 2,FREEMIUM,1.0,109.0,1,13.0
2025-07,1 Boerum PL,Floating NY 2,ON_DEMAND_SUBSCRIPTION,7.14,34.56,50,1379.17
2025-07,1 Boerum PL,Floating NY 2,RECURRING_SUBSCRIPTION,5.13,109.83,41,1296.23
2025-07,1 Boerum PL,Floating NY 2,WARM_LEAD,7.67,0.0,23,652.08
2025-07,300 Somerset,Harrison Polygon,CHURN,2.91,10.13,32,1076.66
2025-07,300 Somerset,Harrison Polygon,ON_DEMAND_SUBSCRIPTION,2.5,44.2,5,201.5
2025-07,300 Somerset,Harrison Polygon,RECURRING_SUBSCRIPTION,3.5,11.57,14,441.61
2025-07,300 Somerset,Harrison Polygon,TRIAL,6.0,13.25,12,392.21
2025-07,330 Angelo Cifelli,Harrison Polygon,CHURN,5.21,28.52,73,2154.62
2025-07,330 Angelo Cifelli,Harrison Polygon,ON_DEMAND_SUBSCRIPTION,1.5,27.0,3,84.5
2025-07,330 Angelo Cifelli,Harrison Polygon,RECURRING_SUBSCRIPTION,4.1,27.77,86,2655.12
2025-07,330 Angelo Cifelli,Harrison Polygon,TRIAL,2.0,27.0,2,71.5
2025-07,330 Angelo Cifelli,Harrison Polygon,WARM_LEAD,8.0,107.0,8,227.11
2025-07,330W-56th,Hell's Kitchen Polygon,CHURN,7.0,0.0,7,197.86
2025-07,330W-56th,Hell's Kitchen Polygon,FREEMIUM,2.0,34.33,6,156.0
2025-07,330W-56th,Hell's Kitchen Polygon,RECURRING_SUBSCRIPTION,3.64,27.31,51,1357.72
2025-07,330W-56th,Hell's Kitchen Polygon,WARM_LEAD,6.0,0.52,24,681.33
2025-07,655 Union,Boerum Hill Polygon,CHURN,5.8,87.16,58,1730.56
2025-07,655 Union,Boerum Hill Polygon,ON_DEMAND_SUBSCRIPTION,4.33,17.07,26,797.42
2025-07,655 Union,Boerum Hill Polygon,RECURRING_SUBSCRIPTION,8.0,101.36,88,2498.21
2025-07,655 Union,Boerum Hill Polygon,TRIAL,6.0,3.0,18,525.72
2025-07,Agnes,Floating Jersey,CHURN,7.25,60.69,29,817.18
2025-07,Agnes,Floating Jersey,RECURRING_SUBSCRIPTION,4.33,58.41,39,1090.44
2025-07,Agnes,Floating Jersey,WARM_LEAD,8.0,0.0,8,227.11
2025-07,Alta,Floating NY 1,CHURN,5.0,86.3,20,597.22
2025-07,Alta,Floating NY 1,ON_DEMAND_SUBSCRIPTION,2.0,27.0,2,71.5
2025-07,Alta,Floating NY 1,RECURRING_SUBSCRIPTION,5.0,53.4,20,597.22
2025-07,Azrieli TLV,Unknown,CHURN,5.91,70.04,886,25143.56
2025-07,Azrieli TLV,Unknown,TRIAL,4.93,71.35,69,2009.54
2025-07,Gindi 1,Unknown,CHURN,4.74,60.23,858,24658.79
2025-07,Gindi 1,Unknown,TRIAL,3.17,19.99,19,627.9
2025-07,Gindi 2,Unknown,CHURN,6.71,76.58,369,10142.86
2025-07,Gindi 2,Unknown,TRIAL,5.0,59.18,5,194.35
2025-07,Gindi 3,Unknown,CHURN,5.32,92.12,994,27300.0
2025-07,Gindi 3,Unknown,TRIAL,6.33,50.44,19,603.2
2025-07,Gindi 4,Unknown,CHURN,6.32,29.52,120,3358.29
2025-07,HaHehad,Unknown,CHURN,6.04,74.19,145,4523.87
2025-07,HaHehad,Unknown,LEAD,8.17,0.0,49,1200.55
2025-07,HaHehad,Unknown,TRIAL,4.0,38.51,32,968.5
2025-07,John Street 116,Financial District Polygon,CHURN,6.62,67.26,86,2430.61
2025-07,John Street 116,Financial District Polygon,ON_DEMAND_SUBSCRIPTION,6.71,53.02,47,1348.75
2025-07,John Street 116,Financial District Polygon,RECURRING_SUBSCRIPTION,6.13,92.78,49,1274.0
2025-07,John Street 116,Financial District Polygon,WARM_LEAD,2.0,0.0,6,214.5
2025-07,Nine 52,Hell's Kitchen Polygon,CHURN,8.0,107.0,8,227.11
2025-07,Nine 52,Hell's Kitchen Polygon,RECURRING_SUBSCRIPTION,4.6,96.96,46,1498.9
2025-07,Nine 52,Hell's Kitchen Polygon,TRIAL,3.25,56.08,13,371.41
2025-07,Oliver on the Hudson,Floating Jersey,CHURN,5.0,59.32,25,826.67
2025-07,One Ten,Hoboken Polygon,CHURN,4.57,58.72,32,1057.42
2025-07,One Ten,Hoboken Polygon,FREEMIUM,2.0,51.0,2,71.5
2025-07,One Ten,Hoboken Polygon,ON_DEMAND_SUBSCRIPTION,2.57,51.11,18,667.81
2025-07,One Ten,Hoboken Polygon,RECURRING_SUBSCRIPTION,5.43,85.09,76,2439.97
2025-07,One Ten,Hoboken Polygon,TRIAL,8.0,93.0,8,227.11
2025-07,One Ten,Hoboken Polygon,WARM_LEAD,8.0,0.0,40,1135.55
2025-07,River Place,Hell's Kitchen Polygon,CHURN,5.73,50.54,172,5278.26
2025-07,River Place,Hell's Kitchen Polygon,ON_DEMAND_SUBSCRIPTION,3.21,55.61,135,3754.79
2025-07,River Place,Hell's Kitchen Polygon,RECURRING_SUBSCRIPTION,6.53,80.76,261,6925.75
2025-07,River Place,Hell's Kitchen Polygon,TRIAL,6.46,13.48,84,2517.19
2025-07,River Place,Hell's Kitchen Polygon,WARM_LEAD,6.0,86.11,18,525.72
2025-07,Silver Towers,Hell's Kitchen Polygon,CHURN,5.68,50.84,420,11148.93
2025-07,Silver Towers,Hell's Kitchen Polygon,FREEMIUM,3.0,61.2,15,454.61
2025-07,Silver Towers,Hell's Kitchen Polygon,FROZEN,4.5,97.11,9,240.11
2025-07,Silver Towers,Hell's Kitchen Polygon,ON_DEMAND_SUBSCRIPTION,2.84,40.4,213,6355.57
2025-07,Silver Towers,Hell's Kitchen Polygon,RECURRING_SUBSCRIPTION,5.68,88.62,721,19692.4
2025-07,Silver Towers,Hell's Kitchen Polygon,TRIAL,3.25,20.85,26,775.58
2025-07,Stonehill,Chatham / West Orange Polygon,CHURN,3.8,39.95,19,673.4
2025-07,Stonehill,Chatham / West Orange Polygon,ON_DEMAND_SUBSCRIPTION,6.2,40.69,62,1777.36
2025-07,Stonehill,Chatham / West Orange Polygon,RECURRING_SUBSCRIPTION,4.67,56.9,70,2106.65
2025-07,Stonehill,Chatham / West Orange Polygon,TRIAL,6.5,6.69,52,1736.15
2025-07,Stonehill,Chatham / West Orange Polygon,WARM_LEAD,4.8,0.0,24,957.71
2025-07,The Boulevard,Floating Miami,CHURN,5.17,110.45,31,1021.02
2025-07,The Boulevard,Floating Miami,FROZEN,8.0,111.0,16,454.22
2025-07,The Boulevard,Floating Miami,ON_DEMAND_SUBSCRIPTION,5.0,139.6,20,608.92
2025-07,The Boulevard,Floating Miami,RECURRING_SUBSCRIPTION,6.88,85.78,55,1646.06
2025-07,The Boulevard,Floating Miami,TRIAL,8.0,0.0,16,454.22
2025-07,The Boulevard,Floating Miami,WARM_LEAD,3.0,0.0,15,357.5
2025-07,The Buchanan,Floating NY 1,CHURN,4.0,72.0,4,83.2
2025-07,The Buchanan,Floating NY 1,ON_DEMAND_SUBSCRIPTION,8.0,157.0,16,454.22
2025-07,The Buchanan,Floating NY 1,RECURRING_SUBSCRIPTION,4.75,61.21,19,599.56
2025-07,The Buchanan,Floating NY 1,TRIAL,5.67,102.0,17,455.52
2025-07,The Devan,Hoboken Polygon,CHURN,7.75,101.48,62,1688.18
2025-07,The Devan,Hoboken Polygon,FROZEN,3.0,24.33,9,390.0
2025-07,The Devan,Hoboken Polygon,RECURRING_SUBSCRIPTION,6.67,71.06,160,4491.24
2025-07,The Devan,Hoboken Polygon,TRIAL,5.67,56.71,17,467.22
2025-07,The Devan,Hoboken Polygon,WARM_LEAD,5.0,0.0,5,194.35
2025-07,The Dime,Williamsburg Polygon,CHURN,5.69,58.03,74,2199.99
2025-07,The Dime,Williamsburg Polygon,RECURRING_SUBSCRIPTION,7.0,61.14,14,424.97
2025-07,The Dime,Williamsburg Polygon,TRIAL,5.0,0.0,15,460.2
2025-07,The Dime,Williamsburg Polygon,WARM_LEAD,8.0,0.0,8,227.11
2025-07,The Eddy,Harrison Polygon,CHURN,2.0,20.17,12,429.0
2025-07,The Eddy,Harrison Polygon,RECURRING_SUBSCRIPTION,5.86,125.22,41,1175.59
2025-07,The Eddy,Harrison Polygon,TRIAL,3.67,0.0,11,366.6
2025-07,The Enclave,Hoboken Polygon,CHURN,5.56,113.98,50,1494.09
2025-07,The Enclave,Hoboken Polygon,RECURRING_SUBSCRIPTION,3.17,71.2,19,749.45
2025-07,The Enclave,Hoboken Polygon,TRIAL,6.5,34.69,26,752.83
2025-07,The Ivy,Chatham / West Orange Polygon,CHURN,7.18,86.08,158,4364.62
2025-07,The Ivy,Chatham / West Orange Polygon,ON_DEMAND_SUBSCRIPTION,8.0,83.8,40,1135.55
2025-07,The Ivy,Chatham / West Orange Polygon,RECURRING_SUBSCRIPTION,5.88,96.17,100,3103.88
2025-07,The Ivy,Chatham / West Orange Polygon,WARM_LEAD,8.0,10.0,8,227.11
2025-07,Union Channel ,Boerum Hill Polygon,CHURN,2.5,31.0,5,148.85
2025-07,Union Channel ,Boerum Hill Polygon,TRIAL,5.0,40.5,10,388.7
2025-07,Woodside Central,Floating NY 1,CHURN,7.69,41.2,100,2377.83
2025-07,Woodside Central,Floating NY 1,FROZEN,2.0,28.0,2,71.5
2025-07,Woodside Central,Floating NY 1,LEAD,2.0,0.0,2,65.65
2025-07,Woodside Central,Floating NY 1,ON_DEMAND_SUBSCRIPTION,6.33,0.0,19,578.37
2025-07,Woodside Central,Floating NY 1,RECURRING_SUBSCRIPTION,4.17,58.88,50,1438.32
2025-07,Woodside Central,Floating NY 1,TRIAL,2.0,31.0,2,71.5
2025-07,Woodside Central,Floating NY 1,WARM_LEAD,8.0,109.0,8,227.11
2025-08,100 House,Hoboken Polygon,CHURN,6.67,30.3,40,1311.18
2025-08,100 House,Hoboken Polygon,ON_DEMAND_SUBSCRIPTION,5.25,22.71,21,603.07
2025-08,100 House,Hoboken Polygon,RECURRING_SUBSCRIPTION,7.73,85.34,85,2465.45
2025-08,1 Boerum PL,Floating NY 2,CHURN,3.0,38.0,9,390.0
2025-08,1 Boerum PL,Floating NY 2,ON_DEMAND_SUBSCRIPTION,4.08,44.94,49,1280.37
2025-08,1 Boerum PL,Floating NY 2,RECURRING_SUBSCRIPTION,4.6,111.0,23,720.07
2025-08,1 Boerum PL,Floating NY 2,WARM_LEAD,8.0,0.0,16,454.22
2025-08,300 Somerset,Harrison Polygon,CHURN,3.08,8.3,40,1205.62
2025-08,300 Somerset,Harrison Polygon,ON_DEMAND_SUBSCRIPTION,1.9,21.65,19,549.9
2025-08,300 Somerset,Harrison Polygon,RECURRING_SUBSCRIPTION,5.0,33.93,30,895.83
2025-08,330 Angelo Cifelli,Harrison Polygon,CHURN,4.2,42.35,63,1905.54
2025-08,330 Angelo Cifelli,Harrison Polygon,FREEMIUM,3.0,57.0,3,130.0
2025-08,330 Angelo Cifelli,Harrison Polygon,ON_DEMAND_SUBSCRIPTION,2.0,0.0,2,71.5
2025-08,330 Angelo Cifelli,Harrison Polygon,RECURRING_SUBSCRIPTION,2.78,33.88,50,1662.57
2025-08,330 Angelo Cifelli,Harrison Polygon,TRIAL,4.25,54.12,17,311.74
2025-08,330 Angelo Cifelli,Harrison Polygon,WARM_LEAD,2.0,26.0,2,71.5
2025-08,330W-56th,Hell's Kitchen Polygon,CHURN,3.5,77.0,7,197.86
2025-08,330W-56th,Hell's Kitchen Polygon,RECURRING_SUBSCRIPTION,5.86,33.46,123,3443.7
2025-08,345 Baldwin Avenue,Floating Jersey,RECURRING_SUBSCRIPTION,5.0,5.4,10,298.61
2025-08,416 Kent Avenue,Williamsburg Polygon,CHURN,8.0,91.33,48,1362.66
2025-08,416 Kent Avenue,Williamsburg Polygon,FROZEN,8.67,52.62,52,1157.26
2025-08,416 Kent Avenue,Williamsburg Polygon,ON_DEMAND_SUBSCRIPTION,2.0,18.5,4,96.2
2025-08,416 Kent Avenue,Williamsburg Polygon,RECURRING_SUBSCRIPTION,8.0,36.67,24,681.33
2025-08,416 Kent Avenue,Williamsburg Polygon,TRIAL,1.0,0.0,1,13.0
2025-08,416 Kent Avenue,Williamsburg Polygon,WARM_LEAD,3.0,0.0,3,124.15
2025-08,420 Kent Avenue,Williamsburg Polygon,CHURN,8.0,54.1,80,2271.1
2025-08,420 Kent Avenue,Williamsburg Polygon,ON_DEMAND_SUBSCRIPTION,5.8,78.21,29,777.53
2025-08,420 Kent Avenue,Williamsburg Polygon,RECURRING_SUBSCRIPTION,6.0,61.71,42,1257.49
2025-08,420 Kent Avenue,Williamsburg Polygon,TRIAL,7.4,83.23,74,2160.08
2025-08,420 Kent Avenue,Williamsburg Polygon,WARM_LEAD,8.0,0.0,8,227.11
2025-08,655 Union,Boerum Hill Polygon,CHURN,6.75,97.3,54,1587.56
2025-08,655 Union,Boerum Hill Polygon,ON_DEMAND_SUBSCRIPTION,6.67,17.4,20,590.07
2025-08,655 Union,Boerum Hill Polygon,RECURRING_SUBSCRIPTION,5.9,146.75,59,1628.77
2025-08,655 Union,Boerum Hill Polygon,TRIAL,2.0,27.0,2,71.5
2025-08,Agnes,Floating Jersey,CHURN,5.8,99.76,29,830.18
2025-08,Agnes,Floating Jersey,RECURRING_SUBSCRIPTION,2.38,66.84,19,552.11
2025-08,Agnes,Floating Jersey,WARM_LEAD,8.0,0.0,8,227.11
2025-08,Alta,Floating NY 1,CHURN,4.7,89.85,47,1287.13
2025-08,Alta,Floating NY 1,LEAD,8.0,110.0,8,227.11
2025-08,Alta,Floating NY 1,ON_DEMAND_SUBSCRIPTION,2.0,27.0,4,143.0
2025-08,Alta,Floating NY 1,RECURRING_SUBSCRIPTION,5.0,76.2,35,1090.18
2025-08,Azrieli TLV,Unknown,CHURN,6.5,72.41,786,22415.51
2025-08,Azrieli TLV,Unknown,TRIAL,8.2,59.89,41,1260.74
2025-08,Gindi 1,Unknown,CHURN,5.01,60.02,681,19369.35
2025-08,Gindi 1,Unknown,TRIAL,5.0,29.4,40,1149.98
2025-08,Gindi 2,Unknown,CHURN,7.65,69.64,237,6598.54
2025-08,Gindi 2,Unknown,TRIAL,9.5,65.18,19,588.77
2025-08,Gindi 3,Unknown,CHURN,6.58,85.56,895,25085.19
2025-08,Gindi 3,Unknown,TRIAL,3.0,5.71,12,365.56
2025-08,Gindi 4,Unknown,CHURN,7.16,43.97,222,6755.58
2025-08,Gindi 4,Unknown,TRIAL,8.0,147.95,8,297.31
2025-08,HaHehad,Unknown,CHURN,6.31,61.54,164,5009.94
2025-08,HaHehad,Unknown,LEAD,7.08,0.0,92,2199.99
2025-08,HaHehad,Unknown,TRIAL,4.8,46.1,24,685.1
2025-08,John Street 116,Financial District Polygon,CHURN,6.9,72.49,69,1934.14
2025-08,John Street 116,Financial District Polygon,ON_DEMAND_SUBSCRIPTION,5.33,72.96,48,1327.95
2025-08,John Street 116,Financial District Polygon,RECURRING_SUBSCRIPTION,5.89,96.57,53,1343.16
2025-08,John Street 116,Financial District Polygon,TRIAL,2.0,31.0,2,71.5
2025-08,John Street 116,Financial District Polygon,WARM_LEAD,2.0,0.0,12,265.2
2025-08,Nine 52,Hell's Kitchen Polygon,CHURN,8.0,107.0,8,227.11
2025-08,Nine 52,Hell's Kitchen Polygon,RECURRING_SUBSCRIPTION,4.57,97.25,32,1027.0
2025-08,Oliver on the Hudson,Floating Jersey,CHURN,5.5,58.27,22,702.52
2025-08,Oliver on the Hudson,Floating Jersey,TRIAL,8.0,168.0,8,227.11
2025-08,Oliver on the Hudson,Floating Jersey,WARM_LEAD,5.0,0.0,15,583.05
2025-08,One Ten,Hoboken Polygon,CHURN,4.88,66.82,39,1173.38
2025-08,One Ten,Hoboken Polygon,FREEMIUM,2.0,0.0,4,154.7
2025-08,One Ten,Hoboken Polygon,ON_DEMAND_SUBSCRIPTION,4.0,66.0,12,443.82
2025-08,One Ten,Hoboken Polygon,RECURRING_SUBSCRIPTION,6.58,84.91,79,2477.28
2025-08,One Ten,Hoboken Polygon,WARM_LEAD,8.0,0.0,40,1135.55
2025-08,River Place,Hell's Kitchen Polygon,CHURN,6.28,56.22,157,4765.15
2025-08,River Place,Hell's Kitchen Polygon,FREEMIUM,4.67,78.72,28,820.82
2025-08,River Place,Hell's Kitchen Polygon,ON_DEMAND_SUBSCRIPTION,3.29,69.85,148,4237.35
2025-08,River Place,Hell's Kitchen Polygon,RECURRING_SUBSCRIPTION,6.15,87.05,246,6682.26
2025-08,River Place,Hell's Kitchen Polygon,TRIAL,4.57,57.16,32,967.33
2025-08,Silver Towers,Hell's Kitchen Polygon,CHURN,5.32,59.01,362,9621.69
2025-08,Silver Towers,Hell's Kitchen Polygon,FREEMIUM,4.17,96.76,25,792.87
2025-08,Silver Towers,Hell's Kitchen Polygon,FROZEN,4.5,95.67,9,240.11
2025-08,Silver Towers,Hell's Kitchen Polygon,ON_DEMAND_SUBSCRIPTION,2.61,28.53,154,4431.96
2025-08,Silver Towers,Hell's Kitchen Polygon,RECURRING_SUBSCRIPTION,5.15,101.75,680,18598.06
2025-08,Silver Towers,Hell's Kitchen Polygon,TRIAL,2.43,40.82,17,506.35
2025-08,Silver Towers,Hell's Kitchen Polygon,WARM_LEAD,8.0,92.0,8,227.11
2025-08,Stonehill,Chatham / West Orange Polygon,CHURN,4.92,99.35,59,1983.41
2025-08,Stonehill,Chatham / West Orange Polygon,FREEMIUM,8.0,57.33,24,681.33
2025-08,Stonehill,Chatham / West Orange Polygon,ON_DEMAND_SUBSCRIPTION,5.29,37.86,37,1066.78
2025-08,Stonehill,Chatham / West Orange Polygon,RECURRING_SUBSCRIPTION,5.1,91.92,51,1559.74
2025-08,Stonehill,Chatham / West Orange Polygon,TRIAL,6.86,28.0,48,1535.95
2025-08,Stonehill,Chatham / West Orange Polygon,WARM_LEAD,5.33,0.0,16,592.41
2025-08,The Boulevard,Floating Miami,CHURN,6.0,49.0,36,1123.98
2025-08,The Boulevard,Floating Miami,FROZEN,8.0,111.0,8,227.11
2025-08,The Boulevard,Floating Miami,ON_DEMAND_SUBSCRIPTION,4.5,127.61,18,576.16
2025-08,The Boulevard,Floating Miami,RECURRING_SUBSCRIPTION,7.0,84.98,63,1910.61
2025-08,The Boulevard,Floating Miami,TRIAL,6.67,121.6,20,566.67
2025-08,The Boulevard,Floating Miami,WARM_LEAD,4.71,38.36,33,823.42
2025-08,The Buchanan,Floating NY 1,CHURN,4.0,73.0,4,83.2
2025-08,The Buchanan,Floating NY 1,RECURRING_SUBSCRIPTION,5.2,86.01,78,2129.01
2025-08,The Buchanan,Floating NY 1,TRIAL,7.2,31.11,36,854.75
2025-08,The Devan,Hoboken Polygon,CHURN,6.4,80.14,64,1712.88
2025-08,The Devan,Hoboken Polygon,FROZEN,4.67,94.14,14,487.11
2025-08,The Devan,Hoboken Polygon,LEAD,8.0,168.0,8,227.11
2025-08,The Devan,Hoboken Polygon,RECURRING_SUBSCRIPTION,6.39,87.08,147,4032.47
2025-08,The Devan,Hoboken Polygon,TRIAL,7.0,64.14,21,613.47
2025-08,The Devan,Hoboken Polygon,WARM_LEAD,4.0,60.0,4,135.85
2025-08,The Dime,Williamsburg Polygon,CHURN,6.67,65.1,80,2355.6
2025-08,The Dime,Williamsburg Polygon,ON_DEMAND_SUBSCRIPTION,8.0,107.0,8,227.11
2025-08,The Dime,Williamsburg Polygon,RECURRING_SUBSCRIPTION,7.0,68.29,28,849.94
2025-08,The Dime,Williamsburg Polygon,TRIAL,8.0,0.0,8,227.11
2025-08,The Dime,Williamsburg Polygon,WARM_LEAD,8.0,0.0,8,227.11
2025-08,The Eddy,Harrison Polygon,CHURN,2.0,31.33,6,214.5
2025-08,The Eddy,Harrison Polygon,FREEMIUM,2.0,22.0,2,53.95
2025-08,The Eddy,Harrison Polygon,ON_DEMAND_SUBSCRIPTION,4.0,61.0,4,135.85
2025-08,The Eddy,Harrison Polygon,RECURRING_SUBSCRIPTION,8.0,150.5,32,908.44
2025-08,The Eddy,Harrison Polygon,TRIAL,2.0,0.0,4,143.0
2025-08,The Eddy,Harrison Polygon,WARM_LEAD,3.0,44.0,3,124.15
2025-08,The Enclave,Hoboken Polygon,CHURN,8.25,97.67,33,925.99
2025-08,The Enclave,Hoboken Polygon,RECURRING_SUBSCRIPTION,5.75,66.09,46,1553.63
2025-08,The Enclave,Hoboken Polygon,TRIAL,8.0,101.0,16,454.22
2025-08,The Ivy,Chatham / West Orange Polygon,CHURN,7.48,98.11,157,4447.56
2025-08,The Ivy,Chatham / West Orange Polygon,ON_DEMAND_SUBSCRIPTION,8.0,159.0,16,454.22
2025-08,The Ivy,Chatham / West Orange Polygon,RECURRING_SUBSCRIPTION,6.0,106.66,96,2968.03
2025-08,Union Channel ,Boerum Hill Polygon,CHURN,3.0,0.0,3,124.15
2025-08,Union Channel ,Boerum Hill Polygon,TRIAL,5.0,0.0,5,194.35
2025-08,Woodside Central,Floating NY 1,CHURN,7.62,0.0,99,2234.18
2025-08,Woodside Central,Floating NY 1,FROZEN,2.0,14.0,4,143.0
2025-08,Woodside Central,Floating NY 1,LEAD,2.0,0.0,2,65.65
2025-08,Woodside Central,Floating NY 1,ON_DEMAND_SUBSCRIPTION,3.0,0.0,3,124.15
2025-08,Woodside Central,Floating NY 1,RECURRING_SUBSCRIPTION,3.64,71.6,40,969.02
2025-08,Woodside Central,Floating NY 1,WARM_LEAD,7.2,6.0,36,1044.29
2025-09,100 House,Hoboken Polygon,CHURN,4.6,104.08,23,810.16
2025-09,100 House,Hoboken Polygon,ON_DEMAND_SUBSCRIPTION,3.2,77.63,16,521.3
2025-09,100 House,Hoboken Polygon,RECURRING_SUBSCRIPTION,7.75,110.34,93,2692.56
2025-09,1 Boerum PL,Floating NY 2,CHURN,3.0,57.0,9,390.0
2025-09,1 Boerum PL,Floating NY 2,ON_DEMAND_SUBSCRIPTION,8.0,0.0,16,454.22
2025-09,1 Boerum PL,Floating NY 2,RECURRING_SUBSCRIPTION,5.56,121.58,50,1477.45
2025-09,1 Boerum PL,Floating NY 2,WARM_LEAD,8.0,0.0,24,681.33
2025-09,20 Broad Street,Financial District Polygon,CHURN,7.04,86.17,162,4781.27
2025-09,20 Broad Street,Financial District Polygon,LEAD,8.0,0.0,8,227.11
2025-09,20 Broad Street,Financial District Polygon,ON_DEMAND_SUBSCRIPTION,5.13,85.14,41,1161.55
2025-09,20 Broad Street,Financial District Polygon,RECURRING_SUBSCRIPTION,6.33,64.19,95,2581.8
2025-09,20 Broad Street,Financial District Polygon,TRIAL,8.0,52.5,8,227.11
2025-09,20 Broad Street,Financial District Polygon,WARM_LEAD,7.33,0.0,22,652.08
2025-09,300 Somerset,Harrison Polygon,CHURN,2.88,9.39,23,780.26
2025-09,300 Somerset,Harrison Polygon,ON_DEMAND_SUBSCRIPTION,2.0,20.4,10,304.85
2025-09,300 Somerset,Harrison Polygon,RECURRING_SUBSCRIPTION,4.4,46.27,22,668.72
2025-09,330 Angelo Cifelli,Harrison Polygon,CHURN,4.46,52.79,58,1756.69
2025-09,330 Angelo Cifelli,Harrison Polygon,ON_DEMAND_SUBSCRIPTION,1.0,53.0,1,13.0
2025-09,330 Angelo Cifelli,Harrison Polygon,RECURRING_SUBSCRIPTION,2.86,60.22,40,1305.07
2025-09,330 Angelo Cifelli,Harrison Polygon,TRIAL,2.8,4.43,14,184.34
2025-09,330W-56th,Hell's Kitchen Polygon,CHURN,7.0,88.0,7,197.86
2025-09,330W-56th,Hell's Kitchen Polygon,FREEMIUM,4.0,96.56,8,227.11
2025-09,330W-56th,Hell's Kitchen Polygon,RECURRING_SUBSCRIPTION,4.1,36.74,86,2232.62
2025-09,345 Baldwin Avenue,Floating Jersey,CHURN,8.0,110.0,8,227.11
2025-09,345 Baldwin Avenue,Floating Jersey,RECURRING_SUBSCRIPTION,4.75,48.58,19,538.72
2025-09,416 Kent Avenue,Williamsburg Polygon,CHURN,8.0,143.2,80,2271.1
2025-09,416 Kent Avenue,Williamsburg Polygon,FROZEN,8.58,62.74,103,2273.57
2025-09,416 Kent Avenue,Williamsburg Polygon,ON_DEMAND_SUBSCRIPTION,2.0,22.0,6,167.7
2025-09,416 Kent Avenue,Williamsburg Polygon,RECURRING_SUBSCRIPTION,8.0,90.83,48,1362.66
2025-09,416 Kent Avenue,Williamsburg Polygon,TRIAL,6.8,72.97,34,956.54
2025-09,420 Kent Avenue,Williamsburg Polygon,CHURN,7.71,77.11,185,5241.08
2025-09,420 Kent Avenue,Williamsburg Polygon,ON_DEMAND_SUBSCRIPTION,6.67,33.5,40,1177.8
2025-09,420 Kent Avenue,Williamsburg Polygon,RECURRING_SUBSCRIPTION,6.4,86.3,96,2833.35
2025-09,420 Kent Avenue,Williamsburg Polygon,TRIAL,7.4,73.23,111,3213.73
2025-09,420 Kent Avenue,Williamsburg Polygon,WARM_LEAD,8.0,0.0,16,454.22
2025-09,535 W 43rd Street,Hell's Kitchen Polygon,CHURN,8.0,110.0,8,227.11
2025-09,535 W 43rd Street,Hell's Kitchen Polygon,TRIAL,8.0,88.0,40,1135.55
2025-09,655 Union,Boerum Hill Polygon,CHURN,6.89,54.39,62,1814.67
2025-09,655 Union,Boerum Hill Polygon,ON_DEMAND_SUBSCRIPTION,6.25,23.2,25,784.42
2025-09,655 Union,Boerum Hill Polygon,RECURRING_SUBSCRIPTION,6.25,34.56,50,1388.66
2025-09,655 Union,Boerum Hill Polygon,TRIAL,6.67,88.0,20,590.07
2025-09,66 Rockwell Place,Brooklyn Heights Polygon,CHURN,8.0,51.0,16,454.22
2025-09,66 Rockwell Place,Brooklyn Heights Polygon,RECURRING_SUBSCRIPTION,4.0,105.75,16,505.96
2025-09,66 Rockwell Place,Brooklyn Heights Polygon,TRIAL,8.0,0.0,8,227.11
2025-09,Agnes,Floating Jersey,CHURN,8.0,82.5,32,908.44
2025-09,Agnes,Floating Jersey,RECURRING_SUBSCRIPTION,2.35,42.37,54,1663.22
2025-09,Agnes,Floating Jersey,TRIAL,2.0,31.0,2,71.5
2025-09,Agnes,Floating Jersey,WARM_LEAD,8.0,0.0,8,227.11
2025-09,Alta,Floating NY 1,CHURN,5.25,75.87,63,1796.34
2025-09,Alta,Floating NY 1,ON_DEMAND_SUBSCRIPTION,5.0,90.7,20,597.22
2025-09,Alta,Floating NY 1,RECURRING_SUBSCRIPTION,5.56,54.74,50,1511.64
2025-09,Azrieli TLV,Unknown,CHURN,6.42,59.62,918,25177.88
2025-09,Azrieli TLV,Unknown,TRIAL,9.75,84.99,39,1282.84
2025-09,Flamingo Point Center Tower,Miami Beach Polygon,CHURN,7.5,118.27,30,855.79
2025-09,Flamingo Point Center Tower,Miami Beach Polygon,ON_DEMAND_SUBSCRIPTION,8.0,139.0,16,454.22
2025-09,Flamingo Point Center Tower,Miami Beach Polygon,RECURRING_SUBSCRIPTION,7.9,121.92,79,2462.98
2025-09,Flamingo Point Center Tower,Miami Beach Polygon,TRIAL,4.5,9.56,9,240.11
2025-09,Flamingo Point North Tower,Miami Beach Polygon,CHURN,8.0,0.0,8,227.11
2025-09,Flamingo Point North Tower,Miami Beach Polygon,RECURRING_SUBSCRIPTION,6.2,43.68,31,1011.53
2025-09,Flamingo South Beach,Miami Beach Polygon,CHURN,5.0,122.93,15,492.96
2025-09,Flamingo South Beach,Miami Beach Polygon,FROZEN,8.0,116.0,8,232.96
2025-09,Flamingo South Beach,Miami Beach Polygon,RECURRING_SUBSCRIPTION,2.5,29.4,5,195.65
2025-09,Flamingo South Beach,Miami Beach Polygon,TRIAL,8.0,66.5,16,454.22
2025-09,Gindi 1,Unknown,CHURN,5.0,50.09,735,21686.73
2025-09,Gindi 1,Unknown,TRIAL,4.89,12.19,44,1137.24
2025-09,Gindi 2,Unknown,CHURN,6.29,90.04,195,5411.64
2025-09,Gindi 2,Unknown,TRIAL,4.0,5.48,4,109.2
2025-09,Gindi 3,Unknown,CHURN,7.66,77.69,912,26192.4
2025-09,Gindi 3,Unknown,TRIAL,4.67,86.14,14,451.1
2025-09,Gindi 4,Unknown,CHURN,7.69,70.0,200,6223.36
2025-09,Grove Central Residences,Floating Miami,CHURN,8.0,221.5,16,454.22
2025-09,Grove Central Residences,Floating Miami,TRIAL,8.0,171.0,8,227.11
2025-09,HaHehad,Unknown,CHURN,6.04,53.12,139,4313.14
2025-09,HaHehad,Unknown,LEAD,6.85,0.0,89,2149.68
2025-09,HaHehad,Unknown,TRIAL,4.5,40.82,18,496.6
2025-09,John Street 116,Financial District Polygon,CHURN,6.18,25.1,68,1917.89
2025-09,John Street 116,Financial District Polygon,ON_DEMAND_SUBSCRIPTION,5.11,81.39,46,1181.7
2025-09,John Street 116,Financial District Polygon,RECURRING_SUBSCRIPTION,6.82,84.48,75,2011.49
2025-09,John Street 116,Financial District Polygon,WARM_LEAD,2.0,0.0,12,265.2
2025-09,Midtown 5,Floating Miami,CHURN,8.33,174.12,25,716.43
2025-09,Midtown 5,Floating Miami,LEAD,3.0,61.0,3,141.7
2025-09,Midtown 5,Floating Miami,ON_DEMAND_SUBSCRIPTION,4.91,88.85,54,1522.43
2025-09,Midtown 5,Floating Miami,RECURRING_SUBSCRIPTION,2.17,31.1,26,550.29
2025-09,Midtown 5,Floating Miami,TRIAL,8.0,171.0,8,227.11
2025-09,Midtown 5,Floating Miami,WARM_LEAD,7.19,52.17,115,3223.09
2025-09,Nine 52,Hell's Kitchen Polygon,CHURN,8.0,53.5,16,454.22
2025-09,Nine 52,Hell's Kitchen Polygon,RECURRING_SUBSCRIPTION,4.4,91.57,44,1417.0
2025-09,Nine 52,Hell's Kitchen Polygon,TRIAL,6.0,34.24,24,681.33
2025-09,Oliver on the Hudson,Floating Jersey,CHURN,4.4,63.55,44,1453.27
2025-09,Oliver on the Hudson,Floating Jersey,TRIAL,8.0,55.0,16,454.22
2025-09,Oliver on the Hudson,Floating Jersey,WARM_LEAD,5.0,0.0,10,388.7
2025-09,One Ten,Hoboken Polygon,CHURN,5.5,91.82,33,1018.68
2025-09,One Ten,Hoboken Polygon,ON_DEMAND_SUBSCRIPTION,3.0,89.33,6,207.35
2025-09,One Ten,Hoboken Polygon,RECURRING_SUBSCRIPTION,6.43,77.56,90,2816.84
2025-09,River Place,Hell's Kitchen Polygon,CHURN,5.88,46.26,141,4361.37
2025-09,River Place,Hell's Kitchen Polygon,ON_DEMAND_SUBSCRIPTION,3.25,52.24,156,4269.59
2025-09,River Place,Hell's Kitchen Polygon,RECURRING_SUBSCRIPTION,6.33,54.95,418,11682.71
2025-09,River Place,Hell's Kitchen Polygon,TRIAL,4.43,64.44,31,913.38
2025-09,River Place,Hell's Kitchen Polygon,WARM_LEAD,2.0,31.0,2,71.5
2025-09,Silver Towers,Hell's Kitchen Polygon,CHURN,5.68,59.83,324,8762.52
2025-09,Silver Towers,Hell's Kitchen Polygon,FREEMIUM,2.0,33.33,6,167.7
2025-09,Silver Towers,Hell's Kitchen Polygon,FROZEN,5.5,88.18,11,357.11
2025-09,Silver Towers,Hell's Kitchen Polygon,ON_DEMAND_SUBSCRIPTION,2.88,42.25,164,4635.54
2025-09,Silver Towers,Hell's Kitchen Polygon,RECURRING_SUBSCRIPTION,5.28,88.99,744,20715.63
2025-09,Silver Towers,Hell's Kitchen Polygon,TRIAL,8.0,107.0,8,227.11
2025-09,Silver Towers,Hell's Kitchen Polygon,WARM_LEAD,2.0,27.0,2,71.5
2025-09,Stonehill,Chatham / West Orange Polygon,CHURN,5.88,34.2,141,4650.36
2025-09,Stonehill,Chatham / West Orange Polygon,ON_DEMAND_SUBSCRIPTION,2.5,5.6,5,148.85
2025-09,Stonehill,Chatham / West Orange Polygon,RECURRING_SUBSCRIPTION,5.08,63.97,61,1858.35
2025-09,Stonehill,Chatham / West Orange Polygon,TRIAL,6.0,56.0,24,854.62
2025-09,The Boulevard,Floating Miami,CHURN,5.56,63.36,50,1599.39
2025-09,The Boulevard,Floating Miami,FROZEN,8.0,0.0,8,227.11
2025-09,The Boulevard,Floating Miami,RECURRING_SUBSCRIPTION,7.38,69.42,59,1733.81
2025-09,The Boulevard,Floating Miami,TRIAL,8.0,161.0,8,197.86
2025-09,The Boulevard,Floating Miami,WARM_LEAD,6.0,24.33,18,429.78
2025-09,The Buchanan,Floating NY 1,CHURN,3.33,47.2,10,237.9
2025-09,The Buchanan,Floating NY 1,RECURRING_SUBSCRIPTION,5.71,85.41,120,3295.11
2025-09,The Buchanan,Floating NY 1,TRIAL,4.17,6.24,50,1159.86
2025-09,The Buchanan,Floating NY 1,WARM_LEAD,3.0,49.0,3,75.01
2025-09,The Devan,Hoboken Polygon,CHURN,6.7,90.97,67,1842.88
2025-09,The Devan,Hoboken Polygon,FROZEN,5.5,99.91,11,357.11
2025-09,The Devan,Hoboken Polygon,RECURRING_SUBSCRIPTION,6.57,85.96,151,4223.18
2025-09,The Devan,Hoboken Polygon,TRIAL,8.5,54.59,17,471.77
2025-09,The Dime,Williamsburg Polygon,CHURN,7.25,89.79,58,1661.27
2025-09,The Dime,Williamsburg Polygon,ON_DEMAND_SUBSCRIPTION,2.0,0.0,2,71.5
2025-09,The Dime,Williamsburg Polygon,RECURRING_SUBSCRIPTION,7.6,81.47,38,1106.3
2025-09,The Dime,Williamsburg Polygon,WARM_LEAD,8.0,0.0,8,227.11
2025-09,The Eddy,Harrison Polygon,CHURN,2.0,23.5,4,143.0
2025-09,The Eddy,Harrison Polygon,RECURRING_SUBSCRIPTION,6.38,101.67,51,1388.66
2025-09,The Enclave,Hoboken Polygon,CHURN,8.17,65.12,49,1380.21
2025-09,The Enclave,Hoboken Polygon,RECURRING_SUBSCRIPTION,6.0,83.3,54,1780.74
2025-09,The Enclave,Hoboken Polygon,TRIAL,8.0,50.5,16,454.22
2025-09,The Ivy,Chatham / West Orange Polygon,CHURN,7.37,86.14,140,3955.9
2025-09,The Ivy,Chatham / West Orange Polygon,ON_DEMAND_SUBSCRIPTION,8.0,144.0,24,681.33
2025-09,The Ivy,Chatham / West Orange Polygon,RECURRING_SUBSCRIPTION,6.26,105.25,119,3631.81
2025-09,The Landon,Hell's Kitchen Polygon,CHURN,8.33,130.88,25,698.88
2025-09,The Landon,Hell's Kitchen Polygon,ON_DEMAND_SUBSCRIPTION,3.0,94.0,3,130.0
2025-09,The Landon,Hell's Kitchen Polygon,RECURRING_SUBSCRIPTION,8.0,113.0,8,227.11
2025-09,The Landon,Hell's Kitchen Polygon,TRIAL,6.0,82.0,6,197.86
2025-09,The Landon,Hell's Kitchen Polygon,WARM_LEAD,1.0,53.0,1,13.0
2025-09,Union Channel ,Boerum Hill Polygon,CHURN,3.0,0.0,3,124.15
2025-09,Union Channel ,Boerum Hill Polygon,TRIAL,5.0,0.0,5,194.35
2025-09,Woodside Central,Floating NY 1,CHURN,7.86,16.15,55,1446.12
2025-09,Woodside Central,Floating NY 1,FROZEN,2.0,0.0,2,71.5
2025-09,Woodside Central,Floating NY 1,LEAD,2.0,0.0,2,65.65
2025-09,Woodside Central,Floating NY 1,ON_DEMAND_SUBSCRIPTION,5.4,19.33,27,768.17
2025-09,Woodside Central,Floating NY 1,RECURRING_SUBSCRIPTION,3.31,56.5,43,1058.07
2025-09,Woodside Central,Floating NY 1,WARM_LEAD,8.0,0.0,8,227.11
2025-10,100 House,Hoboken Polygon,CHURN,5.33,59.94,32,1050.27
2025-10,100 House,Hoboken Polygon,ON_DEMAND_SUBSCRIPTION,3.67,68.79,22,661.57
2025-10,100 House,Hoboken Polygon,RECURRING_SUBSCRIPTION,7.0,116.33,105,3242.85
2025-10,100 House,Hoboken Polygon,WARM_LEAD,8.0,109.0,8,227.11
2025-10,1 Boerum PL,Floating NY 2,CHURN,3.0,57.0,6,260.0
2025-10,1 Boerum PL,Floating NY 2,ON_DEMAND_SUBSCRIPTION,8.0,171.0,8,227.11
2025-10,1 Boerum PL,Floating NY 2,RECURRING_SUBSCRIPTION,4.62,145.23,60,1838.59
2025-10,20 Broad Street,Financial District Polygon,CHURN,7.07,79.1,205,5975.32
2025-10,20 Broad Street,Financial District Polygon,LEAD,8.0,0.0,8,227.11
2025-10,20 Broad Street,Financial District Polygon,ON_DEMAND_SUBSCRIPTION,6.14,62.56,43,1220.05
2025-10,20 Broad Street,Financial District Polygon,RECURRING_SUBSCRIPTION,5.04,83.3,141,3945.24
2025-10,20 Broad Street,Financial District Polygon,TRIAL,8.0,105.0,16,454.22
2025-10,20 Broad Street,Financial District Polygon,WARM_LEAD,7.78,19.37,70,2014.74
2025-10,300 Somerset,Harrison Polygon,CHURN,2.0,4.5,12,429.0
2025-10,300 Somerset,Harrison Polygon,LEAD,6.0,102.0,6,139.36
2025-10,300 Somerset,Harrison Polygon,ON_DEMAND_SUBSCRIPTION,1.75,46.43,7,133.9
2025-10,300 Somerset,Harrison Polygon,RECURRING_SUBSCRIPTION,3.5,72.71,14,441.61
2025-10,330 Angelo Cifelli,Harrison Polygon,CHURN,5.33,42.45,80,2366.52
2025-10,330 Angelo Cifelli,Harrison Polygon,ON_DEMAND_SUBSCRIPTION,2.57,5.16,18,540.15
2025-10,330 Angelo Cifelli,Harrison Polygon,RECURRING_SUBSCRIPTION,3.33,62.44,70,2199.99
2025-10,330 Angelo Cifelli,Harrison Polygon,TRIAL,3.0,0.0,12,112.84
2025-10,330W-56th,Hell's Kitchen Polygon,CHURN,7.0,88.0,7,197.86
2025-10,330W-56th,Hell's Kitchen Polygon,RECURRING_SUBSCRIPTION,4.85,75.33,63,1691.17
2025-10,345 Baldwin Avenue,Floating Jersey,CHURN,6.4,100.5,32,953.03
2025-10,345 Baldwin Avenue,Floating Jersey,ON_DEMAND_SUBSCRIPTION,3.0,68.5,12,397.15
2025-10,345 Baldwin Avenue,Floating Jersey,RECURRING_SUBSCRIPTION,6.0,65.73,30,894.53
2025-10,345 Baldwin Avenue,Floating Jersey,WARM_LEAD,4.67,52.36,14,434.46
2025-10,416 Kent Avenue,Williamsburg Polygon,CHURN,8.0,90.36,88,2498.21
2025-10,416 Kent Avenue,Williamsburg Polygon,FROZEN,7.89,82.39,71,1325.74
2025-10,416 Kent Avenue,Williamsburg Polygon,LEAD,2.0,10.0,2,30.55
2025-10,416 Kent Avenue,Williamsburg Polygon,RECURRING_SUBSCRIPTION,7.86,95.95,55,1562.86
2025-10,416 Kent Avenue,Williamsburg Polygon,TRIAL,5.78,75.75,52,1433.25
2025-10,420 Kent Avenue,Williamsburg Polygon,CHURN,6.85,75.81,178,5099.9
2025-10,420 Kent Avenue,Williamsburg Polygon,LEAD,4.0,67.0,4,141.7
2025-10,420 Kent Avenue,Williamsburg Polygon,ON_DEMAND_SUBSCRIPTION,7.29,29.86,51,1532.44
2025-10,420 Kent Avenue,Williamsburg Polygon,RECURRING_SUBSCRIPTION,5.68,87.69,108,3228.16
2025-10,420 Kent Avenue,Williamsburg Polygon,TRIAL,7.1,41.15,220,6322.16
2025-10,420 Kent Avenue,Williamsburg Polygon,WARM_LEAD,8.0,0.0,24,681.33
2025-10,535 W 43rd Street,Hell's Kitchen Polygon,CHURN,8.0,110.0,24,681.33
2025-10,535 W 43rd Street,Hell's Kitchen Polygon,TRIAL,8.0,55.0,48,1362.66
2025-10,655 Union,Boerum Hill Polygon,CHURN,6.2,16.95,62,1814.67
2025-10,655 Union,Boerum Hill Polygon,ON_DEMAND_SUBSCRIPTION,7.6,79.58,38,1079.39
2025-10,655 Union,Boerum Hill Polygon,RECURRING_SUBSCRIPTION,6.58,47.32,79,2257.32
2025-10,655 Union,Boerum Hill Polygon,TRIAL,6.67,88.0,20,590.07
2025-10,66 Rockwell Place,Brooklyn Heights Polygon,CHURN,5.33,60.46,48,1447.29
2025-10,66 Rockwell Place,Brooklyn Heights Polygon,RECURRING_SUBSCRIPTION,4.45,87.19,89,2679.43
2025-10,66 Rockwell Place,Brooklyn Heights Polygon,TRIAL,8.0,53.3,40,1135.55
2025-10,Agnes,Floating Jersey,CHURN,8.0,36.67,24,681.33
2025-10,Agnes,Floating Jersey,RECURRING_SUBSCRIPTION,2.9,50.31,29,991.12
2025-10,Agnes,Floating Jersey,TRIAL,7.0,130.0,7,174.46
2025-10,Agnes,Floating Jersey,WARM_LEAD,5.0,0.0,10,298.61
2025-10,Alta,Floating NY 1,CHURN,6.09,64.31,67,1927.25
2025-10,Alta,Floating NY 1,ON_DEMAND_SUBSCRIPTION,3.73,49.83,41,1201.85
2025-10,Alta,Floating NY 1,RECURRING_SUBSCRIPTION,5.33,74.89,64,1971.84
2025-10,Alta,Floating NY 1,WARM_LEAD,8.0,141.0,8,197.86
2025-10,Azrieli TLV,Unknown,CHURN,6.73,55.77,983,27336.53
2025-10,Azrieli TLV,Unknown,TRIAL,7.2,75.76,72,2350.66
2025-10,Brooklyn Crossing,Boerum Hill Polygon,CHURN,7.77,95.55,101,2820.22
2025-10,Brooklyn Crossing,Boerum Hill Polygon,ON_DEMAND_SUBSCRIPTION,5.67,67.47,34,1012.83
2025-10,Brooklyn Crossing,Boerum Hill Polygon,RECURRING_SUBSCRIPTION,5.66,76.64,181,4970.55
2025-10,Brooklyn Crossing,Boerum Hill Polygon,TRIAL,7.3,93.04,73,2056.99
2025-10,Brooklyn Crossing,Boerum Hill Polygon,WARM_LEAD,7.0,0.0,28,817.18
2025-10,Flamingo Point Center Tower,Miami Beach Polygon,CHURN,7.2,90.46,108,3044.99
2025-10,Flamingo Point Center Tower,Miami Beach Polygon,ON_DEMAND_SUBSCRIPTION,7.33,82.09,66,1847.43
2025-10,Flamingo Point Center Tower,Miami Beach Polygon,RECURRING_SUBSCRIPTION,9.04,117.4,208,6337.37
2025-10,Flamingo Point Center Tower,Miami Beach Polygon,TRIAL,8.5,40.24,34,943.54
2025-10,Flamingo Point Center Tower,Miami Beach Polygon,WARM_LEAD,5.0,0.0,10,298.61
2025-10,Flamingo Point North Tower,Miami Beach Polygon,CHURN,7.32,87.37,183,5105.62
2025-10,Flamingo Point North Tower,Miami Beach Polygon,ON_DEMAND_SUBSCRIPTION,3.67,133.64,11,311.61
2025-10,Flamingo Point North Tower,Miami Beach Polygon,RECURRING_SUBSCRIPTION,6.58,57.41,171,5338.58
2025-10,Flamingo Point North Tower,Miami Beach Polygon,TRIAL,7.25,41.79,58,1602.77
2025-10,Flamingo South Beach,Miami Beach Polygon,CHURN,6.87,82.1,103,3027.57
2025-10,Flamingo South Beach,Miami Beach Polygon,FROZEN,8.0,91.4,40,1147.25
2025-10,Flamingo South Beach,Miami Beach Polygon,ON_DEMAND_SUBSCRIPTION,8.0,113.0,8,227.11
2025-10,Flamingo South Beach,Miami Beach Polygon,RECURRING_SUBSCRIPTION,5.5,84.64,22,661.57
2025-10,Flamingo South Beach,Miami Beach Polygon,TRIAL,8.0,133.0,16,454.22
2025-10,Flamingo South Beach,Miami Beach Polygon,WARM_LEAD,6.0,0.0,24,725.92
2025-10,Gindi 1,Unknown,CHURN,5.43,45.93,662,19645.73
2025-10,Gindi 1,Unknown,TRIAL,7.75,32.45,31,808.08
2025-10,Gindi 2,Unknown,CHURN,5.98,60.42,269,6718.01
2025-10,Gindi 2,Unknown,TRIAL,7.33,119.19,22,703.82
2025-10,Gindi 3,Unknown,CHURN,7.18,51.49,855,24130.34
2025-10,Gindi 3,Unknown,LEAD,9.75,87.05,39,1165.84
2025-10,Gindi 4,Unknown,CHURN,6.53,70.67,196,6016.53
2025-10,Grove Central Residences,Floating Miami,CHURN,6.73,132.19,101,2800.59
2025-10,Grove Central Residences,Floating Miami,ON_DEMAND_SUBSCRIPTION,5.0,49.6,20,608.92
2025-10,Grove Central Residences,Floating Miami,RECURRING_SUBSCRIPTION,8.0,127.0,24,681.33
2025-10,Grove Central Residences,Floating Miami,TRIAL,4.0,15.5,16,482.56
2025-10,Grove Central Residences,Floating Miami,WARM_LEAD,8.38,0.0,67,2027.48
2025-10,HaHehad,Unknown,CHURN,6.52,39.19,150,4734.34
2025-10,HaHehad,Unknown,LEAD,7.25,0.0,29,582.53
2025-10,HaHehad,Unknown,TRIAL,4.33,26.35,26,739.05
2025-10,John Street 116,Financial District Polygon,CHURN,5.5,15.53,88,2665.0
2025-10,John Street 116,Financial District Polygon,ON_DEMAND_SUBSCRIPTION,4.0,81.61,32,879.58
2025-10,John Street 116,Financial District Polygon,RECURRING_SUBSCRIPTION,6.7,96.24,67,1784.38
2025-10,John Street 116,Financial District Polygon,WARM_LEAD,2.0,0.0,6,132.6
2025-10,Midtown 5,Floating Miami,CHURN,7.17,153.65,43,1171.95
2025-10,Midtown 5,Floating Miami,ON_DEMAND_SUBSCRIPTION,6.29,94.65,88,2626.13
2025-10,Midtown 5,Floating Miami,RECURRING_SUBSCRIPTION,5.6,147.46,28,818.48
2025-10,Midtown 5,Floating Miami,TRIAL,8.36,63.36,92,2713.49
2025-10,Midtown 5,Floating Miami,WARM_LEAD,5.21,13.99,151,4195.88
2025-10,Nine 52,Hell's Kitchen Polygon,CHURN,8.0,0.0,8,227.11
2025-10,Nine 52,Hell's Kitchen Polygon,RECURRING_SUBSCRIPTION,5.5,109.48,44,1394.51
2025-10,Nine 52,Hell's Kitchen Polygon,TRIAL,8.0,0.0,8,227.11
2025-10,Oliver on the Hudson,Floating Jersey,CHURN,4.79,65.67,67,2044.64
2025-10,Oliver on the Hudson,Floating Jersey,RECURRING_SUBSCRIPTION,5.0,75.0,20,567.97
2025-10,Oliver on the Hudson,Floating Jersey,TRIAL,8.0,73.33,24,681.33
2025-10,One Ten,Hoboken Polygon,CHURN,5.5,91.82,33,1018.68
2025-10,One Ten,Hoboken Polygon,ON_DEMAND_SUBSCRIPTION,3.0,33.33,12,406.51
2025-10,One Ten,Hoboken Polygon,RECURRING_SUBSCRIPTION,6.5,86.82,78,2407.08
2025-10,Plank Road,Boerum Hill Polygon,CHURN,5.0,95.2,20,597.22
2025-10,Plank Road,Boerum Hill Polygon,RECURRING_SUBSCRIPTION,8.0,138.33,24,681.33
2025-10,Plank Road,Boerum Hill Polygon,TRIAL,4.5,113.37,18,508.17
2025-10,Plank Road,Boerum Hill Polygon,WARM_LEAD,4.0,0.0,8,227.11
2025-10,River Place,Hell's Kitchen Polygon,CHURN,5.48,64.49,126,4002.05
2025-10,River Place,Hell's Kitchen Polygon,FREEMIUM,3.0,52.0,3,124.15
2025-10,River Place,Hell's Kitchen Polygon,ON_DEMAND_SUBSCRIPTION,3.89,39.5,140,4001.4
2025-10,River Place,Hell's Kitchen Polygon,RECURRING_SUBSCRIPTION,5.76,69.24,386,10520.77
2025-10,River Place,Hell's Kitchen Polygon,TRIAL,6.33,21.26,19,584.22
2025-10,Silver Towers,Hell's Kitchen Polygon,CHURN,5.8,62.36,354,9227.27
2025-10,Silver Towers,Hell's Kitchen Polygon,FREEMIUM,4.4,78.55,22,621.92
2025-10,Silver Towers,Hell's Kitchen Polygon,FROZEN,8.0,101.0,8,227.11
2025-10,Silver Towers,Hell's Kitchen Polygon,LEAD,2.0,0.0,2,16.51
2025-10,Silver Towers,Hell's Kitchen Polygon,ON_DEMAND_SUBSCRIPTION,3.16,43.23,199,5656.82
2025-10,Silver Towers,Hell's Kitchen Polygon,RECURRING_SUBSCRIPTION,5.65,76.26,927,26212.68
2025-10,Silver Towers,Hell's Kitchen Polygon,TRIAL,5.5,132.55,11,357.11
2025-10,Silver Towers,Hell's Kitchen Polygon,WARM_LEAD,8.5,0.0,17,471.77
2025-10,Stonehill,Chatham / West Orange Polygon,CHURN,5.58,20.58,106,3531.19
2025-10,Stonehill,Chatham / West Orange Polygon,ON_DEMAND_SUBSCRIPTION,3.22,64.53,29,932.36
2025-10,Stonehill,Chatham / West Orange Polygon,RECURRING_SUBSCRIPTION,4.86,75.06,68,2083.25
2025-10,Stonehill,Chatham / West Orange Polygon,TRIAL,5.33,0.0,16,627.51
2025-10,Stonehill,Chatham / West Orange Polygon,WARM_LEAD,8.0,0.0,8,227.11
2025-10,The Bergen,Boerum Hill Polygon,CHURN,8.0,111.0,24,681.33
2025-10,The Bergen,Boerum Hill Polygon,TRIAL,5.0,101.0,5,141.7
2025-10,The Boulevard,Floating Miami,CHURN,6.11,94.47,55,1702.35
2025-10,The Boulevard,Floating Miami,FROZEN,8.0,0.0,8,227.11
2025-10,The Boulevard,Floating Miami,ON_DEMAND_SUBSCRIPTION,2.67,15.25,8,223.86
2025-10,The Boulevard,Floating Miami,RECURRING_SUBSCRIPTION,6.67,76.27,60,1944.54
2025-10,The Boulevard,Floating Miami,TRIAL,8.67,110.12,26,733.98
2025-10,The Boulevard,Floating Miami,WARM_LEAD,6.67,0.0,20,459.03
2025-10,The Buchanan,Floating NY 1,CHURN,3.75,86.19,15,387.66
2025-10,The Buchanan,Floating NY 1,ON_DEMAND_SUBSCRIPTION,2.0,25.0,2,65.65
2025-10,The Buchanan,Floating NY 1,RECURRING_SUBSCRIPTION,5.44,96.08,98,2680.47
2025-10,The Buchanan,Floating NY 1,TRIAL,5.57,25.44,39,950.95
2025-10,The Buchanan,Floating NY 1,WARM_LEAD,2.6,0.0,13,413.66
2025-10,The Devan,Hoboken Polygon,CHURN,6.24,79.43,106,2941.12
2025-10,The Devan,Hoboken Polygon,FROZEN,5.5,99.91,11,357.11
2025-10,The Devan,Hoboken Polygon,RECURRING_SUBSCRIPTION,6.71,111.5,114,3270.02
2025-10,The Devan,Hoboken Polygon,TRIAL,9.0,0.0,18,489.32
2025-10,The Dime,Williamsburg Polygon,CHURN,8.0,37.78,72,2043.99
2025-10,The Dime,Williamsburg Polygon,ON_DEMAND_SUBSCRIPTION,2.0,0.0,6,214.5
2025-10,The Dime,Williamsburg Polygon,RECURRING_SUBSCRIPTION,7.6,104.0,38,1106.3
2025-10,The Dime,Williamsburg Polygon,WARM_LEAD,8.0,0.0,8,227.11
2025-10,The Eddy,Harrison Polygon,CHURN,2.0,14.0,8,286.0
2025-10,The Eddy,Harrison Polygon,FREEMIUM,1.0,12.0,2,42.25
2025-10,The Eddy,Harrison Polygon,RECURRING_SUBSCRIPTION,4.4,114.67,44,1216.8
2025-10,The Eddy,Harrison Polygon,TRIAL,5.0,127.0,5,135.85
2025-10,The Enclave,Hoboken Polygon,CHURN,8.2,71.02,41,1153.1
2025-10,The Enclave,Hoboken Polygon,RECURRING_SUBSCRIPTION,4.87,86.43,73,2428.4
2025-10,The Enclave,Hoboken Polygon,TRIAL,8.0,34.67,24,681.33
2025-10,The Ivy,Chatham / West Orange Polygon,CHURN,6.87,130.06,103,2991.3
2025-10,The Ivy,Chatham / West Orange Polygon,ON_DEMAND_SUBSCRIPTION,6.0,148.32,24,681.33
2025-10,The Ivy,Chatham / West Orange Polygon,RECURRING_SUBSCRIPTION,6.68,134.2,127,3904.42
2025-10,The Ivy,Chatham / West Orange Polygon,WARM_LEAD,3.0,0.0,3,77.35
2025-10,The Kestrel,Floating NY 2,CHURN,8.0,113.0,8,227.11
2025-10,The Kestrel,Floating NY 2,ON_DEMAND_SUBSCRIPTION,8.0,113.0,8,227.11
2025-10,The Kestrel,Floating NY 2,RECURRING_SUBSCRIPTION,8.0,0.0,16,454.22
2025-10,The Kestrel,Floating NY 2,WARM_LEAD,7.83,0.0,47,1280.76
2025-10,The Landon,Hell's Kitchen Polygon,CHURN,8.6,146.42,43,1188.2
2025-10,The Landon,Hell's Kitchen Polygon,RECURRING_SUBSCRIPTION,8.0,75.33,24,681.33
2025-10,The Landon,Hell's Kitchen Polygon,TRIAL,6.0,0.0,6,197.86
2025-10,The Vitagraph,Floating NY 2,TRIAL,8.0,108.5,32,908.44
2025-10,The Vitagraph,Floating NY 2,WARM_LEAD,8.0,0.0,40,1135.55
2025-10,Union Channel ,Boerum Hill Polygon,CHURN,3.0,24.0,6,248.3
2025-10,Union Channel ,Boerum Hill Polygon,TRIAL,3.0,28.67,9,290.55
2025-10,Woodside Central,Floating NY 1,CHURN,8.0,37.0,24,681.33
2025-10,Woodside Central,Floating NY 1,FROZEN,2.0,28.0,2,71.5
2025-10,Woodside Central,Floating NY 1,ON_DEMAND_SUBSCRIPTION,2.8,46.71,14,361.01
2025-10,Woodside Central,Floating NY 1,RECURRING_SUBSCRIPTION,3.15,59.17,41,973.96
2025-10,Woodside Central,Floating NY 1,WARM_LEAD,7.83,0.0,47,1310.01
2025-11,100 House,Hoboken Polygon,CHURN,5.75,16.96,23,810.16
2025-11,100 House,Hoboken Polygon,ON_DEMAND_SUBSCRIPTION,5.0,0.0,15,492.96
2025-11,100 House,Hoboken Polygon,RECURRING_SUBSCRIPTION,7.18,105.04,79,2399.93
2025-11,1 Boerum PL,Floating NY 2,CHURN,3.0,57.0,6,260.0
2025-11,1 Boerum PL,Floating NY 2,RECURRING_SUBSCRIPTION,3.92,123.33,47,1463.93
2025-11,20 Broad Street,Financial District Polygon,CHURN,6.71,86.85,161,4729.92
2025-11,20 Broad Street,Financial District Polygon,LEAD,8.0,0.0,8,227.11
2025-11,20 Broad Street,Financial District Polygon,ON_DEMAND_SUBSCRIPTION,6.89,80.77,62,1814.67
2025-11,20 Broad Street,Financial District Polygon,RECURRING_SUBSCRIPTION,4.23,71.98,127,3518.45
2025-11,20 Broad Street,Financial District Polygon,TRIAL,6.5,66.23,26,746.98
2025-11,20 Broad Street,Financial District Polygon,WARM_LEAD,7.0,1.0,56,1632.02
2025-11,220 East 72nd Street,Floating NY 2,WARM_LEAD,3.0,0.0,3,75.01
2025-11,250 E Houston,Floating NY 2,CHURN,8.0,113.0,8,227.11
2025-11,250 E Houston,Floating NY 2,RECURRING_SUBSCRIPTION,8.25,95.3,33,908.44
2025-11,300 Somerset,Harrison Polygon,CHURN,2.0,9.0,6,214.5
2025-11,300 Somerset,Harrison Polygon,ON_DEMAND_SUBSCRIPTION,2.1,21.52,21,445.9
2025-11,300 Somerset,Harrison Polygon,RECURRING_SUBSCRIPTION,3.5,68.86,14,441.61
2025-11,330 Angelo Cifelli,Harrison Polygon,CHURN,5.33,47.83,48,1458.99
2025-11,330 Angelo Cifelli,Harrison Polygon,ON_DEMAND_SUBSCRIPTION,3.17,13.26,19,546.0
2025-11,330 Angelo Cifelli,Harrison Polygon,RECURRING_SUBSCRIPTION,3.33,78.32,50,1603.68
2025-11,330 Angelo Cifelli,Harrison Polygon,WARM_LEAD,2.0,0.0,2,71.5
2025-11,330W-56th,Hell's Kitchen Polygon,CHURN,3.67,66.18,11,340.86
2025-11,330W-56th,Hell's Kitchen Polygon,RECURRING_SUBSCRIPTION,5.09,52.66,56,1521.26
2025-11,345 Baldwin Avenue,Floating Jersey,CHURN,6.67,90.4,20,590.07
2025-11,345 Baldwin Avenue,Floating Jersey,ON_DEMAND_SUBSCRIPTION,3.5,0.0,7,248.3
2025-11,345 Baldwin Avenue,Floating Jersey,RECURRING_SUBSCRIPTION,6.0,94.53,30,894.53
2025-11,345 Baldwin Avenue,Floating Jersey,WARM_LEAD,8.0,0.0,48,1362.66
2025-11,416 Kent Avenue,Williamsburg Polygon,CHURN,8.0,116.2,80,2271.1
2025-11,416 Kent Avenue,Williamsburg Polygon,FROZEN,8.0,85.5,64,1242.28
2025-11,416 Kent Avenue,Williamsburg Polygon,RECURRING_SUBSCRIPTION,6.75,95.7,54,1572.35
2025-11,416 Kent Avenue,Williamsburg Polygon,TRIAL,6.5,54.4,65,1815.97
2025-11,420 Kent Avenue,Williamsburg Polygon,CHURN,7.17,62.88,165,4735.64
2025-11,420 Kent Avenue,Williamsburg Polygon,ON_DEMAND_SUBSCRIPTION,5.78,30.85,52,1550.25
2025-11,420 Kent Avenue,Williamsburg Polygon,RECURRING_SUBSCRIPTION,5.62,71.17,118,3449.42
2025-11,420 Kent Avenue,Williamsburg Polygon,TRIAL,5.74,24.48,178,5227.95
2025-11,420 Kent Avenue,Williamsburg Polygon,WARM_LEAD,8.0,0.0,16,454.22
2025-11,535 W 43rd Street,Hell's Kitchen Polygon,CHURN,5.33,58.24,16,454.22
2025-11,535 W 43rd Street,Hell's Kitchen Polygon,LEAD,9.0,122.0,9,244.66
2025-11,535 W 43rd Street,Hell's Kitchen Polygon,RECURRING_SUBSCRIPTION,8.0,171.0,16,454.22
2025-11,535 W 43rd Street,Hell's Kitchen Polygon,TRIAL,8.33,30.2,50,1421.16
2025-11,655 Union,Boerum Hill Polygon,CHURN,5.63,45.07,45,1291.55
2025-11,655 Union,Boerum Hill Polygon,ON_DEMAND_SUBSCRIPTION,4.0,43.5,8,271.7
2025-11,655 Union,Boerum Hill Polygon,RECURRING_SUBSCRIPTION,5.7,81.16,57,1735.24
2025-11,655 Union,Boerum Hill Polygon,TRIAL,8.0,0.0,16,454.22
2025-11,66 Rockwell Place,Brooklyn Heights Polygon,CHURN,5.56,66.92,50,1517.49
2025-11,66 Rockwell Place,Brooklyn Heights Polygon,RECURRING_SUBSCRIPTION,4.44,89.39,80,2390.31
2025-11,66 Rockwell Place,Brooklyn Heights Polygon,TRIAL,5.6,17.71,28,818.48
2025-11,Agnes,Floating Jersey,CHURN,8.0,0.0,24,681.33
2025-11,Agnes,Floating Jersey,ON_DEMAND_SUBSCRIPTION,2.0,41.0,4,113.75
2025-11,Agnes,Floating Jersey,RECURRING_SUBSCRIPTION,2.9,57.66,29,964.21
2025-11,Agnes,Floating Jersey,TRIAL,4.25,4.59,17,447.46
2025-11,Agnes,Floating Jersey,WARM_LEAD,2.0,0.0,2,71.5
2025-11,Alta,Floating NY 1,CHURN,6.8,55.65,68,1976.26
2025-11,Alta,Floating NY 1,ON_DEMAND_SUBSCRIPTION,4.22,38.5,38,1174.68
2025-11,Alta,Floating NY 1,RECURRING_SUBSCRIPTION,5.16,86.93,98,2997.67
2025-11,Alta,Floating NY 1,TRIAL,2.0,48.0,4,143.0
2025-11,Alta,Floating NY 1,WARM_LEAD,8.0,0.0,8,227.11
2025-11,Azrieli TLV,Unknown,CHURN,6.71,68.82,859,24838.19
2025-11,Azrieli TLV,Unknown,TRIAL,8.2,37.17,82,2478.19
2025-11,Brooklyn Crossing,Boerum Hill Polygon,CHURN,6.35,84.84,146,4173.91
2025-11,Brooklyn Crossing,Boerum Hill Polygon,ON_DEMAND_SUBSCRIPTION,5.88,63.43,47,1350.05
2025-11,Brooklyn Crossing,Boerum Hill Polygon,RECURRING_SUBSCRIPTION,6.06,70.47,327,9172.41
2025-11,Brooklyn Crossing,Boerum Hill Polygon,TRIAL,7.33,35.69,88,2498.21
2025-11,Brooklyn Crossing,Boerum Hill Polygon,WARM_LEAD,6.0,3.2,30,888.68
2025-11,Flamingo Point Center Tower,Miami Beach Polygon,CHURN,6.83,90.14,157,4433.39
2025-11,Flamingo Point Center Tower,Miami Beach Polygon,ON_DEMAND_SUBSCRIPTION,7.6,86.09,76,2238.34
2025-11,Flamingo Point Center Tower,Miami Beach Polygon,RECURRING_SUBSCRIPTION,8.0,92.47,288,8057.92
2025-11,Flamingo Point Center Tower,Miami Beach Polygon,TRIAL,7.38,0.68,59,1637.87
2025-11,Flamingo Point Center Tower,Miami Beach Polygon,WARM_LEAD,5.67,21.18,34,1088.88
2025-11,Flamingo Point North Tower,Miami Beach Polygon,CHURN,7.45,82.19,246,6962.15
2025-11,Flamingo Point North Tower,Miami Beach Polygon,FROZEN,8.0,230.0,8,227.11
2025-11,Flamingo Point North Tower,Miami Beach Polygon,ON_DEMAND_SUBSCRIPTION,7.57,76.51,53,1495.0
2025-11,Flamingo Point North Tower,Miami Beach Polygon,RECURRING_SUBSCRIPTION,6.57,46.94,197,6004.7
2025-11,Flamingo Point North Tower,Miami Beach Polygon,TRIAL,7.64,31.1,84,2395.25
2025-11,Flamingo Point North Tower,Miami Beach Polygon,WARM_LEAD,2.0,0.0,2,65.65
2025-11,Flamingo South Beach,Miami Beach Polygon,CHURN,5.69,70.78,91,2626.39
2025-11,Flamingo South Beach,Miami Beach Polygon,FROZEN,8.0,116.0,32,931.84
2025-11,Flamingo South Beach,Miami Beach Polygon,ON_DEMAND_SUBSCRIPTION,4.5,5.89,9,240.11
2025-11,Flamingo South Beach,Miami Beach Polygon,RECURRING_SUBSCRIPTION,5.11,72.62,46,1375.79
2025-11,Flamingo South Beach,Miami Beach Polygon,TRIAL,8.0,85.5,16,454.22
2025-11,Flamingo South Beach,Miami Beach Polygon,WARM_LEAD,6.0,0.0,24,725.92
2025-11,Gindi 1,Unknown,CHURN,5.03,59.39,649,19348.94
2025-11,Gindi 2,Unknown,CHURN,5.42,64.1,390,9483.76
2025-11,Gindi 3,Unknown,CHURN,7.27,74.9,778,22149.01
2025-11,Gindi 4,Unknown,CHURN,5.0,55.5,245,7478.64
2025-11,Gindi 4,Unknown,LEAD,5.0,5.48,5,124.15
2025-11,Gindi 4,Unknown,WARM_LEAD,6.0,0.0,6,264.55
2025-11,Grove Central Residences,Floating Miami,CHURN,7.38,99.73,96,2738.32
2025-11,Grove Central Residences,Floating Miami,ON_DEMAND_SUBSCRIPTION,8.0,37.67,24,681.33
2025-11,Grove Central Residences,Floating Miami,RECURRING_SUBSCRIPTION,8.0,138.0,32,908.44
2025-11,Grove Central Residences,Floating Miami,TRIAL,5.33,12.75,16,522.21
2025-11,Grove Central Residences,Floating Miami,WARM_LEAD,8.4,0.0,42,1275.95
2025-11,HaHehad,Unknown,CHURN,6.41,31.41,250,7718.62
2025-11,HaHehad,Unknown,TRIAL,4.4,27.97,22,614.9
2025-11,John Street 116,Financial District Polygon,CHURN,5.5,32.94,66,2058.42
2025-11,John Street 116,Financial District Polygon,ON_DEMAND_SUBSCRIPTION,5.83,69.34,35,992.94
2025-11,John Street 116,Financial District Polygon,RECURRING_SUBSCRIPTION,6.8,85.47,68,1801.93
2025-11,John Street 116,Financial District Polygon,WARM_LEAD,8.0,96.0,8,227.11
2025-11,Midtown 5,Floating Miami,CHURN,7.5,139.18,60,1671.8
2025-11,Midtown 5,Floating Miami,LEAD,2.0,35.0,4,96.2
2025-11,Midtown 5,Floating Miami,ON_DEMAND_SUBSCRIPTION,4.46,55.81,58,1786.98
2025-11,Midtown 5,Floating Miami,RECURRING_SUBSCRIPTION,7.2,134.11,36,1036.1
2025-11,Midtown 5,Floating Miami,TRIAL,7.0,48.14,84,2506.53
2025-11,Midtown 5,Floating Miami,WARM_LEAD,4.75,20.14,152,4258.28
2025-11,Nine 52,Hell's Kitchen Polygon,LEAD,2.0,28.0,2,71.5
2025-11,Nine 52,Hell's Kitchen Polygon,RECURRING_SUBSCRIPTION,6.22,95.02,56,1635.66
2025-11,Nine 52,Hell's Kitchen Polygon,TRIAL,8.0,0.0,8,227.11
2025-11,Oliver on the Hudson,Floating Jersey,CHURN,4.21,67.76,59,1842.23
2025-11,Oliver on the Hudson,Floating Jersey,LEAD,8.0,42.75,16,454.22
2025-11,Oliver on the Hudson,Floating Jersey,RECURRING_SUBSCRIPTION,6.5,38.46,26,752.83
2025-11,Oliver on the Hudson,Floating Jersey,TRIAL,8.0,0.0,16,454.22
2025-11,One Ten,Hoboken Polygon,CHURN,5.86,70.1,41,1245.79
2025-11,One Ten,Hoboken Polygon,ON_DEMAND_SUBSCRIPTION,3.4,30.47,17,600.86
2025-11,One Ten,Hoboken Polygon,RECURRING_SUBSCRIPTION,5.82,68.5,64,2018.51
2025-11,Plank Road,Boerum Hill Polygon,CHURN,6.5,122.15,26,752.83
2025-11,Plank Road,Boerum Hill Polygon,RECURRING_SUBSCRIPTION,8.0,105.6,40,1135.55
2025-11,Plank Road,Boerum Hill Polygon,TRIAL,6.0,26.28,36,1016.34
2025-11,Plank Road,Boerum Hill Polygon,WARM_LEAD,8.0,0.0,8,227.11
2025-11,River Place,Hell's Kitchen Polygon,CHURN,5.94,56.3,101,3124.94
2025-11,River Place,Hell's Kitchen Polygon,ON_DEMAND_SUBSCRIPTION,3.46,40.21,142,4043.65
2025-11,River Place,Hell's Kitchen Polygon,RECURRING_SUBSCRIPTION,5.63,60.4,270,7357.09
2025-11,River Place,Hell's Kitchen Polygon,TRIAL,4.0,17.88,24,693.42
2025-11,Silver Towers,Hell's Kitchen Polygon,CHURN,6.14,46.85,313,8586.11
2025-11,Silver Towers,Hell's Kitchen Polygon,FREEMIUM,4.0,81.84,24,733.07
2025-11,Silver Towers,Hell's Kitchen Polygon,FROZEN,3.33,91.4,10,253.11
2025-11,Silver Towers,Hell's Kitchen Polygon,ON_DEMAND_SUBSCRIPTION,2.78,31.42,128,3736.85
2025-11,Silver Towers,Hell's Kitchen Polygon,RECURRING_SUBSCRIPTION,5.8,87.85,783,21808.41
2025-11,Silver Towers,Hell's Kitchen Polygon,TRIAL,5.5,14.73,11,357.11
2025-11,Silver Towers,Hell's Kitchen Polygon,WARM_LEAD,6.33,1.58,19,496.47
2025-11,Stonehill,Chatham / West Orange Polygon,CHURN,5.5,35.73,44,1431.95
2025-11,Stonehill,Chatham / West Orange Polygon,ON_DEMAND_SUBSCRIPTION,6.0,74.58,24,816.01
2025-11,Stonehill,Chatham / West Orange Polygon,RECURRING_SUBSCRIPTION,5.62,60.93,73,2225.86
2025-11,Stonehill,Chatham / West Orange Polygon,TRIAL,6.0,0.0,12,427.31
2025-11,Stonehill,Chatham / West Orange Polygon,WARM_LEAD,8.0,0.0,16,454.22
2025-11,The Addison,Brooklyn Heights Polygon,CHURN,2.5,61.2,5,195.65
2025-11,The Addison,Brooklyn Heights Polygon,LEAD,8.0,0.0,8,227.11
2025-11,The Addison,Brooklyn Heights Polygon,RECURRING_SUBSCRIPTION,2.0,13.0,2,71.5
2025-11,The Addison,Brooklyn Heights Polygon,TRIAL,4.0,8.0,12,370.11
2025-11,The Addison,Brooklyn Heights Polygon,WARM_LEAD,6.0,0.0,48,1285.7
2025-11,The Bergen,Boerum Hill Polygon,CHURN,8.0,113.0,16,454.22
2025-11,The Bergen,Boerum Hill Polygon,TRIAL,5.0,101.0,5,141.7
2025-11,The Boulevard,Floating Miami,CHURN,5.88,62.47,47,1475.24
2025-11,The Boulevard,Floating Miami,FROZEN,8.0,0.0,8,227.11
2025-11,The Boulevard,Floating Miami,ON_DEMAND_SUBSCRIPTION,3.57,82.44,25,811.72
2025-11,The Boulevard,Floating Miami,RECURRING_SUBSCRIPTION,6.9,42.8,69,2067.52
2025-11,The Boulevard,Floating Miami,TRIAL,8.5,0.0,17,465.92
2025-11,The Boulevard,Floating Miami,WARM_LEAD,4.8,0.0,24,590.33
2025-11,The Buchanan,Floating NY 1,CHURN,5.0,91.93,15,387.66
2025-11,The Buchanan,Floating NY 1,ON_DEMAND_SUBSCRIPTION,3.0,58.0,6,207.35
2025-11,The Buchanan,Floating NY 1,RECURRING_SUBSCRIPTION,4.9,85.99,103,2746.38
2025-11,The Buchanan,Floating NY 1,TRIAL,5.0,39.5,10,143.0
2025-11,The Buchanan,Floating NY 1,WARM_LEAD,2.5,0.0,10,336.31
2025-11,The Devan,Hoboken Polygon,CHURN,7.0,57.99,84,2308.8
2025-11,The Devan,Hoboken Polygon,FROZEN,5.5,99.91,11,357.11
2025-11,The Devan,Hoboken Polygon,ON_DEMAND_SUBSCRIPTION,6.0,152.0,18,508.17
2025-11,The Devan,Hoboken Polygon,RECURRING_SUBSCRIPTION,6.75,111.61,108,3154.06
2025-11,The Devan,Hoboken Polygon,TRIAL,2.0,28.0,2,71.5
2025-11,The Dime,Williamsburg Polygon,CHURN,8.0,82.5,32,908.44
2025-11,The Dime,Williamsburg Polygon,ON_DEMAND_SUBSCRIPTION,3.5,62.86,14,424.06
2025-11,The Dime,Williamsburg Polygon,RECURRING_SUBSCRIPTION,7.67,56.0,46,1333.41
2025-11,The Dime,Williamsburg Polygon,WARM_LEAD,8.0,0.0,8,227.11
2025-11,The Eddy,Harrison Polygon,CHURN,2.0,5.6,10,357.5
2025-11,The Eddy,Harrison Polygon,FREEMIUM,8.0,108.0,8,227.11
2025-11,The Eddy,Harrison Polygon,RECURRING_SUBSCRIPTION,5.0,123.35,40,1141.79
2025-11,The Eddy,Harrison Polygon,TRIAL,6.0,0.0,6,194.35
2025-11,The Eddy,Harrison Polygon,WARM_LEAD,2.0,0.0,2,71.5
2025-11,The Enclave,Hoboken Polygon,CHURN,8.33,32.32,25,698.88
2025-11,The Enclave,Hoboken Polygon,RECURRING_SUBSCRIPTION,4.8,79.8,48,1578.33
2025-11,The Enclave,Hoboken Polygon,TRIAL,8.0,52.0,16,454.22
2025-11,The Enclave,Hoboken Polygon,WARM_LEAD,8.0,0.0,8,227.11
2025-11,The Ivy,Chatham / West Orange Polygon,CHURN,7.58,133.97,91,2667.99
2025-11,The Ivy,Chatham / West Orange Polygon,ON_DEMAND_SUBSCRIPTION,8.0,69.0,32,908.44
2025-11,The Ivy,Chatham / West Orange Polygon,RECURRING_SUBSCRIPTION,6.24,105.03,106,3300.44
2025-11,The Kestrel,Floating NY 2,CHURN,4.0,100.44,8,227.11
2025-11,The Kestrel,Floating NY 2,ON_DEMAND_SUBSCRIPTION,8.0,113.0,8,227.11
2025-11,The Kestrel,Floating NY 2,RECURRING_SUBSCRIPTION,8.0,77.88,32,908.44
2025-11,The Kestrel,Floating NY 2,WARM_LEAD,7.86,0.0,55,1507.87
2025-11,The Landing,Brooklyn Heights Polygon,ON_DEMAND_SUBSCRIPTION,8.0,0.0,8,227.11
2025-11,The Landing,Brooklyn Heights Polygon,RECURRING_SUBSCRIPTION,8.0,0.0,16,454.22
2025-11,The Landing,Brooklyn Heights Polygon,WARM_LEAD,8.0,0.0,8,227.11
2025-11,The Landon,Hell's Kitchen Polygon,CHURN,8.33,36.16,50,1397.76
2025-11,The Landon,Hell's Kitchen Polygon,RECURRING_SUBSCRIPTION,6.25,76.44,50,1484.6
2025-11,The Landon,Hell's Kitchen Polygon,TRIAL,6.29,3.64,44,1296.1
2025-11,The Vitagraph,Floating NY 2,TRIAL,8.0,0.0,24,681.33
2025-11,The Vitagraph,Floating NY 2,WARM_LEAD,8.0,0.0,40,1135.55
2025-11,Union Channel ,Boerum Hill Polygon,CHURN,3.0,0.0,3,124.15
2025-11,Union Channel ,Boerum Hill Polygon,TRIAL,3.5,0.0,7,265.85
2025-11,Woodside Central,Floating NY 1,CHURN,8.0,0.0,8,227.11
2025-11,Woodside Central,Floating NY 1,ON_DEMAND_SUBSCRIPTION,5.2,69.26,26,752.83
2025-11,Woodside Central,Floating NY 1,RECURRING_SUBSCRIPTION,3.0,29.04,45,1066.52
2025-11,Woodside Central,Floating NY 1,WARM_LEAD,8.0,0.0,40,1135.55
2025-12,100 House,Hoboken Polygon,CHURN,4.83,68.24,29,921.57
2025-12,100 House,Hoboken Polygon,ON_DEMAND_SUBSCRIPTION,3.6,16.5,18,571.61
2025-12,100 House,Hoboken Polygon,RECURRING_SUBSCRIPTION,7.45,136.41,82,2432.69
2025-12,1 Boerum PL,Floating NY 2,CHURN,4.14,80.03,29,823.42
2025-12,1 Boerum PL,Floating NY 2,RECURRING_SUBSCRIPTION,3.55,83.15,39,1243.97
2025-12,2000 Biscayne,Edgeater Polygon,CHURN,7.0,72.54,56,1740.83
2025-12,2000 Biscayne,Edgeater Polygon,LEAD,4.0,95.25,12,401.7
2025-12,2000 Biscayne,Edgeater Polygon,ON_DEMAND_SUBSCRIPTION,4.56,62.27,41,1268.28
2025-12,2000 Biscayne,Edgeater Polygon,RECURRING_SUBSCRIPTION,7.82,104.38,86,2473.64
2025-12,2000 Biscayne,Edgeater Polygon,TRIAL,5.12,31.0,128,3471.13
2025-12,2000 Biscayne,Edgeater Polygon,WARM_LEAD,7.17,25.95,43,1287.0
2025-12,20 Broad Street,Financial District Polygon,CHURN,6.71,80.09,161,4841.07
2025-12,20 Broad Street,Financial District Polygon,LEAD,8.0,0.0,8,227.11
2025-12,20 Broad Street,Financial District Polygon,ON_DEMAND_SUBSCRIPTION,3.87,61.06,89,2576.86
2025-12,20 Broad Street,Financial District Polygon,RECURRING_SUBSCRIPTION,4.71,59.48,193,5585.06
2025-12,20 Broad Street,Financial District Polygon,TRIAL,7.0,40.0,42,1201.2
2025-12,20 Broad Street,Financial District Polygon,WARM_LEAD,7.71,32.3,54,1560.52
2025-12,220 East 72nd Street,Floating NY 2,WARM_LEAD,3.0,0.0,3,75.01
2025-12,250 E Houston,Floating NY 2,CHURN,8.0,113.0,8,227.11
2025-12,250 E Houston,Floating NY 2,RECURRING_SUBSCRIPTION,6.71,107.65,47,1376.7
2025-12,300 Somerset,Harrison Polygon,CHURN,2.0,13.5,4,143.0
2025-12,300 Somerset,Harrison Polygon,ON_DEMAND_SUBSCRIPTION,2.0,9.67,12,259.35
2025-12,300 Somerset,Harrison Polygon,RECURRING_SUBSCRIPTION,3.2,13.5,16,513.11
2025-12,330 Angelo Cifelli,Harrison Polygon,CHURN,6.0,43.82,66,1977.56
2025-12,330 Angelo Cifelli,Harrison Polygon,LEAD,2.0,31.0,2,71.5
2025-12,330 Angelo Cifelli,Harrison Polygon,ON_DEMAND_SUBSCRIPTION,2.25,24.11,9,221.65
2025-12,330 Angelo Cifelli,Harrison Polygon,RECURRING_SUBSCRIPTION,2.86,43.74,60,1867.58
2025-12,330 Angelo Cifelli,Harrison Polygon,WARM_LEAD,2.0,9.33,6,214.5
2025-12,330W-56th,Hell's Kitchen Polygon,CHURN,2.57,40.95,18,613.86
2025-12,330W-56th,Hell's Kitchen Polygon,RECURRING_SUBSCRIPTION,4.71,64.82,99,2823.47
2025-12,345 Baldwin Avenue,Floating Jersey,CHURN,6.67,96.7,20,590.07
2025-12,345 Baldwin Avenue,Floating Jersey,ON_DEMAND_SUBSCRIPTION,3.75,34.0,15,517.66
2025-12,345 Baldwin Avenue,Floating Jersey,RECURRING_SUBSCRIPTION,6.0,57.6,30,894.53
2025-12,345 Baldwin Avenue,Floating Jersey,WARM_LEAD,6.8,3.0,34,979.94
2025-12,416 Kent Avenue,Williamsburg Polygon,CHURN,8.0,84.0,96,2725.32
2025-12,416 Kent Avenue,Williamsburg Polygon,FROZEN,8.11,56.22,73,1469.39
2025-12,416 Kent Avenue,Williamsburg Polygon,RECURRING_SUBSCRIPTION,6.77,83.32,88,2552.29
2025-12,416 Kent Avenue,Williamsburg Polygon,TRIAL,8.14,0.0,57,1624.87
2025-12,420 Kent Avenue,Williamsburg Polygon,CHURN,7.77,55.53,241,6400.42
2025-12,420 Kent Avenue,Williamsburg Polygon,LEAD,6.0,101.0,6,194.35
2025-12,420 Kent Avenue,Williamsburg Polygon,ON_DEMAND_SUBSCRIPTION,5.78,6.23,52,1550.25
2025-12,420 Kent Avenue,Williamsburg Polygon,RECURRING_SUBSCRIPTION,5.39,54.26,167,4679.35
2025-12,420 Kent Avenue,Williamsburg Polygon,TRIAL,6.35,10.28,127,3717.35
2025-12,420 Kent Avenue,Williamsburg Polygon,WARM_LEAD,4.5,3.56,27,781.17
2025-12,535 W 43rd Street,Hell's Kitchen Polygon,CHURN,8.0,74.33,24,681.33
2025-12,535 W 43rd Street,Hell's Kitchen Polygon,RECURRING_SUBSCRIPTION,5.5,69.68,22,661.57
2025-12,535 W 43rd Street,Hell's Kitchen Polygon,TRIAL,7.14,36.4,50,1410.76
2025-12,655 Union,Boerum Hill Polygon,CHURN,6.0,21.96,54,1577.16
2025-12,655 Union,Boerum Hill Polygon,ON_DEMAND_SUBSCRIPTION,4.0,87.0,4,135.85
2025-12,655 Union,Boerum Hill Polygon,RECURRING_SUBSCRIPTION,6.89,110.06,62,1856.79
2025-12,655 Union,Boerum Hill Polygon,TRIAL,8.0,0.0,24,681.33
2025-12,66 Rockwell Place,Brooklyn Heights Polygon,CHURN,6.0,54.05,72,2048.93
2025-12,66 Rockwell Place,Brooklyn Heights Polygon,ON_DEMAND_SUBSCRIPTION,8.0,113.0,8,227.11
2025-12,66 Rockwell Place,Brooklyn Heights Polygon,RECURRING_SUBSCRIPTION,4.44,83.4,111,3182.14
2025-12,66 Rockwell Place,Brooklyn Heights Polygon,TRIAL,6.5,2.15,26,746.98
2025-12,Agnes,Floating Jersey,CHURN,6.0,61.58,24,690.82
2025-12,Agnes,Floating Jersey,RECURRING_SUBSCRIPTION,3.21,50.63,90,2792.66
2025-12,Agnes,Floating Jersey,TRIAL,4.33,4.77,13,364.26
2025-12,Agnes,Floating Jersey,WARM_LEAD,2.0,0.0,2,71.5
2025-12,Alta,Floating NY 1,CHURN,5.94,29.96,95,2880.28
2025-12,Alta,Floating NY 1,ON_DEMAND_SUBSCRIPTION,5.6,18.98,56,1648.66
2025-12,Alta,Floating NY 1,RECURRING_SUBSCRIPTION,5.79,79.19,139,4170.66
2025-12,Alta,Floating NY 1,TRIAL,2.0,14.0,6,214.5
2025-12,Alta,Floating NY 1,WARM_LEAD,8.0,0.0,8,227.11
2025-12,Azrieli TLV,Unknown,CHURN,6.79,66.6,978,28752.49
2025-12,Azrieli TLV,Unknown,TRIAL,9.0,48.17,90,2750.8
2025-12,Brooklyn Crossing,Boerum Hill Polygon,CHURN,6.44,77.54,219,6321.25
2025-12,Brooklyn Crossing,Boerum Hill Polygon,LEAD,2.67,0.0,8,331.5
2025-12,Brooklyn Crossing,Boerum Hill Polygon,ON_DEMAND_SUBSCRIPTION,4.78,49.19,43,1207.44
2025-12,Brooklyn Crossing,Boerum Hill Polygon,RECURRING_SUBSCRIPTION,5.76,70.38,334,9307.61
2025-12,Brooklyn Crossing,Boerum Hill Polygon,TRIAL,8.0,8.29,112,3179.54
2025-12,Brooklyn Crossing,Boerum Hill Polygon,WARM_LEAD,7.0,0.0,28,817.18
2025-12,Flamingo Point Center Tower,Miami Beach Polygon,CHURN,7.0,91.93,182,5180.37
2025-12,Flamingo Point Center Tower,Miami Beach Polygon,FROZEN,9.0,0.0,18,480.22
2025-12,Flamingo Point Center Tower,Miami Beach Polygon,ON_DEMAND_SUBSCRIPTION,5.49,66.54,192,5620.55
2025-12,Flamingo Point Center Tower,Miami Beach Polygon,RECURRING_SUBSCRIPTION,7.37,94.42,435,11839.49
2025-12,Flamingo Point Center Tower,Miami Beach Polygon,TRIAL,6.86,34.61,96,2725.32
2025-12,Flamingo Point Center Tower,Miami Beach Polygon,WARM_LEAD,4.4,1.0,44,1450.93
2025-12,Flamingo Point North Tower,Miami Beach Polygon,CHURN,7.46,85.68,261,7485.4
2025-12,Flamingo Point North Tower,Miami Beach Polygon,FROZEN,8.0,115.0,16,454.22
2025-12,Flamingo Point North Tower,Miami Beach Polygon,LEAD,2.0,46.0,2,65.65
2025-12,Flamingo Point North Tower,Miami Beach Polygon,ON_DEMAND_SUBSCRIPTION,7.08,52.34,85,2485.47
2025-12,Flamingo Point North Tower,Miami Beach Polygon,RECURRING_SUBSCRIPTION,6.08,54.29,231,7179.38
2025-12,Flamingo Point North Tower,Miami Beach Polygon,TRIAL,7.54,15.92,98,2796.82
2025-12,Flamingo Point North Tower,Miami Beach Polygon,WARM_LEAD,4.33,26.92,26,830.31
2025-12,Flamingo South Beach,Miami Beach Polygon,CHURN,7.36,44.05,81,2374.19
2025-12,Flamingo South Beach,Miami Beach Polygon,FROZEN,8.0,0.0,40,1164.8
2025-12,Flamingo South Beach,Miami Beach Polygon,LEAD,9.0,174.0,9,240.11
2025-12,Flamingo South Beach,Miami Beach Polygon,ON_DEMAND_SUBSCRIPTION,8.0,0.0,16,454.22
2025-12,Flamingo South Beach,Miami Beach Polygon,RECURRING_SUBSCRIPTION,5.27,95.01,116,3570.06
2025-12,Flamingo South Beach,Miami Beach Polygon,TRIAL,6.0,60.26,42,1161.55
2025-12,Flamingo South Beach,Miami Beach Polygon,WARM_LEAD,6.0,0.0,24,725.92
2025-12,Gindi 1,Unknown,CHURN,5.17,53.13,837,25164.49
2025-12,Gindi 1,Unknown,TRIAL,4.5,50.32,9,332.8
2025-12,Gindi 2,Unknown,CHURN,5.52,63.7,535,13888.55
2025-12,Gindi 2,Unknown,TRIAL,1.0,65.48,1,13.0
2025-12,Gindi 2,Unknown,WARM_LEAD,8.5,0.0,17,483.47
2025-12,Gindi 3,Unknown,CHURN,7.24,77.89,898,25317.76
2025-12,Gindi 4,Unknown,CHURN,5.43,36.08,288,9181.38
2025-12,Gindi 4,Unknown,TRIAL,6.0,108.42,12,374.66
2025-12,Grove Central Residences,Floating Miami,CHURN,6.4,85.54,64,1829.88
2025-12,Grove Central Residences,Floating Miami,ON_DEMAND_SUBSCRIPTION,6.5,71.46,26,746.98
2025-12,Grove Central Residences,Floating Miami,RECURRING_SUBSCRIPTION,8.0,100.25,32,908.44
2025-12,Grove Central Residences,Floating Miami,TRIAL,5.33,0.0,16,522.21
2025-12,Grove Central Residences,Floating Miami,WARM_LEAD,8.0,0.0,16,454.22
2025-12,HaHehad,Unknown,CHURN,6.35,67.56,235,7125.56
2025-12,HaHehad,Unknown,TRIAL,3.83,26.08,23,561.21
2025-12,John Street 116,Financial District Polygon,CHURN,7.38,20.68,59,1696.37
2025-12,John Street 116,Financial District Polygon,ON_DEMAND_SUBSCRIPTION,5.13,70.37,41,1200.29
2025-12,John Street 116,Financial District Polygon,RECURRING_SUBSCRIPTION,6.8,96.76,68,1801.93
2025-12,Livana East Hanover,Chatham / West Orange Polygon,CHURN,7.0,0.0,7,217.75
2025-12,Livana East Hanover,Chatham / West Orange Polygon,TRIAL,8.0,0.0,8,227.11
2025-12,Livana East Hanover,Chatham / West Orange Polygon,WARM_LEAD,8.0,0.0,8,227.11
2025-12,Midtown 5,Floating Miami,CHURN,8.56,116.68,77,2120.04
2025-12,Midtown 5,Floating Miami,ON_DEMAND_SUBSCRIPTION,4.92,29.42,64,1960.27
2025-12,Midtown 5,Floating Miami,RECURRING_SUBSCRIPTION,7.83,97.29,94,2903.16
2025-12,Midtown 5,Floating Miami,TRIAL,8.0,82.66,88,2420.99
2025-12,Midtown 5,Floating Miami,WARM_LEAD,3.87,16.45,120,3254.29
2025-12,Nine 52,Hell's Kitchen Polygon,RECURRING_SUBSCRIPTION,6.11,104.38,55,1588.86
2025-12,Nine 52,Hell's Kitchen Polygon,TRIAL,8.0,0.0,8,227.11
2025-12,Oliver on the Hudson,Floating Jersey,CHURN,5.2,49.56,52,1725.88
2025-12,Oliver on the Hudson,Floating Jersey,LEAD,8.0,174.0,8,227.11
2025-12,Oliver on the Hudson,Floating Jersey,ON_DEMAND_SUBSCRIPTION,8.0,0.0,8,227.11
2025-12,Oliver on the Hudson,Floating Jersey,RECURRING_SUBSCRIPTION,5.75,85.59,46,1304.55
2025-12,Oliver on the Hudson,Floating Jersey,TRIAL,8.0,0.0,16,454.22
2025-12,One Ten,Hoboken Polygon,CHURN,4.5,102.96,27,863.07
2025-12,One Ten,Hoboken Polygon,ON_DEMAND_SUBSCRIPTION,3.2,26.82,16,579.67
2025-12,One Ten,Hoboken Polygon,RECURRING_SUBSCRIPTION,5.4,66.59,81,2539.68
2025-12,Plank Road,Boerum Hill Polygon,CHURN,7.33,68.48,66,1888.38
2025-12,Plank Road,Boerum Hill Polygon,RECURRING_SUBSCRIPTION,8.0,103.75,64,1816.88
2025-12,Plank Road,Boerum Hill Polygon,TRIAL,8.0,0.0,24,681.33
2025-12,Plank Road,Boerum Hill Polygon,WARM_LEAD,8.0,0.0,8,227.11
2025-12,River Place,Hell's Kitchen Polygon,CHURN,5.83,50.5,105,3307.59
2025-12,River Place,Hell's Kitchen Polygon,FREEMIUM,1.0,20.67,2,71.5
2025-12,River Place,Hell's Kitchen Polygon,ON_DEMAND_SUBSCRIPTION,3.59,45.1,147,4356.56
2025-12,River Place,Hell's Kitchen Polygon,RECURRING_SUBSCRIPTION,4.54,67.35,386,10379.85
2025-12,River Place,Hell's Kitchen Polygon,TRIAL,6.29,37.82,44,1278.55
2025-12,River Place,Hell's Kitchen Polygon,WARM_LEAD,2.0,31.0,2,71.5
2025-12,Silver Towers,Hell's Kitchen Polygon,CHURN,6.33,34.21,361,9756.76
2025-12,Silver Towers,Hell's Kitchen Polygon,FREEMIUM,4.6,81.17,23,651.17
2025-12,Silver Towers,Hell's Kitchen Polygon,FROZEN,4.0,71.75,12,370.11
2025-12,Silver Towers,Hell's Kitchen Polygon,LEAD,4.0,66.0,4,141.7
2025-12,Silver Towers,Hell's Kitchen Polygon,ON_DEMAND_SUBSCRIPTION,2.39,48.5,129,3624.66
2025-12,Silver Towers,Hell's Kitchen Polygon,RECURRING_SUBSCRIPTION,5.96,76.76,858,23940.15
2025-12,Silver Towers,Hell's Kitchen Polygon,TRIAL,4.0,56.62,60,1739.4
2025-12,Silver Towers,Hell's Kitchen Polygon,WARM_LEAD,3.6,5.69,36,1067.17
2025-12,Stonehill,Chatham / West Orange Polygon,CHURN,5.0,41.83,35,1160.38
2025-12,Stonehill,Chatham / West Orange Polygon,ON_DEMAND_SUBSCRIPTION,4.18,49.09,46,1579.76
2025-12,Stonehill,Chatham / West Orange Polygon,RECURRING_SUBSCRIPTION,5.36,56.08,75,2352.35
2025-12,Stonehill,Chatham / West Orange Polygon,WARM_LEAD,8.0,0.0,16,454.22
2025-12,The Addison,Brooklyn Heights Polygon,CHURN,6.0,152.67,12,409.76
2025-12,The Addison,Brooklyn Heights Polygon,LEAD,8.0,0.0,8,227.11
2025-12,The Addison,Brooklyn Heights Polygon,RECURRING_SUBSCRIPTION,2.67,31.0,8,226.2
2025-12,The Addison,Brooklyn Heights Polygon,TRIAL,4.0,93.33,8,227.11
2025-12,The Addison,Brooklyn Heights Polygon,WARM_LEAD,5.43,9.18,76,2017.73
2025-12,The Bergen,Boerum Hill Polygon,CHURN,8.0,113.0,16,454.22
2025-12,The Bergen,Boerum Hill Polygon,TRIAL,5.0,0.0,10,283.4
2025-12,The Boulevard,Floating Miami,CHURN,6.29,74.64,44,1280.89
2025-12,The Boulevard,Floating Miami,ON_DEMAND_SUBSCRIPTION,3.5,98.4,35,1094.08
2025-12,The Boulevard,Floating Miami,RECURRING_SUBSCRIPTION,6.33,49.49,95,2779.4
2025-12,The Boulevard,Floating Miami,TRIAL,8.0,56.5,16,424.97
2025-12,The Boulevard,Floating Miami,WARM_LEAD,7.0,0.0,14,343.07
2025-12,The Buchanan,Floating NY 1,CHURN,3.6,72.58,18,465.01
2025-12,The Buchanan,Floating NY 1,ON_DEMAND_SUBSCRIPTION,2.0,25.0,2,65.65
2025-12,The Buchanan,Floating NY 1,RECURRING_SUBSCRIPTION,5.24,82.72,110,3027.18
2025-12,The Buchanan,Floating NY 1,TRIAL,5.0,0.0,15,214.5
2025-12,The Buchanan,Floating NY 1,WARM_LEAD,3.0,0.0,6,199.16
2025-12,The Devan,Hoboken Polygon,CHURN,6.5,76.17,91,2524.21
2025-12,The Devan,Hoboken Polygon,FROZEN,5.5,0.0,11,357.11
2025-12,The Devan,Hoboken Polygon,ON_DEMAND_SUBSCRIPTION,6.0,154.11,18,508.17
2025-12,The Devan,Hoboken Polygon,RECURRING_SUBSCRIPTION,6.58,87.28,250,6994.52
2025-12,The Devan,Hoboken Polygon,TRIAL,5.67,51.56,17,471.77
2025-12,The Dime,Williamsburg Polygon,CHURN,8.0,110.0,32,908.44
2025-12,The Dime,Williamsburg Polygon,ON_DEMAND_SUBSCRIPTION,6.0,140.0,18,525.72
2025-12,The Dime,Williamsburg Polygon,RECURRING_SUBSCRIPTION,6.67,97.0,40,1177.8
2025-12,The Dime,Williamsburg Polygon,TRIAL,5.0,0.0,5,147.55
2025-12,The Dime,Williamsburg Polygon,WARM_LEAD,8.0,0.0,24,681.33
2025-12,The Eddy,Harrison Polygon,CHURN,2.0,9.33,6,214.5
2025-12,The Eddy,Harrison Polygon,RECURRING_SUBSCRIPTION,4.78,115.19,43,1219.14
2025-12,The Eddy,Harrison Polygon,TRIAL,5.5,49.09,11,388.7
2025-12,The Eddy,Harrison Polygon,WARM_LEAD,2.0,0.0,4,143.0
2025-12,The Enclave,Hoboken Polygon,CHURN,8.25,91.85,33,925.99
2025-12,The Enclave,Hoboken Polygon,RECURRING_SUBSCRIPTION,6.4,59.95,64,1958.71
2025-12,The Enclave,Hoboken Polygon,TRIAL,8.0,0.0,8,227.11
2025-12,The Enclave,Hoboken Polygon,WARM_LEAD,8.0,0.0,16,454.22
2025-12,The Ivy,Chatham / West Orange Polygon,CHURN,6.12,115.06,104,3005.6
2025-12,The Ivy,Chatham / West Orange Polygon,FREEMIUM,9.0,124.0,9,240.11
2025-12,The Ivy,Chatham / West Orange Polygon,ON_DEMAND_SUBSCRIPTION,8.0,105.0,32,908.44
2025-12,The Ivy,Chatham / West Orange Polygon,RECURRING_SUBSCRIPTION,6.86,81.66,151,4540.25
2025-12,The Kestrel,Floating NY 2,CHURN,8.0,37.67,24,681.33
2025-12,The Kestrel,Floating NY 2,ON_DEMAND_SUBSCRIPTION,2.71,65.21,19,597.61
2025-12,The Kestrel,Floating NY 2,RECURRING_SUBSCRIPTION,8.0,94.67,48,1362.66
2025-12,The Kestrel,Floating NY 2,WARM_LEAD,8.0,0.0,32,908.44
2025-12,The Landing,Brooklyn Heights Polygon,ON_DEMAND_SUBSCRIPTION,8.0,37.75,32,908.44
2025-12,The Landing,Brooklyn Heights Polygon,RECURRING_SUBSCRIPTION,8.0,57.0,24,681.33
2025-12,The Landing,Brooklyn Heights Polygon,WARM_LEAD,8.0,0.0,8,227.11
2025-12,The Landon,Hell's Kitchen Polygon,CHURN,8.33,36.16,50,1397.76
2025-12,The Landon,Hell's Kitchen Polygon,RECURRING_SUBSCRIPTION,7.57,57.25,53,1557.01
2025-12,The Landon,Hell's Kitchen Polygon,TRIAL,6.0,0.0,6,197.86
2025-12,The Vitagraph,Floating NY 2,CHURN,6.13,116.92,49,1359.41
2025-12,The Vitagraph,Floating NY 2,TRIAL,8.0,0.0,24,681.33
2025-12,The Vitagraph,Floating NY 2,WARM_LEAD,8.0,0.0,48,1362.66
2025-12,Union Channel ,Boerum Hill Polygon,CHURN,3.0,0.0,3,124.15
2025-12,Union Channel ,Boerum Hill Polygon,TRIAL,6.0,127.0,6,194.35
2025-12,Woodside Central,Floating NY 1,CHURN,6.5,29.62,13,392.21
2025-12,Woodside Central,Floating NY 1,FROZEN,2.5,25.2,10,338.65
2025-12,Woodside Central,Floating NY 1,ON_DEMAND_SUBSCRIPTION,8.0,37.67,72,2043.99
2025-12,Woodside Central,Floating NY 1,RECURRING_SUBSCRIPTION,3.69,45.71,48,1196.13
2025-12,Woodside Central,Floating NY 1,TRIAL,8.0,0.0,8,227.11
2025-12,Woodside Central,Floating NY 1,WARM_LEAD,6.63,3.34,53,1511.51
2026-01,100 House,Hoboken Polygon,CHURN,5.5,20.14,22,661.57
2026-01,100 House,Hoboken Polygon,ON_DEMAND_SUBSCRIPTION,8.0,0.0,8,227.11
2026-01,100 House,Hoboken Polygon,RECURRING_SUBSCRIPTION,7.25,140.4,87,2627.04
2026-01,100 House,Hoboken Polygon,WARM_LEAD,8.0,112.0,8,227.11
2026-01,1 Boerum PL,Floating NY 2,CHURN,2.91,37.16,32,857.87
2026-01,1 Boerum PL,Floating NY 2,RECURRING_SUBSCRIPTION,4.09,67.96,45,1392.43
2026-01,1 Boerum PL,Floating NY 2,WARM_LEAD,8.33,0.0,25,698.88
2026-01,2000 Biscayne,Edgeater Polygon,CHURN,7.1,45.94,71,2033.59
2026-01,2000 Biscayne,Edgeater Polygon,ON_DEMAND_SUBSCRIPTION,3.67,23.15,33,948.87
2026-01,2000 Biscayne,Edgeater Polygon,RECURRING_SUBSCRIPTION,7.1,73.84,149,4232.15
2026-01,2000 Biscayne,Edgeater Polygon,TRIAL,4.69,8.75,136,3671.72
2026-01,2000 Biscayne,Edgeater Polygon,WARM_LEAD,3.5,6.76,21,722.67
2026-01,20 Broad Street,Financial District Polygon,CHURN,6.56,78.14,177,5339.88
2026-01,20 Broad Street,Financial District Polygon,ON_DEMAND_SUBSCRIPTION,4.0,36.28,136,3826.81
2026-01,20 Broad Street,Financial District Polygon,RECURRING_SUBSCRIPTION,4.97,69.67,149,4157.14
2026-01,20 Broad Street,Financial District Polygon,TRIAL,6.5,0.0,26,746.98
2026-01,20 Broad Street,Financial District Polygon,WARM_LEAD,8.0,0.0,32,908.44
2026-01,220 East 72nd Street,Floating NY 2,WARM_LEAD,3.0,0.0,3,75.01
2026-01,250 E Houston,Floating NY 2,CHURN,8.0,113.0,8,227.11
2026-01,250 E Houston,Floating NY 2,RECURRING_SUBSCRIPTION,4.71,101.09,33,921.44
2026-01,250 E Houston,Floating NY 2,TRIAL,7.5,76.37,30,797.29
2026-01,300 Somerset,Harrison Polygon,CHURN,2.0,27.0,6,214.5
2026-01,300 Somerset,Harrison Polygon,ON_DEMAND_SUBSCRIPTION,2.0,22.0,26,787.8
2026-01,300 Somerset,Harrison Polygon,RECURRING_SUBSCRIPTION,3.2,10.13,16,513.11
2026-01,330 Angelo Cifelli,Harrison Polygon,CHURN,5.67,25.88,68,2049.06
2026-01,330 Angelo Cifelli,Harrison Polygon,FREEMIUM,1.0,0.0,2,65.65
2026-01,330 Angelo Cifelli,Harrison Polygon,ON_DEMAND_SUBSCRIPTION,2.0,31.0,4,143.0
2026-01,330 Angelo Cifelli,Harrison Polygon,RECURRING_SUBSCRIPTION,2.68,27.93,75,2287.48
2026-01,330 Angelo Cifelli,Harrison Polygon,WARM_LEAD,2.0,11.33,6,214.5
2026-01,330W-56th,Hell's Kitchen Polygon,CHURN,3.67,10.18,11,340.86
2026-01,330W-56th,Hell's Kitchen Polygon,RECURRING_SUBSCRIPTION,5.07,27.06,76,2111.33
2026-01,330W-56th,Hell's Kitchen Polygon,WARM_LEAD,3.0,18.0,6,207.35
2026-01,345 Baldwin Avenue,Floating Jersey,CHURN,6.67,57.8,20,590.07
2026-01,345 Baldwin Avenue,Floating Jersey,ON_DEMAND_SUBSCRIPTION,2.75,2.91,11,362.05
2026-01,345 Baldwin Avenue,Floating Jersey,RECURRING_SUBSCRIPTION,4.25,81.06,17,523.51
2026-01,345 Baldwin Avenue,Floating Jersey,WARM_LEAD,8.0,0.0,16,454.22
2026-01,416 Kent Avenue,Williamsburg Polygon,CHURN,8.0,56.0,96,2725.32
2026-01,416 Kent Avenue,Williamsburg Polygon,FROZEN,7.89,0.0,71,1325.74
2026-01,416 Kent Avenue,Williamsburg Polygon,ON_DEMAND_SUBSCRIPTION,1.0,15.0,1,13.0
2026-01,416 Kent Avenue,Williamsburg Polygon,RECURRING_SUBSCRIPTION,6.55,89.72,72,2098.07
2026-01,416 Kent Avenue,Williamsburg Polygon,TRIAL,8.0,0.0,24,681.33
2026-01,416 Kent Avenue,Williamsburg Polygon,WARM_LEAD,4.0,69.0,4,135.85
2026-01,420 Kent Avenue,Williamsburg Polygon,CHURN,7.63,31.84,267,6796.4
2026-01,420 Kent Avenue,Williamsburg Polygon,ON_DEMAND_SUBSCRIPTION,5.38,28.6,43,1264.64
2026-01,420 Kent Avenue,Williamsburg Polygon,RECURRING_SUBSCRIPTION,6.28,73.5,113,3244.41
2026-01,420 Kent Avenue,Williamsburg Polygon,TRIAL,6.86,22.13,96,2731.56
2026-01,420 Kent Avenue,Williamsburg Polygon,WARM_LEAD,8.0,0.0,8,227.11
2026-01,535 W 43rd Street,Hell's Kitchen Polygon,CHURN,8.0,37.67,24,681.33
2026-01,535 W 43rd Street,Hell's Kitchen Polygon,RECURRING_SUBSCRIPTION,5.25,133.24,21,655.72
2026-01,535 W 43rd Street,Hell's Kitchen Polygon,TRIAL,6.25,73.48,25,694.33
2026-01,655 Union,Boerum Hill Polygon,CHURN,5.6,71.29,28,824.33
2026-01,655 Union,Boerum Hill Polygon,ON_DEMAND_SUBSCRIPTION,6.5,145.15,13,375.96
2026-01,655 Union,Boerum Hill Polygon,RECURRING_SUBSCRIPTION,6.22,107.11,56,1701.18
2026-01,655 Union,Boerum Hill Polygon,TRIAL,8.0,0.0,16,454.22
2026-01,655 Union,Boerum Hill Polygon,WARM_LEAD,8.0,116.0,8,227.11
2026-01,66 Rockwell Place,Brooklyn Heights Polygon,CHURN,5.9,17.39,59,1683.76
2026-01,66 Rockwell Place,Brooklyn Heights Polygon,ON_DEMAND_SUBSCRIPTION,8.0,0.0,8,227.11
2026-01,66 Rockwell Place,Brooklyn Heights Polygon,RECURRING_SUBSCRIPTION,5.2,75.69,78,2302.17
2026-01,66 Rockwell Place,Brooklyn Heights Polygon,TRIAL,8.33,60.84,25,716.43
2026-01,Agnes,Floating Jersey,CHURN,8.0,0.0,16,454.22
2026-01,Agnes,Floating Jersey,RECURRING_SUBSCRIPTION,2.81,51.53,76,2101.19
2026-01,Agnes,Floating Jersey,TRIAL,5.5,0.0,11,292.76
2026-01,Alta,Floating NY 1,CHURN,6.0,51.27,30,941.33
2026-01,Alta,Floating NY 1,ON_DEMAND_SUBSCRIPTION,6.14,1.88,43,1220.05
2026-01,Alta,Floating NY 1,RECURRING_SUBSCRIPTION,5.7,95.31,114,3540.68
2026-01,Alta,Floating NY 1,TRIAL,2.0,9.33,6,214.5
2026-01,Azrieli TLV,Unknown,CHURN,7.04,68.58,802,23370.36
2026-01,Azrieli TLV,Unknown,TRIAL,6.9,74.25,69,2163.46
2026-01,Bay Parc Apartments,Edgeater Polygon,CHURN,8.5,141.29,17,450.71
2026-01,Bay Parc Apartments,Edgeater Polygon,ON_DEMAND_SUBSCRIPTION,2.29,18.59,39,1443.65
2026-01,Bay Parc Apartments,Edgeater Polygon,RECURRING_SUBSCRIPTION,6.67,77.2,80,2500.68
2026-01,Bay Parc Apartments,Edgeater Polygon,TRIAL,1.25,42.4,5,104.65
2026-01,Bay Parc Apartments,Edgeater Polygon,WARM_LEAD,8.0,0.0,24,681.33
2026-01,Brooklyn Crossing,Boerum Hill Polygon,CHURN,6.37,74.16,172,4968.99
2026-01,Brooklyn Crossing,Boerum Hill Polygon,ON_DEMAND_SUBSCRIPTION,3.8,85.09,57,1587.3
2026-01,Brooklyn Crossing,Boerum Hill Polygon,RECURRING_SUBSCRIPTION,5.68,90.65,318,8695.18
2026-01,Brooklyn Crossing,Boerum Hill Polygon,TRIAL,8.0,0.0,40,1135.55
2026-01,Brooklyn Crossing,Boerum Hill Polygon,WARM_LEAD,3.86,8.85,27,811.72
2026-01,Flamingo Point Center Tower,Miami Beach Polygon,CHURN,6.84,63.78,219,6286.8
2026-01,Flamingo Point Center Tower,Miami Beach Polygon,ON_DEMAND_SUBSCRIPTION,4.9,48.13,142,4207.58
2026-01,Flamingo Point Center Tower,Miami Beach Polygon,RECURRING_SUBSCRIPTION,6.57,69.23,618,17828.2
2026-01,Flamingo Point Center Tower,Miami Beach Polygon,TRIAL,6.85,15.19,89,1952.21
2026-01,Flamingo Point Center Tower,Miami Beach Polygon,WARM_LEAD,5.56,17.03,89,2766.53
2026-01,Flamingo Point North Tower,Miami Beach Polygon,CHURN,7.65,46.79,153,4324.58
2026-01,Flamingo Point North Tower,Miami Beach Polygon,FROZEN,8.0,0.0,16,454.22
2026-01,Flamingo Point North Tower,Miami Beach Polygon,ON_DEMAND_SUBSCRIPTION,5.5,79.98,88,2639.26
2026-01,Flamingo Point North Tower,Miami Beach Polygon,RECURRING_SUBSCRIPTION,6.63,80.45,285,8631.87
2026-01,Flamingo Point North Tower,Miami Beach Polygon,TRIAL,6.8,0.0,34,979.94
2026-01,Flamingo Point North Tower,Miami Beach Polygon,WARM_LEAD,4.14,1.52,29,823.42
2026-01,Flamingo South Beach,Miami Beach Polygon,CHURN,5.75,38.51,115,3414.32
2026-01,Flamingo South Beach,Miami Beach Polygon,FROZEN,8.0,0.0,32,931.84
2026-01,Flamingo South Beach,Miami Beach Polygon,LEAD,2.0,34.0,2,71.5
2026-01,Flamingo South Beach,Miami Beach Polygon,ON_DEMAND_SUBSCRIPTION,5.0,45.6,20,538.72
2026-01,Flamingo South Beach,Miami Beach Polygon,RECURRING_SUBSCRIPTION,6.47,97.65,110,3254.81
2026-01,Flamingo South Beach,Miami Beach Polygon,TRIAL,5.4,7.44,27,759.98
2026-01,Flamingo South Beach,Miami Beach Polygon,WARM_LEAD,6.5,78.92,13,375.96
2026-01,Gindi 1,Unknown,CHURN,5.33,58.99,645,19080.62
2026-01,Gindi 1,Unknown,TRIAL,5.67,44.96,17,624.0
2026-01,Gindi 2,Unknown,CHURN,6.11,81.68,464,12818.26
2026-01,Gindi 2,Unknown,TRIAL,7.0,60.33,28,751.27
2026-01,Gindi 2,Unknown,WARM_LEAD,8.0,0.0,16,454.22
2026-01,Gindi 3,Unknown,CHURN,7.48,87.97,770,21870.94
2026-01,Gindi 3,Unknown,TRIAL,7.25,59.21,29,1052.35
2026-01,Gindi 4,Unknown,CHURN,5.57,54.82,273,8724.56
2026-01,Gindi 4,Unknown,TRIAL,4.67,77.75,14,405.21
2026-01,Grove Central Residences,Floating Miami,CHURN,7.2,121.78,72,2056.99
2026-01,Grove Central Residences,Floating Miami,ON_DEMAND_SUBSCRIPTION,8.0,113.0,16,454.22
2026-01,Grove Central Residences,Floating Miami,RECURRING_SUBSCRIPTION,8.0,146.75,32,922.48
2026-01,Grove Central Residences,Floating Miami,TRIAL,6.4,74.25,32,976.43
2026-01,HaHehad,Unknown,CHURN,6.83,65.06,164,4891.25
2026-01,HaHehad,Unknown,TRIAL,4.33,27.31,26,727.35
2026-01,John Street 116,Financial District Polygon,CHURN,8.4,50.1,42,1188.2
2026-01,John Street 116,Financial District Polygon,ON_DEMAND_SUBSCRIPTION,5.13,81.9,41,1176.89
2026-01,John Street 116,Financial District Polygon,RECURRING_SUBSCRIPTION,6.71,86.66,94,2455.31
2026-01,Livana East Hanover,Chatham / West Orange Polygon,CHURN,5.0,129.07,15,495.3
2026-01,Livana East Hanover,Chatham / West Orange Polygon,FROZEN,8.0,200.0,8,227.11
2026-01,Livana East Hanover,Chatham / West Orange Polygon,RECURRING_SUBSCRIPTION,3.75,119.0,15,441.61
2026-01,Livana East Hanover,Chatham / West Orange Polygon,TRIAL,5.0,68.4,20,597.22
2026-01,Livana East Hanover,Chatham / West Orange Polygon,WARM_LEAD,6.75,10.56,27,805.48
2026-01,Midtown 5,Floating Miami,CHURN,7.27,47.13,80,2132.0
2026-01,Midtown 5,Floating Miami,ON_DEMAND_SUBSCRIPTION,5.25,1.95,42,1333.54
2026-01,Midtown 5,Floating Miami,RECURRING_SUBSCRIPTION,6.77,120.56,88,2672.8
2026-01,Midtown 5,Floating Miami,TRIAL,7.8,26.51,78,2172.82
2026-01,Midtown 5,Floating Miami,WARM_LEAD,5.92,30.03,71,1914.64
2026-01,Nine 52,Hell's Kitchen Polygon,RECURRING_SUBSCRIPTION,6.25,130.74,50,1513.85
2026-01,Nine 52,Hell's Kitchen Polygon,TRIAL,8.0,0.0,8,227.11
2026-01,Oliver on the Hudson,Floating Jersey,CHURN,5.36,43.83,75,2428.4
2026-01,Oliver on the Hudson,Floating Jersey,LEAD,3.0,66.0,3,77.35
2026-01,Oliver on the Hudson,Floating Jersey,ON_DEMAND_SUBSCRIPTION,8.0,0.0,8,227.11
2026-01,Oliver on the Hudson,Floating Jersey,RECURRING_SUBSCRIPTION,6.0,131.72,36,1033.89
2026-01,Oliver on the Hudson,Floating Jersey,TRIAL,8.0,0.0,16,454.22
2026-01,Oliver on the Hudson,Floating Jersey,WARM_LEAD,8.0,0.0,24,681.33
2026-01,One Ten,Hoboken Polygon,CHURN,4.67,59.43,28,868.92
2026-01,One Ten,Hoboken Polygon,LEAD,7.0,97.0,7,197.86
2026-01,One Ten,Hoboken Polygon,ON_DEMAND_SUBSCRIPTION,5.0,64.07,15,529.36
2026-01,One Ten,Hoboken Polygon,RECURRING_SUBSCRIPTION,4.94,74.46,84,2649.92
2026-01,Plank Road,Boerum Hill Polygon,CHURN,7.45,53.68,82,2342.6
2026-01,Plank Road,Boerum Hill Polygon,RECURRING_SUBSCRIPTION,8.0,83.0,80,2271.1
2026-01,Plank Road,Boerum Hill Polygon,TRIAL,6.8,27.76,34,962.39
2026-01,Plank Road,Boerum Hill Polygon,WARM_LEAD,8.0,0.0,8,227.11
2026-01,River Place,Hell's Kitchen Polygon,CHURN,6.07,64.0,91,2826.33
2026-01,River Place,Hell's Kitchen Polygon,FREEMIUM,5.5,14.36,11,311.61
2026-01,River Place,Hell's Kitchen Polygon,ON_DEMAND_SUBSCRIPTION,3.61,60.06,112,3099.59
2026-01,River Place,Hell's Kitchen Polygon,RECURRING_SUBSCRIPTION,4.21,62.11,358,9236.89
2026-01,River Place,Hell's Kitchen Polygon,TRIAL,4.82,47.36,53,1617.2
2026-01,River Place,Hell's Kitchen Polygon,WARM_LEAD,6.0,8.53,30,839.54
2026-01,Rothschild 80,Unknown,CHURN,1.0,166.13,14,182.0
2026-01,Rothschild 80,Unknown,WARM_LEAD,1.0,0.0,1,13.0
2026-01,Silver Towers,Hell's Kitchen Polygon,CHURN,5.98,37.33,293,8090.42
2026-01,Silver Towers,Hell's Kitchen Polygon,FREEMIUM,4.29,57.2,30,946.27
2026-01,Silver Towers,Hell's Kitchen Polygon,FROZEN,8.0,0.0,8,227.11
2026-01,Silver Towers,Hell's Kitchen Polygon,LEAD,2.0,34.0,2,71.5
2026-01,Silver Towers,Hell's Kitchen Polygon,ON_DEMAND_SUBSCRIPTION,2.81,54.16,101,2940.34
2026-01,Silver Towers,Hell's Kitchen Polygon,RECURRING_SUBSCRIPTION,5.58,87.71,860,24000.21
2026-01,Silver Towers,Hell's Kitchen Polygon,TRIAL,5.0,39.34,35,1136.98
2026-01,Silver Towers,Hell's Kitchen Polygon,WARM_LEAD,4.22,4.58,76,2314.26
2026-01,Southgate Towers,Miami Beach Polygon,LEAD,2.0,0.0,2,71.5
2026-01,Southgate Towers,Miami Beach Polygon,RECURRING_SUBSCRIPTION,4.0,0.0,4,182.65
2026-01,Stonehill,Chatham / West Orange Polygon,CHURN,4.75,72.0,19,628.81
2026-01,Stonehill,Chatham / West Orange Polygon,LEAD,8.0,121.0,8,227.11
2026-01,Stonehill,Chatham / West Orange Polygon,ON_DEMAND_SUBSCRIPTION,3.0,54.83,12,403.0
2026-01,Stonehill,Chatham / West Orange Polygon,RECURRING_SUBSCRIPTION,5.62,34.74,73,2225.86
2026-01,Stonehill,Chatham / West Orange Polygon,WARM_LEAD,8.0,0.0,16,454.22
2026-01,The Addison,Brooklyn Heights Polygon,CHURN,6.75,84.15,27,805.48
2026-01,The Addison,Brooklyn Heights Polygon,LEAD,8.0,0.0,8,227.11
2026-01,The Addison,Brooklyn Heights Polygon,RECURRING_SUBSCRIPTION,2.25,35.0,9,227.5
2026-01,The Addison,Brooklyn Heights Polygon,TRIAL,6.5,32.31,26,752.83
2026-01,The Addison,Brooklyn Heights Polygon,WARM_LEAD,5.5,20.43,77,2027.09
2026-01,The Bergen,Boerum Hill Polygon,CHURN,8.0,113.0,16,454.22
2026-01,The Bergen,Boerum Hill Polygon,TRIAL,5.0,0.0,5,141.7
2026-01,The Bergen,Boerum Hill Polygon,WARM_LEAD,2.0,19.0,2,83.2
2026-01,The Boulevard,Floating Miami,CHURN,6.4,141.25,32,929.63
2026-01,The Boulevard,Floating Miami,ON_DEMAND_SUBSCRIPTION,3.67,54.55,33,964.08
2026-01,The Boulevard,Floating Miami,RECURRING_SUBSCRIPTION,5.62,82.79,73,2244.32
2026-01,The Boulevard,Floating Miami,TRIAL,8.0,56.5,16,454.22
2026-01,The Buchanan,Floating NY 1,CHURN,4.5,60.39,18,465.01
2026-01,The Buchanan,Floating NY 1,ON_DEMAND_SUBSCRIPTION,3.5,119.86,14,435.76
2026-01,The Buchanan,Floating NY 1,RECURRING_SUBSCRIPTION,6.06,103.83,109,2979.99
2026-01,The Devan,Hoboken Polygon,CHURN,4.55,79.33,50,1446.25
2026-01,The Devan,Hoboken Polygon,FROZEN,5.5,0.0,11,357.11
2026-01,The Devan,Hoboken Polygon,ON_DEMAND_SUBSCRIPTION,6.0,78.11,18,508.17
2026-01,The Devan,Hoboken Polygon,RECURRING_SUBSCRIPTION,6.43,92.6,180,5135.13
2026-01,The Devan,Hoboken Polygon,TRIAL,9.0,0.0,9,244.66
2026-01,The Dime,Williamsburg Polygon,CHURN,6.8,79.47,34,979.94
2026-01,The Dime,Williamsburg Polygon,LEAD,5.0,96.0,5,194.35
2026-01,The Dime,Williamsburg Polygon,ON_DEMAND_SUBSCRIPTION,6.33,141.79,19,584.22
2026-01,The Dime,Williamsburg Polygon,RECURRING_SUBSCRIPTION,6.83,99.88,82,2384.85
2026-01,The Dime,Williamsburg Polygon,TRIAL,5.0,61.0,5,147.55
2026-01,The Dime,Williamsburg Polygon,WARM_LEAD,8.0,0.0,16,454.22
2026-01,The Eddy,Harrison Polygon,CHURN,2.0,0.0,2,71.5
2026-01,The Eddy,Harrison Polygon,ON_DEMAND_SUBSCRIPTION,6.0,98.0,6,194.35
2026-01,The Eddy,Harrison Polygon,RECURRING_SUBSCRIPTION,6.5,110.15,52,1505.66
2026-01,The Eddy,Harrison Polygon,TRIAL,6.0,0.0,6,194.35
2026-01,The Eddy,Harrison Polygon,WARM_LEAD,2.0,0.0,2,71.5
2026-01,The Enclave,Hoboken Polygon,CHURN,8.4,57.71,42,1170.65
2026-01,The Enclave,Hoboken Polygon,RECURRING_SUBSCRIPTION,5.45,53.37,60,1821.95
2026-01,The Enclave,Hoboken Polygon,TRIAL,8.0,0.0,8,227.11
2026-01,The Enclave,Hoboken Polygon,WARM_LEAD,8.0,0.0,8,227.11
2026-01,The Ivy,Chatham / West Orange Polygon,CHURN,7.13,86.51,114,3317.86
2026-01,The Ivy,Chatham / West Orange Polygon,ON_DEMAND_SUBSCRIPTION,8.0,56.6,40,1135.55
2026-01,The Ivy,Chatham / West Orange Polygon,RECURRING_SUBSCRIPTION,6.86,114.12,144,4321.2
2026-01,The Kestrel,Floating NY 2,CHURN,8.0,37.67,24,681.33
2026-01,The Kestrel,Floating NY 2,ON_DEMAND_SUBSCRIPTION,2.67,45.92,24,799.11
2026-01,The Kestrel,Floating NY 2,RECURRING_SUBSCRIPTION,8.0,67.18,88,2498.21
2026-01,The Kestrel,Floating NY 2,TRIAL,8.0,176.0,8,227.11
2026-01,The Kestrel,Floating NY 2,WARM_LEAD,8.0,0.0,8,227.11
2026-01,The Landing,Brooklyn Heights Polygon,ON_DEMAND_SUBSCRIPTION,5.6,88.43,28,742.43
2026-01,The Landing,Brooklyn Heights Polygon,RECURRING_SUBSCRIPTION,8.0,171.0,16,454.22
2026-01,The Landing,Brooklyn Heights Polygon,WARM_LEAD,8.0,0.0,8,227.11
2026-01,The Landon,Hell's Kitchen Polygon,CHURN,8.0,75.33,24,681.33
2026-01,The Landon,Hell's Kitchen Polygon,RECURRING_SUBSCRIPTION,6.38,45.18,51,1589.9
2026-01,The Vitagraph,Floating NY 2,CHURN,8.0,142.0,32,908.44
2026-01,The Vitagraph,Floating NY 2,TRIAL,8.0,0.0,16,454.22
2026-01,The Vitagraph,Floating NY 2,WARM_LEAD,8.0,0.0,16,454.22
2026-01,Union Channel ,Boerum Hill Polygon,CHURN,3.0,0.0,3,124.15
2026-01,Union Channel ,Boerum Hill Polygon,TRIAL,6.0,0.0,6,223.6
2026-01,Woodside Central,Floating NY 1,CHURN,8.0,0.0,8,227.11
2026-01,Woodside Central,Floating NY 1,FROZEN,3.0,42.8,30,1025.05
2026-01,Woodside Central,Floating NY 1,ON_DEMAND_SUBSCRIPTION,8.0,30.82,88,2498.21
2026-01,Woodside Central,Floating NY 1,RECURRING_SUBSCRIPTION,4.18,78.43,46,1194.83
2026-01,Woodside Central,Floating NY 1,TRIAL,5.83,80.57,35,946.14
2026-01,Woodside Central,Floating NY 1,WARM_LEAD,5.0,0.0,20,597.22
2026-02,100 House,Hoboken Polygon,CHURN,5.17,46.52,31,901.68
2026-02,100 House,Hoboken Polygon,RECURRING_SUBSCRIPTION,7.4,145.95,74,2205.58
2026-02,1 Boerum PL,Floating NY 2,CHURN,3.22,75.41,29,814.32
2026-02,1 Boerum PL,Floating NY 2,RECURRING_SUBSCRIPTION,4.5,131.16,45,1392.43
2026-02,1 Boerum PL,Floating NY 2,WARM_LEAD,8.0,0.0,8,227.11
2026-02,2000 Biscayne,Edgeater Polygon,CHURN,8.0,44.63,64,1816.88
2026-02,2000 Biscayne,Edgeater Polygon,LEAD,2.0,34.0,2,71.5
2026-02,2000 Biscayne,Edgeater Polygon,ON_DEMAND_SUBSCRIPTION,3.0,87.16,36,1173.77
2026-02,2000 Biscayne,Edgeater Polygon,RECURRING_SUBSCRIPTION,6.87,89.3,158,4482.92
2026-02,2000 Biscayne,Edgeater Polygon,TRIAL,6.24,20.19,106,3032.51
2026-02,2000 Biscayne,Edgeater Polygon,WARM_LEAD,4.33,21.3,26,803.27
2026-02,20 Broad Street,Financial District Polygon,CHURN,6.65,63.12,153,4481.62
2026-02,20 Broad Street,Financial District Polygon,ON_DEMAND_SUBSCRIPTION,3.32,14.38,73,1902.94
2026-02,20 Broad Street,Financial District Polygon,RECURRING_SUBSCRIPTION,5.19,88.69,166,4756.7
2026-02,20 Broad Street,Financial District Polygon,TRIAL,8.0,0.0,24,681.33
2026-02,20 Broad Street,Financial District Polygon,WARM_LEAD,8.0,0.0,8,227.11
2026-02,220 East 72nd Street,Floating NY 2,WARM_LEAD,3.0,0.0,3,75.01
2026-02,250 E Houston,Floating NY 2,CHURN,8.0,113.0,8,227.11
2026-02,250 E Houston,Floating NY 2,RECURRING_SUBSCRIPTION,7.63,139.97,61,1801.67
2026-02,250 E Houston,Floating NY 2,TRIAL,8.0,0.0,8,227.11
2026-02,300 Somerset,Harrison Polygon,CHURN,2.0,29.5,4,143.0
2026-02,300 Somerset,Harrison Polygon,ON_DEMAND_SUBSCRIPTION,2.25,24.67,18,507.65
2026-02,300 Somerset,Harrison Polygon,RECURRING_SUBSCRIPTION,4.4,100.73,22,668.72
2026-02,300 Somerset,Harrison Polygon,TRIAL,2.0,60.0,2,71.5
2026-02,300 Somerset,Harrison Polygon,WARM_LEAD,2.33,35.14,7,226.2
2026-02,330 Angelo Cifelli,Harrison Polygon,CHURN,6.0,36.56,66,2030.21
2026-02,330 Angelo Cifelli,Harrison Polygon,ON_DEMAND_SUBSCRIPTION,4.0,56.0,4,112.45
2026-02,330 Angelo Cifelli,Harrison Polygon,RECURRING_SUBSCRIPTION,3.43,46.97,79,2311.4
2026-02,330W-56th,Hell's Kitchen Polygon,CHURN,3.5,20.21,14,470.86
2026-02,330W-56th,Hell's Kitchen Polygon,RECURRING_SUBSCRIPTION,5.06,60.19,86,2317.64
2026-02,330W-56th,Hell's Kitchen Polygon,WARM_LEAD,8.0,0.0,8,227.11
2026-02,345 Baldwin Avenue,Floating Jersey,CHURN,6.67,103.0,20,590.07
2026-02,345 Baldwin Avenue,Floating Jersey,ON_DEMAND_SUBSCRIPTION,2.0,3.67,6,173.55
2026-02,345 Baldwin Avenue,Floating Jersey,RECURRING_SUBSCRIPTION,5.5,90.48,33,1018.68
2026-02,345 Baldwin Avenue,Floating Jersey,WARM_LEAD,5.0,142.0,5,194.35
2026-02,416 Kent Avenue,Williamsburg Polygon,CHURN,8.0,0.0,32,908.44
2026-02,416 Kent Avenue,Williamsburg Polygon,FROZEN,8.0,0.0,48,931.71
2026-02,416 Kent Avenue,Williamsburg Polygon,ON_DEMAND_SUBSCRIPTION,1.0,14.0,1,13.0
2026-02,416 Kent Avenue,Williamsburg Polygon,RECURRING_SUBSCRIPTION,6.8,90.09,68,2013.57
2026-02,416 Kent Avenue,Williamsburg Polygon,TRIAL,8.0,0.0,8,227.11
2026-02,416 Kent Avenue,Williamsburg Polygon,WARM_LEAD,4.33,57.54,13,466.05
2026-02,420 Kent Avenue,Williamsburg Polygon,CHURN,7.29,34.01,153,3877.51
2026-02,420 Kent Avenue,Williamsburg Polygon,ON_DEMAND_SUBSCRIPTION,4.57,50.47,32,1004.77
2026-02,420 Kent Avenue,Williamsburg Polygon,RECURRING_SUBSCRIPTION,6.46,80.97,155,4451.46
2026-02,420 Kent Avenue,Williamsburg Polygon,TRIAL,7.17,1.3,43,1220.05
2026-02,420 Kent Avenue,Williamsburg Polygon,WARM_LEAD,4.5,102.44,18,480.22
2026-02,535 W 43rd Street,Hell's Kitchen Polygon,CHURN,8.0,59.0,16,454.22
2026-02,535 W 43rd Street,Hell's Kitchen Polygon,RECURRING_SUBSCRIPTION,5.25,145.33,21,655.72
2026-02,535 W 43rd Street,Hell's Kitchen Polygon,TRIAL,8.0,39.33,24,681.33
2026-02,655 Union,Boerum Hill Polygon,CHURN,4.8,94.17,24,703.82
2026-02,655 Union,Boerum Hill Polygon,ON_DEMAND_SUBSCRIPTION,4.0,0.0,4,135.85
2026-02,655 Union,Boerum Hill Polygon,RECURRING_SUBSCRIPTION,6.44,111.86,58,1730.43
2026-02,66 Rockwell Place,Brooklyn Heights Polygon,CHURN,5.71,26.7,40,1140.49
2026-02,66 Rockwell Place,Brooklyn Heights Polygon,ON_DEMAND_SUBSCRIPTION,8.0,113.0,8,227.11
2026-02,66 Rockwell Place,Brooklyn Heights Polygon,RECURRING_SUBSCRIPTION,5.12,51.55,87,2659.28
2026-02,66 Rockwell Place,Brooklyn Heights Polygon,TRIAL,0.5,29.5,1,13.0
2026-02,Agnes,Floating Jersey,CHURN,8.0,0.0,8,227.11
2026-02,Agnes,Floating Jersey,ON_DEMAND_SUBSCRIPTION,3.0,67.56,9,290.55
2026-02,Agnes,Floating Jersey,RECURRING_SUBSCRIPTION,3.31,63.84,86,2376.01
2026-02,Alta,Floating NY 1,CHURN,5.4,37.41,27,908.57
2026-02,Alta,Floating NY 1,ON_DEMAND_SUBSCRIPTION,2.17,28.54,13,452.4
2026-02,Alta,Floating NY 1,RECURRING_SUBSCRIPTION,5.44,79.9,147,4578.21
2026-02,Alta,Floating NY 1,TRIAL,2.0,8.5,8,286.0
2026-02,Alta,Floating NY 1,WARM_LEAD,2.0,24.33,6,208.65
2026-02,Azrieli TLV,Unknown,CHURN,6.9,73.93,697,20824.96
2026-02,Azrieli TLV,Unknown,TRIAL,7.78,68.02,70,2089.62
2026-02,Bay Parc Apartments,Edgeater Polygon,CHURN,6.78,118.9,61,1601.73
2026-02,Bay Parc Apartments,Edgeater Polygon,ON_DEMAND_SUBSCRIPTION,2.47,34.5,42,1493.96
2026-02,Bay Parc Apartments,Edgeater Polygon,RECURRING_SUBSCRIPTION,5.79,48.73,197,6119.75
2026-02,Bay Parc Apartments,Edgeater Polygon,TRIAL,5.2,84.38,26,774.02
2026-02,Bay Parc Apartments,Edgeater Polygon,WARM_LEAD,5.44,7.41,49,1468.35
2026-02,Biscayne SFR,The Ocean Club Polygon,CHURN,2.0,55.0,2,13.0
2026-02,Biscayne SFR,Unknown,CHURN,2.0,21.0,6,161.85
2026-02,Brooklyn Crossing,Boerum Hill Polygon,CHURN,6.55,73.69,144,4144.66
2026-02,Brooklyn Crossing,Boerum Hill Polygon,ON_DEMAND_SUBSCRIPTION,3.77,82.08,49,1236.04
2026-02,Brooklyn Crossing,Boerum Hill Polygon,RECURRING_SUBSCRIPTION,6.4,91.58,288,7932.34
2026-02,Brooklyn Crossing,Boerum Hill Polygon,TRIAL,8.0,0.0,24,681.33
2026-02,Brooklyn Crossing,Boerum Hill Polygon,WARM_LEAD,6.0,0.0,12,362.96
2026-02,Cape Florida Club Condo Phase,The Ocean Club Polygon,WARM_LEAD,4.0,115.0,4,135.85
2026-02,Cite On The Bay,Edgeater Polygon,CHURN,8.0,107.25,32,908.44
2026-02,Cite On The Bay,Edgeater Polygon,TRIAL,8.0,89.5,16,454.22
2026-02,Club Tower I,The Ocean Club Polygon,WARM_LEAD,8.0,0.0,32,908.44
2026-02,Dey and Bergen,Harrison Polygon,CHURN,2.5,75.6,5,195.65
2026-02,Dey and Bergen,Harrison Polygon,ON_DEMAND_SUBSCRIPTION,3.5,53.57,7,254.15
2026-02,Dey and Bergen,Harrison Polygon,WARM_LEAD,5.2,120.54,26,795.08
2026-02,Flamingo Point Center Tower,Miami Beach Polygon,CHURN,7.89,79.76,150,4241.38
2026-02,Flamingo Point Center Tower,Miami Beach Polygon,ON_DEMAND_SUBSCRIPTION,4.75,17.14,133,4083.43
2026-02,Flamingo Point Center Tower,Miami Beach Polygon,RECURRING_SUBSCRIPTION,6.22,72.04,541,15532.01
2026-02,Flamingo Point Center Tower,Miami Beach Polygon,TRIAL,7.54,25.02,98,2333.37
2026-02,Flamingo Point Center Tower,Miami Beach Polygon,WARM_LEAD,6.3,68.13,63,1978.6
2026-02,Flamingo Point North Tower,Miami Beach Polygon,CHURN,7.89,0.0,142,3973.32
2026-02,Flamingo Point North Tower,Miami Beach Polygon,FROZEN,8.0,0.0,16,454.22
2026-02,Flamingo Point North Tower,Miami Beach Polygon,ON_DEMAND_SUBSCRIPTION,4.54,26.17,59,1764.88
2026-02,Flamingo Point North Tower,Miami Beach Polygon,RECURRING_SUBSCRIPTION,6.78,88.28,366,10426.52
2026-02,Flamingo Point North Tower,Miami Beach Polygon,TRIAL,1.75,29.71,7,215.8
2026-02,Flamingo Point North Tower,Miami Beach Polygon,WARM_LEAD,8.0,58.67,24,681.33
2026-02,Flamingo South Beach,Miami Beach Polygon,CHURN,5.94,24.83,101,3058.25
2026-02,Flamingo South Beach,Miami Beach Polygon,FROZEN,8.0,0.0,24,698.88
2026-02,Flamingo South Beach,Miami Beach Polygon,ON_DEMAND_SUBSCRIPTION,5.27,4.62,58,1685.06
2026-02,Flamingo South Beach,Miami Beach Polygon,RECURRING_SUBSCRIPTION,5.87,68.76,135,4088.63
2026-02,Flamingo South Beach,Miami Beach Polygon,TRIAL,5.75,23.96,23,612.43
2026-02,Flamingo South Beach,Miami Beach Polygon,WARM_LEAD,5.0,117.53,15,487.11
2026-02,Gindi 1,Unknown,CHURN,5.32,65.97,569,16938.87
2026-02,Gindi 1,Unknown,TRIAL,8.5,91.44,17,549.25
2026-02,Gindi 2,Unknown,CHURN,6.1,94.36,421,11607.05
2026-02,Gindi 2,Unknown,TRIAL,10.0,0.0,20,517.92
2026-02,Gindi 3,Unknown,CHURN,6.88,92.25,660,18862.22
2026-02,Gindi 3,Unknown,TRIAL,7.0,66.64,42,1482.0
2026-02,Gindi 4,Unknown,CHURN,4.35,66.93,248,7670.26
2026-02,Gindi 4,Unknown,TRIAL,4.0,20.91,12,384.15
2026-02,Grove Central Residences,Floating Miami,CHURN,5.67,103.91,68,1872.39
2026-02,Grove Central Residences,Floating Miami,ON_DEMAND_SUBSCRIPTION,8.0,113.0,16,454.22
2026-02,Grove Central Residences,Floating Miami,RECURRING_SUBSCRIPTION,8.0,119.8,40,1177.67
2026-02,Grove Central Residences,Floating Miami,TRIAL,8.0,0.0,8,227.11
2026-02,HaHehad,Unknown,CHURN,6.89,52.79,186,5608.85
2026-02,HaHehad,Unknown,TRIAL,4.33,35.72,26,744.9
2026-02,John Street 116,Financial District Polygon,CHURN,8.29,60.0,58,1642.42
2026-02,John Street 116,Financial District Polygon,ON_DEMAND_SUBSCRIPTION,5.2,39.65,26,707.33
2026-02,John Street 116,Financial District Polygon,RECURRING_SUBSCRIPTION,6.27,100.48,69,1814.93
2026-02,Lake Tower,The Ocean Club Polygon,TRIAL,8.0,117.5,8,227.11
2026-02,Livana East Hanover,Chatham / West Orange Polygon,CHURN,7.0,186.0,7,264.55
2026-02,Livana East Hanover,Chatham / West Orange Polygon,FROZEN,8.0,0.0,8,227.11
2026-02,Livana East Hanover,Chatham / West Orange Polygon,RECURRING_SUBSCRIPTION,4.67,110.1,42,1254.24
2026-02,Livana East Hanover,Chatham / West Orange Polygon,TRIAL,5.25,75.33,21,655.72
2026-02,Livana East Hanover,Chatham / West Orange Polygon,WARM_LEAD,5.43,8.11,38,1117.09
2026-02,Midtown 5,Floating Miami,CHURN,7.57,69.85,53,1424.67
2026-02,Midtown 5,Floating Miami,ON_DEMAND_SUBSCRIPTION,2.9,8.39,29,1066.91
2026-02,Midtown 5,Floating Miami,RECURRING_SUBSCRIPTION,6.43,132.9,90,2750.15
2026-02,Midtown 5,Floating Miami,TRIAL,6.0,31.73,66,1950.65
2026-02,Midtown 5,Floating Miami,WARM_LEAD,6.29,26.41,44,1290.25
2026-02,Nine 52,Hell's Kitchen Polygon,RECURRING_SUBSCRIPTION,6.67,117.1,60,1846.26
2026-02,Nine 52,Hell's Kitchen Polygon,TRIAL,8.0,0.0,8,227.11
2026-02,Oliver on the Hudson,Floating Jersey,CHURN,5.33,23.98,48,1543.23
2026-02,Oliver on the Hudson,Floating Jersey,ON_DEMAND_SUBSCRIPTION,8.0,88.0,16,454.22
2026-02,Oliver on the Hudson,Floating Jersey,RECURRING_SUBSCRIPTION,7.4,70.38,74,2115.49
2026-02,Oliver on the Hudson,Floating Jersey,TRIAL,8.0,0.0,8,227.11
2026-02,Oliver on the Hudson,Floating Jersey,WARM_LEAD,8.0,0.0,8,227.11
2026-02,One Harrison,Harrison Polygon,CHURN,1.75,34.14,7,227.5
2026-02,One Harrison,Harrison Polygon,LEAD,8.0,121.0,8,227.11
2026-02,One Harrison,Harrison Polygon,ON_DEMAND_SUBSCRIPTION,5.0,0.0,5,194.35
2026-02,One Harrison,Harrison Polygon,RECURRING_SUBSCRIPTION,6.92,93.02,83,2355.6
2026-02,One Harrison,Harrison Polygon,TRIAL,7.0,111.57,28,817.18
2026-02,One Harrison,Harrison Polygon,WARM_LEAD,3.0,67.33,6,254.15
2026-02,One Ten,Hoboken Polygon,CHURN,4.67,68.0,28,868.92
2026-02,One Ten,Hoboken Polygon,ON_DEMAND_SUBSCRIPTION,2.0,35.0,4,137.15
2026-02,One Ten,Hoboken Polygon,RECURRING_SUBSCRIPTION,5.43,73.96,76,2339.48
2026-02,One Ten,Hoboken Polygon,WARM_LEAD,5.0,87.0,5,194.35
2026-02,Opera Tower,Edgeater Polygon,RECURRING_SUBSCRIPTION,8.0,202.0,8,227.11
2026-02,Plank Road,Boerum Hill Polygon,CHURN,8.0,124.6,40,1135.55
2026-02,Plank Road,Boerum Hill Polygon,RECURRING_SUBSCRIPTION,8.0,138.33,48,1362.66
2026-02,Plank Road,Boerum Hill Polygon,TRIAL,6.4,41.0,32,953.03
2026-02,Quantum on the Bay Condominium,Edgeater Polygon,TRIAL,1.0,83.0,1,13.0
2026-02,River Place,Hell's Kitchen Polygon,CHURN,5.17,51.45,93,2943.72
2026-02,River Place,Hell's Kitchen Polygon,FREEMIUM,5.0,6.8,10,312.65
2026-02,River Place,Hell's Kitchen Polygon,ON_DEMAND_SUBSCRIPTION,3.83,58.51,134,3941.6
2026-02,River Place,Hell's Kitchen Polygon,RECURRING_SUBSCRIPTION,4.13,49.93,425,10667.93
2026-02,River Place,Hell's Kitchen Polygon,TRIAL,5.6,34.0,28,824.33
2026-02,River Place,Hell's Kitchen Polygon,WARM_LEAD,8.0,0.0,8,227.11
2026-02,Rothschild 80,Unknown,CHURN,1.0,122.32,25,325.0
2026-02,Rothschild 80,Unknown,WARM_LEAD,1.0,0.0,2,26.0
2026-02,Silver Towers,Hell's Kitchen Polygon,CHURN,5.79,35.01,168,4755.14
2026-02,Silver Towers,Hell's Kitchen Polygon,FREEMIUM,6.33,115.37,19,584.22
2026-02,Silver Towers,Hell's Kitchen Polygon,FROZEN,8.0,0.0,8,227.11
2026-02,Silver Towers,Hell's Kitchen Polygon,LEAD,8.0,170.0,8,227.11
2026-02,Silver Towers,Hell's Kitchen Polygon,ON_DEMAND_SUBSCRIPTION,2.27,38.36,84,2332.98
2026-02,Silver Towers,Hell's Kitchen Polygon,RECURRING_SUBSCRIPTION,5.78,99.09,780,21860.15
2026-02,Silver Towers,Hell's Kitchen Polygon,TRIAL,5.8,76.28,29,882.83
2026-02,Silver Towers,Hell's Kitchen Polygon,WARM_LEAD,4.08,21.89,53,1540.24
2026-02,Southgate Towers,Miami Beach Polygon,CHURN,5.67,108.47,17,553.8
2026-02,Southgate Towers,Miami Beach Polygon,LEAD,4.0,84.0,4,182.65
2026-02,Southgate Towers,Miami Beach Polygon,ON_DEMAND_SUBSCRIPTION,8.0,138.0,16,454.22
2026-02,Southgate Towers,Miami Beach Polygon,RECURRING_SUBSCRIPTION,4.0,64.46,36,1126.58
2026-02,Southgate Towers,Miami Beach Polygon,TRIAL,6.33,109.79,19,531.57
2026-02,Southgate Towers,Miami Beach Polygon,WARM_LEAD,6.18,2.29,68,1914.38
2026-02,Stonehill,Chatham / West Orange Polygon,CHURN,4.5,89.5,18,576.16
2026-02,Stonehill,Chatham / West Orange Polygon,ON_DEMAND_SUBSCRIPTION,3.0,123.17,6,207.35
2026-02,Stonehill,Chatham / West Orange Polygon,RECURRING_SUBSCRIPTION,6.18,49.76,68,2016.17
2026-02,The Addison,Brooklyn Heights Polygon,CHURN,6.33,97.89,19,578.37
2026-02,The Addison,Brooklyn Heights Polygon,RECURRING_SUBSCRIPTION,2.0,20.67,6,214.5
2026-02,The Addison,Brooklyn Heights Polygon,TRIAL,8.0,0.0,8,227.11
2026-02,The Addison,Brooklyn Heights Polygon,WARM_LEAD,7.2,42.0,36,1036.1
2026-02,The Bergen,Boerum Hill Polygon,CHURN,8.0,88.5,16,454.22
2026-02,The Bergen,Boerum Hill Polygon,RECURRING_SUBSCRIPTION,8.0,118.0,8,227.11
2026-02,The Boulevard,Floating Miami,CHURN,6.25,130.68,25,761.02
2026-02,The Boulevard,Floating Miami,ON_DEMAND_SUBSCRIPTION,4.0,72.42,24,728.52
2026-02,The Boulevard,Floating Miami,RECURRING_SUBSCRIPTION,5.6,69.66,112,3276.13
2026-02,The Boulevard,Floating Miami,TRIAL,8.0,47.4,40,1135.55
2026-02,The Boulevard,Floating Miami,WARM_LEAD,2.0,34.0,2,71.5
2026-02,The Buchanan,Floating NY 1,CHURN,5.0,72.47,15,387.66
2026-02,The Buchanan,Floating NY 1,ON_DEMAND_SUBSCRIPTION,3.0,61.0,6,207.35
2026-02,The Buchanan,Floating NY 1,RECURRING_SUBSCRIPTION,5.64,102.77,124,3412.11
2026-02,The Buchanan,Floating NY 1,WARM_LEAD,6.5,124.15,13,421.46
2026-02,The Devan,Hoboken Polygon,CHURN,5.29,40.56,74,2168.53
2026-02,The Devan,Hoboken Polygon,FROZEN,8.0,0.0,8,227.11
2026-02,The Devan,Hoboken Polygon,ON_DEMAND_SUBSCRIPTION,6.0,78.11,18,508.17
2026-02,The Devan,Hoboken Polygon,RECURRING_SUBSCRIPTION,6.13,97.12,190,5554.38
2026-02,The Devan,Hoboken Polygon,TRIAL,6.0,11.75,12,345.41
2026-02,The Dime,Williamsburg Polygon,CHURN,7.0,44.17,35,1032.59
2026-02,The Dime,Williamsburg Polygon,ON_DEMAND_SUBSCRIPTION,6.33,54.11,19,525.72
2026-02,The Dime,Williamsburg Polygon,RECURRING_SUBSCRIPTION,7.11,78.06,64,1859.13
2026-02,The Dime,Williamsburg Polygon,TRIAL,5.0,66.0,5,147.55
2026-02,The Dime,Williamsburg Polygon,WARM_LEAD,8.0,0.0,16,454.22
2026-02,The Eddy,Harrison Polygon,CHURN,2.0,20.67,6,214.5
2026-02,The Eddy,Harrison Polygon,RECURRING_SUBSCRIPTION,7.4,94.24,74,2115.49
2026-02,The Eddy,Harrison Polygon,TRIAL,6.0,0.0,6,194.35
2026-02,The Enclave,Hoboken Polygon,CHURN,8.33,34.88,25,698.88
2026-02,The Enclave,Hoboken Polygon,RECURRING_SUBSCRIPTION,4.42,71.26,53,1533.09
2026-02,The Enclave,Hoboken Polygon,WARM_LEAD,7.0,42.86,14,351.26
2026-02,The Ivy,Chatham / West Orange Polygon,CHURN,7.5,96.13,90,2627.04
2026-02,The Ivy,Chatham / West Orange Polygon,ON_DEMAND_SUBSCRIPTION,8.0,27.25,32,908.44
2026-02,The Ivy,Chatham / West Orange Polygon,RECURRING_SUBSCRIPTION,7.37,121.06,140,4093.96
2026-02,The Kestrel,Floating NY 2,CHURN,4.67,22.32,28,839.67
2026-02,The Kestrel,Floating NY 2,ON_DEMAND_SUBSCRIPTION,3.0,10.44,18,526.11
2026-02,The Kestrel,Floating NY 2,RECURRING_SUBSCRIPTION,8.0,94.67,48,1362.66
2026-02,The Kestrel,Floating NY 2,TRIAL,8.0,0.0,8,227.11
2026-02,The Kestrel,Floating NY 2,WARM_LEAD,8.0,121.0,8,227.11
2026-02,The Landing,Brooklyn Heights Polygon,ON_DEMAND_SUBSCRIPTION,9.0,173.0,18,489.32
2026-02,The Landing,Brooklyn Heights Polygon,RECURRING_SUBSCRIPTION,8.0,88.0,16,454.22
2026-02,The Landing,Brooklyn Heights Polygon,WARM_LEAD,8.0,0.0,8,227.11
2026-02,The Landon,Hell's Kitchen Polygon,CHURN,8.0,59.0,16,454.22
2026-02,The Landon,Hell's Kitchen Polygon,LEAD,2.5,44.6,5,195.65
2026-02,The Landon,Hell's Kitchen Polygon,RECURRING_SUBSCRIPTION,5.83,69.23,35,1135.68
2026-02,The Vitagraph,Floating NY 2,CHURN,8.0,117.5,32,908.44
2026-02,The Vitagraph,Floating NY 2,TRIAL,8.0,70.5,16,454.22
2026-02,Union Channel ,Boerum Hill Polygon,CHURN,3.0,0.0,3,124.15
2026-02,Union Channel ,Boerum Hill Polygon,LEAD,8.0,121.0,8,227.11
2026-02,Union Channel ,Boerum Hill Polygon,RECURRING_SUBSCRIPTION,8.0,87.5,32,908.44
2026-02,Union Channel ,Boerum Hill Polygon,TRIAL,6.0,0.0,6,223.6
2026-02,Watermarc at Biscayne Bay,Edgeater Polygon,TRIAL,2.0,34.0,2,71.5
2026-02,Watermarc at Biscayne Bay,Edgeater Polygon,WARM_LEAD,5.33,114.63,16,481.26
2026-02,Waters Edge,Harrison Polygon,CHURN,8.0,55.0,16,454.22
2026-02,Waters Edge,Harrison Polygon,ON_DEMAND_SUBSCRIPTION,2.0,29.0,2,71.5
2026-02,Waters Edge,Harrison Polygon,TRIAL,8.0,179.0,8,227.11
2026-02,Waters Edge,Harrison Polygon,WARM_LEAD,5.0,128.9,20,599.56
2026-02,Woodside Central,Floating NY 1,CHURN,8.0,113.0,8,227.11
2026-02,Woodside Central,Floating NY 1,FREEMIUM,2.0,33.0,4,143.0
2026-02,Woodside Central,Floating NY 1,FROZEN,2.75,2.82,22,712.4
2026-02,Woodside Central,Floating NY 1,ON_DEMAND_SUBSCRIPTION,8.0,0.0,24,681.33
2026-02,Woodside Central,Floating NY 1,RECURRING_SUBSCRIPTION,4.71,84.85,33,969.67
2026-02,Woodside Central,Floating NY 1,TRIAL,5.0,0.0,10,298.61
2026-02,Woodside Central,Floating NY 1,WARM_LEAD,5.0,0.0,10,298.61
2026-03,100 House,Hoboken Polygon,CHURN,7.4,120.86,37,1102.79
2026-03,100 House,Hoboken Polygon,ON_DEMAND_SUBSCRIPTION,7.33,66.45,22,677.82
2026-03,100 House,Hoboken Polygon,RECURRING_SUBSCRIPTION,7.25,120.88,116,3412.63
2026-03,100 House,Hoboken Polygon,WARM_LEAD,2.67,47.0,8,319.8
2026-03,1800 North Bayshore Drive,Edgeater Polygon,WARM_LEAD,4.0,84.0,4,182.65
2026-03,1 Boerum PL,Floating NY 2,CHURN,4.5,33.67,45,1378.39
2026-03,1 Boerum PL,Floating NY 2,ON_DEMAND_SUBSCRIPTION,5.0,58.5,10,271.7
2026-03,1 Boerum PL,Floating NY 2,RECURRING_SUBSCRIPTION,5.09,158.61,56,1695.59
2026-03,2000 Biscayne,Edgeater Polygon,CHURN,8.0,0.0,56,1589.77
2026-03,2000 Biscayne,Edgeater Polygon,ON_DEMAND_SUBSCRIPTION,2.89,41.5,26,869.31
2026-03,2000 Biscayne,Edgeater Polygon,RECURRING_SUBSCRIPTION,7.09,59.85,241,6758.7
2026-03,2000 Biscayne,Edgeater Polygon,TRIAL,4.29,21.66,90,2737.02
2026-03,2000 Biscayne,Edgeater Polygon,WARM_LEAD,3.8,34.58,38,1070.68
2026-03,2001 Biscayne Boulevard,Edgeater Polygon,ON_DEMAND_SUBSCRIPTION,4.5,102.67,9,181.61
2026-03,20 Broad Street,Financial District Polygon,CHURN,6.84,38.12,219,6484.79
2026-03,20 Broad Street,Financial District Polygon,ON_DEMAND_SUBSCRIPTION,3.46,38.98,83,2295.15
2026-03,20 Broad Street,Financial District Polygon,RECURRING_SUBSCRIPTION,4.34,62.21,256,7431.32
2026-03,20 Broad Street,Financial District Polygon,TRIAL,5.71,31.3,40,1099.54
2026-03,20 Broad Street,Financial District Polygon,WARM_LEAD,3.17,107.2,19,493.22
2026-03,220 East 72nd Street,Floating NY 2,WARM_LEAD,3.0,0.0,6,150.02
2026-03,250 E Houston,Floating NY 2,CHURN,8.0,113.0,8,227.11
2026-03,250 E Houston,Floating NY 2,RECURRING_SUBSCRIPTION,6.9,96.96,69,1936.48
2026-03,250 E Houston,Floating NY 2,TRIAL,2.0,0.0,2,71.5
2026-03,300 Somerset,Harrison Polygon,CHURN,2.0,9.33,6,214.5
2026-03,300 Somerset,Harrison Polygon,FREEMIUM,2.0,34.0,2,71.5
2026-03,300 Somerset,Harrison Polygon,ON_DEMAND_SUBSCRIPTION,2.0,17.0,14,418.6
2026-03,300 Somerset,Harrison Polygon,RECURRING_SUBSCRIPTION,5.1,63.73,51,1376.05
2026-03,300 Somerset,Harrison Polygon,TRIAL,3.67,75.0,11,425.1
2026-03,300 Somerset,Harrison Polygon,WARM_LEAD,2.0,44.0,4,143.0
2026-03,330 Angelo Cifelli,Harrison Polygon,CHURN,7.5,66.67,60,1725.62
2026-03,330 Angelo Cifelli,Harrison Polygon,RECURRING_SUBSCRIPTION,3.31,35.95,116,3492.32
2026-03,330 Angelo Cifelli,Harrison Polygon,WARM_LEAD,2.0,34.0,2,71.5
2026-03,330W-56th,Hell's Kitchen Polygon,CHURN,2.0,18.67,12,429.0
2026-03,330W-56th,Hell's Kitchen Polygon,FREEMIUM,7.0,110.29,14,450.71
2026-03,330W-56th,Hell's Kitchen Polygon,RECURRING_SUBSCRIPTION,5.18,61.34,88,2362.1
2026-03,330W-56th,Hell's Kitchen Polygon,WARM_LEAD,7.0,22.14,21,648.57
2026-03,345 Baldwin Avenue,Floating Jersey,CHURN,6.67,90.4,20,590.07
2026-03,345 Baldwin Avenue,Floating Jersey,ON_DEMAND_SUBSCRIPTION,2.33,9.0,7,185.25
2026-03,345 Baldwin Avenue,Floating Jersey,RECURRING_SUBSCRIPTION,4.83,76.34,29,974.22
2026-03,345 Baldwin Avenue,Floating Jersey,WARM_LEAD,3.0,79.0,12,362.05
2026-03,416 Kent Avenue,Williamsburg Polygon,CHURN,8.0,0.0,24,681.33
2026-03,416 Kent Avenue,Williamsburg Polygon,ON_DEMAND_SUBSCRIPTION,4.0,13.04,24,740.22
2026-03,416 Kent Avenue,Williamsburg Polygon,RECURRING_SUBSCRIPTION,7.56,92.59,68,2013.57
2026-03,416 Kent Avenue,Williamsburg Polygon,WARM_LEAD,5.67,85.18,17,557.31
2026-03,420 Kent Avenue,Williamsburg Polygon,CHURN,7.93,7.93,119,3420.69
2026-03,420 Kent Avenue,Williamsburg Polygon,ON_DEMAND_SUBSCRIPTION,4.25,37.37,51,1445.34
2026-03,420 Kent Avenue,Williamsburg Polygon,RECURRING_SUBSCRIPTION,5.81,70.11,215,5927.35
2026-03,420 Kent Avenue,Williamsburg Polygon,TRIAL,3.0,12.67,12,414.7
2026-03,420 Kent Avenue,Williamsburg Polygon,WARM_LEAD,3.0,61.0,3,130.0
2026-03,535 W 43rd Street,Hell's Kitchen Polygon,CHURN,8.0,118.0,8,227.11
2026-03,535 W 43rd Street,Hell's Kitchen Polygon,RECURRING_SUBSCRIPTION,5.8,132.9,29,882.83
2026-03,535 W 43rd Street,Hell's Kitchen Polygon,TRIAL,6.8,30.12,34,974.09
2026-03,655 Union,Boerum Hill Polygon,CHURN,4.67,25.5,28,880.62
2026-03,655 Union,Boerum Hill Polygon,ON_DEMAND_SUBSCRIPTION,4.0,46.0,8,271.7
2026-03,655 Union,Boerum Hill Polygon,RECURRING_SUBSCRIPTION,4.5,135.66,99,2755.87
2026-03,655 Union,Boerum Hill Polygon,WARM_LEAD,8.0,121.0,24,681.33
2026-03,655 Union,Williamsburg Polygon,CHURN,8.0,110.0,24,681.33
2026-03,66 Rockwell Place,Brooklyn Heights Polygon,CHURN,5.0,8.4,30,927.42
2026-03,66 Rockwell Place,Brooklyn Heights Polygon,ON_DEMAND_SUBSCRIPTION,8.0,0.0,8,227.11
2026-03,66 Rockwell Place,Brooklyn Heights Polygon,RECURRING_SUBSCRIPTION,4.25,69.67,85,2492.36
2026-03,66 Rockwell Place,Brooklyn Heights Polygon,TRIAL,6.25,36.16,25,694.33
2026-03,Agnes,Floating Jersey,CHURN,6.33,105.05,19,543.27
2026-03,Agnes,Floating Jersey,ON_DEMAND_SUBSCRIPTION,6.0,81.5,12,337.22
2026-03,Agnes,Floating Jersey,RECURRING_SUBSCRIPTION,3.43,52.84,96,2609.23
2026-03,Agnes,Floating Jersey,WARM_LEAD,3.0,2.5,12,286.0
2026-03,Alta,Floating NY 1,CHURN,5.33,26.41,32,1102.92
2026-03,Alta,Floating NY 1,ON_DEMAND_SUBSCRIPTION,3.5,76.29,14,441.61
2026-03,Alta,Floating NY 1,RECURRING_SUBSCRIPTION,5.41,80.55,173,5415.41
2026-03,Alta,Floating NY 1,TRIAL,2.5,36.6,5,201.5
2026-03,Alta,Floating NY 1,WARM_LEAD,4.5,78.33,9,289.25
2026-03,Azrieli TLV,Unknown,CHURN,7.17,53.26,911,27383.85
2026-03,Azrieli TLV,Unknown,TRIAL,8.1,20.94,81,2363.53
2026-03,Bay Parc Apartments,Edgeater Polygon,CHURN,8.31,89.0,108,2872.87
2026-03,Bay Parc Apartments,Edgeater Polygon,ON_DEMAND_SUBSCRIPTION,2.06,11.88,33,1132.3
2026-03,Bay Parc Apartments,Edgeater Polygon,RECURRING_SUBSCRIPTION,6.46,61.4,336,10070.97
2026-03,Bay Parc Apartments,Edgeater Polygon,TRIAL,5.7,68.12,57,2020.72
2026-03,Bay Parc Apartments,Edgeater Polygon,WARM_LEAD,4.58,40.92,87,2467.66
2026-03,Biscayne SFR,The Ocean Club Polygon,CHURN,2.0,41.25,8,52.0
2026-03,Biscayne SFR,Unknown,CHURN,2.0,15.75,8,215.8
2026-03,Brooklyn Crossing,Boerum Hill Polygon,CHURN,6.58,49.92,125,3560.44
2026-03,Brooklyn Crossing,Boerum Hill Polygon,ON_DEMAND_SUBSCRIPTION,3.14,16.3,91,2617.55
2026-03,Brooklyn Crossing,Boerum Hill Polygon,RECURRING_SUBSCRIPTION,6.26,82.88,357,9719.58
2026-03,Brooklyn Crossing,Boerum Hill Polygon,TRIAL,8.0,0.0,8,227.11
2026-03,Brooklyn Crossing,Boerum Hill Polygon,WARM_LEAD,3.5,20.86,14,429.91
2026-03,Cite On The Bay,Edgeater Polygon,CHURN,8.0,47.33,72,2043.99
2026-03,Cite On The Bay,Edgeater Polygon,RECURRING_SUBSCRIPTION,8.0,179.0,8,227.11
2026-03,Cite On The Bay,Edgeater Polygon,TRIAL,8.0,0.0,16,454.22
2026-03,Cite On The Bay,Edgeater Polygon,WARM_LEAD,2.0,0.0,2,13.0
2026-03,Club Tower I,The Ocean Club Polygon,WARM_LEAD,8.0,10.0,40,1135.55
2026-03,Dey and Bergen,Harrison Polygon,CHURN,3.0,92.0,3,124.15
2026-03,Dey and Bergen,Harrison Polygon,ON_DEMAND_SUBSCRIPTION,1.75,11.29,7,204.1
2026-03,Dey and Bergen,Harrison Polygon,WARM_LEAD,4.4,118.18,22,662.87
2026-03,Flamingo Point Center Tower,Miami Beach Polygon,CHURN,7.0,106.6,126,3635.19
2026-03,Flamingo Point Center Tower,Miami Beach Polygon,FROZEN,2.5,64.1,10,344.5
2026-03,Flamingo Point Center Tower,Miami Beach Polygon,ON_DEMAND_SUBSCRIPTION,5.03,28.77,176,5370.17
2026-03,Flamingo Point Center Tower,Miami Beach Polygon,RECURRING_SUBSCRIPTION,5.71,82.4,571,16668.34
2026-03,Flamingo Point Center Tower,Miami Beach Polygon,TRIAL,4.0,26.69,48,1213.29
2026-03,Flamingo Point Center Tower,Miami Beach Polygon,WARM_LEAD,8.27,60.75,91,2788.37
2026-03,Flamingo Point North Tower,Miami Beach Polygon,CHURN,8.13,0.0,65,1834.43
2026-03,Flamingo Point North Tower,Miami Beach Polygon,ON_DEMAND_SUBSCRIPTION,5.07,5.32,71,2056.34
2026-03,Flamingo Point North Tower,Miami Beach Polygon,RECURRING_SUBSCRIPTION,6.03,68.44,446,12194.91
2026-03,Flamingo Point North Tower,Miami Beach Polygon,TRIAL,2.0,0.0,4,131.3
2026-03,Flamingo Point North Tower,Miami Beach Polygon,WARM_LEAD,8.0,30.25,32,908.44
2026-03,Flamingo South Beach,Miami Beach Polygon,CHURN,6.05,42.22,115,3448.12
2026-03,Flamingo South Beach,Miami Beach Polygon,ON_DEMAND_SUBSCRIPTION,7.33,0.94,66,1888.38
2026-03,Flamingo South Beach,Miami Beach Polygon,RECURRING_SUBSCRIPTION,6.47,64.05,194,5676.06
2026-03,Flamingo South Beach,Miami Beach Polygon,TRIAL,3.5,25.14,14,441.61
2026-03,Flamingo South Beach,Miami Beach Polygon,WARM_LEAD,4.88,85.97,39,1042.34
2026-03,Gindi 1,Unknown,CHURN,5.75,41.66,638,19849.83
2026-03,Gindi 1,Unknown,TRIAL,5.38,11.65,43,1392.95
2026-03,Gindi 2,Unknown,CHURN,6.36,60.55,541,14916.46
2026-03,Gindi 2,Unknown,TRIAL,7.4,14.56,37,1022.58
2026-03,Gindi 3,Unknown,CHURN,6.45,65.27,780,21940.75
2026-03,Gindi 3,Unknown,TRIAL,8.0,69.97,40,1410.5
2026-03,Gindi 4,Unknown,CHURN,5.34,47.23,363,10512.84
2026-03,Gindi 4,Unknown,TRIAL,5.0,45.64,15,542.1
2026-03,Grove Central Residences,Floating Miami,CHURN,6.93,90.73,97,2722.07
2026-03,Grove Central Residences,Floating Miami,ON_DEMAND_SUBSCRIPTION,8.0,39.33,24,681.33
2026-03,Grove Central Residences,Floating Miami,RECURRING_SUBSCRIPTION,8.0,114.88,64,1873.04
2026-03,Grove Central Residences,Floating Miami,TRIAL,8.0,73.5,16,454.22
2026-03,Grove Central Residences,Floating Miami,WARM_LEAD,2.0,19.0,2,83.2
2026-03,HaHehad,Unknown,CHURN,6.88,27.23,227,7077.07
2026-03,HaHehad,Unknown,TRIAL,4.88,41.87,39,1063.4
2026-03,John Street 116,Financial District Polygon,CHURN,7.43,53.35,52,1486.81
2026-03,John Street 116,Financial District Polygon,ON_DEMAND_SUBSCRIPTION,3.75,38.08,30,804.83
2026-03,John Street 116,Financial District Polygon,RECURRING_SUBSCRIPTION,6.5,98.82,78,2100.54
2026-03,John Street 116,Financial District Polygon,TRIAL,8.0,69.33,24,681.33
2026-03,Key Colony 3 Emeraldbay,The Ocean Club Polygon,WARM_LEAD,2.0,54.0,2,71.5
2026-03,Lake Tower,The Ocean Club Polygon,TRIAL,8.0,78.33,24,681.33
2026-03,Livana East Hanover,Chatham / West Orange Polygon,CHURN,7.0,124.0,21,793.65
2026-03,Livana East Hanover,Chatham / West Orange Polygon,FROZEN,8.0,0.0,8,227.11
2026-03,Livana East Hanover,Chatham / West Orange Polygon,RECURRING_SUBSCRIPTION,5.6,162.93,56,1636.96
2026-03,Livana East Hanover,Chatham / West Orange Polygon,TRIAL,4.4,0.0,22,668.72
2026-03,Livana East Hanover,Chatham / West Orange Polygon,WARM_LEAD,4.67,11.05,42,1254.24
2026-03,Midtown 5,Floating Miami,CHURN,8.2,143.9,41,1153.1
2026-03,Midtown 5,Floating Miami,ON_DEMAND_SUBSCRIPTION,3.57,9.16,50,1721.72
2026-03,Midtown 5,Floating Miami,RECURRING_SUBSCRIPTION,4.52,84.56,122,3568.5
2026-03,Midtown 5,Floating Miami,TRIAL,4.75,2.11,38,1120.73
2026-03,Midtown 5,Floating Miami,WARM_LEAD,5.67,0.0,17,467.22
2026-03,Nine 52,Hell's Kitchen Polygon,RECURRING_SUBSCRIPTION,6.85,131.92,89,2727.79
2026-03,Nine 52,Hell's Kitchen Polygon,TRIAL,8.0,0.0,8,227.11
2026-03,Oliver on the Hudson,Floating Jersey,CHURN,5.17,0.0,31,1009.32
2026-03,Oliver on the Hudson,Floating Jersey,ON_DEMAND_SUBSCRIPTION,8.08,91.45,97,2795.52
2026-03,Oliver on the Hudson,Floating Jersey,RECURRING_SUBSCRIPTION,7.29,75.61,124,3532.1
2026-03,Oliver on the Hudson,Floating Jersey,TRIAL,8.0,59.0,16,454.22
2026-03,Oliver on the Hudson,Floating Jersey,WARM_LEAD,6.0,63.22,36,1045.59
2026-03,One Harrison,Harrison Polygon,CHURN,3.4,70.94,17,571.61
2026-03,One Harrison,Harrison Polygon,ON_DEMAND_SUBSCRIPTION,5.0,0.0,5,194.35
2026-03,One Harrison,Harrison Polygon,RECURRING_SUBSCRIPTION,6.61,37.99,152,4133.09
2026-03,One Harrison,Harrison Polygon,TRIAL,5.5,2.64,22,661.57
2026-03,One Harrison,Harrison Polygon,WARM_LEAD,3.0,85.4,30,903.37
2026-03,One Ten,Hoboken Polygon,CHURN,4.13,21.12,33,930.02
2026-03,One Ten,Hoboken Polygon,ON_DEMAND_SUBSCRIPTION,3.0,66.33,6,254.15
2026-03,One Ten,Hoboken Polygon,RECURRING_SUBSCRIPTION,3.53,64.54,134,3417.57
2026-03,One Ten,Hoboken Polygon,TRIAL,3.0,60.0,3,130.0
2026-03,One Ten,Hoboken Polygon,WARM_LEAD,2.0,34.0,4,143.0
2026-03,Opera Tower,Edgeater Polygon,RECURRING_SUBSCRIPTION,8.0,0.0,8,227.11
2026-03,Plank Road,Boerum Hill Polygon,CHURN,8.0,124.6,40,1135.55
2026-03,Plank Road,Boerum Hill Polygon,RECURRING_SUBSCRIPTION,8.0,138.33,48,1362.66
2026-03,Plank Road,Boerum Hill Polygon,TRIAL,5.8,33.14,29,830.18
2026-03,Quantum on the Bay Condominium,Edgeater Polygon,WARM_LEAD,3.5,72.0,14,266.11
2026-03,River Place,Hell's Kitchen Polygon,CHURN,6.07,39.93,91,2916.42
2026-03,River Place,Hell's Kitchen Polygon,FREEMIUM,1.0,31.0,1,13.0
2026-03,River Place,Hell's Kitchen Polygon,ON_DEMAND_SUBSCRIPTION,3.59,39.48,122,3406.78
2026-03,River Place,Hell's Kitchen Polygon,RECURRING_SUBSCRIPTION,3.92,51.09,580,14781.91
2026-03,River Place,Hell's Kitchen Polygon,TRIAL,5.6,68.0,56,1648.66
2026-03,River Place,Hell's Kitchen Polygon,WARM_LEAD,1.73,3.58,19,298.61
2026-03,Rothschild 80,Unknown,CHURN,1.0,91.16,35,455.0
2026-03,Silver Towers,Hell's Kitchen Polygon,CHURN,6.23,9.78,162,4593.29
2026-03,Silver Towers,Hell's Kitchen Polygon,FREEMIUM,7.4,119.27,37,1061.84
2026-03,Silver Towers,Hell's Kitchen Polygon,FROZEN,3.0,57.0,3,130.0
2026-03,Silver Towers,Hell's Kitchen Polygon,ON_DEMAND_SUBSCRIPTION,2.49,38.81,127,3432.26
2026-03,Silver Towers,Hell's Kitchen Polygon,RECURRING_SUBSCRIPTION,5.23,92.58,942,26015.34
2026-03,Silver Towers,Hell's Kitchen Polygon,TRIAL,7.38,42.58,59,1719.77
2026-03,Silver Towers,Hell's Kitchen Polygon,WARM_LEAD,4.09,28.91,45,1297.79
2026-03,Southgate Towers,Miami Beach Polygon,CHURN,7.08,62.76,92,2346.37
2026-03,Southgate Towers,Miami Beach Polygon,ON_DEMAND_SUBSCRIPTION,6.0,63.11,18,537.42
2026-03,Southgate Towers,Miami Beach Polygon,RECURRING_SUBSCRIPTION,5.67,79.59,68,2058.42
2026-03,Southgate Towers,Miami Beach Polygon,TRIAL,8.0,63.33,48,1362.66
2026-03,Southgate Towers,Miami Beach Polygon,WARM_LEAD,6.25,37.44,125,3579.29
2026-03,Stonehill,Chatham / West Orange Polygon,CHURN,5.0,58.56,25,791.57
2026-03,Stonehill,Chatham / West Orange Polygon,ON_DEMAND_SUBSCRIPTION,2.5,10.8,10,391.3
2026-03,Stonehill,Chatham / West Orange Polygon,RECURRING_SUBSCRIPTION,6.8,86.98,102,3006.51
2026-03,Stonehill,Chatham / West Orange Polygon,WARM_LEAD,8.0,0.0,8,227.11
2026-03,The Addison,Brooklyn Heights Polygon,CHURN,6.75,52.15,27,805.48
2026-03,The Addison,Brooklyn Heights Polygon,RECURRING_SUBSCRIPTION,2.0,29.17,6,214.5
2026-03,The Addison,Brooklyn Heights Polygon,TRIAL,8.0,0.0,16,454.22
2026-03,The Addison,Brooklyn Heights Polygon,WARM_LEAD,5.75,10.0,23,682.63
2026-03,The Bergen,Boerum Hill Polygon,CHURN,8.0,0.0,16,454.22
2026-03,The Bergen,Boerum Hill Polygon,RECURRING_SUBSCRIPTION,8.0,118.0,8,227.11
2026-03,The Boulevard,Floating Miami,CHURN,5.86,82.22,41,1367.47
2026-03,The Boulevard,Floating Miami,ON_DEMAND_SUBSCRIPTION,4.0,68.83,24,734.37
2026-03,The Boulevard,Floating Miami,RECURRING_SUBSCRIPTION,6.65,94.96,113,3259.49
2026-03,The Boulevard,Floating Miami,TRIAL,6.5,2.62,26,752.83
2026-03,The Boulevard,Floating Miami,WARM_LEAD,6.33,126.26,19,578.37
2026-03,The Buchanan,Floating NY 1,CHURN,5.0,60.27,15,387.66
2026-03,The Buchanan,Floating NY 1,RECURRING_SUBSCRIPTION,5.37,91.92,145,3998.93
2026-03,The Buchanan,Floating NY 1,TRIAL,2.0,34.0,2,71.5
2026-03,The Buchanan,Floating NY 1,WARM_LEAD,5.0,90.0,5,112.45
2026-03,The Devan,Hoboken Polygon,CHURN,5.6,18.57,56,1648.66
2026-03,The Devan,Hoboken Polygon,ON_DEMAND_SUBSCRIPTION,6.5,106.69,26,735.28
2026-03,The Devan,Hoboken Polygon,RECURRING_SUBSCRIPTION,6.94,113.45,215,6213.22
2026-03,The Devan,Hoboken Polygon,TRIAL,3.0,20.33,9,331.5
2026-03,The Devan,Hoboken Polygon,WARM_LEAD,3.17,10.63,19,473.46
2026-03,The Dime,Williamsburg Polygon,CHURN,6.25,2.16,25,694.33
2026-03,The Dime,Williamsburg Polygon,ON_DEMAND_SUBSCRIPTION,8.0,0.0,16,454.22
2026-03,The Dime,Williamsburg Polygon,RECURRING_SUBSCRIPTION,7.2,115.17,72,2086.24
2026-03,The Dime,Williamsburg Polygon,TRIAL,5.0,66.0,5,147.55
2026-03,The Eddy,Harrison Polygon,CHURN,2.0,6.0,6,185.25
2026-03,The Eddy,Harrison Polygon,ON_DEMAND_SUBSCRIPTION,4.0,48.0,4,83.2
2026-03,The Eddy,Harrison Polygon,RECURRING_SUBSCRIPTION,6.0,131.17,66,1922.57
2026-03,The Eddy,Harrison Polygon,TRIAL,7.5,28.53,30,875.68
2026-03,The Eddy,Harrison Polygon,WARM_LEAD,3.0,73.67,9,337.35
2026-03,The Enclave,Hoboken Polygon,CHURN,8.0,0.0,24,681.33
2026-03,The Enclave,Hoboken Polygon,FREEMIUM,2.0,26.0,4,154.7
2026-03,The Enclave,Hoboken Polygon,RECURRING_SUBSCRIPTION,5.42,74.88,65,2167.23
2026-03,The Enclave,Hoboken Polygon,WARM_LEAD,8.0,0.0,8,227.11
2026-03,The Ivy,Chatham / West Orange Polygon,CHURN,7.64,88.81,84,2406.95
2026-03,The Ivy,Chatham / West Orange Polygon,ON_DEMAND_SUBSCRIPTION,8.0,97.0,24,681.33
2026-03,The Ivy,Chatham / West Orange Polygon,RECURRING_SUBSCRIPTION,7.05,131.01,148,4371.51
2026-03,The Ivy,Chatham / West Orange Polygon,WARM_LEAD,8.0,170.0,8,227.11
2026-03,The Kestrel,Floating NY 2,CHURN,5.33,34.5,16,498.81
2026-03,The Kestrel,Floating NY 2,ON_DEMAND_SUBSCRIPTION,3.75,25.2,15,441.61
2026-03,The Kestrel,Floating NY 2,RECURRING_SUBSCRIPTION,8.0,61.6,40,1135.55
2026-03,The Kestrel,Floating NY 2,TRIAL,8.0,0.0,8,227.11
2026-03,The Landing,Brooklyn Heights Polygon,ON_DEMAND_SUBSCRIPTION,9.0,173.0,18,489.32
2026-03,The Landing,Brooklyn Heights Polygon,RECURRING_SUBSCRIPTION,8.0,176.0,8,227.11
2026-03,The Landing,Brooklyn Heights Polygon,WARM_LEAD,6.67,54.8,20,560.82
2026-03,The Landon,Hell's Kitchen Polygon,CHURN,8.0,118.0,16,454.22
2026-03,The Landon,Hell's Kitchen Polygon,RECURRING_SUBSCRIPTION,6.4,103.22,32,1005.68
2026-03,The Vitagraph,Floating NY 2,CHURN,8.0,88.0,32,908.44
2026-03,The Vitagraph,Floating NY 2,TRIAL,8.0,0.0,8,227.11
2026-03,Union Channel ,Boerum Hill Polygon,RECURRING_SUBSCRIPTION,8.0,88.0,32,908.44
2026-03,Union Channel ,Boerum Hill Polygon,TRIAL,2.8,12.57,14,503.75
2026-03,Watermarc at Biscayne Bay,Edgeater Polygon,CHURN,8.0,118.0,8,227.11
2026-03,Watermarc at Biscayne Bay,Edgeater Polygon,RECURRING_SUBSCRIPTION,4.0,89.0,4,135.85
2026-03,Watermarc at Biscayne Bay,Edgeater Polygon,TRIAL,2.0,50.0,4,137.15
2026-03,Watermarc at Biscayne Bay,Edgeater Polygon,WARM_LEAD,4.45,49.94,49,1373.84
2026-03,Waters Edge,Harrison Polygon,CHURN,5.0,91.4,10,275.21
2026-03,Woodside Central,Floating NY 1,CHURN,8.0,0.0,8,227.11
2026-03,Woodside Central,Floating NY 1,FROZEN,3.5,0.0,14,479.05
2026-03,Woodside Central,Floating NY 1,ON_DEMAND_SUBSCRIPTION,6.71,69.3,47,1354.6
2026-03,Woodside Central,Floating NY 1,RECURRING_SUBSCRIPTION,4.63,73.57,37,1111.37
2026-03,Woodside Central,Floating NY 1,TRIAL,8.0,37.67,24,681.33
2026-03,Woodside Central,Floating NY 1,WARM_LEAD,4.0,5.67,12,370.11
2026-04,100 House,Hoboken Polygon,CHURN,8.0,2.0,40,1135.55
2026-04,100 House,Hoboken Polygon,ON_DEMAND_SUBSCRIPTION,7.0,45.0,14,450.71
2026-04,100 House,Hoboken Polygon,RECURRING_SUBSCRIPTION,6.0,111.69,114,3336.97
2026-04,100 House,Hoboken Polygon,WARM_LEAD,5.6,116.86,28,818.48
2026-04,1800 Club,Edgeater Polygon,TRIAL,6.5,154.85,13,368.81
2026-04,1800 North Bayshore Drive,Edgeater Polygon,RECURRING_SUBSCRIPTION,2.0,0.0,2,13.0
2026-04,1800 North Bayshore Drive,Edgeater Polygon,TRIAL,3.67,62.45,11,305.76
2026-04,1800 North Bayshore Drive,Edgeater Polygon,WARM_LEAD,2.0,0.0,4,26.0
2026-04,1 Boerum PL,Floating NY 2,CHURN,3.75,12.1,30,1000.22
2026-04,1 Boerum PL,Floating NY 2,ON_DEMAND_SUBSCRIPTION,5.0,117.0,10,271.7
2026-04,1 Boerum PL,Floating NY 2,RECURRING_SUBSCRIPTION,4.17,123.14,50,1547.13
2026-04,1 Boerum PL,Floating NY 2,TRIAL,10.0,202.0,10,285.61
2026-04,1 River Place,Hell's Kitchen Polygon,RECURRING_SUBSCRIPTION,8.0,138.0,16,454.22
2026-04,2000 Biscayne,Edgeater Polygon,CHURN,8.0,0.0,32,908.44
2026-04,2000 Biscayne,Edgeater Polygon,ON_DEMAND_SUBSCRIPTION,3.0,31.09,33,1043.77
2026-04,2000 Biscayne,Edgeater Polygon,RECURRING_SUBSCRIPTION,7.08,44.71,361,9727.51
2026-04,2000 Biscayne,Edgeater Polygon,TRIAL,5.27,48.54,58,1636.96
2026-04,2000 Biscayne,Edgeater Polygon,WARM_LEAD,4.5,98.56,18,582.01
2026-04,2001 Biscayne Boulevard,Edgeater Polygon,ON_DEMAND_SUBSCRIPTION,7.67,0.0,23,622.83
2026-04,20 Broad Street,Financial District Polygon,CHURN,7.71,26.62,131,3716.96
2026-04,20 Broad Street,Financial District Polygon,ON_DEMAND_SUBSCRIPTION,3.62,39.18,94,2674.49
2026-04,20 Broad Street,Financial District Polygon,RECURRING_SUBSCRIPTION,3.91,56.38,219,6319.17
2026-04,20 Broad Street,Financial District Polygon,TRIAL,2.53,24.15,38,861.77
2026-04,20 Broad Street,Financial District Polygon,WARM_LEAD,6.0,24.45,54,1570.01
2026-04,22 Skyview Apartments,Edgeater Polygon,WARM_LEAD,2.0,0.0,2,13.0
2026-04,250 E Houston,Floating NY 2,CHURN,8.0,0.0,8,227.11
2026-04,250 E Houston,Floating NY 2,RECURRING_SUBSCRIPTION,8.15,104.38,106,2999.23
2026-04,250 E Houston,Floating NY 2,TRIAL,5.2,76.19,26,752.83
2026-04,300 Somerset,Harrison Polygon,CHURN,2.0,14.0,4,143.0
2026-04,300 Somerset,Harrison Polygon,FREEMIUM,3.0,44.0,3,83.2
2026-04,300 Somerset,Harrison Polygon,ON_DEMAND_SUBSCRIPTION,2.4,36.92,12,375.05
2026-04,300 Somerset,Harrison Polygon,RECURRING_SUBSCRIPTION,3.85,83.33,50,1281.54
2026-04,300 Somerset,Harrison Polygon,TRIAL,2.5,0.0,5,201.5
2026-04,300 Somerset,Harrison Polygon,WARM_LEAD,3.6,102.11,18,478.01
2026-04,330 Angelo Cifelli,Harrison Polygon,CHURN,7.56,45.29,68,1952.73
2026-04,330 Angelo Cifelli,Harrison Polygon,ON_DEMAND_SUBSCRIPTION,2.0,16.86,6,183.95
2026-04,330 Angelo Cifelli,Harrison Polygon,RECURRING_SUBSCRIPTION,3.17,64.89,76,2332.59
2026-04,330 Angelo Cifelli,Harrison Polygon,WARM_LEAD,2.0,34.0,4,143.0
2026-04,330W-56th,Hell's Kitchen Polygon,RECURRING_SUBSCRIPTION,5.31,63.31,85,2351.44
2026-04,345 Baldwin Avenue,Floating Jersey,CHURN,7.0,0.0,28,817.18
2026-04,345 Baldwin Avenue,Floating Jersey,RECURRING_SUBSCRIPTION,5.14,51.83,36,1101.88
2026-04,345 Baldwin Avenue,Floating Jersey,TRIAL,3.5,50.86,7,219.05
2026-04,345 Baldwin Avenue,Floating Jersey,WARM_LEAD,2.0,55.0,4,113.75
2026-04,416 Kent Avenue,Williamsburg Polygon,CHURN,8.0,0.0,16,454.22
2026-04,416 Kent Avenue,Williamsburg Polygon,ON_DEMAND_SUBSCRIPTION,6.33,13.37,19,584.22
2026-04,416 Kent Avenue,Williamsburg Polygon,RECURRING_SUBSCRIPTION,7.92,103.71,95,2730.0
2026-04,416 Kent Avenue,Williamsburg Polygon,WARM_LEAD,6.0,97.0,6,170.95
2026-04,420 Kent Avenue,Williamsburg Polygon,CHURN,7.75,0.0,62,1789.97
2026-04,420 Kent Avenue,Williamsburg Polygon,ON_DEMAND_SUBSCRIPTION,5.13,80.88,41,1187.42
2026-04,420 Kent Avenue,Williamsburg Polygon,RECURRING_SUBSCRIPTION,5.22,76.62,193,5247.45
2026-04,420 Kent Avenue,Williamsburg Polygon,TRIAL,4.5,55.56,18,570.31
2026-04,420 Kent Avenue,Williamsburg Polygon,WARM_LEAD,8.0,118.33,24,681.33
2026-04,535 W 43rd Street,Hell's Kitchen Polygon,CHURN,8.0,0.0,8,227.11
2026-04,535 W 43rd Street,Hell's Kitchen Polygon,RECURRING_SUBSCRIPTION,6.3,142.44,63,1862.77
2026-04,535 W 43rd Street,Hell's Kitchen Polygon,TRIAL,5.5,10.91,11,304.46
2026-04,655 Union,Boerum Hill Polygon,CHURN,5.6,0.0,28,824.33
2026-04,655 Union,Boerum Hill Polygon,ON_DEMAND_SUBSCRIPTION,4.0,0.0,4,135.85
2026-04,655 Union,Boerum Hill Polygon,RECURRING_SUBSCRIPTION,4.96,128.43,139,3892.72
2026-04,655 Union,Boerum Hill Polygon,WARM_LEAD,8.0,121.0,8,227.11
2026-04,655 Union,Williamsburg Polygon,CHURN,6.33,114.0,19,502.32
2026-04,66 Rockwell Place,Brooklyn Heights Polygon,CHURN,4.67,20.86,14,446.16
2026-04,66 Rockwell Place,Brooklyn Heights Polygon,ON_DEMAND_SUBSCRIPTION,8.0,113.0,8,227.11
2026-04,66 Rockwell Place,Brooklyn Heights Polygon,RECURRING_SUBSCRIPTION,4.77,82.22,105,3022.5
2026-04,66 Rockwell Place,Brooklyn Heights Polygon,TRIAL,5.67,53.18,17,467.22
2026-04,66 Rockwell Place,Brooklyn Heights Polygon,WARM_LEAD,8.0,121.0,8,227.11
2026-04,Agnes,Floating Jersey,CHURN,8.0,0.0,8,227.11
2026-04,Agnes,Floating Jersey,ON_DEMAND_SUBSCRIPTION,4.0,50.05,20,510.77
2026-04,Agnes,Floating Jersey,RECURRING_SUBSCRIPTION,5.65,52.98,96,2745.86
2026-04,Agnes,Floating Jersey,TRIAL,3.0,53.0,3,124.15
2026-04,Agnes,Floating Jersey,WARM_LEAD,4.25,56.94,17,441.61
2026-04,Alta,Floating NY 1,CHURN,4.75,0.0,19,681.46
2026-04,Alta,Floating NY 1,ON_DEMAND_SUBSCRIPTION,2.0,15.5,4,143.0
2026-04,Alta,Floating NY 1,RECURRING_SUBSCRIPTION,6.04,96.35,157,4757.09
2026-04,Alta,Floating NY 1,TRIAL,8.0,113.0,8,227.11
2026-04,Alta,Floating NY 1,WARM_LEAD,2.5,34.3,10,350.35
2026-04,Aria on the Bay Condominium Association  INC,Edgeater Polygon,WARM_LEAD,4.0,19.89,8,227.11
2026-04,Azrieli TLV,Unknown,CHURN,7.11,63.51,775,23464.35
2026-04,Azrieli TLV,Unknown,TRIAL,7.82,10.54,86,2683.07
2026-04,Azrieli TLV,Unknown,WARM_LEAD,4.5,100.18,9,310.31
2026-04,Bay Parc Apartments,Edgeater Polygon,CHURN,9.06,43.53,145,3970.72
2026-04,Bay Parc Apartments,Edgeater Polygon,ON_DEMAND_SUBSCRIPTION,3.44,38.77,31,1030.77
2026-04,Bay Parc Apartments,Edgeater Polygon,RECURRING_SUBSCRIPTION,6.59,52.14,461,13679.12
2026-04,Bay Parc Apartments,Edgeater Polygon,TRIAL,2.29,33.06,16,518.05
2026-04,Bay Parc Apartments,Edgeater Polygon,WARM_LEAD,3.67,34.55,33,1070.55
2026-04,Biscayne SFR,The Ocean Club Polygon,CHURN,2.0,0.0,10,65.0
2026-04,Biscayne SFR,Unknown,CHURN,2.0,0.0,10,269.75
2026-04,Brooklyn Crossing,Boerum Hill Polygon,CHURN,7.08,24.57,92,2641.21
2026-04,Brooklyn Crossing,Boerum Hill Polygon,ON_DEMAND_SUBSCRIPTION,3.64,20.2,91,2443.87
2026-04,Brooklyn Crossing,Boerum Hill Polygon,RECURRING_SUBSCRIPTION,6.51,66.7,371,10237.89
2026-04,Brooklyn Crossing,Boerum Hill Polygon,TRIAL,8.0,121.0,8,227.11
2026-04,Brooklyn Crossing,Boerum Hill Polygon,WARM_LEAD,5.5,25.91,11,351.26
2026-04,Cite On The Bay,Edgeater Polygon,CHURN,8.0,0.0,80,2271.1
2026-04,Cite On The Bay,Edgeater Polygon,RECURRING_SUBSCRIPTION,8.0,179.0,16,454.22
2026-04,Cite On The Bay,Edgeater Polygon,TRIAL,6.33,4.58,19,525.72
2026-04,Cite On The Bay,Edgeater Polygon,WARM_LEAD,2.0,27.0,4,84.5
2026-04,Dey and Bergen,Harrison Polygon,CHURN,3.0,0.0,3,124.15
2026-04,Dey and Bergen,Harrison Polygon,ON_DEMAND_SUBSCRIPTION,2.0,0.0,2,71.5
2026-04,Dey and Bergen,Harrison Polygon,WARM_LEAD,2.0,54.0,2,71.5
2026-04,Flamingo Point Center Tower,Miami Beach Polygon,CHURN,8.1,103.04,81,2267.59
2026-04,Flamingo Point Center Tower,Miami Beach Polygon,FROZEN,1.4,11.43,7,23.4
2026-04,Flamingo Point Center Tower,Miami Beach Polygon,ON_DEMAND_SUBSCRIPTION,2.7,13.62,100,2612.61
2026-04,Flamingo Point Center Tower,Miami Beach Polygon,RECURRING_SUBSCRIPTION,4.79,69.32,546,14920.88
2026-04,Flamingo Point Center Tower,Miami Beach Polygon,TRIAL,1.97,43.97,73,1516.32
2026-04,Flamingo Point Center Tower,Miami Beach Polygon,WARM_LEAD,5.22,87.64,47,1396.98
2026-04,Flamingo Point North Tower,Miami Beach Polygon,CHURN,8.0,0.0,8,227.11
2026-04,Flamingo Point North Tower,Miami Beach Polygon,ON_DEMAND_SUBSCRIPTION,5.14,62.56,36,1078.48
2026-04,Flamingo Point North Tower,Miami Beach Polygon,RECURRING_SUBSCRIPTION,6.67,89.54,487,13586.82
2026-04,Flamingo Point North Tower,Miami Beach Polygon,TRIAL,2.33,40.71,7,255.45
2026-04,Flamingo Point North Tower,Miami Beach Polygon,WARM_LEAD,5.0,121.2,25,727.22
2026-04,Flamingo South Beach,Miami Beach Polygon,CHURN,3.68,27.23,114,3277.43
2026-04,Flamingo South Beach,Miami Beach Polygon,ON_DEMAND_SUBSCRIPTION,8.0,0.0,16,454.22
2026-04,Flamingo South Beach,Miami Beach Polygon,RECURRING_SUBSCRIPTION,4.71,59.83,245,6741.54
2026-04,Flamingo South Beach,Miami Beach Polygon,TRIAL,3.17,95.05,19,633.62
2026-04,Flamingo South Beach,Miami Beach Polygon,WARM_LEAD,5.67,90.47,34,983.58
2026-04,Flow Brickell,Flow Brickell Polygon,ON_DEMAND_SUBSCRIPTION,2.0,54.0,2,71.5
2026-04,Flow Brickell,Flow Brickell Polygon,RECURRING_SUBSCRIPTION,4.85,98.68,97,2670.98
2026-04,Flow Brickell,Flow Brickell Polygon,TRIAL,2.82,61.0,31,807.56
2026-04,Flow Brickell,Flow Brickell Polygon,WARM_LEAD,3.0,74.26,27,764.01
2026-04,Gindi 1,Unknown,CHURN,5.74,47.64,608,18522.53
2026-04,Gindi 1,Unknown,TRIAL,5.4,0.0,27,871.65
2026-04,Gindi 2,Unknown,CHURN,6.42,59.15,469,12979.2
2026-04,Gindi 2,Unknown,TRIAL,7.67,19.8,46,1324.83
2026-04,Gindi 3,Unknown,CHURN,6.7,59.97,683,19552.13
2026-04,Gindi 3,Unknown,TRIAL,7.4,59.35,74,2354.17
2026-04,Gindi 3,Unknown,WARM_LEAD,5.0,108.9,10,359.45
2026-04,Gindi 4,Unknown,CHURN,5.49,38.36,406,11813.1
2026-04,Grove Central Residences,Floating Miami,CHURN,5.73,45.88,86,2322.06
2026-04,Grove Central Residences,Floating Miami,ON_DEMAND_SUBSCRIPTION,8.0,0.0,16,454.22
2026-04,Grove Central Residences,Floating Miami,RECURRING_SUBSCRIPTION,8.0,70.25,128,3703.96
2026-04,Grove Central Residences,Floating Miami,TRIAL,8.0,0.0,24,681.33
2026-04,HaHehad,Unknown,CHURN,5.96,33.63,149,4630.6
2026-04,HaHehad,Unknown,TRIAL,4.6,16.97,23,650.0
2026-04,John Street 116,Financial District Polygon,CHURN,8.0,111.33,24,681.33
2026-04,John Street 116,Financial District Polygon,ON_DEMAND_SUBSCRIPTION,4.33,69.03,39,1090.44
2026-04,John Street 116,Financial District Polygon,RECURRING_SUBSCRIPTION,6.15,95.35,80,2172.04
2026-04,John Street 116,Financial District Polygon,TRIAL,8.0,0.0,16,454.22
2026-04,Lake Tower,The Ocean Club Polygon,TRIAL,8.0,0.0,16,454.22
2026-04,Livana East Hanover,Chatham / West Orange Polygon,CHURN,7.0,0.0,14,529.1
2026-04,Livana East Hanover,Chatham / West Orange Polygon,RECURRING_SUBSCRIPTION,4.82,140.38,53,1532.96
2026-04,Livana East Hanover,Chatham / West Orange Polygon,TRIAL,3.6,20.11,18,496.73
2026-04,Livana East Hanover,Chatham / West Orange Polygon,WARM_LEAD,3.17,75.53,19,535.47
2026-04,Midtown 5,Floating Miami,CHURN,6.83,24.4,41,1153.1
2026-04,Midtown 5,Floating Miami,ON_DEMAND_SUBSCRIPTION,3.4,0.0,17,606.71
2026-04,Midtown 5,Floating Miami,RECURRING_SUBSCRIPTION,4.0,78.73,148,4284.41
2026-04,Midtown 5,Floating Miami,TRIAL,3.57,62.12,25,764.92
2026-04,Midtown 5,Floating Miami,WARM_LEAD,5.67,56.94,17,467.22
2026-04,Nine 52,Hell's Kitchen Polygon,RECURRING_SUBSCRIPTION,7.14,107.57,100,2981.81
2026-04,Oliver on the Hudson,Floating Jersey,CHURN,4.67,0.0,14,475.41
2026-04,Oliver on the Hudson,Floating Jersey,ON_DEMAND_SUBSCRIPTION,7.2,47.47,72,2043.99
2026-04,Oliver on the Hudson,Floating Jersey,RECURRING_SUBSCRIPTION,7.25,103.28,145,4198.22
2026-04,Oliver on the Hudson,Floating Jersey,TRIAL,7.0,101.29,35,933.14
2026-04,Oliver on the Hudson,Floating Jersey,WARM_LEAD,5.83,57.26,35,992.94
2026-04,One Harrison,Harrison Polygon,CHURN,2.83,18.18,17,526.11
2026-04,One Harrison,Harrison Polygon,RECURRING_SUBSCRIPTION,6.47,68.76,97,2516.28
2026-04,One Harrison,Harrison Polygon,TRIAL,5.2,13.38,26,789.23
2026-04,One Harrison,Harrison Polygon,WARM_LEAD,6.67,62.8,20,560.82
2026-04,One Ten,Hoboken Polygon,CHURN,3.75,0.93,30,853.97
2026-04,One Ten,Hoboken Polygon,FREEMIUM,3.0,60.0,3,130.0
2026-04,One Ten,Hoboken Polygon,ON_DEMAND_SUBSCRIPTION,4.0,74.0,4,182.65
2026-04,One Ten,Hoboken Polygon,RECURRING_SUBSCRIPTION,4.18,40.63,188,5007.08
2026-04,One Ten,Hoboken Polygon,WARM_LEAD,5.67,98.59,17,537.42
2026-04,Opera Tower,Edgeater Polygon,RECURRING_SUBSCRIPTION,8.0,101.0,16,454.22
2026-04,Plank Road,Boerum Hill Polygon,CHURN,8.0,75.33,48,1362.66
2026-04,Plank Road,Boerum Hill Polygon,RECURRING_SUBSCRIPTION,8.0,138.33,48,1362.66
2026-04,Plank Road,Boerum Hill Polygon,TRIAL,6.4,37.38,32,958.88
2026-04,Quantum on the Bay Condominium,Edgeater Polygon,WARM_LEAD,2.0,10.0,2,13.0
2026-04,River Place,Hell's Kitchen Polygon,CHURN,6.06,33.52,109,3447.99
2026-04,River Place,Hell's Kitchen Polygon,FREEMIUM,2.75,64.82,11,408.85
2026-04,River Place,Hell's Kitchen Polygon,ON_DEMAND_SUBSCRIPTION,2.95,58.63,65,1852.63
2026-04,River Place,Hell's Kitchen Polygon,RECURRING_SUBSCRIPTION,3.42,53.02,632,16263.65
2026-04,River Place,Hell's Kitchen Polygon,TRIAL,3.0,67.33,18,672.36
2026-04,River Place,Hell's Kitchen Polygon,WARM_LEAD,1.54,20.93,43,525.72
2026-04,Rothschild 80,Unknown,CHURN,1.0,6.67,26,338.0
2026-04,Silver Towers,Hell's Kitchen Polygon,CHURN,6.06,14.35,97,2860.39
2026-04,Silver Towers,Hell's Kitchen Polygon,FREEMIUM,5.7,104.34,57,1647.36
2026-04,Silver Towers,Hell's Kitchen Polygon,ON_DEMAND_SUBSCRIPTION,3.14,38.05,110,3123.77
2026-04,Silver Towers,Hell's Kitchen Polygon,RECURRING_SUBSCRIPTION,4.85,90.55,1003,27238.77
2026-04,Silver Towers,Hell's Kitchen Polygon,TRIAL,6.17,25.74,74,2214.03
2026-04,Silver Towers,Hell's Kitchen Polygon,WARM_LEAD,2.83,67.32,34,900.12
2026-04,Southgate Towers,Miami Beach Polygon,CHURN,5.22,53.96,167,4391.66
2026-04,Southgate Towers,Miami Beach Polygon,ON_DEMAND_SUBSCRIPTION,5.6,42.21,28,771.68
2026-04,Southgate Towers,Miami Beach Polygon,RECURRING_SUBSCRIPTION,5.7,50.49,114,3365.18
2026-04,Southgate Towers,Miami Beach Polygon,TRIAL,8.0,0.0,32,908.44
2026-04,Southgate Towers,Miami Beach Polygon,WARM_LEAD,6.57,44.26,92,2633.15
2026-04,Stonehill,Chatham / West Orange Polygon,CHURN,3.5,20.57,14,441.61
2026-04,Stonehill,Chatham / West Orange Polygon,ON_DEMAND_SUBSCRIPTION,3.0,68.26,18,571.61
2026-04,Stonehill,Chatham / West Orange Polygon,RECURRING_SUBSCRIPTION,6.87,95.3,103,3047.46
2026-04,Stonehill,Chatham / West Orange Polygon,WARM_LEAD,8.0,0.0,8,227.11
2026-04,The Addison,Brooklyn Heights Polygon,CHURN,6.75,52.15,27,805.48
2026-04,The Addison,Brooklyn Heights Polygon,RECURRING_SUBSCRIPTION,2.0,20.67,6,214.5
2026-04,The Addison,Brooklyn Heights Polygon,WARM_LEAD,4.5,16.89,18,532.87
2026-04,The Bergen,Boerum Hill Polygon,CHURN,8.0,0.0,16,454.22
2026-04,The Bergen,Boerum Hill Polygon,RECURRING_SUBSCRIPTION,8.0,118.0,16,454.22
2026-04,The Boulevard,Floating Miami,CHURN,5.9,47.05,59,1959.88
2026-04,The Boulevard,Floating Miami,ON_DEMAND_SUBSCRIPTION,2.0,15.0,14,477.1
2026-04,The Boulevard,Floating Miami,RECURRING_SUBSCRIPTION,6.29,108.15,88,2548.91
2026-04,The Boulevard,Floating Miami,TRIAL,6.0,102.33,12,421.46
2026-04,The Boulevard,Floating Miami,WARM_LEAD,8.5,125.76,17,471.77
2026-04,The Buchanan,Floating NY 1,CHURN,5.5,0.0,11,304.46
2026-04,The Buchanan,Floating NY 1,ON_DEMAND_SUBSCRIPTION,5.0,93.0,5,194.35
2026-04,The Buchanan,Floating NY 1,RECURRING_SUBSCRIPTION,5.51,79.79,193,5277.61
2026-04,The Buchanan,Floating NY 1,WARM_LEAD,2.0,34.0,2,71.5
2026-04,The Devan,Hoboken Polygon,CHURN,3.0,52.44,18,584.61
2026-04,The Devan,Hoboken Polygon,ON_DEMAND_SUBSCRIPTION,6.0,0.0,18,508.17
2026-04,The Devan,Hoboken Polygon,RECURRING_SUBSCRIPTION,6.36,100.49,286,8279.83
2026-04,The Devan,Hoboken Polygon,TRIAL,5.0,108.84,25,721.37
2026-04,The Devan,Hoboken Polygon,WARM_LEAD,5.0,20.8,40,1030.64
2026-04,The Dime,Williamsburg Polygon,CHURN,7.0,35.14,28,778.57
2026-04,The Dime,Williamsburg Polygon,FREEMIUM,2.0,34.0,2,71.5
2026-04,The Dime,Williamsburg Polygon,ON_DEMAND_SUBSCRIPTION,6.33,42.74,19,496.47
2026-04,The Dime,Williamsburg Polygon,RECURRING_SUBSCRIPTION,7.27,103.65,80,2313.35
2026-04,The Dime,Williamsburg Polygon,TRIAL,5.0,0.0,5,147.55
2026-04,The Dime,Williamsburg Polygon,WARM_LEAD,10.0,174.0,10,262.21
2026-04,The Eddy,Harrison Polygon,CHURN,2.0,0.0,2,71.5
2026-04,The Eddy,Harrison Polygon,RECURRING_SUBSCRIPTION,4.75,123.48,57,1603.16
2026-04,The Eddy,Harrison Polygon,TRIAL,8.0,2.86,56,1589.77
2026-04,The Eddy,Harrison Polygon,WARM_LEAD,2.67,46.67,24,871.65
2026-04,The Enclave,Hoboken Polygon,CHURN,8.0,0.0,16,454.22
2026-04,The Enclave,Hoboken Polygon,FREEMIUM,2.0,36.0,4,154.7
2026-04,The Enclave,Hoboken Polygon,RECURRING_SUBSCRIPTION,4.67,90.56,70,2149.94
2026-04,The Enclave,Hoboken Polygon,WARM_LEAD,5.0,98.67,15,463.71
2026-04,The Ivy,Chatham / West Orange Polygon,CHURN,7.08,116.05,85,2449.2
2026-04,The Ivy,Chatham / West Orange Polygon,ON_DEMAND_SUBSCRIPTION,8.0,0.0,8,227.11
2026-04,The Ivy,Chatham / West Orange Polygon,RECURRING_SUBSCRIPTION,7.0,120.83,133,3969.94
2026-04,The Kestrel,Floating NY 2,CHURN,2.0,13.8,4,135.85
2026-04,The Kestrel,Floating NY 2,ON_DEMAND_SUBSCRIPTION,3.0,92.0,3,71.5
2026-04,The Kestrel,Floating NY 2,RECURRING_SUBSCRIPTION,8.0,56.5,32,908.44
2026-04,The Landing,Brooklyn Heights Polygon,ON_DEMAND_SUBSCRIPTION,9.0,173.0,18,489.32
2026-04,The Landing,Brooklyn Heights Polygon,RECURRING_SUBSCRIPTION,8.0,176.0,8,227.11
2026-04,The Landing,Brooklyn Heights Polygon,WARM_LEAD,4.0,48.0,4,106.6
2026-04,The Landon,Hell's Kitchen Polygon,CHURN,8.0,0.0,24,681.33
2026-04,The Landon,Hell's Kitchen Polygon,RECURRING_SUBSCRIPTION,6.43,83.73,45,1427.14
2026-04,The Landon,Hell's Kitchen Polygon,WARM_LEAD,1.33,5.0,8,143.0
2026-04,The Vitagraph,Floating NY 2,CHURN,8.0,88.0,32,908.44
2026-04,The Vitagraph,Floating NY 2,TRIAL,7.0,44.57,14,421.46
2026-04,Union Channel ,Boerum Hill Polygon,RECURRING_SUBSCRIPTION,5.57,112.13,39,1152.19
2026-04,Union Channel ,Boerum Hill Polygon,TRIAL,6.0,0.0,6,223.6
2026-04,Union Channel ,Boerum Hill Polygon,WARM_LEAD,8.0,121.0,8,227.11
2026-04,Watermarc at Biscayne Bay,Edgeater Polygon,CHURN,8.0,78.67,24,681.33
2026-04,Watermarc at Biscayne Bay,Edgeater Polygon,RECURRING_SUBSCRIPTION,6.22,62.5,112,2881.58
2026-04,Watermarc at Biscayne Bay,Edgeater Polygon,TRIAL,5.0,98.8,10,240.11
2026-04,Watermarc at Biscayne Bay,Edgeater Polygon,WARM_LEAD,5.11,42.59,46,1265.94
2026-04,Waters Edge,Harrison Polygon,CHURN,8.0,0.0,8,227.11
2026-04,Waters Edge,Harrison Polygon,WARM_LEAD,6.5,135.19,26,790.27
2026-04,Woodside Central,Floating NY 1,CHURN,8.0,0.0,8,227.11
2026-04,Woodside Central,Floating NY 1,FREEMIUM,2.0,34.0,4,143.0
2026-04,Woodside Central,Floating NY 1,FROZEN,4.67,67.43,14,434.46
2026-04,Woodside Central,Floating NY 1,ON_DEMAND_SUBSCRIPTION,8.0,1.67,48,1362.66
2026-04,Woodside Central,Floating NY 1,RECURRING_SUBSCRIPTION,4.57,85.81,32,917.02
2026-04,Woodside Central,Floating NY 1,TRIAL,5.67,57.53,17,467.22
2026-04,Woodside Central,Floating NY 1,WARM_LEAD,8.0,0.0,8,227.11
2026-05,100 House,Hoboken Polygon,CHURN,8.0,0.0,32,908.44
2026-05,100 House,Hoboken Polygon,ON_DEMAND_SUBSCRIPTION,6.0,38.67,12,409.76
2026-05,100 House,Hoboken Polygon,RECURRING_SUBSCRIPTION,6.53,99.66,124,3736.98
2026-05,100 House,Hoboken Polygon,WARM_LEAD,8.0,0.0,8,227.11
2026-05,1800 North Bayshore Drive,Edgeater Polygon,RECURRING_SUBSCRIPTION,8.0,58.67,24,681.33
2026-05,1800 North Bayshore Drive,Edgeater Polygon,TRIAL,3.75,56.53,15,384.28
2026-05,1 Boerum PL,Floating NY 2,CHURN,3.0,0.0,9,390.0
2026-05,1 Boerum PL,Floating NY 2,FREEMIUM,8.0,0.0,8,227.11
2026-05,1 Boerum PL,Floating NY 2,RECURRING_SUBSCRIPTION,5.31,174.99,69,2073.76
2026-05,1 Boerum PL,Floating NY 2,WARM_LEAD,8.0,119.0,8,227.11
2026-05,1 River Place,Hell's Kitchen Polygon,RECURRING_SUBSCRIPTION,2.91,55.08,96,2043.99
2026-05,1 River Place,Hell's Kitchen Polygon,TRIAL,1.0,104.0,1,13.0
2026-05,1 River Place,Hell's Kitchen Polygon,WARM_LEAD,2.0,54.0,2,71.5
2026-05,2000 Biscayne,Edgeater Polygon,CHURN,8.0,0.0,8,227.11
2026-05,2000 Biscayne,Edgeater Polygon,ON_DEMAND_SUBSCRIPTION,3.38,24.44,27,742.82
2026-05,2000 Biscayne,Edgeater Polygon,RECURRING_SUBSCRIPTION,6.95,32.45,431,11369.02
2026-05,2000 Biscayne,Edgeater Polygon,TRIAL,3.38,43.81,27,725.27
2026-05,2000 Biscayne,Edgeater Polygon,WARM_LEAD,2.6,51.69,13,480.35
2026-05,2001 Biscayne Boulevard,Edgeater Polygon,ON_DEMAND_SUBSCRIPTION,7.67,0.0,23,622.83
2026-05,2001 Biscayne Boulevard,Edgeater Polygon,TRIAL,2.0,0.0,2,13.0
2026-05,20 Broad Street,Financial District Polygon,CHURN,6.8,55.65,68,1913.08
2026-05,20 Broad Street,Financial District Polygon,ON_DEMAND_SUBSCRIPTION,3.1,38.88,65,1661.79
2026-05,20 Broad Street,Financial District Polygon,RECURRING_SUBSCRIPTION,5.04,70.14,242,7076.03
2026-05,20 Broad Street,Financial District Polygon,TRIAL,3.0,60.56,36,993.72
2026-05,20 Broad Street,Financial District Polygon,WARM_LEAD,5.22,80.13,47,1361.75
2026-05,20 Broad Street,Hell's Kitchen Polygon,FREEMIUM,2.0,34.0,2,71.5
2026-05,250 E Houston,Floating NY 2,CHURN,8.0,0.0,8,227.11
2026-05,250 E Houston,Floating NY 2,RECURRING_SUBSCRIPTION,6.43,50.05,90,2454.01
2026-05,250 E Houston,Floating NY 2,TRIAL,5.0,96.8,10,298.61
2026-05,300 Somerset,Harrison Polygon,CHURN,2.0,14.0,4,143.0
2026-05,300 Somerset,Harrison Polygon,FREEMIUM,8.0,176.0,8,227.11
2026-05,300 Somerset,Harrison Polygon,ON_DEMAND_SUBSCRIPTION,2.43,30.71,17,494.65
2026-05,300 Somerset,Harrison Polygon,RECURRING_SUBSCRIPTION,4.17,87.84,50,1322.49
2026-05,300 Somerset,Harrison Polygon,TRIAL,3.0,0.0,3,130.0
2026-05,300 Somerset,Harrison Polygon,WARM_LEAD,2.0,34.0,4,143.0
2026-05,330 Angelo Cifelli,Harrison Polygon,CHURN,8.0,28.75,32,908.44
2026-05,330 Angelo Cifelli,Harrison Polygon,ON_DEMAND_SUBSCRIPTION,8.0,115.0,8,227.11
2026-05,330 Angelo Cifelli,Harrison Polygon,RECURRING_SUBSCRIPTION,3.43,66.66,96,2870.01
2026-05,330 Angelo Cifelli,Harrison Polygon,WARM_LEAD,3.2,72.0,16,513.11
2026-05,330W-56th,Hell's Kitchen Polygon,CHURN,2.0,0.0,4,143.0
2026-05,330W-56th,Hell's Kitchen Polygon,RECURRING_SUBSCRIPTION,5.33,34.69,80,2209.74
2026-05,345 Baldwin Avenue,Floating Jersey,CHURN,6.0,0.0,12,362.96
2026-05,345 Baldwin Avenue,Floating Jersey,ON_DEMAND_SUBSCRIPTION,8.0,118.0,8,227.11
2026-05,345 Baldwin Avenue,Floating Jersey,RECURRING_SUBSCRIPTION,3.38,64.26,27,868.01
2026-05,345 Baldwin Avenue,Floating Jersey,TRIAL,3.5,67.29,7,210.86
2026-05,345 Baldwin Avenue,Floating Jersey,WARM_LEAD,2.25,10.33,9,239.2
2026-05,416 Kent Avenue,Williamsburg Polygon,ON_DEMAND_SUBSCRIPTION,3.5,14.57,14,441.61
2026-05,416 Kent Avenue,Williamsburg Polygon,RECURRING_SUBSCRIPTION,6.53,74.66,98,2906.8
2026-05,416 Kent Avenue,Williamsburg Polygon,WARM_LEAD,6.5,106.46,13,421.46
2026-05,420 Kent Avenue,Williamsburg Polygon,CHURN,7.33,0.0,22,654.42
2026-05,420 Kent Avenue,Williamsburg Polygon,ON_DEMAND_SUBSCRIPTION,4.14,89.24,29,907.66
2026-05,420 Kent Avenue,Williamsburg Polygon,RECURRING_SUBSCRIPTION,5.48,69.9,181,5073.9
2026-05,420 Kent Avenue,Williamsburg Polygon,TRIAL,3.6,61.0,18,577.46
2026-05,420 Kent Avenue,Williamsburg Polygon,WARM_LEAD,4.2,110.67,21,618.41
2026-05,535 W 43rd Street,Hell's Kitchen Polygon,CHURN,8.0,0.0,8,227.11
2026-05,535 W 43rd Street,Hell's Kitchen Polygon,ON_DEMAND_SUBSCRIPTION,9.0,153.0,9,227.11
2026-05,535 W 43rd Street,Hell's Kitchen Polygon,RECURRING_SUBSCRIPTION,6.78,108.56,61,1791.27
2026-05,535 W 43rd Street,Hell's Kitchen Polygon,WARM_LEAD,5.0,35.0,10,278.72
2026-05,561 10th Avenue,Hell's Kitchen Polygon,RECURRING_SUBSCRIPTION,5.0,61.0,10,267.02
2026-05,655 Union,Boerum Hill Polygon,CHURN,6.0,4.44,18,525.72
2026-05,655 Union,Boerum Hill Polygon,ON_DEMAND_SUBSCRIPTION,5.5,132.73,11,351.26
2026-05,655 Union,Boerum Hill Polygon,RECURRING_SUBSCRIPTION,6.36,107.51,140,3982.03
2026-05,655 Union,Boerum Hill Polygon,WARM_LEAD,8.0,168.5,16,421.46
2026-05,655 Union,Williamsburg Polygon,CHURN,6.5,36.46,26,752.83
2026-05,66 Rockwell Place,Brooklyn Heights Polygon,CHURN,2.0,10.0,2,65.65
2026-05,66 Rockwell Place,Brooklyn Heights Polygon,ON_DEMAND_SUBSCRIPTION,7.33,25.64,22,625.17
2026-05,66 Rockwell Place,Brooklyn Heights Polygon,RECURRING_SUBSCRIPTION,3.96,67.56,99,3042.91
2026-05,66 Rockwell Place,Brooklyn Heights Polygon,TRIAL,4.5,0.0,9,240.11
2026-05,66 Rockwell Place,Brooklyn Heights Polygon,WARM_LEAD,8.0,121.0,16,454.22
2026-05,Agnes,Floating Jersey,CHURN,8.0,0.0,8,227.11
2026-05,Agnes,Floating Jersey,RECURRING_SUBSCRIPTION,4.44,66.53,80,2340.0
2026-05,Agnes,Floating Jersey,WARM_LEAD,3.0,0.0,3,71.5
2026-05,Alta,Floating NY 1,CHURN,3.0,0.0,6,260.0
2026-05,Alta,Floating NY 1,ON_DEMAND_SUBSCRIPTION,3.6,68.33,18,624.26
2026-05,Alta,Floating NY 1,RECURRING_SUBSCRIPTION,6.14,75.41,129,3897.66
2026-05,Alta,Floating NY 1,TRIAL,2.5,55.8,5,146.51
2026-05,Alta,Floating NY 1,WARM_LEAD,2.0,34.0,4,143.0
2026-05,Aria on the Bay Condominium Association  INC,Edgeater Polygon,TRIAL,4.0,62.0,4,69.16
2026-05,Azrieli TLV,Unknown,CHURN,7.18,54.13,682,21161.79
2026-05,Azrieli TLV,Unknown,TRIAL,8.1,13.99,81,2517.97
2026-05,Bay Parc Apartments,Edgeater Polygon,CHURN,9.27,16.72,102,2818.79
2026-05,Bay Parc Apartments,Edgeater Polygon,ON_DEMAND_SUBSCRIPTION,3.71,4.31,26,835.12
2026-05,Bay Parc Apartments,Edgeater Polygon,RECURRING_SUBSCRIPTION,6.42,38.66,546,16031.34
2026-05,Bay Parc Apartments,Edgeater Polygon,TRIAL,3.75,70.47,15,520.0
2026-05,Bay Parc Apartments,Edgeater Polygon,WARM_LEAD,3.6,20.63,18,619.45
2026-05,Biscayne SFR,The Ocean Club Polygon,CHURN,2.0,0.0,6,39.0
2026-05,Biscayne SFR,Unknown,CHURN,2.0,0.0,6,161.85
2026-05,Brooklyn Crossing,Boerum Hill Polygon,CHURN,7.14,0.0,50,1434.16
2026-05,Brooklyn Crossing,Boerum Hill Polygon,ON_DEMAND_SUBSCRIPTION,2.25,29.86,36,1018.81
2026-05,Brooklyn Crossing,Boerum Hill Polygon,RECURRING_SUBSCRIPTION,7.04,86.33,394,11220.43
2026-05,Brooklyn Crossing,Boerum Hill Polygon,WARM_LEAD,7.5,114.0,30,904.93
2026-05,Cite On The Bay,Edgeater Polygon,CHURN,8.0,0.0,24,681.33
2026-05,Cite On The Bay,Edgeater Polygon,RECURRING_SUBSCRIPTION,8.0,179.0,16,454.22
2026-05,Cite On The Bay,Edgeater Polygon,TRIAL,8.0,0.0,24,681.33
2026-05,Dey and Bergen,Harrison Polygon,CHURN,3.0,46.0,6,248.3
2026-05,Dey and Bergen,Harrison Polygon,TRIAL,3.0,95.0,3,124.15
2026-05,Dey and Bergen,Harrison Polygon,WARM_LEAD,5.0,101.2,10,298.61
2026-05,Flamingo Point Center Tower,Miami Beach Polygon,CHURN,8.5,43.06,68,1887.08
2026-05,Flamingo Point Center Tower,Miami Beach Polygon,FROZEN,1.1,6.85,34,102.05
2026-05,Flamingo Point Center Tower,Miami Beach Polygon,ON_DEMAND_SUBSCRIPTION,1.65,30.47,86,1213.42
2026-05,Flamingo Point Center Tower,Miami Beach Polygon,RECURRING_SUBSCRIPTION,4.51,72.37,568,15148.12
2026-05,Flamingo Point Center Tower,Miami Beach Polygon,TRIAL,1.39,26.84,32,417.95
2026-05,Flamingo Point Center Tower,Miami Beach Polygon,WARM_LEAD,3.27,114.71,36,947.7
2026-05,Flamingo Point North Tower,Miami Beach Polygon,ON_DEMAND_SUBSCRIPTION,2.4,58.33,24,527.8
2026-05,Flamingo Point North Tower,Miami Beach Polygon,RECURRING_SUBSCRIPTION,6.64,102.86,392,11119.03
2026-05,Flamingo Point North Tower,Miami Beach Polygon,TRIAL,2.0,22.0,6,97.5
2026-05,Flamingo Point North Tower,Miami Beach Polygon,WARM_LEAD,2.0,34.0,4,102.05
2026-05,Flamingo South Beach,Miami Beach Polygon,CHURN,3.41,12.24,99,3044.6
2026-05,Flamingo South Beach,Miami Beach Polygon,ON_DEMAND_SUBSCRIPTION,4.8,52.75,24,712.01
2026-05,Flamingo South Beach,Miami Beach Polygon,RECURRING_SUBSCRIPTION,3.51,42.65,274,6617.65
2026-05,Flamingo South Beach,Miami Beach Polygon,TRIAL,1.92,52.96,25,843.7
2026-05,Flamingo South Beach,Miami Beach Polygon,WARM_LEAD,2.8,53.93,14,421.85
2026-05,Flow Brickell,Flow Brickell Polygon,ON_DEMAND_SUBSCRIPTION,3.0,0.0,3,83.2
2026-05,Flow Brickell,Flow Brickell Polygon,RECURRING_SUBSCRIPTION,5.0,65.49,220,6325.93
2026-05,Flow Brickell,Flow Brickell Polygon,TRIAL,3.24,37.5,68,2197.65
2026-05,Flow Brickell,Flow Brickell Polygon,WARM_LEAD,3.39,34.1,61,1884.74
2026-05,Gindi 1,Unknown,CHURN,5.76,25.53,639,19440.33
2026-05,Gindi 1,Unknown,TRIAL,6.0,0.0,12,379.6
2026-05,Gindi 2,Unknown,CHURN,6.93,38.95,395,10984.35
2026-05,Gindi 2,Unknown,TRIAL,6.75,52.62,27,879.71
2026-05,Gindi 3,Unknown,CHURN,7.19,46.45,611,17686.24
2026-05,Gindi 3,Unknown,TRIAL,8.0,0.0,32,1128.4
2026-05,Gindi 4,Unknown,CHURN,5.26,18.17,358,10490.87
2026-05,Gindi 4,Unknown,TRIAL,8.0,134.25,16,536.12
2026-05,Grove Central Residences,Floating Miami,CHURN,5.4,0.0,54,1363.18
2026-05,Grove Central Residences,Floating Miami,ON_DEMAND_SUBSCRIPTION,8.0,0.0,8,227.11
2026-05,Grove Central Residences,Floating Miami,RECURRING_SUBSCRIPTION,8.0,84.25,96,2781.48
2026-05,Grove Central Residences,Floating Miami,TRIAL,8.0,0.0,16,454.22
2026-05,Grove Central Residences,Floating Miami,WARM_LEAD,9.0,193.0,9,297.31
2026-05,HaHehad,Unknown,CHURN,5.81,36.84,122,3799.38
2026-05,HaHehad,Unknown,TRIAL,4.6,10.78,23,650.0
2026-05,John Street 116,Financial District Polygon,CHURN,6.33,74.89,19,519.87
2026-05,John Street 116,Financial District Polygon,ON_DEMAND_SUBSCRIPTION,3.8,99.29,19,493.22
2026-05,John Street 116,Financial District Polygon,RECURRING_SUBSCRIPTION,6.0,97.17,72,1944.93
2026-05,John Street 116,Financial District Polygon,TRIAL,8.0,0.0,8,227.11
2026-05,Lake Tower,The Ocean Club Polygon,TRIAL,8.0,0.0,8,227.11
2026-05,Livana East Hanover,Chatham / West Orange Polygon,CHURN,7.0,0.0,14,529.1
2026-05,Livana East Hanover,Chatham / West Orange Polygon,RECURRING_SUBSCRIPTION,4.74,87.31,90,2484.04
2026-05,Livana East Hanover,Chatham / West Orange Polygon,TRIAL,4.0,23.0,16,398.32
2026-05,Livana East Hanover,Chatham / West Orange Polygon,WARM_LEAD,3.0,70.73,15,507.26
2026-05,Midtown 5,Floating Miami,CHURN,7.25,1.34,58,1620.32
2026-05,Midtown 5,Floating Miami,ON_DEMAND_SUBSCRIPTION,2.5,0.0,5,224.9
2026-05,Midtown 5,Floating Miami,RECURRING_SUBSCRIPTION,3.45,64.03,162,4527.9
2026-05,Midtown 5,Floating Miami,TRIAL,4.5,89.41,27,900.51
2026-05,Midtown 5,Floating Miami,WARM_LEAD,8.0,10.0,8,227.11
2026-05,Nine 52,Hell's Kitchen Polygon,RECURRING_SUBSCRIPTION,6.5,126.04,78,2331.03
2026-05,Oliver on the Hudson,Floating Jersey,ON_DEMAND_SUBSCRIPTION,6.43,23.42,90,2525.51
2026-05,Oliver on the Hudson,Floating Jersey,RECURRING_SUBSCRIPTION,5.8,110.52,145,4238.65
2026-05,Oliver on the Hudson,Floating Jersey,TRIAL,8.0,134.25,32,908.44
2026-05,Oliver on the Hudson,Floating Jersey,WARM_LEAD,3.67,48.08,77,2389.27
2026-05,One Harrison,Harrison Polygon,CHURN,3.88,3.06,31,908.83
2026-05,One Harrison,Harrison Polygon,RECURRING_SUBSCRIPTION,5.42,67.0,65,1791.53
2026-05,One Harrison,Harrison Polygon,TRIAL,6.0,96.13,30,888.68
2026-05,One Harrison,Harrison Polygon,WARM_LEAD,6.25,73.56,25,696.67
2026-05,One Ten,Hoboken Polygon,CHURN,2.33,0.0,14,352.95
2026-05,One Ten,Hoboken Polygon,FREEMIUM,2.0,54.0,4,143.0
2026-05,One Ten,Hoboken Polygon,ON_DEMAND_SUBSCRIPTION,3.0,66.33,6,254.15
2026-05,One Ten,Hoboken Polygon,RECURRING_SUBSCRIPTION,3.85,49.34,154,3913.65
2026-05,One Ten,Hoboken Polygon,WARM_LEAD,2.0,34.0,2,71.5
2026-05,Opera Tower,Edgeater Polygon,RECURRING_SUBSCRIPTION,8.0,101.0,16,454.22
2026-05,Opera Tower,Edgeater Polygon,WARM_LEAD,2.0,0.0,2,13.0
2026-05,Plank Road,Boerum Hill Polygon,CHURN,8.0,0.0,56,1589.77
2026-05,Plank Road,Boerum Hill Polygon,RECURRING_SUBSCRIPTION,7.0,122.74,56,1589.77
2026-05,Quantum on the Bay,Edgeater Polygon,WARM_LEAD,2.0,10.0,2,13.0
2026-05,Quantum on the Bay Condominium,Edgeater Polygon,TRIAL,1.33,-7.2,4,154.7
2026-05,River Place,Hell's Kitchen Polygon,CHURN,4.67,31.93,56,2005.77
2026-05,River Place,Hell's Kitchen Polygon,FREEMIUM,5.0,90.0,10,298.61
2026-05,River Place,Hell's Kitchen Polygon,ON_DEMAND_SUBSCRIPTION,3.66,51.25,117,3470.87
2026-05,River Place,Hell's Kitchen Polygon,RECURRING_SUBSCRIPTION,3.89,61.82,588,15570.36
2026-05,River Place,Hell's Kitchen Polygon,TRIAL,1.86,63.21,52,979.42
2026-05,River Place,Hell's Kitchen Polygon,WARM_LEAD,1.4,31.31,70,658.58
2026-05,Rothschild 80,Unknown,CHURN,1.0,0.0,24,312.0
2026-05,Silver Towers,Hell's Kitchen Polygon,CHURN,6.6,26.42,33,1019.72
2026-05,Silver Towers,Hell's Kitchen Polygon,FREEMIUM,4.71,79.7,33,967.33
2026-05,Silver Towers,Hell's Kitchen Polygon,FROZEN,3.0,57.0,3,130.0
2026-05,Silver Towers,Hell's Kitchen Polygon,ON_DEMAND_SUBSCRIPTION,2.93,40.8,85,2617.29
2026-05,Silver Towers,Hell's Kitchen Polygon,RECURRING_SUBSCRIPTION,3.58,79.16,1052,25575.68
2026-05,Silver Towers,Hell's Kitchen Polygon,TRIAL,5.43,5.37,38,1122.94
2026-05,Silver Towers,Hell's Kitchen Polygon,WARM_LEAD,1.69,43.13,54,891.67
2026-05,Southgate Towers,Miami Beach Polygon,CHURN,5.7,1.97,154,3999.06
2026-05,Southgate Towers,Miami Beach Polygon,ON_DEMAND_SUBSCRIPTION,9.25,20.81,37,1154.14
2026-05,Southgate Towers,Miami Beach Polygon,RECURRING_SUBSCRIPTION,5.32,55.74,133,3952.0
2026-05,Southgate Towers,Miami Beach Polygon,TRIAL,8.0,48.4,40,1135.55
2026-05,Southgate Towers,Miami Beach Polygon,WARM_LEAD,5.0,30.87,15,504.66
2026-05,Stonehill,Chatham / West Orange Polygon,CHURN,2.0,24.0,4,143.0
2026-05,Stonehill,Chatham / West Orange Polygon,ON_DEMAND_SUBSCRIPTION,1.0,105.5,1,13.0
2026-05,Stonehill,Chatham / West Orange Polygon,RECURRING_SUBSCRIPTION,5.87,95.93,88,2623.79
2026-05,Stonehill,Chatham / West Orange Polygon,WARM_LEAD,8.0,80.67,24,681.33
2026-05,The Addison,Brooklyn Heights Polygon,CHURN,8.0,0.0,32,908.44
2026-05,The Addison,Brooklyn Heights Polygon,RECURRING_SUBSCRIPTION,2.33,29.0,7,243.75
2026-05,The Addison,Brooklyn Heights Polygon,WARM_LEAD,4.0,0.0,4,127.66
2026-05,The Bergen,Boerum Hill Polygon,CHURN,8.0,0.0,8,227.11
2026-05,The Bergen,Boerum Hill Polygon,RECURRING_SUBSCRIPTION,8.0,89.25,32,908.44
2026-05,The Boulevard,Floating Miami,CHURN,6.0,0.0,36,1184.82
2026-05,The Boulevard,Floating Miami,ON_DEMAND_SUBSCRIPTION,2.0,14.8,10,339.95
2026-05,The Boulevard,Floating Miami,RECURRING_SUBSCRIPTION,5.83,108.71,105,3101.67
2026-05,The Boulevard,Floating Miami,TRIAL,5.5,15.55,11,351.26
2026-05,The Buchanan,Floating NY 1,CHURN,8.0,0.0,8,227.11
2026-05,The Buchanan,Floating NY 1,ON_DEMAND_SUBSCRIPTION,7.0,93.0,21,648.57
2026-05,The Buchanan,Floating NY 1,RECURRING_SUBSCRIPTION,5.47,66.39,175,4589.39
2026-05,The Buchanan,Floating NY 1,WARM_LEAD,5.67,205.56,17,454.22
2026-05,The Devan,Hoboken Polygon,CHURN,6.0,100.89,18,525.72
2026-05,The Devan,Hoboken Polygon,ON_DEMAND_SUBSCRIPTION,5.0,0.0,10,281.06
2026-05,The Devan,Hoboken Polygon,RECURRING_SUBSCRIPTION,5.73,83.21,298,8389.94
2026-05,The Devan,Hoboken Polygon,TRIAL,4.33,88.42,26,769.47
2026-05,The Devan,Hoboken Polygon,WARM_LEAD,4.75,95.26,19,497.77
2026-05,The Dime,Williamsburg Polygon,CHURN,4.0,48.75,8,219.05
2026-05,The Dime,Williamsburg Polygon,ON_DEMAND_SUBSCRIPTION,3.0,43.0,3,71.5
2026-05,The Dime,Williamsburg Polygon,RECURRING_SUBSCRIPTION,7.18,97.08,79,2319.2
2026-05,The Dime,Williamsburg Polygon,TRIAL,5.0,0.0,5,147.55
2026-05,The Eddy,Harrison Polygon,CHURN,2.0,9.0,4,113.75
2026-05,The Eddy,Harrison Polygon,RECURRING_SUBSCRIPTION,4.93,93.59,74,2144.22
2026-05,The Eddy,Harrison Polygon,TRIAL,8.0,1.67,48,1362.66
2026-05,The Eddy,Harrison Polygon,WARM_LEAD,2.0,24.33,8,237.9
2026-05,The Enclave,Hoboken Polygon,CHURN,8.0,0.0,8,227.11
2026-05,The Enclave,Hoboken Polygon,FREEMIUM,2.0,18.0,4,166.4
2026-05,The Enclave,Hoboken Polygon,RECURRING_SUBSCRIPTION,5.33,76.73,80,2587.65
2026-05,The Enclave,Hoboken Polygon,WARM_LEAD,8.0,150.0,8,227.11
2026-05,The Ivy,Chatham / West Orange Polygon,CHURN,7.33,70.0,44,1271.4
2026-05,The Ivy,Chatham / West Orange Polygon,FREEMIUM,8.0,112.0,8,227.11
2026-05,The Ivy,Chatham / West Orange Polygon,ON_DEMAND_SUBSCRIPTION,8.0,83.5,16,454.22
2026-05,The Ivy,Chatham / West Orange Polygon,RECURRING_SUBSCRIPTION,7.2,119.09,180,5361.85
2026-05,The Kestrel,Floating NY 2,CHURN,4.0,0.0,12,407.55
2026-05,The Kestrel,Floating NY 2,ON_DEMAND_SUBSCRIPTION,2.0,38.5,4,143.0
2026-05,The Kestrel,Floating NY 2,RECURRING_SUBSCRIPTION,8.0,82.4,40,1135.55
2026-05,The Kestrel,Floating NY 2,WARM_LEAD,7.5,128.93,15,401.57
2026-05,The Landing,Brooklyn Heights Polygon,ON_DEMAND_SUBSCRIPTION,4.83,13.55,29,851.37
2026-05,The Landing,Brooklyn Heights Polygon,RECURRING_SUBSCRIPTION,8.0,143.0,16,454.22
2026-05,The Landon,Hell's Kitchen Polygon,CHURN,8.0,0.0,8,227.11
2026-05,The Landon,Hell's Kitchen Polygon,RECURRING_SUBSCRIPTION,7.2,108.79,72,2141.23
2026-05,The Landon,Hell's Kitchen Polygon,TRIAL,1.0,109.0,1,13.0
2026-05,The Landon,Hell's Kitchen Polygon,WARM_LEAD,1.14,7.13,32,293.15
2026-05,The Vitagraph,Floating NY 2,CHURN,8.0,44.75,32,908.44
2026-05,The Vitagraph,Floating NY 2,TRIAL,2.0,10.0,2,71.5
2026-05,Union Channel ,Boerum Hill Polygon,RECURRING_SUBSCRIPTION,5.33,145.75,32,954.33
2026-05,Watermarc at Biscayne Bay,Edgeater Polygon,CHURN,8.0,21.33,48,1362.66
2026-05,Watermarc at Biscayne Bay,Edgeater Polygon,RECURRING_SUBSCRIPTION,6.5,85.03,104,3228.81
2026-05,Watermarc at Biscayne Bay,Edgeater Polygon,TRIAL,3.25,89.15,13,383.11
2026-05,Watermarc at Biscayne Bay,Edgeater Polygon,WARM_LEAD,4.0,3.22,36,1003.73
2026-05,Waters Edge,Harrison Polygon,CHURN,8.0,0.0,8,227.11
2026-05,Waters Edge,Harrison Polygon,ON_DEMAND_SUBSCRIPTION,8.0,118.0,8,227.11
2026-05,Woodside Central,Floating NY 1,ON_DEMAND_SUBSCRIPTION,6.8,1.82,34,979.94
2026-05,Woodside Central,Floating NY 1,RECURRING_SUBSCRIPTION,4.15,60.61,54,1545.83
2026-06,100 House,Hoboken Polygon,CHURN,8.0,0.0,16,454.22
2026-06,100 House,Hoboken Polygon,ON_DEMAND_SUBSCRIPTION,8.0,0.0,8,227.11
2026-06,100 House,Hoboken Polygon,RECURRING_SUBSCRIPTION,7.14,131.9,100,2958.41
2026-06,100 House,Hoboken Polygon,WARM_LEAD,6.0,112.33,12,362.96
2026-06,1800 North Bayshore Drive,Edgeater Polygon,RECURRING_SUBSCRIPTION,7.75,84.03,31,823.03
2026-06,1 Boerum PL,Floating NY 2,CHURN,3.0,0.0,12,520.0
2026-06,1 Boerum PL,Floating NY 2,RECURRING_SUBSCRIPTION,5.4,176.57,81,2483.52
2026-06,1 River Place,Hell's Kitchen Polygon,RECURRING_SUBSCRIPTION,1.9,65.3,110,1745.77
2026-06,1 River Place,Hell's Kitchen Polygon,WARM_LEAD,3.0,60.0,3,130.0
2026-06,2000 Biscayne,Edgeater Polygon,ON_DEMAND_SUBSCRIPTION,3.0,63.67,6,143.0
2026-06,2000 Biscayne,Edgeater Polygon,RECURRING_SUBSCRIPTION,7.0,74.27,238,6003.14
2026-06,2000 Biscayne,Edgeater Polygon,TRIAL,4.33,112.54,13,375.96
2026-06,2001 Biscayne Boulevard,Edgeater Polygon,ON_DEMAND_SUBSCRIPTION,7.0,0.0,7,168.61
2026-06,20 Broad Street,Financial District Polygon,CHURN,8.0,0.0,32,908.44
2026-06,20 Broad Street,Financial District Polygon,ON_DEMAND_SUBSCRIPTION,3.2,11.0,16,390.26
2026-06,20 Broad Street,Financial District Polygon,RECURRING_SUBSCRIPTION,5.83,77.19,239,6953.83
2026-06,20 Broad Street,Financial District Polygon,TRIAL,6.33,8.05,19,560.82
2026-06,20 Broad Street,Financial District Polygon,WARM_LEAD,8.0,113.0,8,227.11
2026-06,250 E Houston,Floating NY 2,CHURN,8.0,0.0,8,227.11
2026-06,250 E Houston,Floating NY 2,RECURRING_SUBSCRIPTION,8.0,139.38,64,1746.68
2026-06,250 E Houston,Floating NY 2,TRIAL,2.0,0.0,2,71.5
2026-06,300 Somerset,Harrison Polygon,CHURN,2.0,0.0,2,71.5
2026-06,300 Somerset,Harrison Polygon,RECURRING_SUBSCRIPTION,5.9,84.81,59,1596.01
2026-06,330 Angelo Cifelli,Harrison Polygon,CHURN,8.0,0.0,32,908.44
2026-06,330 Angelo Cifelli,Harrison Polygon,RECURRING_SUBSCRIPTION,3.84,77.85,123,3647.54
2026-06,330W-56th,Hell's Kitchen Polygon,CHURN,2.0,0.0,4,143.0
2026-06,330W-56th,Hell's Kitchen Polygon,RECURRING_SUBSCRIPTION,5.38,68.21,86,2395.9
2026-06,345 Baldwin Avenue,Floating Jersey,RECURRING_SUBSCRIPTION,4.64,85.92,51,1561.04
2026-06,345 Baldwin Avenue,Floating Jersey,TRIAL,3.0,81.0,3,130.0
2026-06,345 Baldwin Avenue,Floating Jersey,WARM_LEAD,2.75,59.91,11,403.0
2026-06,416 Kent Avenue,Williamsburg Polygon,RECURRING_SUBSCRIPTION,7.43,87.38,156,4511.78
2026-06,420 Kent Avenue,Williamsburg Polygon,CHURN,8.0,0.0,16,454.22
2026-06,420 Kent Avenue,Williamsburg Polygon,RECURRING_SUBSCRIPTION,5.1,84.96,158,4425.46
2026-06,420 Kent Avenue,Williamsburg Polygon,TRIAL,3.0,0.0,6,207.35
2026-06,535 W 43rd Street,Hell's Kitchen Polygon,ON_DEMAND_SUBSCRIPTION,8.0,138.0,8,227.11
2026-06,535 W 43rd Street,Hell's Kitchen Polygon,RECURRING_SUBSCRIPTION,6.63,122.49,53,1564.16
2026-06,561 10th Avenue,Hell's Kitchen Polygon,RECURRING_SUBSCRIPTION,5.0,61.0,15,400.53
2026-06,655 Union,Boerum Hill Polygon,RECURRING_SUBSCRIPTION,6.21,111.18,149,4222.14
2026-06,655 Union,Williamsburg Polygon,CHURN,8.0,0.0,16,454.22
2026-06,66 Rockwell Place,Brooklyn Heights Polygon,RECURRING_SUBSCRIPTION,4.19,95.73,88,2660.97
2026-06,66 Rockwell Place,Brooklyn Heights Polygon,TRIAL,4.5,0.0,9,240.11
2026-06,66 Rockwell Place,Brooklyn Heights Polygon,WARM_LEAD,3.0,84.0,3,71.5
2026-06,Agnes,Floating Jersey,CHURN,8.0,0.0,8,227.11
2026-06,Agnes,Floating Jersey,RECURRING_SUBSCRIPTION,3.47,106.92,52,1606.02
2026-06,Alta,Floating NY 1,RECURRING_SUBSCRIPTION,5.55,96.77,161,4909.58
2026-06,Azrieli TLV,Unknown,CHURN,7.34,0.0,580,18299.84
2026-06,Azrieli TLV,Unknown,TRIAL,4.0,0.0,8,295.1
2026-06,Bay Parc Apartments,Edgeater Polygon,CHURN,7.83,0.0,47,1270.23
2026-06,Bay Parc Apartments,Edgeater Polygon,ON_DEMAND_SUBSCRIPTION,5.0,0.0,10,298.61
2026-06,Bay Parc Apartments,Edgeater Polygon,RECURRING_SUBSCRIPTION,7.31,87.19,431,12616.76
2026-06,Bay Parc Apartments,Edgeater Polygon,TRIAL,8.0,121.0,16,454.22
2026-06,Bay Parc Apartments,Edgeater Polygon,WARM_LEAD,2.0,0.0,2,13.0
2026-06,Brooklyn Crossing,Boerum Hill Polygon,CHURN,8.0,0.0,8,227.11
2026-06,Brooklyn Crossing,Boerum Hill Polygon,RECURRING_SUBSCRIPTION,7.03,104.14,281,7995.13
2026-06,Brooklyn Crossing,Boerum Hill Polygon,WARM_LEAD,8.0,0.0,8,227.11
2026-06,Cite On The Bay,Edgeater Polygon,RECURRING_SUBSCRIPTION,8.0,179.0,16,454.22
2026-06,Dey and Bergen,Harrison Polygon,CHURN,3.0,0.0,3,124.15
2026-06,Dey and Bergen,Harrison Polygon,WARM_LEAD,4.0,122.0,4,182.65
2026-06,Flamingo Point Center Tower,Miami Beach Polygon,CHURN,8.2,0.0,41,1153.1
2026-06,Flamingo Point Center Tower,Miami Beach Polygon,FROZEN,1.0,0.0,22,
2026-06,Flamingo Point Center Tower,Miami Beach Polygon,ON_DEMAND_SUBSCRIPTION,1.18,0.0,39,425.1
2026-06,Flamingo Point Center Tower,Miami Beach Polygon,RECURRING_SUBSCRIPTION,4.74,106.32,531,14203.28
2026-06,Flamingo Point Center Tower,Miami Beach Polygon,TRIAL,2.75,45.76,33,803.01
2026-06,Flamingo Point North Tower,Miami Beach Polygon,RECURRING_SUBSCRIPTION,6.78,108.25,332,9328.93
2026-06,Flamingo South Beach,Miami Beach Polygon,CHURN,3.29,0.0,56,1688.18
2026-06,Flamingo South Beach,Miami Beach Polygon,RECURRING_SUBSCRIPTION,3.75,64.27,281,6683.95
2026-06,Flamingo South Beach,Miami Beach Polygon,TRIAL,3.25,57.54,13,566.8
2026-06,Flow Brickell,Flow Brickell Polygon,ON_DEMAND_SUBSCRIPTION,2.33,0.0,7,226.2
2026-06,Flow Brickell,Flow Brickell Polygon,RECURRING_SUBSCRIPTION,5.46,105.08,224,6423.3
2026-06,Flow Brickell,Flow Brickell Polygon,TRIAL,3.55,22.95,39,1254.5
2026-06,Flow Brickell,Flow Brickell Polygon,WARM_LEAD,7.0,0.0,42,1207.05
2026-06,Gindi 1,Unknown,CHURN,5.97,0.0,382,12530.57
2026-06,Gindi 2,Unknown,CHURN,7.15,1.94,293,8434.4
2026-06,Gindi 3,Unknown,CHURN,8.04,0.0,370,11032.32
2026-06,Gindi 3,Unknown,TRIAL,8.0,0.0,24,846.3
2026-06,Gindi 4,Unknown,CHURN,4.94,0.0,178,4948.84
2026-06,Grove Central Residences,Floating Miami,CHURN,5.14,0.0,36,892.45
2026-06,Grove Central Residences,Floating Miami,RECURRING_SUBSCRIPTION,8.0,107.1,80,2313.22
2026-06,Grove Central Residences,Floating Miami,TRIAL,8.0,0.0,8,227.11
2026-06,Grove Central Residences,Floating Miami,WARM_LEAD,2.0,36.5,4,154.7
2026-06,HaHehad,Unknown,CHURN,5.47,0.0,93,2901.47
2026-06,HaHehad,Unknown,TRIAL,4.5,0.0,9,248.3
2026-06,John Street 116,Financial District Polygon,CHURN,8.0,0.0,24,681.33
2026-06,John Street 116,Financial District Polygon,ON_DEMAND_SUBSCRIPTION,4.5,98.67,9,240.11
2026-06,John Street 116,Financial District Polygon,RECURRING_SUBSCRIPTION,6.8,102.88,68,1801.93
2026-06,Livana East Hanover,Chatham / West Orange Polygon,RECURRING_SUBSCRIPTION,4.42,106.29,84,2313.22
2026-06,Midtown 5,Floating Miami,CHURN,8.0,89.5,16,454.22
2026-06,Midtown 5,Floating Miami,RECURRING_SUBSCRIPTION,4.12,96.74,136,3857.1
2026-06,Nine 52,Hell's Kitchen Polygon,RECURRING_SUBSCRIPTION,6.93,140.05,104,3123.51
2026-06,Oliver on the Hudson,Floating Jersey,ON_DEMAND_SUBSCRIPTION,8.0,0.0,48,1362.66
2026-06,Oliver on the Hudson,Floating Jersey,RECURRING_SUBSCRIPTION,7.47,112.54,127,3672.5
2026-06,Oliver on the Hudson,Floating Jersey,TRIAL,8.0,0.0,8,227.11
2026-06,Oliver on the Hudson,Floating Jersey,WARM_LEAD,4.4,11.45,22,645.32
2026-06,One Harrison,Harrison Polygon,CHURN,2.0,18.0,6,214.5
2026-06,One Harrison,Harrison Polygon,RECURRING_SUBSCRIPTION,5.93,94.56,89,2462.46
2026-06,One Harrison,Harrison Polygon,TRIAL,8.0,0.0,24,681.33
2026-06,One Ten,Hoboken Polygon,CHURN,2.0,0.0,2,71.5
2026-06,One Ten,Hoboken Polygon,RECURRING_SUBSCRIPTION,3.56,74.12,139,3459.43
2026-06,Opera Tower,Edgeater Polygon,RECURRING_SUBSCRIPTION,8.0,202.0,8,227.11
2026-06,Plank Road,Boerum Hill Polygon,CHURN,8.0,0.0,32,908.44
2026-06,Plank Road,Boerum Hill Polygon,RECURRING_SUBSCRIPTION,8.0,143.33,48,1362.66
2026-06,Plank Road,Boerum Hill Polygon,TRIAL,5.0,89.0,5,170.95
2026-06,River Place,Hell's Kitchen Polygon,CHURN,4.18,0.0,46,1606.67
2026-06,River Place,Hell's Kitchen Polygon,ON_DEMAND_SUBSCRIPTION,5.0,26.13,55,1718.99
2026-06,River Place,Hell's Kitchen Polygon,RECURRING_SUBSCRIPTION,4.34,80.56,469,12820.21
2026-06,River Place,Hell's Kitchen Polygon,TRIAL,1.0,0.0,22,
2026-06,River Place,Hell's Kitchen Polygon,WARM_LEAD,1.48,31.67,43,369.07
2026-06,Rothschild 80,Unknown,CHURN,1.0,0.0,2,26.0
2026-06,Silver Towers,Hell's Kitchen Polygon,CHURN,7.2,0.0,36,1058.33
2026-06,Silver Towers,Hell's Kitchen Polygon,FREEMIUM,3.0,74.0,3,83.2
2026-06,Silver Towers,Hell's Kitchen Polygon,ON_DEMAND_SUBSCRIPTION,3.56,10.16,32,843.57
2026-06,Silver Towers,Hell's Kitchen Polygon,RECURRING_SUBSCRIPTION,3.46,91.9,1048,24872.12
2026-06,Silver Towers,Hell's Kitchen Polygon,TRIAL,8.0,0.0,8,227.11
2026-06,Silver Towers,Hell's Kitchen Polygon,WARM_LEAD,4.33,86.15,13,428.61
2026-06,Southgate Towers,Miami Beach Polygon,CHURN,6.21,0.0,118,3033.94
2026-06,Southgate Towers,Miami Beach Polygon,ON_DEMAND_SUBSCRIPTION,8.0,0.0,8,227.11
2026-06,Southgate Towers,Miami Beach Polygon,RECURRING_SUBSCRIPTION,6.11,75.43,116,3486.73
2026-06,Southgate Towers,Miami Beach Polygon,TRIAL,8.0,0.0,16,454.22
2026-06,Southgate Towers,Miami Beach Polygon,WARM_LEAD,4.5,116.78,9,240.11
2026-06,Stonehill,Chatham / West Orange Polygon,CHURN,2.0,0.0,2,71.5
2026-06,Stonehill,Chatham / West Orange Polygon,ON_DEMAND_SUBSCRIPTION,8.0,126.0,8,241.15
2026-06,Stonehill,Chatham / West Orange Polygon,RECURRING_SUBSCRIPTION,6.94,107.83,118,3460.73
2026-06,The Addison,Brooklyn Heights Polygon,CHURN,8.0,0.0,8,227.11
2026-06,The Addison,Brooklyn Heights Polygon,RECURRING_SUBSCRIPTION,2.0,39.0,10,357.5
2026-06,The Addison,Brooklyn Heights Polygon,WARM_LEAD,4.0,0.0,4,127.66
2026-06,The Bergen,Boerum Hill Polygon,RECURRING_SUBSCRIPTION,8.0,118.0,48,1362.66
2026-06,The Boulevard,Floating Miami,CHURN,7.0,0.0,21,636.87
2026-06,The Boulevard,Floating Miami,ON_DEMAND_SUBSCRIPTION,2.0,20.67,6,208.65
2026-06,The Boulevard,Floating Miami,RECURRING_SUBSCRIPTION,6.11,137.7,110,3143.79
2026-06,The Boulevard,Floating Miami,TRIAL,8.0,0.0,8,227.11
2026-06,The Boulevard,Floating Miami,WARM_LEAD,8.0,121.0,8,227.11
2026-06,The Buchanan,Floating NY 1,CHURN,8.0,0.0,8,227.11
2026-06,The Buchanan,Floating NY 1,RECURRING_SUBSCRIPTION,5.63,87.99,180,4747.34
2026-06,The Buchanan,Floating NY 1,WARM_LEAD,3.0,46.0,6,207.35
2026-06,The Devan,Hoboken Polygon,CHURN,8.0,0.0,8,227.11
2026-06,The Devan,Hoboken Polygon,RECURRING_SUBSCRIPTION,3.75,88.33,304,7850.83
2026-06,The Dime,Williamsburg Polygon,CHURN,3.0,0.0,6,166.4
2026-06,The Dime,Williamsburg Polygon,RECURRING_SUBSCRIPTION,7.27,125.75,80,2313.35
2026-06,The Eddy,Harrison Polygon,RECURRING_SUBSCRIPTION,5.0,122.73,60,1791.66
2026-06,The Eddy,Harrison Polygon,TRIAL,8.0,0.0,16,454.22
2026-06,The Enclave,Hoboken Polygon,CHURN,8.0,0.0,8,227.11
2026-06,The Enclave,Hoboken Polygon,RECURRING_SUBSCRIPTION,5.83,98.37,105,3187.08
2026-06,The Ivy,Chatham / West Orange Polygon,CHURN,7.2,18.89,72,2088.58
2026-06,The Ivy,Chatham / West Orange Polygon,ON_DEMAND_SUBSCRIPTION,8.0,138.0,16,454.22
2026-06,The Ivy,Chatham / West Orange Polygon,RECURRING_SUBSCRIPTION,6.57,135.53,151,4585.75
2026-06,The Kestrel,Floating NY 2,CHURN,4.0,0.0,8,271.7
2026-06,The Kestrel,Floating NY 2,ON_DEMAND_SUBSCRIPTION,8.0,0.0,16,454.22
2026-06,The Kestrel,Floating NY 2,RECURRING_SUBSCRIPTION,8.0,137.11,72,2043.99
2026-06,The Landing,Brooklyn Heights Polygon,ON_DEMAND_SUBSCRIPTION,9.0,0.0,18,489.32
2026-06,The Landing,Brooklyn Heights Polygon,RECURRING_SUBSCRIPTION,8.0,143.0,16,454.22
2026-06,The Landon,Hell's Kitchen Polygon,RECURRING_SUBSCRIPTION,7.11,107.64,64,1914.12
2026-06,The Landon,Hell's Kitchen Polygon,WARM_LEAD,1.05,0.91,22,71.5
2026-06,The Vitagraph,Floating NY 2,CHURN,8.0,0.0,16,454.22
2026-06,Union Channel ,Boerum Hill Polygon,RECURRING_SUBSCRIPTION,5.0,138.23,35,1084.33
2026-06,Watermarc at Biscayne Bay,Edgeater Polygon,CHURN,8.0,0.0,16,454.22
2026-06,Watermarc at Biscayne Bay,Edgeater Polygon,RECURRING_SUBSCRIPTION,7.69,99.0,100,2919.67
2026-06,Watermarc at Biscayne Bay,Edgeater Polygon,WARM_LEAD,6.5,36.92,13,421.46
2026-06,Woodside Central,Floating NY 1,FROZEN,5.0,93.0,5,194.35
2026-06,Woodside Central,Floating NY 1,RECURRING_SUBSCRIPTION,5.3,82.02,53,1565.59
2026-07,100 House,Hoboken Polygon,RECURRING_SUBSCRIPTION,6.93,141.96,97,2925.65
2026-07,1800 North Bayshore Drive,Edgeater Polygon,RECURRING_SUBSCRIPTION,8.0,176.0,8,227.11
2026-07,1 Boerum PL,Floating NY 2,CHURN,3.0,0.0,3,130.0
2026-07,1 Boerum PL,Floating NY 2,RECURRING_SUBSCRIPTION,5.44,178.79,98,2909.79
2026-07,1 River Place,Hell's Kitchen Polygon,RECURRING_SUBSCRIPTION,2.04,71.85,110,1816.88
2026-07,2000 Biscayne,Edgeater Polygon,RECURRING_SUBSCRIPTION,7.46,128.41,194,5391.23
2026-07,20 Broad Street,Financial District Polygon,CHURN,8.0,0.0,16,454.22
2026-07,20 Broad Street,Financial District Polygon,RECURRING_SUBSCRIPTION,5.76,98.58,196,5838.04
2026-07,20 Broad Street,Financial District Polygon,TRIAL,8.0,0.0,16,454.22
2026-07,250 E Houston,Floating NY 2,RECURRING_SUBSCRIPTION,8.0,142.0,56,1519.57
2026-07,300 Somerset,Harrison Polygon,RECURRING_SUBSCRIPTION,4.91,82.59,54,1529.45
2026-07,330 Angelo Cifelli,Harrison Polygon,RECURRING_SUBSCRIPTION,4.03,95.06,129,3849.95
2026-07,330W-56th,Hell's Kitchen Polygon,RECURRING_SUBSCRIPTION,4.82,80.64,53,1503.71
2026-07,345 Baldwin Avenue,Floating Jersey,RECURRING_SUBSCRIPTION,5.0,97.54,35,1049.23
2026-07,416 Kent Avenue,Williamsburg Polygon,RECURRING_SUBSCRIPTION,7.78,95.97,140,4057.56
2026-07,420 Kent Avenue,Williamsburg Polygon,RECURRING_SUBSCRIPTION,5.09,94.14,173,4760.47
2026-07,535 W 43rd Street,Hell's Kitchen Polygon,RECURRING_SUBSCRIPTION,5.56,134.56,50,1538.55
2026-07,561 10th Avenue,Hell's Kitchen Polygon,RECURRING_SUBSCRIPTION,5.0,61.0,10,267.02
2026-07,655 Union,Boerum Hill Polygon,RECURRING_SUBSCRIPTION,6.27,135.86,138,3952.78
2026-07,655 Union,Williamsburg Polygon,CHURN,8.0,0.0,8,227.11
2026-07,66 Rockwell Place,Brooklyn Heights Polygon,RECURRING_SUBSCRIPTION,4.41,99.97,75,2277.86
2026-07,66 Rockwell Place,Brooklyn Heights Polygon,TRIAL,1.0,0.0,1,13.0
2026-07,Agnes,Floating Jersey,RECURRING_SUBSCRIPTION,3.69,111.63,48,1463.02
2026-07,Alta,Floating NY 1,RECURRING_SUBSCRIPTION,5.95,100.92,131,3969.16
2026-07,Azrieli TLV,Unknown,CHURN,7.83,0.0,282,9138.87
2026-07,Bay Parc Apartments,Edgeater Polygon,CHURN,8.33,0.0,25,683.67
2026-07,Bay Parc Apartments,Edgeater Polygon,ON_DEMAND_SUBSCRIPTION,8.0,0.0,8,227.11
2026-07,Bay Parc Apartments,Edgeater Polygon,RECURRING_SUBSCRIPTION,7.48,116.07,329,9709.7
2026-07,Brooklyn Crossing,Boerum Hill Polygon,RECURRING_SUBSCRIPTION,7.17,115.19,301,8511.36
2026-07,Cite On The Bay,Edgeater Polygon,RECURRING_SUBSCRIPTION,8.0,179.0,16,454.22
2026-07,Dey and Bergen,Harrison Polygon,CHURN,3.0,0.0,3,124.15
2026-07,Flamingo Point Center Tower,Miami Beach Polygon,CHURN,8.0,0.0,32,908.44
2026-07,Flamingo Point Center Tower,Miami Beach Polygon,FROZEN,1.0,0.0,13,
2026-07,Flamingo Point Center Tower,Miami Beach Polygon,ON_DEMAND_SUBSCRIPTION,3.0,0.0,3,141.7
2026-07,Flamingo Point Center Tower,Miami Beach Polygon,RECURRING_SUBSCRIPTION,4.49,130.66,413,10898.68
2026-07,Flamingo Point Center Tower,Miami Beach Polygon,TRIAL,7.0,0.0,7,223.6
2026-07,Flamingo Point North Tower,Miami Beach Polygon,RECURRING_SUBSCRIPTION,7.02,154.25,309,9079.33
2026-07,Flamingo South Beach,Miami Beach Polygon,CHURN,2.33,0.0,7,267.15
2026-07,Flamingo South Beach,Miami Beach Polygon,RECURRING_SUBSCRIPTION,3.41,89.12,232,5351.58
2026-07,Flamingo South Beach,Miami Beach Polygon,TRIAL,3.0,0.0,3,130.0
2026-07,Flow Brickell,Flow Brickell Polygon,RECURRING_SUBSCRIPTION,6.28,130.25,182,5166.98
2026-07,Flow Brickell,Flow Brickell Polygon,TRIAL,3.25,0.0,13,385.45
2026-07,Flow Brickell,Flow Brickell Polygon,WARM_LEAD,8.0,0.0,8,227.11
2026-07,Gindi 1,Unknown,CHURN,6.35,0.0,165,5346.25
2026-07,Gindi 2,Unknown,CHURN,7.38,0.0,96,2853.5
2026-07,Gindi 3,Unknown,CHURN,8.2,0.0,164,5083.78
2026-07,Gindi 4,Unknown,CHURN,5.5,0.0,55,1687.53
2026-07,Grove Central Residences,Floating Miami,RECURRING_SUBSCRIPTION,8.0,138.63,64,1844.96
2026-07,HaHehad,Unknown,CHURN,5.17,0.0,31,956.67
2026-07,John Street 116,Financial District Polygon,RECURRING_SUBSCRIPTION,6.62,102.63,86,2269.15
2026-07,Livana East Hanover,Chatham / West Orange Polygon,RECURRING_SUBSCRIPTION,5.11,140.52,92,2547.09
2026-07,Midtown 5,Floating Miami,CHURN,8.0,0.0,8,227.11
2026-07,Midtown 5,Floating Miami,RECURRING_SUBSCRIPTION,4.55,106.75,150,4206.93
2026-07,Nine 52,Hell's Kitchen Polygon,RECURRING_SUBSCRIPTION,6.85,136.36,89,2721.94
2026-07,Oliver on the Hudson,Floating Jersey,ON_DEMAND_SUBSCRIPTION,8.0,0.0,8,227.11
2026-07,Oliver on the Hudson,Floating Jersey,RECURRING_SUBSCRIPTION,7.43,125.97,156,4548.18
2026-07,One Harrison,Harrison Polygon,RECURRING_SUBSCRIPTION,6.14,104.21,86,2332.46
2026-07,One Harrison,Harrison Polygon,TRIAL,8.0,0.0,8,227.11
2026-07,One Ten,Hoboken Polygon,RECURRING_SUBSCRIPTION,3.19,82.57,115,2778.1
2026-07,Opera Tower,Edgeater Polygon,RECURRING_SUBSCRIPTION,8.0,202.0,8,227.11
2026-07,Plank Road,Boerum Hill Polygon,RECURRING_SUBSCRIPTION,8.0,141.75,64,1816.88
2026-07,River Place,Hell's Kitchen Polygon,CHURN,5.0,6.8,20,681.46
2026-07,River Place,Hell's Kitchen Polygon,ON_DEMAND_SUBSCRIPTION,6.5,0.0,13,421.46
2026-07,River Place,Hell's Kitchen Polygon,RECURRING_SUBSCRIPTION,4.62,90.99,485,13174.2
2026-07,River Place,Hell's Kitchen Polygon,TRIAL,1.0,0.0,3,
2026-07,Silver Towers,Hell's Kitchen Polygon,RECURRING_SUBSCRIPTION,3.4,100.85,1037,24362.26
2026-07,Southgate Towers,Miami Beach Polygon,CHURN,2.5,0.0,15,446.55
2026-07,Southgate Towers,Miami Beach Polygon,RECURRING_SUBSCRIPTION,5.81,98.39,93,2779.66
2026-07,Stonehill,Chatham / West Orange Polygon,RECURRING_SUBSCRIPTION,6.78,114.33,122,3602.43
2026-07,The Addison,Brooklyn Heights Polygon,RECURRING_SUBSCRIPTION,2.0,37.67,6,214.5
2026-07,The Bergen,Boerum Hill Polygon,RECURRING_SUBSCRIPTION,8.0,118.0,40,1135.55
2026-07,The Boulevard,Floating Miami,CHURN,8.0,0.0,8,227.11
2026-07,The Boulevard,Floating Miami,RECURRING_SUBSCRIPTION,6.2,138.66,93,2731.56
2026-07,The Buchanan,Floating NY 1,RECURRING_SUBSCRIPTION,6.15,113.16,166,4639.05
2026-07,The Devan,Hoboken Polygon,CHURN,8.0,0.0,8,227.11
2026-07,The Devan,Hoboken Polygon,RECURRING_SUBSCRIPTION,3.53,100.29,307,7664.54
2026-07,The Dime,Williamsburg Polygon,CHURN,3.0,0.0,3,83.2
2026-07,The Dime,Williamsburg Polygon,RECURRING_SUBSCRIPTION,7.09,126.46,78,2284.1
2026-07,The Eddy,Harrison Polygon,RECURRING_SUBSCRIPTION,5.31,128.06,69,2071.42
2026-07,The Enclave,Hoboken Polygon,RECURRING_SUBSCRIPTION,5.77,100.83,75,2333.5
2026-07,The Ivy,Chatham / West Orange Polygon,CHURN,8.0,0.0,16,454.22
2026-07,The Ivy,Chatham / West Orange Polygon,ON_DEMAND_SUBSCRIPTION,8.0,167.0,16,454.22
2026-07,The Ivy,Chatham / West Orange Polygon,RECURRING_SUBSCRIPTION,6.81,147.65,143,4358.64
2026-07,The Kestrel,Floating NY 2,ON_DEMAND_SUBSCRIPTION,8.0,0.0,8,227.11
2026-07,The Kestrel,Floating NY 2,RECURRING_SUBSCRIPTION,8.0,147.0,64,1816.88
2026-07,The Landing,Brooklyn Heights Polygon,ON_DEMAND_SUBSCRIPTION,9.0,0.0,9,244.66
2026-07,The Landing,Brooklyn Heights Polygon,RECURRING_SUBSCRIPTION,8.0,143.0,16,454.22
2026-07,The Landon,Hell's Kitchen Polygon,RECURRING_SUBSCRIPTION,6.67,121.37,80,2368.34
2026-07,Union Channel ,Boerum Hill Polygon,RECURRING_SUBSCRIPTION,5.88,139.36,47,1408.55
2026-07,Watermarc at Biscayne Bay,Edgeater Polygon,CHURN,8.0,0.0,8,227.11
2026-07,Watermarc at Biscayne Bay,Edgeater Polygon,RECURRING_SUBSCRIPTION,7.6,148.79,76,2238.34
2026-07,Woodside Central,Floating NY 1,RECURRING_SUBSCRIPTION,4.67,90.9,42,1168.83
