visit_month,project,neighbourhood,apt_status,finished_completed,finished,completed,pending,cancelled,net_revenue,avg_duration_mins
2023-05,Azrieli TLV,Unknown,CHURN,15,7,8,0,0,979.73,
2023-05,Azrieli TLV,Unknown,TRIAL,5,4,1,0,0,87.4,
2023-06,Azrieli TLV,Unknown,CHURN,34,24,10,0,1,1763.37,
2023-06,Azrieli TLV,Unknown,ON_DEMAND_SUBSCRIPTION,0,0,0,0,1,,
2023-06,Azrieli TLV,Unknown,RECURRING_SUBSCRIPTION,1,0,1,0,0,0.0,
2023-06,Azrieli TLV,Unknown,TRIAL,9,6,3,0,2,349.59,
2023-07,100 House,Hoboken Polygon,CHURN,1,1,0,0,2,75.0,
2023-07,Azrieli TLV,Unknown,CHURN,45,31,14,0,5,2628.01,
2023-07,Azrieli TLV,Unknown,ON_DEMAND_SUBSCRIPTION,1,1,0,0,0,105.75,
2023-07,Azrieli TLV,Unknown,TRIAL,0,0,0,0,4,,
2023-07,Gindi 1,Unknown,CHURN,32,20,12,0,14,1358.08,
2023-07,Gindi 1,Unknown,COLD_LEAD,0,0,0,0,1,,
2023-07,Gindi 1,Unknown,FROZEN,1,0,1,0,1,57.26,
2023-07,Gindi 1,Unknown,ON_DEMAND_SUBSCRIPTION,1,0,1,0,1,0.0,
2023-07,Gindi 1,Unknown,RECURRING_SUBSCRIPTION,3,1,2,0,0,276.99,
2023-07,Gindi 1,Unknown,TRIAL,4,3,1,0,3,89.04,
2023-08,100 House,Hoboken Polygon,CHURN,1,1,0,0,1,160.8,
2023-08,100 House,Hoboken Polygon,FREEMIUM,2,2,0,0,0,160.0,
2023-08,100 House,Hoboken Polygon,ON_DEMAND_SUBSCRIPTION,1,0,1,0,0,108.8,
2023-08,Azrieli TLV,Unknown,CHURN,50,39,11,0,14,2963.84,
2023-08,Azrieli TLV,Unknown,ON_DEMAND_SUBSCRIPTION,3,1,2,0,1,78.63,
2023-08,Gindi 1,Unknown,CHURN,55,45,10,0,18,2652.33,
2023-08,Gindi 1,Unknown,FROZEN,6,5,1,0,1,187.12,
2023-08,Gindi 1,Unknown,ON_DEMAND_SUBSCRIPTION,8,3,5,0,6,531.51,
2023-08,Gindi 1,Unknown,RECURRING_SUBSCRIPTION,12,7,5,0,5,722.19,
2023-08,Gindi 1,Unknown,TRIAL,8,4,4,0,4,409.82,
2023-08,Gindi 2,Unknown,CHURN,22,16,6,0,13,1181.1,
2023-08,Gindi 2,Unknown,COLD_LEAD,0,0,0,0,5,,
2023-08,Gindi 2,Unknown,ON_DEMAND_SUBSCRIPTION,5,1,4,0,5,216.44,
2023-08,Gindi 2,Unknown,TRIAL,8,7,1,0,1,458.63,
2023-08,Gindi 3,Unknown,COLD_LEAD,0,0,0,0,1,,
2023-08,Gindi 4,Unknown,CHURN,6,0,6,0,4,107.95,
2023-08,One Ten,Hoboken Polygon,FREEMIUM,0,0,0,0,1,,
2023-08,One Ten,Hoboken Polygon,RECURRING_SUBSCRIPTION,1,0,1,0,0,100.0,
2023-09,100 House,Hoboken Polygon,CHURN,2,2,0,0,1,260.8,
2023-09,100 House,Hoboken Polygon,FREEMIUM,0,0,0,0,2,,
2023-09,100 House,Hoboken Polygon,ON_DEMAND_SUBSCRIPTION,2,1,1,0,1,139.8,
2023-09,829 Garfield,Floating Jersey,CHURN,2,1,1,0,2,199.0,
2023-09,Azrieli TLV,Unknown,CHURN,53,51,2,0,4,3004.35,
2023-09,Azrieli TLV,Unknown,FROZEN,0,0,0,0,2,,
2023-09,Azrieli TLV,Unknown,ON_DEMAND_SUBSCRIPTION,6,5,1,0,0,176.64,
2023-09,Azrieli TLV,Unknown,TRIAL,1,1,0,0,0,0.0,
2023-09,Gindi 1,Unknown,CHURN,60,53,7,0,16,2710.36,
2023-09,Gindi 1,Unknown,COLD_LEAD,0,0,0,0,2,,
2023-09,Gindi 1,Unknown,FROZEN,3,1,2,0,1,114.52,
2023-09,Gindi 1,Unknown,ON_DEMAND_SUBSCRIPTION,1,1,0,0,1,51.78,
2023-09,Gindi 1,Unknown,RECURRING_SUBSCRIPTION,8,6,2,0,3,573.42,
2023-09,Gindi 1,Unknown,TRIAL,2,1,1,0,0,133.97,
2023-09,Gindi 2,Unknown,CHURN,32,25,7,0,11,2381.21,
2023-09,Gindi 2,Unknown,COLD_LEAD,0,0,0,0,1,,
2023-09,Gindi 2,Unknown,ON_DEMAND_SUBSCRIPTION,6,1,5,0,0,400.27,
2023-09,Gindi 2,Unknown,RECURRING_SUBSCRIPTION,1,1,0,0,0,43.84,
2023-09,Gindi 2,Unknown,TRIAL,7,7,0,0,4,441.1,
2023-09,Gindi 3,Unknown,CHURN,9,5,4,0,3,742.19,
2023-09,Gindi 3,Unknown,ON_DEMAND_SUBSCRIPTION,8,5,3,0,0,461.64,
2023-09,Gindi 3,Unknown,RECURRING_SUBSCRIPTION,5,3,2,0,1,333.66,
2023-09,Gindi 3,Unknown,TRIAL,2,1,1,0,0,189.59,
2023-09,Gindi 4,Unknown,CHURN,6,3,3,0,3,237.81,
2023-09,One Ten,Hoboken Polygon,CHURN,3,3,0,0,0,148.0,
2023-09,One Ten,Hoboken Polygon,FREEMIUM,3,3,0,0,3,147.25,
2023-09,One Ten,Hoboken Polygon,ON_DEMAND_SUBSCRIPTION,0,0,0,0,1,,
2023-09,One Ten,Hoboken Polygon,RECURRING_SUBSCRIPTION,3,3,0,0,0,271.25,
2023-09,The Enclave,Hoboken Polygon,CHURN,1,0,1,0,0,100.0,
2023-09,The Enclave,Hoboken Polygon,RECURRING_SUBSCRIPTION,1,0,1,0,0,50.0,
2023-10,100 House,Hoboken Polygon,CHURN,3,2,1,0,0,329.8,
2023-10,100 House,Hoboken Polygon,ON_DEMAND_SUBSCRIPTION,4,2,2,0,1,185.8,
2023-10,829 Garfield,Floating Jersey,CHURN,20,12,8,0,1,1796.0,
2023-10,829 Garfield,Floating Jersey,TRIAL,2,1,1,0,0,146.0,
2023-10,Azrieli TLV,Unknown,CHURN,44,38,6,0,21,2403.84,
2023-10,Azrieli TLV,Unknown,TRIAL,1,1,0,0,0,87.4,
2023-10,Gindi 1,Unknown,CHURN,49,42,7,0,35,2285.36,
2023-10,Gindi 1,Unknown,FROZEN,3,3,0,0,1,114.52,
2023-10,Gindi 1,Unknown,ON_DEMAND_SUBSCRIPTION,12,10,2,0,0,864.84,
2023-10,Gindi 1,Unknown,RECURRING_SUBSCRIPTION,12,10,2,0,6,797.81,
2023-10,Gindi 1,Unknown,TRIAL,2,1,1,0,0,215.62,
2023-10,Gindi 2,Unknown,CHURN,25,22,3,0,17,1568.72,
2023-10,Gindi 2,Unknown,ON_DEMAND_SUBSCRIPTION,9,6,3,0,2,641.39,
2023-10,Gindi 2,Unknown,RECURRING_SUBSCRIPTION,2,2,0,0,0,87.67,
2023-10,Gindi 2,Unknown,TRIAL,5,5,0,0,11,302.19,
2023-10,Gindi 3,Unknown,CHURN,33,30,3,0,13,2356.08,
2023-10,Gindi 3,Unknown,ON_DEMAND_SUBSCRIPTION,14,13,1,0,5,990.94,
2023-10,Gindi 3,Unknown,RECURRING_SUBSCRIPTION,4,3,1,0,3,286.58,
2023-10,Gindi 3,Unknown,TRIAL,5,3,2,0,0,231.58,
2023-10,Gindi 4,Unknown,CHURN,10,9,1,0,1,207.4,
2023-10,One Ten,Hoboken Polygon,CHURN,9,7,2,0,0,410.0,
2023-10,One Ten,Hoboken Polygon,FREEMIUM,6,2,4,0,11,416.0,
2023-10,One Ten,Hoboken Polygon,ON_DEMAND_SUBSCRIPTION,1,1,0,0,2,90.0,
2023-10,One Ten,Hoboken Polygon,RECURRING_SUBSCRIPTION,2,2,0,0,1,171.25,
2023-10,The Enclave,Hoboken Polygon,CHURN,7,4,3,0,0,610.0,
2023-10,The Enclave,Hoboken Polygon,RECURRING_SUBSCRIPTION,1,1,0,0,0,50.0,
2023-11,100 House,Hoboken Polygon,CHURN,4,2,2,0,0,477.8,
2023-11,100 House,Hoboken Polygon,ON_DEMAND_SUBSCRIPTION,5,4,1,0,0,200.8,
2023-11,829 Garfield,Floating Jersey,CHURN,20,17,3,0,2,1926.0,
2023-11,829 Garfield,Floating Jersey,TRIAL,0,0,0,0,2,,
2023-11,Azrieli TLV,Unknown,CHURN,47,47,0,0,25,2650.0,
2023-11,Azrieli TLV,Unknown,ON_DEMAND_SUBSCRIPTION,1,0,1,0,0,0.0,
2023-11,Azrieli TLV,Unknown,TRIAL,3,3,0,0,0,143.29,
2023-11,Gindi 1,Unknown,CHURN,68,58,10,0,24,3834.35,
2023-11,Gindi 1,Unknown,FROZEN,3,3,0,0,0,114.52,
2023-11,Gindi 1,Unknown,ON_DEMAND_SUBSCRIPTION,17,16,1,0,0,1203.14,
2023-11,Gindi 1,Unknown,RECURRING_SUBSCRIPTION,11,9,2,0,1,881.37,
2023-11,Gindi 1,Unknown,TRIAL,1,0,1,0,2,141.92,
2023-11,Gindi 2,Unknown,CHURN,18,18,0,0,11,1096.41,
2023-11,Gindi 2,Unknown,ON_DEMAND_SUBSCRIPTION,8,7,1,0,2,427.67,
2023-11,Gindi 2,Unknown,RECURRING_SUBSCRIPTION,6,5,1,0,1,253.28,
2023-11,Gindi 2,Unknown,TRIAL,6,6,0,0,4,407.12,
2023-11,Gindi 3,Unknown,CHURN,66,63,3,0,18,3974.92,
2023-11,Gindi 3,Unknown,ON_DEMAND_SUBSCRIPTION,7,7,0,0,1,343.29,
2023-11,Gindi 3,Unknown,RECURRING_SUBSCRIPTION,8,5,3,0,1,793.7,
2023-11,Gindi 3,Unknown,TRIAL,2,1,1,0,0,133.97,
2023-11,Gindi 4,Unknown,CHURN,12,11,1,0,5,266.85,
2023-11,One Ten,Hoboken Polygon,CHURN,6,5,1,0,5,305.0,
2023-11,One Ten,Hoboken Polygon,FREEMIUM,1,1,0,0,6,26.0,
2023-11,One Ten,Hoboken Polygon,ON_DEMAND_SUBSCRIPTION,1,1,0,0,0,90.0,
2023-11,One Ten,Hoboken Polygon,RECURRING_SUBSCRIPTION,5,2,3,0,0,519.25,
2023-11,The Enclave,Hoboken Polygon,CHURN,11,5,6,0,0,1068.0,
2023-11,The Enclave,Hoboken Polygon,FREEMIUM,1,1,0,0,0,148.0,
2023-11,The Enclave,Hoboken Polygon,RECURRING_SUBSCRIPTION,2,1,1,0,1,100.0,
2023-12,100 House,Hoboken Polygon,CHURN,5,2,3,0,0,546.8,
2023-12,100 House,Hoboken Polygon,ON_DEMAND_SUBSCRIPTION,5,5,0,0,1,200.8,
2023-12,829 Garfield,Floating Jersey,CHURN,15,12,3,0,7,1442.0,
2023-12,829 Garfield,Floating Jersey,TRIAL,1,0,1,0,3,92.0,
2023-12,Azrieli TLV,Unknown,CHURN,59,53,6,0,17,2955.43,
2023-12,Azrieli TLV,Unknown,ON_DEMAND_SUBSCRIPTION,1,0,1,0,0,16.16,
2023-12,Gindi 1,Unknown,CHURN,84,69,15,0,32,4846.96,
2023-12,Gindi 1,Unknown,FROZEN,2,2,0,0,1,114.52,
2023-12,Gindi 1,Unknown,ON_DEMAND_SUBSCRIPTION,10,9,1,0,13,955.33,
2023-12,Gindi 1,Unknown,RECURRING_SUBSCRIPTION,8,6,2,0,5,572.6,
2023-12,Gindi 1,Unknown,TRIAL,4,4,0,0,2,386.3,
2023-12,Gindi 2,Unknown,CHURN,26,26,0,0,5,1675.75,
2023-12,Gindi 2,Unknown,ON_DEMAND_SUBSCRIPTION,4,2,2,0,3,243.01,
2023-12,Gindi 2,Unknown,RECURRING_SUBSCRIPTION,6,6,0,0,0,409.59,
2023-12,Gindi 3,Unknown,CHURN,93,87,6,0,13,5950.45,
2023-12,Gindi 3,Unknown,ON_DEMAND_SUBSCRIPTION,8,8,0,0,5,419.45,
2023-12,Gindi 3,Unknown,RECURRING_SUBSCRIPTION,13,9,4,0,4,1322.74,
2023-12,Gindi 3,Unknown,TRIAL,5,5,0,0,1,439.45,
2023-12,Gindi 4,Unknown,CHURN,11,10,1,0,1,287.67,
2023-12,One Ten,Hoboken Polygon,CHURN,6,6,0,0,5,305.0,
2023-12,One Ten,Hoboken Polygon,FREEMIUM,2,2,0,0,5,94.0,
2023-12,One Ten,Hoboken Polygon,ON_DEMAND_SUBSCRIPTION,2,2,0,0,0,180.0,
2023-12,One Ten,Hoboken Polygon,RECURRING_SUBSCRIPTION,3,2,1,0,2,271.25,
2023-12,Silver Towers,Hell's Kitchen Polygon,CHURN,6,4,2,0,13,341.5,
2023-12,Silver Towers,Hell's Kitchen Polygon,FREEMIUM,2,2,0,0,2,161.0,
2023-12,Silver Towers,Hell's Kitchen Polygon,FROZEN,1,1,0,0,0,92.0,
2023-12,Silver Towers,Hell's Kitchen Polygon,ON_DEMAND_SUBSCRIPTION,6,3,3,0,7,309.0,
2023-12,Silver Towers,Hell's Kitchen Polygon,RECURRING_SUBSCRIPTION,11,6,5,0,31,1252.0,
2023-12,Silver Towers,Hell's Kitchen Polygon,TRIAL,5,2,3,0,2,308.0,
2023-12,The Enclave,Hoboken Polygon,CHURN,6,4,2,0,3,576.0,
2023-12,The Enclave,Hoboken Polygon,FREEMIUM,0,0,0,0,1,,
2023-12,The Enclave,Hoboken Polygon,RECURRING_SUBSCRIPTION,2,2,0,0,0,100.0,
2024-01,100 House,Hoboken Polygon,CHURN,9,6,3,0,15,910.0,
2024-01,100 House,Hoboken Polygon,ON_DEMAND_SUBSCRIPTION,0,0,0,0,6,,
2024-01,829 Garfield,Floating Jersey,CHURN,10,9,1,0,15,981.0,
2024-01,829 Garfield,Floating Jersey,TRIAL,1,1,0,0,2,104.0,
2024-01,Azrieli TLV,Unknown,CHURN,60,51,9,0,21,3374.91,
2024-01,Azrieli TLV,Unknown,ON_DEMAND_SUBSCRIPTION,3,3,0,0,0,109.59,
2024-01,Azrieli TLV,Unknown,TRIAL,2,2,0,0,0,86.58,
2024-01,Gindi 1,Unknown,CHURN,95,80,15,0,29,5734.8,
2024-01,Gindi 1,Unknown,COLD_LEAD,0,0,0,0,2,,
2024-01,Gindi 1,Unknown,FROZEN,2,2,0,0,2,57.26,
2024-01,Gindi 1,Unknown,ON_DEMAND_SUBSCRIPTION,7,6,1,0,16,664.93,
2024-01,Gindi 1,Unknown,RECURRING_SUBSCRIPTION,18,15,3,0,2,1278.9,
2024-01,Gindi 1,Unknown,TRIAL,5,3,2,0,6,230.45,
2024-01,Gindi 2,Unknown,CHURN,23,19,4,0,10,1425.84,
2024-01,Gindi 2,Unknown,ON_DEMAND_SUBSCRIPTION,7,3,4,0,0,336.9,
2024-01,Gindi 2,Unknown,RECURRING_SUBSCRIPTION,6,5,1,0,4,413.15,
2024-01,Gindi 2,Unknown,TRIAL,1,0,1,0,0,87.63,
2024-01,Gindi 3,Unknown,CHURN,106,97,9,0,10,6725.48,
2024-01,Gindi 3,Unknown,FROZEN,1,1,0,0,0,43.84,
2024-01,Gindi 3,Unknown,ON_DEMAND_SUBSCRIPTION,11,7,4,0,4,597.53,
2024-01,Gindi 3,Unknown,RECURRING_SUBSCRIPTION,15,6,9,0,1,1594.79,
2024-01,Gindi 3,Unknown,TRIAL,24,23,1,0,7,1994.52,
2024-01,Gindi 4,Unknown,CHURN,11,6,5,0,0,344.93,
2024-01,Gindi 4,Unknown,RECURRING_SUBSCRIPTION,2,1,1,0,0,71.68,
2024-01,One Ten,Hoboken Polygon,CHURN,4,4,0,0,8,179.0,
2024-01,One Ten,Hoboken Polygon,FREEMIUM,2,1,1,0,5,161.0,
2024-01,One Ten,Hoboken Polygon,ON_DEMAND_SUBSCRIPTION,1,1,0,0,1,68.0,
2024-01,One Ten,Hoboken Polygon,RECURRING_SUBSCRIPTION,2,1,1,0,1,248.0,
2024-01,River Place,Hell's Kitchen Polygon,CHURN,4,0,4,0,2,331.0,
2024-01,River Place,Hell's Kitchen Polygon,FREEMIUM,1,0,1,0,1,0.0,
2024-01,River Place,Hell's Kitchen Polygon,ON_DEMAND_SUBSCRIPTION,2,0,2,0,0,60.0,
2024-01,River Place,Hell's Kitchen Polygon,RECURRING_SUBSCRIPTION,6,3,3,0,24,422.0,
2024-01,River Place,Hell's Kitchen Polygon,TRIAL,4,2,2,0,0,167.0,
2024-01,River Place,Hell's Kitchen Polygon,WARM_LEAD,1,0,1,0,1,47.0,
2024-01,Silver Towers,Hell's Kitchen Polygon,CHURN,27,23,4,0,29,1827.0,
2024-01,Silver Towers,Hell's Kitchen Polygon,FREEMIUM,2,2,0,0,7,180.0,
2024-01,Silver Towers,Hell's Kitchen Polygon,FROZEN,1,0,1,0,0,92.0,
2024-01,Silver Towers,Hell's Kitchen Polygon,ON_DEMAND_SUBSCRIPTION,15,12,3,0,11,931.75,
2024-01,Silver Towers,Hell's Kitchen Polygon,RECURRING_SUBSCRIPTION,27,19,8,0,19,2920.0,
2024-01,Silver Towers,Hell's Kitchen Polygon,TRIAL,7,5,2,0,11,338.0,
2024-01,The Enclave,Hoboken Polygon,CHURN,8,4,4,0,3,690.0,
2024-01,The Enclave,Hoboken Polygon,FREEMIUM,1,1,0,0,1,148.0,
2024-01,The Enclave,Hoboken Polygon,RECURRING_SUBSCRIPTION,3,3,0,0,0,150.0,
2024-02,100 House,Hoboken Polygon,CHURN,9,7,2,0,4,923.0,
2024-02,100 House,Hoboken Polygon,ON_DEMAND_SUBSCRIPTION,0,0,0,0,1,,
2024-02,829 Garfield,Floating Jersey,CHURN,5,4,1,0,12,451.0,
2024-02,829 Garfield,Floating Jersey,TRIAL,0,0,0,0,2,,
2024-02,Azrieli TLV,Unknown,CHURN,56,52,4,0,10,3163.79,
2024-02,Azrieli TLV,Unknown,ON_DEMAND_SUBSCRIPTION,5,4,1,0,4,396.44,
2024-02,Azrieli TLV,Unknown,TRIAL,0,0,0,0,1,,
2024-02,Gindi 1,Unknown,CHURN,82,72,10,0,16,5073.64,
2024-02,Gindi 1,Unknown,FROZEN,1,1,0,0,2,0.0,
2024-02,Gindi 1,Unknown,ON_DEMAND_SUBSCRIPTION,3,3,0,0,3,386.85,
2024-02,Gindi 1,Unknown,RECURRING_SUBSCRIPTION,12,8,4,0,7,1121.92,
2024-02,Gindi 1,Unknown,TRIAL,2,2,0,0,2,69.59,
2024-02,Gindi 2,Unknown,CHURN,17,16,1,0,5,1174.79,
2024-02,Gindi 2,Unknown,ON_DEMAND_SUBSCRIPTION,4,1,3,0,0,258.63,
2024-02,Gindi 2,Unknown,RECURRING_SUBSCRIPTION,5,5,0,0,2,267.95,
2024-02,Gindi 3,Unknown,CHURN,104,96,8,0,17,6305.48,
2024-02,Gindi 3,Unknown,COLD_LEAD,0,0,0,0,1,,
2024-02,Gindi 3,Unknown,FROZEN,1,1,0,0,1,128.22,
2024-02,Gindi 3,Unknown,ON_DEMAND_SUBSCRIPTION,12,11,1,0,4,861.37,
2024-02,Gindi 3,Unknown,RECURRING_SUBSCRIPTION,9,4,5,0,5,985.75,
2024-02,Gindi 3,Unknown,TRIAL,2,1,1,0,18,151.78,
2024-02,Gindi 4,Unknown,CHURN,10,3,7,0,1,262.47,
2024-02,Gindi 4,Unknown,RECURRING_SUBSCRIPTION,1,0,1,0,0,133.97,
2024-02,One Ten,Hoboken Polygon,CHURN,3,2,1,0,5,123.0,
2024-02,One Ten,Hoboken Polygon,FREEMIUM,2,1,1,0,3,161.0,
2024-02,One Ten,Hoboken Polygon,ON_DEMAND_SUBSCRIPTION,1,1,0,0,1,68.0,
2024-02,One Ten,Hoboken Polygon,RECURRING_SUBSCRIPTION,4,3,1,0,2,459.25,
2024-02,River Place,Hell's Kitchen Polygon,CHURN,13,4,9,0,6,938.0,
2024-02,River Place,Hell's Kitchen Polygon,FREEMIUM,6,3,3,0,18,418.0,
2024-02,River Place,Hell's Kitchen Polygon,ON_DEMAND_SUBSCRIPTION,2,2,0,0,3,68.0,
2024-02,River Place,Hell's Kitchen Polygon,RECURRING_SUBSCRIPTION,11,4,7,0,26,875.0,
2024-02,River Place,Hell's Kitchen Polygon,TRIAL,5,4,1,0,1,253.0,
2024-02,Silver Towers,Hell's Kitchen Polygon,CHURN,29,23,6,0,11,1960.0,
2024-02,Silver Towers,Hell's Kitchen Polygon,FREEMIUM,3,2,1,0,11,125.0,
2024-02,Silver Towers,Hell's Kitchen Polygon,FROZEN,0,0,0,0,1,,
2024-02,Silver Towers,Hell's Kitchen Polygon,ON_DEMAND_SUBSCRIPTION,13,10,3,0,2,704.0,
2024-02,Silver Towers,Hell's Kitchen Polygon,RECURRING_SUBSCRIPTION,32,22,10,0,14,3011.0,
2024-02,Silver Towers,Hell's Kitchen Polygon,TRIAL,4,2,2,0,11,262.0,
2024-02,The Enclave,Hoboken Polygon,CHURN,7,5,2,0,5,596.0,
2024-02,The Enclave,Hoboken Polygon,RECURRING_SUBSCRIPTION,2,1,1,0,0,100.0,
2024-03,100 House,Hoboken Polygon,CHURN,7,6,1,0,3,701.0,143.0
2024-03,100 House,Hoboken Polygon,ON_DEMAND_SUBSCRIPTION,2,1,1,0,2,46.0,56.0
2024-03,829 Garfield,Floating Jersey,CHURN,5,5,0,0,8,508.0,130.0
2024-03,Azrieli TLV,Unknown,CHURN,51,51,0,0,13,2794.75,105.0
2024-03,Azrieli TLV,Unknown,COLD_LEAD,0,0,0,0,2,,
2024-03,Azrieli TLV,Unknown,ON_DEMAND_SUBSCRIPTION,8,7,1,0,3,639.73,102.0
2024-03,Azrieli TLV,Unknown,TRIAL,2,2,0,0,3,277.81,248.0
2024-03,Gindi 1,Unknown,CHURN,94,85,9,0,24,5205.36,125.0
2024-03,Gindi 1,Unknown,FROZEN,1,1,0,0,2,67.12,155.0
2024-03,Gindi 1,Unknown,ON_DEMAND_SUBSCRIPTION,8,8,0,0,4,561.1,
2024-03,Gindi 1,Unknown,RECURRING_SUBSCRIPTION,17,14,3,0,3,1076.16,110.0
2024-03,Gindi 1,Unknown,TRIAL,3,3,0,0,0,225.48,30.0
2024-03,Gindi 2,Unknown,CHURN,26,21,5,0,3,1521.23,111.0
2024-03,Gindi 2,Unknown,COLD_LEAD,1,1,0,0,1,0.0,
2024-03,Gindi 2,Unknown,ON_DEMAND_SUBSCRIPTION,10,7,3,0,4,671.78,139.0
2024-03,Gindi 2,Unknown,RECURRING_SUBSCRIPTION,8,8,0,0,2,486.85,85.0
2024-03,Gindi 2,Unknown,TRIAL,2,2,0,0,0,97.26,
2024-03,Gindi 3,Unknown,CHURN,127,122,5,0,26,8648.88,115.0
2024-03,Gindi 3,Unknown,FROZEN,0,0,0,0,1,,
2024-03,Gindi 3,Unknown,ON_DEMAND_SUBSCRIPTION,16,14,2,0,4,826.85,149.0
2024-03,Gindi 3,Unknown,RECURRING_SUBSCRIPTION,14,11,3,0,0,1466.58,132.0
2024-03,Gindi 3,Unknown,TRIAL,3,1,2,0,4,163.29,133.0
2024-03,Gindi 4,Unknown,CHURN,13,10,3,0,4,452.05,90.0
2024-03,Gindi 4,Unknown,RECURRING_SUBSCRIPTION,1,1,0,0,1,71.68,
2024-03,John Street 116,Financial District Polygon,CHURN,2,0,2,0,1,216.0,131.0
2024-03,John Street 116,Financial District Polygon,RECURRING_SUBSCRIPTION,2,2,0,0,6,146.0,136.0
2024-03,John Street 116,Financial District Polygon,TRIAL,7,4,3,0,1,501.0,101.0
2024-03,One Ten,Hoboken Polygon,CHURN,5,3,2,0,3,233.0,66.0
2024-03,One Ten,Hoboken Polygon,FREEMIUM,1,0,1,0,3,69.0,122.0
2024-03,One Ten,Hoboken Polygon,ON_DEMAND_SUBSCRIPTION,1,0,1,0,1,63.0,123.0
2024-03,One Ten,Hoboken Polygon,RECURRING_SUBSCRIPTION,4,4,0,0,0,459.25,137.0
2024-03,River Place,Hell's Kitchen Polygon,CHURN,14,7,7,0,16,989.0,75.0
2024-03,River Place,Hell's Kitchen Polygon,FREEMIUM,1,1,0,0,24,0.0,68.0
2024-03,River Place,Hell's Kitchen Polygon,ON_DEMAND_SUBSCRIPTION,11,6,5,0,3,307.0,54.0
2024-03,River Place,Hell's Kitchen Polygon,RECURRING_SUBSCRIPTION,16,12,4,0,2,1015.0,61.0
2024-03,River Place,Hell's Kitchen Polygon,TRIAL,2,2,0,0,2,92.0,64.0
2024-03,Silver Towers,Hell's Kitchen Polygon,CHURN,25,20,5,0,16,1645.0,85.0
2024-03,Silver Towers,Hell's Kitchen Polygon,FREEMIUM,3,2,1,0,3,69.0,79.0
2024-03,Silver Towers,Hell's Kitchen Polygon,FROZEN,2,1,1,0,1,140.0,90.0
2024-03,Silver Towers,Hell's Kitchen Polygon,ON_DEMAND_SUBSCRIPTION,14,8,6,0,9,895.0,75.0
2024-03,Silver Towers,Hell's Kitchen Polygon,RECURRING_SUBSCRIPTION,28,25,3,0,14,2773.0,91.0
2024-03,Silver Towers,Hell's Kitchen Polygon,TRIAL,7,5,2,0,5,194.0,73.0
2024-03,The Enclave,Hoboken Polygon,CHURN,10,8,2,0,4,851.0,121.0
2024-03,The Enclave,Hoboken Polygon,RECURRING_SUBSCRIPTION,2,2,0,0,0,100.0,74.0
2024-04,100 House,Hoboken Polygon,CHURN,8,7,1,0,3,777.0,114.0
2024-04,100 House,Hoboken Polygon,ON_DEMAND_SUBSCRIPTION,5,0,5,0,3,176.0,83.0
2024-04,1 Boerum PL,Floating NY 2,CHURN,0,0,0,0,2,,
2024-04,330W-56th,Hell's Kitchen Polygon,CHURN,2,1,1,0,0,184.0,87.0
2024-04,330W-56th,Hell's Kitchen Polygon,FREEMIUM,4,3,1,0,1,95.0,69.0
2024-04,330W-56th,Hell's Kitchen Polygon,RECURRING_SUBSCRIPTION,2,1,1,0,0,92.0,116.0
2024-04,330W-56th,Hell's Kitchen Polygon,WARM_LEAD,1,1,0,0,0,0.0,68.0
2024-04,829 Garfield,Floating Jersey,CHURN,5,5,0,0,5,370.0,88.0
2024-04,829 Garfield,Floating Jersey,TRIAL,1,1,0,0,0,237.0,
2024-04,Azrieli TLV,Unknown,CHURN,50,50,0,0,12,2905.16,98.0
2024-04,Azrieli TLV,Unknown,ON_DEMAND_SUBSCRIPTION,6,6,0,0,3,623.56,101.0
2024-04,Azrieli TLV,Unknown,TRIAL,1,0,1,0,4,106.85,
2024-04,Gindi 1,Unknown,CHURN,76,69,7,0,40,4612.39,120.0
2024-04,Gindi 1,Unknown,COLD_LEAD,0,0,0,0,2,,
2024-04,Gindi 1,Unknown,FROZEN,1,1,0,0,0,57.26,
2024-04,Gindi 1,Unknown,ON_DEMAND_SUBSCRIPTION,11,11,0,0,5,473.87,102.0
2024-04,Gindi 1,Unknown,RECURRING_SUBSCRIPTION,12,11,1,0,11,1021.92,158.0
2024-04,Gindi 1,Unknown,TRIAL,2,2,0,0,0,69.59,45.0
2024-04,Gindi 2,Unknown,CHURN,24,22,2,0,20,1662.05,147.0
2024-04,Gindi 2,Unknown,COLD_LEAD,0,0,0,0,1,,
2024-04,Gindi 2,Unknown,ON_DEMAND_SUBSCRIPTION,7,6,1,0,9,676.44,155.0
2024-04,Gindi 2,Unknown,RECURRING_SUBSCRIPTION,13,11,2,0,4,770.17,127.0
2024-04,Gindi 2,Unknown,TRIAL,1,1,0,0,1,80.82,145.0
2024-04,Gindi 3,Unknown,CHURN,92,90,2,0,64,5092.45,140.0
2024-04,Gindi 3,Unknown,ON_DEMAND_SUBSCRIPTION,34,33,1,0,10,1253.42,87.0
2024-04,Gindi 3,Unknown,RECURRING_SUBSCRIPTION,19,19,0,0,4,1942.47,161.0
2024-04,Gindi 3,Unknown,TRIAL,3,1,2,0,2,59.73,56.0
2024-04,Gindi 4,Unknown,CHURN,11,7,4,0,2,435.89,93.0
2024-04,Gindi 4,Unknown,RECURRING_SUBSCRIPTION,1,1,0,0,0,71.68,126.0
2024-04,John Street 116,Financial District Polygon,CHURN,11,4,7,0,4,881.0,123.0
2024-04,John Street 116,Financial District Polygon,RECURRING_SUBSCRIPTION,3,2,1,0,7,189.0,70.0
2024-04,John Street 116,Financial District Polygon,TRIAL,4,2,2,0,1,233.0,77.0
2024-04,One Ten,Hoboken Polygon,CHURN,6,5,1,0,1,256.0,73.0
2024-04,One Ten,Hoboken Polygon,FREEMIUM,1,1,0,0,2,69.0,115.0
2024-04,One Ten,Hoboken Polygon,ON_DEMAND_SUBSCRIPTION,3,2,1,0,2,190.0,76.0
2024-04,One Ten,Hoboken Polygon,RECURRING_SUBSCRIPTION,4,3,1,0,1,445.0,122.0
2024-04,River Place,Hell's Kitchen Polygon,CHURN,24,16,8,0,29,1972.0,66.0
2024-04,River Place,Hell's Kitchen Polygon,FREEMIUM,2,2,0,0,6,139.0,51.0
2024-04,River Place,Hell's Kitchen Polygon,ON_DEMAND_SUBSCRIPTION,14,11,3,0,19,855.0,63.0
2024-04,River Place,Hell's Kitchen Polygon,RECURRING_SUBSCRIPTION,15,6,9,0,2,1024.0,60.0
2024-04,River Place,Hell's Kitchen Polygon,TRIAL,8,8,0,0,6,1062.0,69.0
2024-04,Silver Towers,Hell's Kitchen Polygon,CHURN,21,19,2,0,23,1286.4,74.0
2024-04,Silver Towers,Hell's Kitchen Polygon,FREEMIUM,2,1,1,0,0,69.0,76.0
2024-04,Silver Towers,Hell's Kitchen Polygon,FROZEN,1,0,1,0,1,39.0,45.0
2024-04,Silver Towers,Hell's Kitchen Polygon,ON_DEMAND_SUBSCRIPTION,15,13,2,0,9,847.6,73.0
2024-04,Silver Towers,Hell's Kitchen Polygon,RECURRING_SUBSCRIPTION,36,32,4,0,9,3470.0,105.0
2024-04,Silver Towers,Hell's Kitchen Polygon,TRIAL,7,4,3,0,6,950.0,46.0
2024-04,The Enclave,Hoboken Polygon,CHURN,10,9,1,0,3,916.0,109.0
2024-04,The Enclave,Hoboken Polygon,RECURRING_SUBSCRIPTION,3,2,1,0,0,123.0,70.0
2024-05,100 House,Hoboken Polygon,CHURN,9,7,2,0,6,830.8,114.0
2024-05,100 House,Hoboken Polygon,ON_DEMAND_SUBSCRIPTION,6,0,6,0,1,167.0,39.0
2024-05,1 Boerum PL,Floating NY 2,CHURN,9,9,0,0,9,1430.0,155.0
2024-05,1 Boerum PL,Floating NY 2,FREEMIUM,0,0,0,0,1,,
2024-05,1 Boerum PL,Floating NY 2,ON_DEMAND_SUBSCRIPTION,2,0,2,0,0,69.0,154.0
2024-05,1 Boerum PL,Floating NY 2,RECURRING_SUBSCRIPTION,3,3,0,0,5,46.0,49.0
2024-05,1 Boerum PL,Floating NY 2,TRIAL,0,0,0,0,2,,
2024-05,330W-56th,Hell's Kitchen Polygon,CHURN,4,4,0,0,2,322.0,129.0
2024-05,330W-56th,Hell's Kitchen Polygon,FREEMIUM,1,0,1,0,1,22.0,60.0
2024-05,330W-56th,Hell's Kitchen Polygon,RECURRING_SUBSCRIPTION,3,1,2,0,1,259.05,137.0
2024-05,829 Garfield,Floating Jersey,CHURN,3,3,0,0,2,181.0,75.0
2024-05,829 Garfield,Floating Jersey,TRIAL,1,1,0,0,2,200.0,
2024-05,Azrieli TLV,Unknown,CHURN,55,54,1,0,7,3016.53,103.0
2024-05,Azrieli TLV,Unknown,ON_DEMAND_SUBSCRIPTION,6,6,0,0,2,509.18,109.0
2024-05,Azrieli TLV,Unknown,RECURRING_SUBSCRIPTION,0,0,0,0,1,,
2024-05,Gindi 1,Unknown,CHURN,76,69,7,0,42,4445.14,124.0
2024-05,Gindi 1,Unknown,FROZEN,1,1,0,0,0,57.26,154.0
2024-05,Gindi 1,Unknown,ON_DEMAND_SUBSCRIPTION,9,9,0,0,9,642.47,121.0
2024-05,Gindi 1,Unknown,RECURRING_SUBSCRIPTION,16,15,1,0,8,1003.84,105.0
2024-05,Gindi 1,Unknown,TRIAL,2,2,0,0,0,69.59,55.0
2024-05,Gindi 2,Unknown,CHURN,24,23,1,0,10,1827.68,149.0
2024-05,Gindi 2,Unknown,COLD_LEAD,0,0,0,0,1,,
2024-05,Gindi 2,Unknown,ON_DEMAND_SUBSCRIPTION,5,4,1,0,4,227.95,98.0
2024-05,Gindi 2,Unknown,RECURRING_SUBSCRIPTION,9,8,1,0,7,597.29,159.0
2024-05,Gindi 2,Unknown,TRIAL,0,0,0,0,1,,
2024-05,Gindi 3,Unknown,CHURN,104,101,3,0,20,5865.73,110.0
2024-05,Gindi 3,Unknown,COLD_LEAD,1,1,0,0,0,105.42,179.0
2024-05,Gindi 3,Unknown,ON_DEMAND_SUBSCRIPTION,17,14,3,0,7,970.96,129.0
2024-05,Gindi 3,Unknown,RECURRING_SUBSCRIPTION,14,13,1,0,6,1321.92,142.0
2024-05,Gindi 3,Unknown,TRIAL,3,3,0,0,1,270.41,181.0
2024-05,Gindi 4,Unknown,CHURN,13,6,7,0,1,421.92,80.0
2024-05,Gindi 4,Unknown,RECURRING_SUBSCRIPTION,1,1,0,0,0,71.68,119.0
2024-05,John Street 116,Financial District Polygon,CHURN,16,8,8,0,3,1279.0,111.0
2024-05,John Street 116,Financial District Polygon,FREEMIUM,1,1,0,0,0,104.0,157.0
2024-05,John Street 116,Financial District Polygon,RECURRING_SUBSCRIPTION,5,4,1,0,1,296.0,94.0
2024-05,John Street 116,Financial District Polygon,TRIAL,3,2,1,0,4,146.0,86.0
2024-05,John Street 116,Financial District Polygon,WARM_LEAD,1,1,0,0,0,0.0,67.0
2024-05,One Ten,Hoboken Polygon,CHURN,3,2,1,0,2,163.0,75.0
2024-05,One Ten,Hoboken Polygon,FREEMIUM,1,1,0,0,1,147.0,218.0
2024-05,One Ten,Hoboken Polygon,ON_DEMAND_SUBSCRIPTION,1,0,1,0,2,69.0,140.0
2024-05,One Ten,Hoboken Polygon,RECURRING_SUBSCRIPTION,4,4,0,0,0,445.0,134.0
2024-05,River Place,Hell's Kitchen Polygon,CHURN,38,27,11,0,7,2665.8,79.0
2024-05,River Place,Hell's Kitchen Polygon,ON_DEMAND_SUBSCRIPTION,22,20,2,0,6,1286.0,69.0
2024-05,River Place,Hell's Kitchen Polygon,RECURRING_SUBSCRIPTION,19,16,3,0,3,1319.0,71.0
2024-05,River Place,Hell's Kitchen Polygon,TRIAL,7,6,1,0,3,992.0,72.0
2024-05,River Place,Hell's Kitchen Polygon,WARM_LEAD,1,1,0,0,0,92.0,167.0
2024-05,Silver Towers,Hell's Kitchen Polygon,CHURN,38,32,6,0,18,2521.65,76.0
2024-05,Silver Towers,Hell's Kitchen Polygon,FREEMIUM,2,2,0,0,1,217.0,112.0
2024-05,Silver Towers,Hell's Kitchen Polygon,FROZEN,1,0,1,0,1,92.0,103.0
2024-05,Silver Towers,Hell's Kitchen Polygon,ON_DEMAND_SUBSCRIPTION,19,11,8,0,5,1020.0,63.0
2024-05,Silver Towers,Hell's Kitchen Polygon,RECURRING_SUBSCRIPTION,49,46,3,0,3,4661.0,94.0
2024-05,Silver Towers,Hell's Kitchen Polygon,TRIAL,10,8,2,0,6,929.0,64.0
2024-05,The Enclave,Hoboken Polygon,CHURN,6,4,2,0,10,358.0,102.0
2024-05,The Enclave,Hoboken Polygon,FREEMIUM,3,2,1,0,2,285.0,142.0
2024-05,The Enclave,Hoboken Polygon,RECURRING_SUBSCRIPTION,3,2,1,0,0,123.0,60.0
2024-06,100 House,Hoboken Polygon,CHURN,10,9,1,0,4,965.0,130.0
2024-06,100 House,Hoboken Polygon,ON_DEMAND_SUBSCRIPTION,4,0,4,0,1,129.0,37.0
2024-06,1 Boerum PL,Floating NY 2,CHURN,11,11,0,0,4,1420.0,136.0
2024-06,1 Boerum PL,Floating NY 2,ON_DEMAND_SUBSCRIPTION,3,1,2,0,2,269.0,101.0
2024-06,1 Boerum PL,Floating NY 2,RECURRING_SUBSCRIPTION,6,4,2,0,2,235.0,65.0
2024-06,1 Boerum PL,Floating NY 2,TRIAL,3,2,1,0,1,169.0,71.0
2024-06,330W-56th,Hell's Kitchen Polygon,CHURN,4,4,0,0,0,368.0,137.0
2024-06,330W-56th,Hell's Kitchen Polygon,RECURRING_SUBSCRIPTION,3,2,1,0,0,276.0,132.0
2024-06,829 Garfield,Floating Jersey,CHURN,1,1,0,0,3,43.0,64.0
2024-06,829 Garfield,Floating Jersey,TRIAL,1,1,0,0,3,148.0,75.0
2024-06,Azrieli TLV,Unknown,CHURN,49,45,4,0,11,2689.72,88.0
2024-06,Azrieli TLV,Unknown,FROZEN,1,1,0,0,0,95.89,174.0
2024-06,Azrieli TLV,Unknown,ON_DEMAND_SUBSCRIPTION,8,8,0,0,1,724.93,101.0
2024-06,Azrieli TLV,Unknown,RECURRING_SUBSCRIPTION,6,6,0,0,1,408.22,146.0
2024-06,Azrieli TLV,Unknown,TRIAL,1,1,0,0,0,109.59,
2024-06,Gindi 1,Unknown,CHURN,76,73,3,0,27,4098.71,97.0
2024-06,Gindi 1,Unknown,ON_DEMAND_SUBSCRIPTION,14,14,0,0,13,1339.45,136.0
2024-06,Gindi 1,Unknown,RECURRING_SUBSCRIPTION,16,16,0,0,5,922.47,92.0
2024-06,Gindi 1,Unknown,TRIAL,7,7,0,0,9,426.3,73.0
2024-06,Gindi 2,Unknown,CHURN,25,24,1,0,8,1790.41,132.0
2024-06,Gindi 2,Unknown,ON_DEMAND_SUBSCRIPTION,5,3,2,0,2,187.12,102.0
2024-06,Gindi 2,Unknown,RECURRING_SUBSCRIPTION,10,8,2,0,1,840.58,147.0
2024-06,Gindi 2,Unknown,TRIAL,0,0,0,0,1,,
2024-06,Gindi 3,Unknown,CHURN,97,92,5,0,17,5233.64,107.0
2024-06,Gindi 3,Unknown,COLD_LEAD,0,0,0,0,2,,
2024-06,Gindi 3,Unknown,ON_DEMAND_SUBSCRIPTION,14,12,2,0,6,887.4,100.0
2024-06,Gindi 3,Unknown,RECURRING_SUBSCRIPTION,17,16,1,0,0,1474.25,122.0
2024-06,Gindi 3,Unknown,TRIAL,6,6,0,0,3,352.88,109.0
2024-06,Gindi 4,Unknown,CHURN,17,10,7,0,1,458.36,64.0
2024-06,Gindi 4,Unknown,RECURRING_SUBSCRIPTION,1,1,0,0,0,71.68,60.0
2024-06,John Street 116,Financial District Polygon,CHURN,13,8,5,0,5,1199.0,123.0
2024-06,John Street 116,Financial District Polygon,FREEMIUM,0,0,0,0,1,,
2024-06,John Street 116,Financial District Polygon,RECURRING_SUBSCRIPTION,6,5,1,0,1,410.0,89.0
2024-06,John Street 116,Financial District Polygon,TRIAL,2,2,0,0,5,184.0,126.0
2024-06,John Street 116,Financial District Polygon,WARM_LEAD,0,0,0,0,1,,
2024-06,One Ten,Hoboken Polygon,CHURN,2,1,1,0,2,75.0,68.0
2024-06,One Ten,Hoboken Polygon,FREEMIUM,1,1,0,0,0,69.0,123.0
2024-06,One Ten,Hoboken Polygon,ON_DEMAND_SUBSCRIPTION,2,2,0,0,2,121.0,91.0
2024-06,One Ten,Hoboken Polygon,RECURRING_SUBSCRIPTION,4,4,0,0,0,445.0,125.0
2024-06,One Ten,Hoboken Polygon,WARM_LEAD,2,1,1,0,0,42.0,19.0
2024-06,River Place,Hell's Kitchen Polygon,CHURN,50,41,9,0,10,3465.6,72.0
2024-06,River Place,Hell's Kitchen Polygon,FREEMIUM,1,1,0,0,0,0.0,89.0
2024-06,River Place,Hell's Kitchen Polygon,ON_DEMAND_SUBSCRIPTION,18,16,2,0,4,941.0,67.0
2024-06,River Place,Hell's Kitchen Polygon,RECURRING_SUBSCRIPTION,14,12,2,0,2,1000.0,58.0
2024-06,River Place,Hell's Kitchen Polygon,TRIAL,2,2,0,0,7,92.0,113.0
2024-06,River Place,Hell's Kitchen Polygon,WARM_LEAD,1,1,0,0,0,92.0,114.0
2024-06,Silver Towers,Hell's Kitchen Polygon,CHURN,36,31,5,0,9,2664.0,82.0
2024-06,Silver Towers,Hell's Kitchen Polygon,FREEMIUM,1,1,0,0,0,69.0,84.0
2024-06,Silver Towers,Hell's Kitchen Polygon,FROZEN,2,1,1,0,0,131.0,77.0
2024-06,Silver Towers,Hell's Kitchen Polygon,ON_DEMAND_SUBSCRIPTION,20,17,3,0,7,1151.0,71.0
2024-06,Silver Towers,Hell's Kitchen Polygon,RECURRING_SUBSCRIPTION,40,38,2,0,5,3714.0,100.0
2024-06,Silver Towers,Hell's Kitchen Polygon,TRIAL,8,6,2,0,5,161.0,43.0
2024-06,Silver Towers,Hell's Kitchen Polygon,WARM_LEAD,1,1,0,0,0,0.0,51.0
2024-06,The Enclave,Hoboken Polygon,CHURN,7,6,1,0,2,539.0,97.0
2024-06,The Enclave,Hoboken Polygon,FREEMIUM,0,0,0,0,2,,
2024-06,The Enclave,Hoboken Polygon,RECURRING_SUBSCRIPTION,3,3,0,0,0,123.0,63.0
2024-06,The Ivy,Chatham / West Orange Polygon,CHURN,6,5,1,0,2,632.0,129.0
2024-06,The Ivy,Chatham / West Orange Polygon,ON_DEMAND_SUBSCRIPTION,0,0,0,0,1,,
2024-06,The Ivy,Chatham / West Orange Polygon,RECURRING_SUBSCRIPTION,3,2,1,0,0,349.0,116.0
2024-06,The Ivy,Chatham / West Orange Polygon,TRIAL,2,2,0,0,0,240.0,152.0
2024-07,100 House,Hoboken Polygon,CHURN,10,9,1,0,8,1006.0,121.0
2024-07,100 House,Hoboken Polygon,FREEMIUM,1,1,0,0,0,136.0,170.0
2024-07,100 House,Hoboken Polygon,ON_DEMAND_SUBSCRIPTION,4,2,2,0,2,61.0,21.0
2024-07,100 House,Hoboken Polygon,RECURRING_SUBSCRIPTION,1,0,1,0,1,119.0,164.0
2024-07,1 Boerum PL,Floating NY 2,CHURN,9,9,0,0,7,1125.0,119.0
2024-07,1 Boerum PL,Floating NY 2,ON_DEMAND_SUBSCRIPTION,3,2,1,0,1,179.0,79.0
2024-07,1 Boerum PL,Floating NY 2,RECURRING_SUBSCRIPTION,6,6,0,0,2,194.0,60.0
2024-07,1 Boerum PL,Floating NY 2,TRIAL,5,5,0,0,2,612.9,170.0
2024-07,1 Boerum PL,Floating NY 2,WARM_LEAD,1,0,1,0,2,157.0,238.0
2024-07,330W-56th,Hell's Kitchen Polygon,CHURN,4,2,2,0,1,363.0,116.0
2024-07,330W-56th,Hell's Kitchen Polygon,FREEMIUM,1,1,0,0,0,92.0,196.0
2024-07,330W-56th,Hell's Kitchen Polygon,RECURRING_SUBSCRIPTION,4,4,0,0,0,299.0,105.0
2024-07,330W-56th,Hell's Kitchen Polygon,WARM_LEAD,0,0,0,0,11,,
2024-07,829 Garfield,Floating Jersey,CHURN,0,0,0,0,3,,
2024-07,829 Garfield,Floating Jersey,TRIAL,0,0,0,0,2,,
2024-07,Azrieli TLV,Unknown,CHURN,57,54,3,0,3,3164.47,87.0
2024-07,Azrieli TLV,Unknown,FROZEN,1,1,0,0,1,100.27,101.0
2024-07,Azrieli TLV,Unknown,ON_DEMAND_SUBSCRIPTION,12,12,0,0,4,715.62,79.0
2024-07,Azrieli TLV,Unknown,RECURRING_SUBSCRIPTION,4,3,1,0,9,396.16,115.0
2024-07,Azrieli TLV,Unknown,TRIAL,1,1,0,0,0,0.0,
2024-07,Gindi 1,Unknown,CHURN,86,80,6,0,19,4935.44,108.0
2024-07,Gindi 1,Unknown,FROZEN,1,1,0,0,0,57.26,
2024-07,Gindi 1,Unknown,ON_DEMAND_SUBSCRIPTION,9,7,2,0,14,542.74,94.0
2024-07,Gindi 1,Unknown,RECURRING_SUBSCRIPTION,18,18,0,0,10,1226.58,89.0
2024-07,Gindi 1,Unknown,TRIAL,8,8,0,0,22,496.16,86.0
2024-07,Gindi 2,Unknown,CHURN,26,26,0,0,16,1866.58,129.0
2024-07,Gindi 2,Unknown,ON_DEMAND_SUBSCRIPTION,2,0,2,0,0,134.25,138.0
2024-07,Gindi 2,Unknown,RECURRING_SUBSCRIPTION,13,10,3,0,0,1027.19,157.0
2024-07,Gindi 2,Unknown,TRIAL,1,1,0,0,5,109.86,221.0
2024-07,Gindi 3,Unknown,CHURN,113,106,7,0,9,6637.13,114.0
2024-07,Gindi 3,Unknown,ON_DEMAND_SUBSCRIPTION,34,27,7,0,5,1132.33,102.0
2024-07,Gindi 3,Unknown,RECURRING_SUBSCRIPTION,17,13,4,0,3,1337.26,102.0
2024-07,Gindi 3,Unknown,TRIAL,3,3,0,0,13,366.3,158.0
2024-07,Gindi 4,Unknown,CHURN,13,9,4,0,0,483.56,84.0
2024-07,Gindi 4,Unknown,RECURRING_SUBSCRIPTION,1,1,0,0,0,71.68,121.0
2024-07,John Street 116,Financial District Polygon,CHURN,14,9,5,0,4,1225.0,118.0
2024-07,John Street 116,Financial District Polygon,FREEMIUM,1,1,0,0,0,104.0,148.0
2024-07,John Street 116,Financial District Polygon,RECURRING_SUBSCRIPTION,5,5,0,0,1,384.0,78.0
2024-07,John Street 116,Financial District Polygon,TRIAL,2,1,1,0,3,240.0,118.0
2024-07,One Ten,Hoboken Polygon,CHURN,6,5,1,0,3,338.0,61.0
2024-07,One Ten,Hoboken Polygon,FREEMIUM,1,0,1,0,1,51.0,124.0
2024-07,One Ten,Hoboken Polygon,ON_DEMAND_SUBSCRIPTION,2,2,0,0,1,121.0,70.0
2024-07,One Ten,Hoboken Polygon,RECURRING_SUBSCRIPTION,5,4,1,0,4,288.0,172.0
2024-07,One Ten,Hoboken Polygon,WARM_LEAD,1,1,0,0,3,21.0,23.0
2024-07,River Place,Hell's Kitchen Polygon,CHURN,47,40,7,0,23,3462.6,90.0
2024-07,River Place,Hell's Kitchen Polygon,FREEMIUM,1,1,0,0,0,48.0,
2024-07,River Place,Hell's Kitchen Polygon,ON_DEMAND_SUBSCRIPTION,18,18,0,0,11,834.0,83.0
2024-07,River Place,Hell's Kitchen Polygon,RECURRING_SUBSCRIPTION,18,9,9,0,2,1327.0,90.0
2024-07,River Place,Hell's Kitchen Polygon,TRIAL,6,6,0,0,5,303.0,95.0
2024-07,River Place,Hell's Kitchen Polygon,WARM_LEAD,1,1,0,0,1,92.0,156.0
2024-07,Silver Towers,Hell's Kitchen Polygon,CHURN,43,38,5,0,20,3179.0,83.0
2024-07,Silver Towers,Hell's Kitchen Polygon,FREEMIUM,2,2,0,0,0,69.0,54.0
2024-07,Silver Towers,Hell's Kitchen Polygon,FROZEN,2,1,1,0,0,144.0,87.0
2024-07,Silver Towers,Hell's Kitchen Polygon,ON_DEMAND_SUBSCRIPTION,23,15,8,0,22,1235.0,64.0
2024-07,Silver Towers,Hell's Kitchen Polygon,RECURRING_SUBSCRIPTION,56,47,9,0,9,5088.0,96.0
2024-07,Silver Towers,Hell's Kitchen Polygon,TRIAL,9,6,3,0,26,502.0,71.0
2024-07,The Enclave,Hoboken Polygon,CHURN,11,8,3,0,5,733.0,116.0
2024-07,The Enclave,Hoboken Polygon,FREEMIUM,4,2,2,0,4,409.0,153.0
2024-07,The Enclave,Hoboken Polygon,ON_DEMAND_SUBSCRIPTION,1,1,0,0,0,92.0,201.0
2024-07,The Enclave,Hoboken Polygon,RECURRING_SUBSCRIPTION,4,2,2,0,0,146.0,49.0
2024-07,The Enclave,Hoboken Polygon,TRIAL,0,0,0,0,2,,
2024-07,The Ivy,Chatham / West Orange Polygon,CHURN,17,14,3,0,0,1670.0,110.0
2024-07,The Ivy,Chatham / West Orange Polygon,ON_DEMAND_SUBSCRIPTION,2,1,1,0,2,222.0,131.0
2024-07,The Ivy,Chatham / West Orange Polygon,RECURRING_SUBSCRIPTION,6,6,0,0,1,709.0,118.0
2024-07,The Ivy,Chatham / West Orange Polygon,TRIAL,1,1,0,0,2,148.0,171.0
2024-07,The Ivy,Chatham / West Orange Polygon,WARM_LEAD,2,0,2,0,0,296.0,121.0
2024-08,100 House,Hoboken Polygon,CHURN,8,8,0,0,9,789.0,90.0
2024-08,100 House,Hoboken Polygon,ON_DEMAND_SUBSCRIPTION,4,3,1,0,1,92.0,27.0
2024-08,100 House,Hoboken Polygon,RECURRING_SUBSCRIPTION,5,4,1,0,1,680.0,98.0
2024-08,1 Boerum PL,Floating NY 2,CHURN,4,3,1,0,9,556.0,133.0
2024-08,1 Boerum PL,Floating NY 2,ON_DEMAND_SUBSCRIPTION,2,1,1,0,0,58.0,116.0
2024-08,1 Boerum PL,Floating NY 2,RECURRING_SUBSCRIPTION,6,5,1,0,2,414.0,81.0
2024-08,1 Boerum PL,Floating NY 2,TRIAL,1,1,0,0,4,51.0,45.0
2024-08,1 Boerum PL,Floating NY 2,WARM_LEAD,4,4,0,0,2,628.0,179.0
2024-08,300 Somerset,Harrison Polygon,CHURN,4,2,2,0,0,88.0,44.0
2024-08,300 Somerset,Harrison Polygon,RECURRING_SUBSCRIPTION,2,1,1,0,2,32.0,66.0
2024-08,300 Somerset,Harrison Polygon,TRIAL,3,1,2,0,2,102.0,89.0
2024-08,330 Angelo Cifelli,Harrison Polygon,FREEMIUM,0,0,0,0,2,,
2024-08,330 Angelo Cifelli,Harrison Polygon,RECURRING_SUBSCRIPTION,2,1,1,0,0,46.0,61.0
2024-08,330 Angelo Cifelli,Harrison Polygon,TRIAL,2,2,0,0,0,46.0,46.0
2024-08,330W-56th,Hell's Kitchen Polygon,CHURN,5,2,3,0,3,399.0,115.0
2024-08,330W-56th,Hell's Kitchen Polygon,FREEMIUM,1,0,1,0,0,92.0,195.0
2024-08,330W-56th,Hell's Kitchen Polygon,RECURRING_SUBSCRIPTION,3,2,1,0,1,276.0,116.0
2024-08,330W-56th,Hell's Kitchen Polygon,WARM_LEAD,0,0,0,0,4,,
2024-08,829 Garfield,Floating Jersey,CHURN,0,0,0,0,1,,
2024-08,Azrieli TLV,Unknown,CHURN,52,49,3,0,13,2781.05,87.0
2024-08,Azrieli TLV,Unknown,FROZEN,2,2,0,0,0,200.55,140.0
2024-08,Azrieli TLV,Unknown,ON_DEMAND_SUBSCRIPTION,10,10,0,0,6,915.62,93.0
2024-08,Azrieli TLV,Unknown,RECURRING_SUBSCRIPTION,8,8,0,0,2,611.23,134.0
2024-08,Azrieli TLV,Unknown,TRIAL,8,8,0,0,2,463.63,108.0
2024-08,Gindi 1,Unknown,CHURN,59,51,8,0,48,3331.62,113.0
2024-08,Gindi 1,Unknown,FROZEN,1,1,0,0,1,57.26,139.0
2024-08,Gindi 1,Unknown,ON_DEMAND_SUBSCRIPTION,16,15,1,0,14,1147.67,113.0
2024-08,Gindi 1,Unknown,RECURRING_SUBSCRIPTION,21,20,1,0,10,1451.23,134.0
2024-08,Gindi 1,Unknown,TRIAL,2,2,0,0,2,69.59,35.0
2024-08,Gindi 2,Unknown,CHURN,13,13,0,0,15,718.63,108.0
2024-08,Gindi 2,Unknown,ON_DEMAND_SUBSCRIPTION,7,7,0,0,1,321.37,127.0
2024-08,Gindi 2,Unknown,RECURRING_SUBSCRIPTION,14,12,2,0,3,933.42,156.0
2024-08,Gindi 2,Unknown,TRIAL,3,3,0,0,1,161.64,103.0
2024-08,Gindi 3,Unknown,CHURN,99,96,3,0,25,6262.53,121.0
2024-08,Gindi 3,Unknown,ON_DEMAND_SUBSCRIPTION,15,13,2,0,7,838.9,104.0
2024-08,Gindi 3,Unknown,RECURRING_SUBSCRIPTION,17,15,2,0,2,1378.36,105.0
2024-08,Gindi 3,Unknown,TRIAL,1,1,0,0,8,125.75,228.0
2024-08,Gindi 4,Unknown,CHURN,13,10,3,0,0,479.18,72.0
2024-08,Gindi 4,Unknown,RECURRING_SUBSCRIPTION,1,1,0,0,1,71.68,141.0
2024-08,John Street 116,Financial District Polygon,CHURN,20,11,9,0,4,1514.0,98.0
2024-08,John Street 116,Financial District Polygon,FREEMIUM,0,0,0,0,1,,
2024-08,John Street 116,Financial District Polygon,RECURRING_SUBSCRIPTION,5,5,0,0,2,313.0,89.0
2024-08,John Street 116,Financial District Polygon,TRIAL,3,3,0,0,2,127.0,44.0
2024-08,One Ten,Hoboken Polygon,CHURN,6,5,1,0,3,316.0,65.0
2024-08,One Ten,Hoboken Polygon,FREEMIUM,0,0,0,0,1,,
2024-08,One Ten,Hoboken Polygon,ON_DEMAND_SUBSCRIPTION,2,2,0,0,5,122.0,57.0
2024-08,One Ten,Hoboken Polygon,RECURRING_SUBSCRIPTION,6,6,0,0,4,423.0,97.0
2024-08,One Ten,Hoboken Polygon,WARM_LEAD,0,0,0,0,5,,
2024-08,River Place,Hell's Kitchen Polygon,CHURN,30,26,4,0,32,2405.0,97.0
2024-08,River Place,Hell's Kitchen Polygon,FREEMIUM,1,1,0,0,0,45.0,55.0
2024-08,River Place,Hell's Kitchen Polygon,ON_DEMAND_SUBSCRIPTION,29,26,3,0,3,1670.0,76.0
2024-08,River Place,Hell's Kitchen Polygon,RECURRING_SUBSCRIPTION,19,7,12,0,7,1197.0,81.0
2024-08,River Place,Hell's Kitchen Polygon,TRIAL,5,3,2,0,6,351.0,80.0
2024-08,River Place,Hell's Kitchen Polygon,WARM_LEAD,1,1,0,0,2,88.0,121.0
2024-08,Silver Towers,Hell's Kitchen Polygon,CHURN,52,46,6,0,6,3757.0,89.0
2024-08,Silver Towers,Hell's Kitchen Polygon,FREEMIUM,0,0,0,0,1,,
2024-08,Silver Towers,Hell's Kitchen Polygon,FROZEN,2,1,1,0,0,144.0,88.0
2024-08,Silver Towers,Hell's Kitchen Polygon,ON_DEMAND_SUBSCRIPTION,25,19,6,0,14,991.0,51.0
2024-08,Silver Towers,Hell's Kitchen Polygon,RECURRING_SUBSCRIPTION,62,57,5,0,9,4949.0,78.0
2024-08,Silver Towers,Hell's Kitchen Polygon,TRIAL,4,3,1,0,5,247.0,75.0
2024-08,The Eddy,Harrison Polygon,CHURN,1,1,0,0,1,0.0,45.0
2024-08,The Eddy,Harrison Polygon,RECURRING_SUBSCRIPTION,1,1,0,0,0,99.0,
2024-08,The Eddy,Harrison Polygon,TRIAL,1,0,1,0,0,99.0,
2024-08,The Enclave,Hoboken Polygon,CHURN,13,11,2,0,6,695.0,67.0
2024-08,The Enclave,Hoboken Polygon,FREEMIUM,1,1,0,0,4,92.0,91.0
2024-08,The Enclave,Hoboken Polygon,RECURRING_SUBSCRIPTION,3,2,1,0,2,123.0,56.0
2024-08,The Enclave,Hoboken Polygon,TRIAL,1,1,0,0,0,148.0,141.0
2024-08,The Ivy,Chatham / West Orange Polygon,CHURN,15,15,0,0,5,1681.0,108.0
2024-08,The Ivy,Chatham / West Orange Polygon,ON_DEMAND_SUBSCRIPTION,3,1,2,0,1,444.0,102.0
2024-08,The Ivy,Chatham / West Orange Polygon,RECURRING_SUBSCRIPTION,8,8,0,0,1,1005.0,108.0
2024-08,The Ivy,Chatham / West Orange Polygon,TRIAL,0,0,0,0,5,,
2024-08,The Ivy,Chatham / West Orange Polygon,WARM_LEAD,1,1,0,0,0,148.0,103.0
2024-09,100 House,Hoboken Polygon,CHURN,11,9,2,0,9,903.0,79.0
2024-09,100 House,Hoboken Polygon,ON_DEMAND_SUBSCRIPTION,4,2,2,0,2,131.0,64.0
2024-09,100 House,Hoboken Polygon,RECURRING_SUBSCRIPTION,3,1,2,0,2,388.0,116.0
2024-09,1 Boerum PL,Floating NY 2,CHURN,5,4,1,0,4,770.0,153.0
2024-09,1 Boerum PL,Floating NY 2,ON_DEMAND_SUBSCRIPTION,3,0,3,0,0,214.0,83.0
2024-09,1 Boerum PL,Floating NY 2,RECURRING_SUBSCRIPTION,4,4,0,0,4,189.0,73.0
2024-09,1 Boerum PL,Floating NY 2,TRIAL,0,0,0,0,2,,
2024-09,1 Boerum PL,Floating NY 2,WARM_LEAD,2,2,0,0,3,293.0,172.0
2024-09,300 Somerset,Harrison Polygon,CHURN,12,7,5,0,2,287.0,57.0
2024-09,300 Somerset,Harrison Polygon,FREEMIUM,0,0,0,0,1,,
2024-09,300 Somerset,Harrison Polygon,ON_DEMAND_SUBSCRIPTION,1,1,0,0,0,23.0,
2024-09,300 Somerset,Harrison Polygon,RECURRING_SUBSCRIPTION,4,2,2,0,4,100.0,70.0
2024-09,300 Somerset,Harrison Polygon,TRIAL,3,2,1,0,9,109.0,62.0
2024-09,330 Angelo Cifelli,Harrison Polygon,CHURN,3,2,1,0,1,69.0,69.0
2024-09,330 Angelo Cifelli,Harrison Polygon,RECURRING_SUBSCRIPTION,6,5,1,0,3,194.0,66.0
2024-09,330 Angelo Cifelli,Harrison Polygon,TRIAL,10,6,4,0,3,372.0,68.0
2024-09,330 Angelo Cifelli,Harrison Polygon,WARM_LEAD,0,0,0,0,1,,
2024-09,330W-56th,Hell's Kitchen Polygon,CHURN,3,2,1,0,4,235.0,108.0
2024-09,330W-56th,Hell's Kitchen Polygon,FREEMIUM,2,2,0,0,0,105.0,60.0
2024-09,330W-56th,Hell's Kitchen Polygon,RECURRING_SUBSCRIPTION,3,2,1,0,5,263.0,120.0
2024-09,330W-56th,Hell's Kitchen Polygon,WARM_LEAD,3,2,1,0,2,232.0,146.0
2024-09,Azrieli TLV,Unknown,CHURN,51,51,0,0,15,2784.61,81.0
2024-09,Azrieli TLV,Unknown,FROZEN,2,2,0,0,0,200.55,144.0
2024-09,Azrieli TLV,Unknown,ON_DEMAND_SUBSCRIPTION,12,12,0,0,4,960.55,83.0
2024-09,Azrieli TLV,Unknown,RECURRING_SUBSCRIPTION,9,9,0,0,1,743.29,121.0
2024-09,Azrieli TLV,Unknown,TRIAL,3,3,0,0,0,188.22,79.0
2024-09,Gindi 1,Unknown,CHURN,92,83,9,0,16,4992.56,105.0
2024-09,Gindi 1,Unknown,FROZEN,2,2,0,0,0,57.26,55.0
2024-09,Gindi 1,Unknown,ON_DEMAND_SUBSCRIPTION,37,36,1,0,14,1392.91,60.0
2024-09,Gindi 1,Unknown,RECURRING_SUBSCRIPTION,25,24,1,0,10,1621.64,139.0
2024-09,Gindi 1,Unknown,TRIAL,14,14,0,0,0,920.27,74.0
2024-09,Gindi 2,Unknown,CHURN,15,13,2,0,6,1304.38,103.0
2024-09,Gindi 2,Unknown,COLD_LEAD,0,0,0,0,1,,
2024-09,Gindi 2,Unknown,ON_DEMAND_SUBSCRIPTION,3,3,0,0,1,187.12,100.0
2024-09,Gindi 2,Unknown,RECURRING_SUBSCRIPTION,12,10,2,0,1,884.14,123.0
2024-09,Gindi 2,Unknown,TRIAL,2,2,0,0,2,76.38,60.0
2024-09,Gindi 3,Unknown,CHURN,95,92,3,0,21,6002.13,110.0
2024-09,Gindi 3,Unknown,ON_DEMAND_SUBSCRIPTION,23,21,2,0,2,1075.34,82.0
2024-09,Gindi 3,Unknown,RECURRING_SUBSCRIPTION,18,14,4,0,0,1457.81,135.0
2024-09,Gindi 3,Unknown,TRIAL,0,0,0,0,4,,
2024-09,Gindi 4,Unknown,CHURN,13,13,0,0,3,465.75,38.0
2024-09,Gindi 4,Unknown,RECURRING_SUBSCRIPTION,1,1,0,0,0,57.26,124.0
2024-09,John Street 116,Financial District Polygon,CHURN,13,8,5,0,3,1001.0,111.0
2024-09,John Street 116,Financial District Polygon,FREEMIUM,0,0,0,0,1,,
2024-09,John Street 116,Financial District Polygon,RECURRING_SUBSCRIPTION,4,4,0,0,1,298.0,117.0
2024-09,John Street 116,Financial District Polygon,TRIAL,2,0,2,0,2,73.0,80.0
2024-09,Nine 52,Hell's Kitchen Polygon,RECURRING_SUBSCRIPTION,1,1,0,0,0,71.0,130.0
2024-09,One Ten,Hoboken Polygon,CHURN,4,2,2,0,3,243.0,67.0
2024-09,One Ten,Hoboken Polygon,FREEMIUM,0,0,0,0,1,,
2024-09,One Ten,Hoboken Polygon,ON_DEMAND_SUBSCRIPTION,2,2,0,0,3,52.0,28.0
2024-09,One Ten,Hoboken Polygon,RECURRING_SUBSCRIPTION,6,4,2,0,2,658.0,85.0
2024-09,River Place,Hell's Kitchen Polygon,CHURN,18,16,2,0,15,1427.0,93.0
2024-09,River Place,Hell's Kitchen Polygon,FREEMIUM,3,3,0,0,1,209.0,58.0
2024-09,River Place,Hell's Kitchen Polygon,ON_DEMAND_SUBSCRIPTION,29,25,4,0,7,1499.0,76.0
2024-09,River Place,Hell's Kitchen Polygon,RECURRING_SUBSCRIPTION,20,10,10,0,12,1258.0,73.0
2024-09,River Place,Hell's Kitchen Polygon,TRIAL,4,3,1,0,7,179.0,81.0
2024-09,River Place,Hell's Kitchen Polygon,WARM_LEAD,1,0,1,0,2,48.0,63.0
2024-09,Silver Towers,Hell's Kitchen Polygon,CHURN,43,40,3,0,13,2920.0,91.0
2024-09,Silver Towers,Hell's Kitchen Polygon,FREEMIUM,2,2,0,0,3,161.0,95.0
2024-09,Silver Towers,Hell's Kitchen Polygon,FROZEN,1,0,1,0,0,92.0,108.0
2024-09,Silver Towers,Hell's Kitchen Polygon,ON_DEMAND_SUBSCRIPTION,19,13,6,0,8,802.0,53.0
2024-09,Silver Towers,Hell's Kitchen Polygon,RECURRING_SUBSCRIPTION,65,59,6,0,19,5768.0,84.0
2024-09,Silver Towers,Hell's Kitchen Polygon,TRIAL,6,4,2,0,3,392.0,74.0
2024-09,The Dime,Williamsburg Polygon,CHURN,0,0,0,0,1,,
2024-09,The Dime,Williamsburg Polygon,TRIAL,0,0,0,0,1,,
2024-09,The Eddy,Harrison Polygon,CHURN,2,2,0,0,0,46.0,50.0
2024-09,The Eddy,Harrison Polygon,FREEMIUM,1,1,0,0,0,116.0,64.0
2024-09,The Eddy,Harrison Polygon,RECURRING_SUBSCRIPTION,3,2,1,0,0,236.0,
2024-09,The Eddy,Harrison Polygon,TRIAL,5,2,3,0,3,361.0,62.0
2024-09,The Enclave,Hoboken Polygon,CHURN,10,8,2,0,7,875.0,90.0
2024-09,The Enclave,Hoboken Polygon,FREEMIUM,0,0,0,0,1,,
2024-09,The Enclave,Hoboken Polygon,RECURRING_SUBSCRIPTION,2,1,1,0,1,73.0,68.0
2024-09,The Enclave,Hoboken Polygon,TRIAL,0,0,0,0,1,,
2024-09,The Ivy,Chatham / West Orange Polygon,CHURN,17,15,2,0,7,1752.0,99.0
2024-09,The Ivy,Chatham / West Orange Polygon,ON_DEMAND_SUBSCRIPTION,2,2,0,0,0,296.0,95.0
2024-09,The Ivy,Chatham / West Orange Polygon,RECURRING_SUBSCRIPTION,6,5,1,0,2,681.0,94.0
2024-09,The Ivy,Chatham / West Orange Polygon,TRIAL,5,5,0,0,5,479.0,85.0
2024-09,The Ivy,Chatham / West Orange Polygon,WARM_LEAD,4,2,2,0,2,224.0,35.0
2024-10,100 House,Hoboken Polygon,CHURN,13,13,0,0,6,1098.0,79.0
2024-10,100 House,Hoboken Polygon,FREEMIUM,1,1,0,0,1,151.0,183.0
2024-10,100 House,Hoboken Polygon,ON_DEMAND_SUBSCRIPTION,0,0,0,0,3,,
2024-10,100 House,Hoboken Polygon,RECURRING_SUBSCRIPTION,6,3,3,0,2,649.0,86.0
2024-10,1 Boerum PL,Floating NY 2,CHURN,6,6,0,0,16,681.0,124.0
2024-10,1 Boerum PL,Floating NY 2,ON_DEMAND_SUBSCRIPTION,5,3,2,0,3,598.0,146.0
2024-10,1 Boerum PL,Floating NY 2,RECURRING_SUBSCRIPTION,4,3,1,0,6,197.0,58.0
2024-10,1 Boerum PL,Floating NY 2,WARM_LEAD,2,2,0,0,1,272.0,162.0
2024-10,300 Somerset,Harrison Polygon,CHURN,11,7,4,0,5,294.0,37.0
2024-10,300 Somerset,Harrison Polygon,FREEMIUM,1,1,0,0,1,99.0,
2024-10,300 Somerset,Harrison Polygon,ON_DEMAND_SUBSCRIPTION,5,3,2,0,1,176.0,54.0
2024-10,300 Somerset,Harrison Polygon,RECURRING_SUBSCRIPTION,5,2,3,0,3,191.0,34.0
2024-10,300 Somerset,Harrison Polygon,TRIAL,2,2,0,0,8,104.0,60.0
2024-10,330 Angelo Cifelli,Harrison Polygon,CHURN,3,3,0,0,1,69.0,48.0
2024-10,330 Angelo Cifelli,Harrison Polygon,FREEMIUM,0,0,0,0,1,,
2024-10,330 Angelo Cifelli,Harrison Polygon,ON_DEMAND_SUBSCRIPTION,2,1,1,0,0,99.0,
2024-10,330 Angelo Cifelli,Harrison Polygon,RECURRING_SUBSCRIPTION,7,6,1,0,3,187.0,48.0
2024-10,330 Angelo Cifelli,Harrison Polygon,TRIAL,2,1,1,0,14,66.0,
2024-10,330 Angelo Cifelli,Harrison Polygon,WARM_LEAD,0,0,0,0,3,,
2024-10,330W-56th,Hell's Kitchen Polygon,CHURN,2,2,0,0,1,184.0,97.0
2024-10,330W-56th,Hell's Kitchen Polygon,FREEMIUM,2,2,0,0,1,105.0,74.0
2024-10,330W-56th,Hell's Kitchen Polygon,RECURRING_SUBSCRIPTION,4,2,2,0,4,314.0,124.0
2024-10,330W-56th,Hell's Kitchen Polygon,TRIAL,2,2,0,0,0,23.0,5.0
2024-10,330W-56th,Hell's Kitchen Polygon,WARM_LEAD,0,0,0,0,1,,
2024-10,Azrieli TLV,Unknown,CHURN,51,50,1,0,30,2876.25,81.0
2024-10,Azrieli TLV,Unknown,FROZEN,2,2,0,0,4,200.55,148.0
2024-10,Azrieli TLV,Unknown,ON_DEMAND_SUBSCRIPTION,11,11,0,0,5,921.64,87.0
2024-10,Azrieli TLV,Unknown,RECURRING_SUBSCRIPTION,12,12,0,0,1,811.51,93.0
2024-10,Azrieli TLV,Unknown,TRIAL,4,4,0,0,4,189.59,88.0
2024-10,Gindi 1,Unknown,CHURN,76,67,9,0,30,4127.27,111.0
2024-10,Gindi 1,Unknown,ON_DEMAND_SUBSCRIPTION,26,26,0,0,16,1171.51,86.0
2024-10,Gindi 1,Unknown,RECURRING_SUBSCRIPTION,13,12,1,0,19,1075.89,107.0
2024-10,Gindi 1,Unknown,TRIAL,3,2,1,0,10,241.37,80.0
2024-10,Gindi 2,Unknown,CHURN,11,11,0,0,6,935.62,111.0
2024-10,Gindi 2,Unknown,COLD_LEAD,0,0,0,0,5,,
2024-10,Gindi 2,Unknown,ON_DEMAND_SUBSCRIPTION,7,6,1,0,4,626.44,142.0
2024-10,Gindi 2,Unknown,RECURRING_SUBSCRIPTION,16,14,2,0,3,1052.88,106.0
2024-10,Gindi 3,Unknown,CHURN,81,77,4,0,54,4749.77,85.0
2024-10,Gindi 3,Unknown,ON_DEMAND_SUBSCRIPTION,18,17,1,0,12,682.19,85.0
2024-10,Gindi 3,Unknown,RECURRING_SUBSCRIPTION,13,9,4,0,7,1070.68,109.0
2024-10,Gindi 3,Unknown,TRIAL,1,1,0,0,0,112.05,193.0
2024-10,Gindi 4,Unknown,CHURN,11,11,0,0,10,418.08,56.0
2024-10,Gindi 4,Unknown,RECURRING_SUBSCRIPTION,1,1,0,0,0,71.68,127.0
2024-10,John Street 116,Financial District Polygon,CHURN,17,9,8,0,3,1192.0,93.0
2024-10,John Street 116,Financial District Polygon,FREEMIUM,1,1,0,0,0,129.0,172.0
2024-10,John Street 116,Financial District Polygon,ON_DEMAND_SUBSCRIPTION,1,0,1,0,0,55.0,112.0
2024-10,John Street 116,Financial District Polygon,RECURRING_SUBSCRIPTION,5,4,1,0,2,381.0,84.0
2024-10,Nine 52,Hell's Kitchen Polygon,CHURN,8,4,4,0,7,817.0,130.0
2024-10,Nine 52,Hell's Kitchen Polygon,RECURRING_SUBSCRIPTION,1,1,0,0,0,71.0,95.0
2024-10,Nine 52,Hell's Kitchen Polygon,TRIAL,2,0,2,0,1,132.0,87.0
2024-10,One Ten,Hoboken Polygon,CHURN,6,4,2,0,0,413.0,78.0
2024-10,One Ten,Hoboken Polygon,FREEMIUM,1,1,0,0,6,92.0,119.0
2024-10,One Ten,Hoboken Polygon,ON_DEMAND_SUBSCRIPTION,3,1,2,0,2,175.0,70.0
2024-10,One Ten,Hoboken Polygon,RECURRING_SUBSCRIPTION,10,8,2,0,5,832.0,69.0
2024-10,River Place,Hell's Kitchen Polygon,CHURN,20,14,6,0,12,1439.0,95.0
2024-10,River Place,Hell's Kitchen Polygon,FREEMIUM,1,1,0,0,1,151.0,163.0
2024-10,River Place,Hell's Kitchen Polygon,ON_DEMAND_SUBSCRIPTION,31,28,3,0,7,1616.0,75.0
2024-10,River Place,Hell's Kitchen Polygon,RECURRING_SUBSCRIPTION,13,8,5,0,14,1032.0,85.0
2024-10,River Place,Hell's Kitchen Polygon,TRIAL,6,3,3,0,2,283.0,125.0
2024-10,River Place,Hell's Kitchen Polygon,WARM_LEAD,1,1,0,0,1,23.0,10.0
2024-10,Silver Towers,Hell's Kitchen Polygon,CHURN,45,35,10,0,16,3089.0,88.0
2024-10,Silver Towers,Hell's Kitchen Polygon,FREEMIUM,0,0,0,0,2,,
2024-10,Silver Towers,Hell's Kitchen Polygon,FROZEN,2,0,2,0,1,140.0,95.0
2024-10,Silver Towers,Hell's Kitchen Polygon,ON_DEMAND_SUBSCRIPTION,25,17,8,0,12,1190.0,58.0
2024-10,Silver Towers,Hell's Kitchen Polygon,RECURRING_SUBSCRIPTION,93,82,11,0,25,7662.0,79.0
2024-10,Silver Towers,Hell's Kitchen Polygon,TRIAL,6,3,3,0,5,410.0,68.0
2024-10,Stonehill,Chatham / West Orange Polygon,CHURN,0,0,0,0,1,,
2024-10,Stonehill,Chatham / West Orange Polygon,TRIAL,0,0,0,0,1,,
2024-10,The Dime,Williamsburg Polygon,CHURN,9,7,2,0,0,817.0,106.0
2024-10,The Dime,Williamsburg Polygon,FREEMIUM,2,2,0,0,0,128.0,26.0
2024-10,The Dime,Williamsburg Polygon,RECURRING_SUBSCRIPTION,4,3,1,0,2,339.0,92.0
2024-10,The Dime,Williamsburg Polygon,TRIAL,4,2,2,0,2,155.0,71.0
2024-10,The Dime,Williamsburg Polygon,WARM_LEAD,1,1,0,0,0,84.0,120.0
2024-10,The Eddy,Harrison Polygon,CHURN,2,2,0,0,0,46.0,
2024-10,The Eddy,Harrison Polygon,FREEMIUM,1,1,0,0,0,116.0,
2024-10,The Eddy,Harrison Polygon,RECURRING_SUBSCRIPTION,1,0,1,0,0,44.0,
2024-10,The Eddy,Harrison Polygon,TRIAL,1,1,0,0,4,99.0,
2024-10,The Enclave,Hoboken Polygon,CHURN,7,5,2,0,8,581.0,87.0
2024-10,The Enclave,Hoboken Polygon,FREEMIUM,0,0,0,0,1,,
2024-10,The Enclave,Hoboken Polygon,ON_DEMAND_SUBSCRIPTION,1,0,1,0,0,92.0,134.0
2024-10,The Enclave,Hoboken Polygon,RECURRING_SUBSCRIPTION,3,3,0,0,0,150.0,57.0
2024-10,The Enclave,Hoboken Polygon,TRIAL,1,1,0,0,1,148.0,
2024-10,The Ivy,Chatham / West Orange Polygon,CHURN,23,18,5,0,7,2046.0,98.0
2024-10,The Ivy,Chatham / West Orange Polygon,ON_DEMAND_SUBSCRIPTION,4,2,2,0,1,480.0,108.0
2024-10,The Ivy,Chatham / West Orange Polygon,RECURRING_SUBSCRIPTION,9,9,0,0,3,976.0,94.0
2024-10,The Ivy,Chatham / West Orange Polygon,TRIAL,0,0,0,0,8,,
2024-10,The Ivy,Chatham / West Orange Polygon,WARM_LEAD,0,0,0,0,1,,
2024-11,100 House,Hoboken Polygon,CHURN,12,10,2,0,3,1141.0,91.0
2024-11,100 House,Hoboken Polygon,ON_DEMAND_SUBSCRIPTION,2,0,2,0,0,71.0,88.0
2024-11,100 House,Hoboken Polygon,RECURRING_SUBSCRIPTION,6,0,6,0,1,636.0,102.0
2024-11,1 Boerum PL,Floating NY 2,CHURN,5,5,0,0,11,407.0,93.0
2024-11,1 Boerum PL,Floating NY 2,FREEMIUM,5,4,1,0,4,459.0,128.0
2024-11,1 Boerum PL,Floating NY 2,ON_DEMAND_SUBSCRIPTION,5,4,1,0,1,474.0,115.0
2024-11,1 Boerum PL,Floating NY 2,RECURRING_SUBSCRIPTION,6,5,1,0,3,251.0,63.0
2024-11,1 Boerum PL,Floating NY 2,WARM_LEAD,2,2,0,0,0,272.0,186.0
2024-11,300 Somerset,Harrison Polygon,CHURN,8,6,2,0,9,235.0,47.0
2024-11,300 Somerset,Harrison Polygon,FREEMIUM,1,1,0,0,1,100.0,137.0
2024-11,300 Somerset,Harrison Polygon,ON_DEMAND_SUBSCRIPTION,2,2,0,0,0,102.0,72.0
2024-11,300 Somerset,Harrison Polygon,RECURRING_SUBSCRIPTION,4,2,2,0,1,168.0,59.0
2024-11,300 Somerset,Harrison Polygon,TRIAL,2,1,1,0,4,181.0,93.0
2024-11,330 Angelo Cifelli,Harrison Polygon,CHURN,7,4,3,0,3,359.0,87.0
2024-11,330 Angelo Cifelli,Harrison Polygon,ON_DEMAND_SUBSCRIPTION,2,0,2,0,0,198.0,95.0
2024-11,330 Angelo Cifelli,Harrison Polygon,RECURRING_SUBSCRIPTION,7,5,2,0,6,138.0,44.0
2024-11,330 Angelo Cifelli,Harrison Polygon,TRIAL,1,0,1,0,1,53.0,86.0
2024-11,330 Angelo Cifelli,Harrison Polygon,WARM_LEAD,0,0,0,0,1,,
2024-11,330W-56th,Hell's Kitchen Polygon,CHURN,1,1,0,0,1,92.0,152.0
2024-11,330W-56th,Hell's Kitchen Polygon,FREEMIUM,0,0,0,0,1,,
2024-11,330W-56th,Hell's Kitchen Polygon,RECURRING_SUBSCRIPTION,7,5,2,0,2,377.0,74.0
2024-11,Agnes,Floating Jersey,CHURN,0,0,0,0,2,,
2024-11,Agnes,Floating Jersey,RECURRING_SUBSCRIPTION,1,0,1,0,0,0.0,
2024-11,Azrieli TLV,Unknown,CHURN,48,42,6,0,5,2563.65,87.0
2024-11,Azrieli TLV,Unknown,FROZEN,2,2,0,0,0,200.82,130.0
2024-11,Azrieli TLV,Unknown,ON_DEMAND_SUBSCRIPTION,7,7,0,0,2,664.66,86.0
2024-11,Azrieli TLV,Unknown,RECURRING_SUBSCRIPTION,10,10,0,0,4,681.1,119.0
2024-11,Azrieli TLV,Unknown,TRIAL,4,4,0,0,0,136.44,69.0
2024-11,Gindi 1,Unknown,CHURN,83,63,20,0,6,3979.41,88.0
2024-11,Gindi 1,Unknown,ON_DEMAND_SUBSCRIPTION,21,16,5,0,17,741.1,56.0
2024-11,Gindi 1,Unknown,RECURRING_SUBSCRIPTION,27,26,1,0,9,1709.59,91.0
2024-11,Gindi 1,Unknown,TRIAL,3,3,0,0,3,166.85,120.0
2024-11,Gindi 2,Unknown,CHURN,10,10,0,0,5,991.23,94.0
2024-11,Gindi 2,Unknown,COLD_LEAD,0,0,0,0,1,,
2024-11,Gindi 2,Unknown,ON_DEMAND_SUBSCRIPTION,5,4,1,0,2,257.26,79.0
2024-11,Gindi 2,Unknown,RECURRING_SUBSCRIPTION,14,10,4,0,0,909.04,82.0
2024-11,Gindi 3,Unknown,CHURN,76,68,8,0,8,4801.58,82.0
2024-11,Gindi 3,Unknown,FROZEN,6,6,0,0,0,299.73,91.0
2024-11,Gindi 3,Unknown,ON_DEMAND_SUBSCRIPTION,25,18,7,0,3,1442.19,87.0
2024-11,Gindi 3,Unknown,RECURRING_SUBSCRIPTION,18,11,7,0,1,1549.32,102.0
2024-11,Gindi 3,Unknown,TRIAL,1,1,0,0,4,71.51,78.0
2024-11,Gindi 4,Unknown,CHURN,12,10,2,0,0,447.12,65.0
2024-11,Gindi 4,Unknown,RECURRING_SUBSCRIPTION,1,1,0,0,1,68.22,139.0
2024-11,HaHehad,Unknown,CHURN,6,6,0,0,2,374.79,108.0
2024-11,HaHehad,Unknown,RECURRING_SUBSCRIPTION,1,0,1,0,0,80.55,31.0
2024-11,John Street 116,Financial District Polygon,CHURN,20,12,8,0,8,1507.0,83.0
2024-11,John Street 116,Financial District Polygon,RECURRING_SUBSCRIPTION,7,6,1,0,1,486.0,90.0
2024-11,John Street 116,Financial District Polygon,TRIAL,2,2,0,0,0,137.0,95.0
2024-11,Nine 52,Hell's Kitchen Polygon,CHURN,10,9,1,0,5,964.0,139.0
2024-11,Nine 52,Hell's Kitchen Polygon,RECURRING_SUBSCRIPTION,5,4,1,0,0,406.0,114.0
2024-11,Nine 52,Hell's Kitchen Polygon,TRIAL,1,0,1,0,0,92.0,132.0
2024-11,One Ten,Hoboken Polygon,CHURN,4,2,2,0,2,243.0,73.0
2024-11,One Ten,Hoboken Polygon,FREEMIUM,0,0,0,0,7,,
2024-11,One Ten,Hoboken Polygon,ON_DEMAND_SUBSCRIPTION,5,3,2,0,1,399.0,107.0
2024-11,One Ten,Hoboken Polygon,RECURRING_SUBSCRIPTION,3,3,0,0,3,297.0,88.0
2024-11,River Place,Hell's Kitchen Polygon,CHURN,18,12,6,0,10,1823.0,108.0
2024-11,River Place,Hell's Kitchen Polygon,ON_DEMAND_SUBSCRIPTION,37,28,9,0,9,1776.0,61.0
2024-11,River Place,Hell's Kitchen Polygon,RECURRING_SUBSCRIPTION,14,9,5,0,8,795.0,75.0
2024-11,River Place,Hell's Kitchen Polygon,TRIAL,10,10,0,0,6,554.0,90.0
2024-11,River Place,Hell's Kitchen Polygon,WARM_LEAD,1,1,0,0,1,23.0,
2024-11,Silver Towers,Hell's Kitchen Polygon,CHURN,39,32,7,0,15,2537.0,77.0
2024-11,Silver Towers,Hell's Kitchen Polygon,FREEMIUM,3,2,1,0,0,220.0,133.0
2024-11,Silver Towers,Hell's Kitchen Polygon,FROZEN,1,0,1,0,1,39.0,45.0
2024-11,Silver Towers,Hell's Kitchen Polygon,ON_DEMAND_SUBSCRIPTION,23,14,9,0,8,1183.0,78.0
2024-11,Silver Towers,Hell's Kitchen Polygon,RECURRING_SUBSCRIPTION,77,62,15,0,15,6371.0,90.0
2024-11,Silver Towers,Hell's Kitchen Polygon,TRIAL,7,5,2,0,4,635.0,140.0
2024-11,Stonehill,Chatham / West Orange Polygon,CHURN,8,2,6,0,3,901.0,3.0
2024-11,Stonehill,Chatham / West Orange Polygon,ON_DEMAND_SUBSCRIPTION,4,2,2,0,0,497.0,3.0
2024-11,Stonehill,Chatham / West Orange Polygon,RECURRING_SUBSCRIPTION,3,1,2,0,0,330.0,
2024-11,Stonehill,Chatham / West Orange Polygon,TRIAL,5,5,0,0,1,551.0,
2024-11,The Dime,Williamsburg Polygon,CHURN,11,9,2,0,3,1082.0,92.0
2024-11,The Dime,Williamsburg Polygon,FREEMIUM,1,1,0,0,2,64.0,62.0
2024-11,The Dime,Williamsburg Polygon,ON_DEMAND_SUBSCRIPTION,1,1,0,0,0,99.0,123.0
2024-11,The Dime,Williamsburg Polygon,RECURRING_SUBSCRIPTION,1,0,1,0,2,99.0,87.0
2024-11,The Dime,Williamsburg Polygon,TRIAL,5,4,1,0,3,192.0,89.0
2024-11,The Dime,Williamsburg Polygon,WARM_LEAD,2,2,0,0,0,90.0,75.0
2024-11,The Eddy,Harrison Polygon,CHURN,2,2,0,0,0,46.0,53.0
2024-11,The Eddy,Harrison Polygon,FREEMIUM,0,0,0,0,1,,
2024-11,The Eddy,Harrison Polygon,RECURRING_SUBSCRIPTION,4,2,2,0,0,339.0,149.0
2024-11,The Eddy,Harrison Polygon,TRIAL,0,0,0,0,5,,
2024-11,The Enclave,Hoboken Polygon,CHURN,4,4,0,0,4,402.0,114.0
2024-11,The Enclave,Hoboken Polygon,RECURRING_SUBSCRIPTION,4,3,1,0,1,146.0,46.0
2024-11,The Ivy,Chatham / West Orange Polygon,CHURN,26,21,5,0,6,1893.98,84.0
2024-11,The Ivy,Chatham / West Orange Polygon,ON_DEMAND_SUBSCRIPTION,2,2,0,0,2,240.0,141.0
2024-11,The Ivy,Chatham / West Orange Polygon,RECURRING_SUBSCRIPTION,7,6,1,0,1,738.0,78.0
2024-11,The Ivy,Chatham / West Orange Polygon,TRIAL,1,1,0,0,0,51.0,124.0
2024-12,100 House,Hoboken Polygon,CHURN,9,9,0,0,3,834.0,82.0
2024-12,100 House,Hoboken Polygon,ON_DEMAND_SUBSCRIPTION,2,1,1,0,0,311.0,141.0
2024-12,100 House,Hoboken Polygon,RECURRING_SUBSCRIPTION,6,0,6,0,2,728.0,109.0
2024-12,1 Boerum PL,Floating NY 2,CHURN,3,3,0,0,2,258.0,98.0
2024-12,1 Boerum PL,Floating NY 2,FREEMIUM,1,0,1,0,9,53.0,60.0
2024-12,1 Boerum PL,Floating NY 2,FROZEN,4,3,1,0,7,484.0,167.0
2024-12,1 Boerum PL,Floating NY 2,ON_DEMAND_SUBSCRIPTION,5,3,2,0,4,442.0,156.0
2024-12,1 Boerum PL,Floating NY 2,RECURRING_SUBSCRIPTION,7,6,1,0,0,251.0,52.0
2024-12,1 Boerum PL,Floating NY 2,WARM_LEAD,2,2,0,0,1,272.0,176.0
2024-12,300 Somerset,Harrison Polygon,CHURN,8,6,2,0,2,209.0,46.0
2024-12,300 Somerset,Harrison Polygon,FREEMIUM,0,0,0,0,1,,
2024-12,300 Somerset,Harrison Polygon,ON_DEMAND_SUBSCRIPTION,1,1,0,0,2,23.0,36.0
2024-12,300 Somerset,Harrison Polygon,RECURRING_SUBSCRIPTION,5,3,2,0,1,191.0,54.0
2024-12,300 Somerset,Harrison Polygon,TRIAL,3,3,0,0,7,177.0,116.0
2024-12,330 Angelo Cifelli,Harrison Polygon,CHURN,7,6,1,0,5,451.0,109.0
2024-12,330 Angelo Cifelli,Harrison Polygon,ON_DEMAND_SUBSCRIPTION,1,0,1,0,0,99.0,
2024-12,330 Angelo Cifelli,Harrison Polygon,RECURRING_SUBSCRIPTION,10,8,2,0,0,230.0,45.0
2024-12,330 Angelo Cifelli,Harrison Polygon,TRIAL,1,0,1,0,1,45.0,82.0
2024-12,330 Angelo Cifelli,Harrison Polygon,WARM_LEAD,0,0,0,0,1,,
2024-12,330W-56th,Hell's Kitchen Polygon,CHURN,0,0,0,0,2,,
2024-12,330W-56th,Hell's Kitchen Polygon,FREEMIUM,0,0,0,0,1,,
2024-12,330W-56th,Hell's Kitchen Polygon,RECURRING_SUBSCRIPTION,8,6,2,0,6,453.0,84.0
2024-12,Agnes,Floating Jersey,CHURN,3,2,1,0,2,166.0,178.0
2024-12,Agnes,Floating Jersey,RECURRING_SUBSCRIPTION,1,0,1,0,1,0.0,
2024-12,Agnes,Floating Jersey,TRIAL,1,0,1,0,1,45.0,132.0
2024-12,Agnes,Floating Jersey,WARM_LEAD,0,0,0,0,2,,
2024-12,Azrieli TLV,Unknown,CHURN,60,50,10,0,5,3301.18,83.0
2024-12,Azrieli TLV,Unknown,FROZEN,2,2,0,0,0,200.55,116.0
2024-12,Azrieli TLV,Unknown,ON_DEMAND_SUBSCRIPTION,13,13,0,0,0,948.77,77.0
2024-12,Azrieli TLV,Unknown,RECURRING_SUBSCRIPTION,24,16,8,0,4,1072.05,83.0
2024-12,Azrieli TLV,Unknown,TRIAL,3,2,1,0,0,136.44,84.0
2024-12,Gindi 1,Unknown,CHURN,101,73,28,0,12,4553.67,93.0
2024-12,Gindi 1,Unknown,ON_DEMAND_SUBSCRIPTION,42,33,9,0,4,1286.85,74.0
2024-12,Gindi 1,Unknown,RECURRING_SUBSCRIPTION,28,23,5,0,5,1634.52,82.0
2024-12,Gindi 1,Unknown,TRIAL,3,3,0,0,2,108.22,62.0
2024-12,Gindi 2,Unknown,CHURN,13,9,4,0,8,1170.68,88.0
2024-12,Gindi 2,Unknown,ON_DEMAND_SUBSCRIPTION,6,4,2,0,1,286.58,92.0
2024-12,Gindi 2,Unknown,RECURRING_SUBSCRIPTION,15,9,6,0,1,987.67,76.0
2024-12,Gindi 2,Unknown,TRIAL,1,1,0,0,0,61.92,57.0
2024-12,Gindi 3,Unknown,CHURN,79,72,7,0,11,5180.39,92.0
2024-12,Gindi 3,Unknown,FROZEN,8,8,0,0,0,367.95,89.0
2024-12,Gindi 3,Unknown,ON_DEMAND_SUBSCRIPTION,23,21,2,0,6,1292.05,84.0
2024-12,Gindi 3,Unknown,RECURRING_SUBSCRIPTION,21,10,11,0,0,1910.41,117.0
2024-12,Gindi 3,Unknown,TRIAL,0,0,0,0,6,,
2024-12,Gindi 4,Unknown,CHURN,15,12,3,0,0,597.26,61.0
2024-12,Gindi 4,Unknown,RECURRING_SUBSCRIPTION,1,1,0,0,0,68.22,134.0
2024-12,HaHehad,Unknown,CHURN,13,13,0,0,13,955.07,109.0
2024-12,HaHehad,Unknown,COLD_LEAD,0,0,0,0,1,,
2024-12,HaHehad,Unknown,RECURRING_SUBSCRIPTION,2,0,2,0,0,161.1,114.0
2024-12,John Street 116,Financial District Polygon,CHURN,11,9,2,0,7,931.0,101.0
2024-12,John Street 116,Financial District Polygon,RECURRING_SUBSCRIPTION,6,5,1,0,0,473.0,105.0
2024-12,John Street 116,Financial District Polygon,TRIAL,1,0,1,0,0,23.0,38.0
2024-12,Nine 52,Hell's Kitchen Polygon,CHURN,6,3,3,0,4,351.0,145.0
2024-12,Nine 52,Hell's Kitchen Polygon,RECURRING_SUBSCRIPTION,6,6,0,0,2,549.0,100.0
2024-12,One Ten,Hoboken Polygon,CHURN,4,4,0,0,1,271.0,99.0
2024-12,One Ten,Hoboken Polygon,ON_DEMAND_SUBSCRIPTION,1,0,1,0,0,151.0,180.0
2024-12,One Ten,Hoboken Polygon,RECURRING_SUBSCRIPTION,5,5,0,0,2,502.0,109.0
2024-12,River Place,Hell's Kitchen Polygon,CHURN,19,14,5,0,7,1967.0,83.0
2024-12,River Place,Hell's Kitchen Polygon,FREEMIUM,4,4,0,0,3,65.0,
2024-12,River Place,Hell's Kitchen Polygon,ON_DEMAND_SUBSCRIPTION,28,23,5,0,19,1572.0,61.0
2024-12,River Place,Hell's Kitchen Polygon,RECURRING_SUBSCRIPTION,14,12,2,0,4,887.0,69.0
2024-12,River Place,Hell's Kitchen Polygon,TRIAL,6,5,1,0,16,334.0,75.0
2024-12,River Place,Hell's Kitchen Polygon,WARM_LEAD,2,2,0,0,0,96.0,33.0
2024-12,Silver Towers,Hell's Kitchen Polygon,CHURN,41,34,7,0,8,2537.19,73.0
2024-12,Silver Towers,Hell's Kitchen Polygon,FREEMIUM,1,1,0,0,0,69.0,109.0
2024-12,Silver Towers,Hell's Kitchen Polygon,FROZEN,2,0,2,0,1,92.0,61.0
2024-12,Silver Towers,Hell's Kitchen Polygon,ON_DEMAND_SUBSCRIPTION,34,19,15,0,12,1257.0,59.0
2024-12,Silver Towers,Hell's Kitchen Polygon,RECURRING_SUBSCRIPTION,62,54,8,0,21,6071.0,90.0
2024-12,Silver Towers,Hell's Kitchen Polygon,TRIAL,6,4,2,0,5,315.99,91.0
2024-12,Silver Towers,Hell's Kitchen Polygon,WARM_LEAD,1,1,0,0,0,0.0,91.0
2024-12,Stonehill,Chatham / West Orange Polygon,CHURN,4,2,2,0,3,545.0,7.0
2024-12,Stonehill,Chatham / West Orange Polygon,FREEMIUM,0,0,0,0,1,,
2024-12,Stonehill,Chatham / West Orange Polygon,ON_DEMAND_SUBSCRIPTION,3,2,1,0,1,398.0,
2024-12,Stonehill,Chatham / West Orange Polygon,RECURRING_SUBSCRIPTION,2,2,0,0,0,220.0,
2024-12,Stonehill,Chatham / West Orange Polygon,TRIAL,1,0,1,0,4,134.0,
2024-12,Stonehill,Chatham / West Orange Polygon,WARM_LEAD,0,0,0,0,1,,
2024-12,The Dime,Williamsburg Polygon,CHURN,6,5,1,0,3,565.0,89.0
2024-12,The Dime,Williamsburg Polygon,FREEMIUM,0,0,0,0,1,,
2024-12,The Dime,Williamsburg Polygon,ON_DEMAND_SUBSCRIPTION,0,0,0,0,1,,
2024-12,The Dime,Williamsburg Polygon,RECURRING_SUBSCRIPTION,4,3,1,0,0,257.0,70.0
2024-12,The Dime,Williamsburg Polygon,TRIAL,1,1,0,0,3,99.0,196.0
2024-12,The Dime,Williamsburg Polygon,WARM_LEAD,0,0,0,0,1,,
2024-12,The Eddy,Harrison Polygon,CHURN,3,3,0,0,0,85.0,62.0
2024-12,The Eddy,Harrison Polygon,RECURRING_SUBSCRIPTION,4,2,2,0,0,468.0,181.0
2024-12,The Eddy,Harrison Polygon,TRIAL,0,0,0,0,3,,
2024-12,The Enclave,Hoboken Polygon,CHURN,3,3,0,0,3,235.0,106.0
2024-12,The Enclave,Hoboken Polygon,FREEMIUM,0,0,0,0,1,,
2024-12,The Enclave,Hoboken Polygon,RECURRING_SUBSCRIPTION,3,2,1,0,0,100.0,88.0
2024-12,The Ivy,Chatham / West Orange Polygon,CHURN,24,17,7,0,18,2359.99,103.0
2024-12,The Ivy,Chatham / West Orange Polygon,ON_DEMAND_SUBSCRIPTION,5,4,1,0,0,614.0,117.0
2024-12,The Ivy,Chatham / West Orange Polygon,RECURRING_SUBSCRIPTION,9,8,1,0,1,909.0,74.0
2024-12,The Ivy,Chatham / West Orange Polygon,TRIAL,2,2,0,0,0,181.95,96.0
2025-01,100 House,Hoboken Polygon,CHURN,9,9,0,0,5,890.0,101.0
2025-01,100 House,Hoboken Polygon,ON_DEMAND_SUBSCRIPTION,1,0,1,0,0,101.0,207.0
2025-01,100 House,Hoboken Polygon,RECURRING_SUBSCRIPTION,7,0,7,0,2,886.0,103.0
2025-01,1 Boerum PL,Floating NY 2,CHURN,4,4,0,0,0,410.0,132.0
2025-01,1 Boerum PL,Floating NY 2,FREEMIUM,0,0,0,0,7,,
2025-01,1 Boerum PL,Floating NY 2,FROZEN,0,0,0,0,9,,
2025-01,1 Boerum PL,Floating NY 2,ON_DEMAND_SUBSCRIPTION,2,1,1,0,7,227.0,141.0
2025-01,1 Boerum PL,Floating NY 2,RECURRING_SUBSCRIPTION,8,8,0,0,1,526.0,95.0
2025-01,1 Boerum PL,Floating NY 2,WARM_LEAD,2,2,0,0,0,272.0,174.0
2025-01,300 Somerset,Harrison Polygon,CHURN,10,7,3,0,8,339.0,59.0
2025-01,300 Somerset,Harrison Polygon,FREEMIUM,1,1,0,0,1,53.0,60.0
2025-01,300 Somerset,Harrison Polygon,ON_DEMAND_SUBSCRIPTION,4,2,2,0,4,237.0,87.0
2025-01,300 Somerset,Harrison Polygon,RECURRING_SUBSCRIPTION,6,4,2,0,1,195.0,59.0
2025-01,300 Somerset,Harrison Polygon,TRIAL,1,1,0,0,9,105.0,
2025-01,330 Angelo Cifelli,Harrison Polygon,CHURN,9,8,1,0,5,529.0,87.0
2025-01,330 Angelo Cifelli,Harrison Polygon,FREEMIUM,0,0,0,0,2,,
2025-01,330 Angelo Cifelli,Harrison Polygon,ON_DEMAND_SUBSCRIPTION,1,0,1,0,0,127.0,162.0
2025-01,330 Angelo Cifelli,Harrison Polygon,RECURRING_SUBSCRIPTION,12,12,0,0,4,288.0,47.0
2025-01,330 Angelo Cifelli,Harrison Polygon,WARM_LEAD,0,0,0,0,1,,
2025-01,330W-56th,Hell's Kitchen Polygon,CHURN,0,0,0,0,1,,
2025-01,330W-56th,Hell's Kitchen Polygon,FREEMIUM,0,0,0,0,1,,
2025-01,330W-56th,Hell's Kitchen Polygon,ON_DEMAND_SUBSCRIPTION,0,0,0,0,1,,
2025-01,330W-56th,Hell's Kitchen Polygon,RECURRING_SUBSCRIPTION,6,4,2,0,3,269.0,76.0
2025-01,330W-56th,Hell's Kitchen Polygon,TRIAL,1,1,0,0,0,52.0,84.0
2025-01,Agnes,Floating Jersey,CHURN,5,4,1,0,2,347.0,120.0
2025-01,Agnes,Floating Jersey,RECURRING_SUBSCRIPTION,1,0,1,0,2,109.0,159.0
2025-01,Agnes,Floating Jersey,TRIAL,1,1,0,0,0,102.0,205.0
2025-01,Agnes,Floating Jersey,WARM_LEAD,0,0,0,0,1,,
2025-01,Azrieli TLV,Unknown,CHURN,54,47,7,0,10,3003.38,80.0
2025-01,Azrieli TLV,Unknown,FROZEN,2,2,0,0,0,181.37,117.0
2025-01,Azrieli TLV,Unknown,ON_DEMAND_SUBSCRIPTION,3,3,0,0,6,199.73,82.0
2025-01,Azrieli TLV,Unknown,RECURRING_SUBSCRIPTION,23,12,11,0,1,1403.56,100.0
2025-01,Azrieli TLV,Unknown,TRIAL,5,5,0,0,4,204.66,74.0
2025-01,Gindi 1,Unknown,CHURN,82,69,13,0,15,4294.18,111.0
2025-01,Gindi 1,Unknown,FROZEN,1,1,0,0,0,0.0,84.0
2025-01,Gindi 1,Unknown,ON_DEMAND_SUBSCRIPTION,31,23,8,0,26,936.16,53.0
2025-01,Gindi 1,Unknown,RECURRING_SUBSCRIPTION,27,22,5,0,20,1508.77,105.0
2025-01,Gindi 1,Unknown,TRIAL,6,6,0,0,2,469.59,106.0
2025-01,Gindi 2,Unknown,CHURN,24,20,4,0,7,1505.35,85.0
2025-01,Gindi 2,Unknown,COLD_LEAD,2,2,0,0,0,124.93,88.0
2025-01,Gindi 2,Unknown,ON_DEMAND_SUBSCRIPTION,4,3,1,0,6,163.56,81.0
2025-01,Gindi 2,Unknown,RECURRING_SUBSCRIPTION,12,8,4,0,0,991.23,104.0
2025-01,Gindi 3,Unknown,CHURN,97,79,18,0,3,5619.97,88.0
2025-01,Gindi 3,Unknown,COLD_LEAD,0,0,0,0,2,,
2025-01,Gindi 3,Unknown,FROZEN,4,4,0,0,0,251.78,131.0
2025-01,Gindi 3,Unknown,ON_DEMAND_SUBSCRIPTION,28,24,4,0,8,1638.08,89.0
2025-01,Gindi 3,Unknown,RECURRING_SUBSCRIPTION,28,21,7,0,2,1968.49,96.0
2025-01,Gindi 3,Unknown,TRIAL,4,1,3,0,8,196.99,90.0
2025-01,Gindi 4,Unknown,CHURN,15,10,5,0,0,547.67,63.0
2025-01,Gindi 4,Unknown,RECURRING_SUBSCRIPTION,1,1,0,0,2,67.12,139.0
2025-01,HaHehad,Unknown,CHURN,19,18,1,0,13,1041.92,98.0
2025-01,HaHehad,Unknown,RECURRING_SUBSCRIPTION,2,0,2,0,0,161.1,84.0
2025-01,HaHehad,Unknown,TRIAL,2,2,0,0,0,143.01,90.0
2025-01,John Street 116,Financial District Polygon,CHURN,20,10,10,0,7,1321.0,82.0
2025-01,John Street 116,Financial District Polygon,ON_DEMAND_SUBSCRIPTION,6,4,2,0,0,295.0,51.0
2025-01,John Street 116,Financial District Polygon,RECURRING_SUBSCRIPTION,9,9,0,0,1,706.0,89.0
2025-01,John Street 116,Financial District Polygon,TRIAL,1,0,1,0,0,138.0,208.0
2025-01,Nine 52,Hell's Kitchen Polygon,CHURN,3,3,0,0,7,224.0,98.0
2025-01,Nine 52,Hell's Kitchen Polygon,FREEMIUM,0,0,0,0,1,,
2025-01,Nine 52,Hell's Kitchen Polygon,ON_DEMAND_SUBSCRIPTION,1,1,0,0,0,67.0,166.0
2025-01,Nine 52,Hell's Kitchen Polygon,RECURRING_SUBSCRIPTION,7,7,0,0,4,656.0,112.0
2025-01,Nine 52,Hell's Kitchen Polygon,TRIAL,3,3,0,0,0,73.0,29.0
2025-01,One Ten,Hoboken Polygon,CHURN,8,8,0,0,1,421.0,69.0
2025-01,One Ten,Hoboken Polygon,RECURRING_SUBSCRIPTION,7,6,1,0,0,638.0,107.0
2025-01,River Place,Hell's Kitchen Polygon,CHURN,21,17,4,0,3,2110.0,95.0
2025-01,River Place,Hell's Kitchen Polygon,FREEMIUM,1,1,0,0,0,93.0,111.0
2025-01,River Place,Hell's Kitchen Polygon,ON_DEMAND_SUBSCRIPTION,34,28,6,0,28,2486.0,74.0
2025-01,River Place,Hell's Kitchen Polygon,RECURRING_SUBSCRIPTION,16,13,3,0,2,999.0,69.0
2025-01,River Place,Hell's Kitchen Polygon,TRIAL,3,2,1,0,12,165.0,98.0
2025-01,Silver Towers,Hell's Kitchen Polygon,CHURN,52,45,7,0,19,3682.0,77.0
2025-01,Silver Towers,Hell's Kitchen Polygon,FREEMIUM,0,0,0,0,2,,
2025-01,Silver Towers,Hell's Kitchen Polygon,FROZEN,0,0,0,0,1,,
2025-01,Silver Towers,Hell's Kitchen Polygon,ON_DEMAND_SUBSCRIPTION,38,17,21,0,13,1293.0,52.0
2025-01,Silver Towers,Hell's Kitchen Polygon,RECURRING_SUBSCRIPTION,83,73,10,0,15,7430.0,93.0
2025-01,Silver Towers,Hell's Kitchen Polygon,TRIAL,4,4,0,0,3,236.0,65.0
2025-01,Stonehill,Chatham / West Orange Polygon,CHURN,8,4,4,0,5,990.0,107.0
2025-01,Stonehill,Chatham / West Orange Polygon,ON_DEMAND_SUBSCRIPTION,5,5,0,0,1,488.0,9.0
2025-01,Stonehill,Chatham / West Orange Polygon,RECURRING_SUBSCRIPTION,4,2,2,0,2,440.0,41.0
2025-01,Stonehill,Chatham / West Orange Polygon,TRIAL,5,2,3,0,9,537.0,45.0
2025-01,Stonehill,Chatham / West Orange Polygon,WARM_LEAD,0,0,0,0,1,,
2025-01,The Dime,Williamsburg Polygon,CHURN,4,3,1,0,6,495.0,121.0
2025-01,The Dime,Williamsburg Polygon,ON_DEMAND_SUBSCRIPTION,0,0,0,0,1,,
2025-01,The Dime,Williamsburg Polygon,RECURRING_SUBSCRIPTION,2,1,1,0,1,179.0,77.0
2025-01,The Dime,Williamsburg Polygon,TRIAL,1,1,0,0,4,86.0,149.0
2025-01,The Dime,Williamsburg Polygon,WARM_LEAD,0,0,0,0,1,,
2025-01,The Eddy,Harrison Polygon,CHURN,2,2,0,0,0,46.0,58.0
2025-01,The Eddy,Harrison Polygon,ON_DEMAND_SUBSCRIPTION,1,0,1,0,0,107.0,121.0
2025-01,The Eddy,Harrison Polygon,RECURRING_SUBSCRIPTION,2,0,2,0,1,316.0,223.0
2025-01,The Eddy,Harrison Polygon,TRIAL,0,0,0,0,4,,
2025-01,The Enclave,Hoboken Polygon,CHURN,5,5,0,0,3,510.0,135.0
2025-01,The Enclave,Hoboken Polygon,RECURRING_SUBSCRIPTION,3,1,2,0,1,127.0,74.0
2025-01,The Enclave,Hoboken Polygon,TRIAL,1,0,1,0,0,45.0,106.0
2025-01,The Ivy,Chatham / West Orange Polygon,CHURN,19,15,4,0,20,2291.0,64.0
2025-01,The Ivy,Chatham / West Orange Polygon,ON_DEMAND_SUBSCRIPTION,7,4,3,0,1,773.0,59.0
2025-01,The Ivy,Chatham / West Orange Polygon,RECURRING_SUBSCRIPTION,9,6,3,0,1,924.0,38.0
2025-01,The Ivy,Chatham / West Orange Polygon,TRIAL,2,1,1,0,0,318.0,52.0
2025-02,100 House,Hoboken Polygon,CHURN,8,8,0,0,3,816.0,98.0
2025-02,100 House,Hoboken Polygon,RECURRING_SUBSCRIPTION,7,1,6,0,2,1006.0,102.0
2025-02,1 Boerum PL,Floating NY 2,CHURN,4,4,0,0,1,381.0,92.0
2025-02,1 Boerum PL,Floating NY 2,FROZEN,0,0,0,0,4,,
2025-02,1 Boerum PL,Floating NY 2,ON_DEMAND_SUBSCRIPTION,4,1,3,0,5,243.0,88.0
2025-02,1 Boerum PL,Floating NY 2,RECURRING_SUBSCRIPTION,8,8,0,0,3,402.0,79.0
2025-02,1 Boerum PL,Floating NY 2,WARM_LEAD,2,2,0,0,0,286.0,189.0
2025-02,300 Somerset,Harrison Polygon,CHURN,8,4,4,0,6,233.0,40.0
2025-02,300 Somerset,Harrison Polygon,ON_DEMAND_SUBSCRIPTION,7,2,5,0,2,336.0,79.0
2025-02,300 Somerset,Harrison Polygon,RECURRING_SUBSCRIPTION,4,4,0,0,1,108.0,20.0
2025-02,300 Somerset,Harrison Polygon,TRIAL,0,0,0,0,4,,
2025-02,330 Angelo Cifelli,Harrison Polygon,CHURN,10,9,1,0,2,665.0,91.0
2025-02,330 Angelo Cifelli,Harrison Polygon,ON_DEMAND_SUBSCRIPTION,0,0,0,0,1,,
2025-02,330 Angelo Cifelli,Harrison Polygon,RECURRING_SUBSCRIPTION,8,8,0,0,3,216.0,38.0
2025-02,330 Angelo Cifelli,Harrison Polygon,TRIAL,2,0,2,0,0,134.0,125.0
2025-02,330W-56th,Hell's Kitchen Polygon,FREEMIUM,6,6,0,0,0,156.0,33.0
2025-02,330W-56th,Hell's Kitchen Polygon,ON_DEMAND_SUBSCRIPTION,0,0,0,0,1,,
2025-02,330W-56th,Hell's Kitchen Polygon,RECURRING_SUBSCRIPTION,8,5,3,0,0,429.0,74.0
2025-02,330W-56th,Hell's Kitchen Polygon,TRIAL,4,3,1,0,0,106.0,31.0
2025-02,Agnes,Floating Jersey,CHURN,3,2,1,0,2,267.0,108.0
2025-02,Agnes,Floating Jersey,RECURRING_SUBSCRIPTION,1,0,1,0,1,110.0,137.0
2025-02,Agnes,Floating Jersey,TRIAL,2,1,1,0,1,54.0,60.0
2025-02,Agnes,Floating Jersey,WARM_LEAD,0,0,0,0,1,,
2025-02,Azrieli TLV,Unknown,CHURN,62,55,7,0,15,3213.97,73.0
2025-02,Azrieli TLV,Unknown,FROZEN,2,2,0,0,0,214.25,131.0
2025-02,Azrieli TLV,Unknown,ON_DEMAND_SUBSCRIPTION,8,8,0,0,9,503.01,90.0
2025-02,Azrieli TLV,Unknown,RECURRING_SUBSCRIPTION,17,12,5,0,4,1224.66,83.0
2025-02,Azrieli TLV,Unknown,TRIAL,5,5,0,0,0,224.38,77.0
2025-02,Gindi 1,Unknown,CHURN,66,63,3,0,21,3968.49,104.0
2025-02,Gindi 1,Unknown,COLD_LEAD,2,0,2,0,0,96.16,137.0
2025-02,Gindi 1,Unknown,ON_DEMAND_SUBSCRIPTION,12,12,0,0,29,828.22,92.0
2025-02,Gindi 1,Unknown,RECURRING_SUBSCRIPTION,22,17,5,0,17,1619.45,109.0
2025-02,Gindi 1,Unknown,TRIAL,4,3,1,0,4,275.07,119.0
2025-02,Gindi 2,Unknown,CHURN,20,18,2,0,7,1519.18,96.0
2025-02,Gindi 2,Unknown,COLD_LEAD,0,0,0,0,6,,
2025-02,Gindi 2,Unknown,ON_DEMAND_SUBSCRIPTION,3,3,0,0,1,199.73,127.0
2025-02,Gindi 2,Unknown,RECURRING_SUBSCRIPTION,11,9,2,0,2,912.33,112.0
2025-02,Gindi 3,Unknown,CHURN,73,67,6,0,16,5047.48,92.0
2025-02,Gindi 3,Unknown,COLD_LEAD,0,0,0,0,4,,
2025-02,Gindi 3,Unknown,FROZEN,6,6,0,0,0,296.16,85.0
2025-02,Gindi 3,Unknown,ON_DEMAND_SUBSCRIPTION,24,22,2,0,11,1477.26,81.0
2025-02,Gindi 3,Unknown,RECURRING_SUBSCRIPTION,23,16,7,0,0,2020.82,94.0
2025-02,Gindi 3,Unknown,TRIAL,9,6,3,0,1,456.99,86.0
2025-02,Gindi 4,Unknown,CHURN,11,1,10,0,6,298.36,57.0
2025-02,Gindi 4,Unknown,RECURRING_SUBSCRIPTION,1,1,0,0,0,68.22,15.0
2025-02,HaHehad,Unknown,CHURN,12,12,0,0,15,770.96,73.0
2025-02,HaHehad,Unknown,RECURRING_SUBSCRIPTION,2,0,2,0,1,161.1,90.0
2025-02,John Street 116,Financial District Polygon,CHURN,17,10,7,0,3,1288.0,81.0
2025-02,John Street 116,Financial District Polygon,ON_DEMAND_SUBSCRIPTION,4,4,0,0,6,441.0,108.0
2025-02,John Street 116,Financial District Polygon,RECURRING_SUBSCRIPTION,6,5,1,0,0,512.0,109.0
2025-02,John Street 116,Financial District Polygon,TRIAL,1,1,0,0,0,47.0,59.0
2025-02,Nine 52,Hell's Kitchen Polygon,CHURN,0,0,0,0,8,,
2025-02,Nine 52,Hell's Kitchen Polygon,ON_DEMAND_SUBSCRIPTION,1,1,0,0,1,134.0,127.0
2025-02,Nine 52,Hell's Kitchen Polygon,RECURRING_SUBSCRIPTION,7,7,0,0,2,673.0,105.0
2025-02,Nine 52,Hell's Kitchen Polygon,TRIAL,2,2,0,0,0,404.0,163.0
2025-02,One Ten,Hoboken Polygon,CHURN,4,4,0,0,1,282.0,78.0
2025-02,One Ten,Hoboken Polygon,FREEMIUM,2,1,1,0,0,125.0,140.0
2025-02,One Ten,Hoboken Polygon,ON_DEMAND_SUBSCRIPTION,3,3,0,0,0,242.0,82.0
2025-02,One Ten,Hoboken Polygon,RECURRING_SUBSCRIPTION,5,5,0,0,2,532.0,98.0
2025-02,One Ten,Hoboken Polygon,TRIAL,1,0,1,0,1,159.0,191.0
2025-02,River Place,Hell's Kitchen Polygon,CHURN,20,14,6,0,11,2185.0,99.0
2025-02,River Place,Hell's Kitchen Polygon,FREEMIUM,0,0,0,0,1,,
2025-02,River Place,Hell's Kitchen Polygon,ON_DEMAND_SUBSCRIPTION,29,26,3,0,26,1560.0,58.0
2025-02,River Place,Hell's Kitchen Polygon,RECURRING_SUBSCRIPTION,13,10,3,0,4,1000.0,82.0
2025-02,River Place,Hell's Kitchen Polygon,TRIAL,4,2,2,0,3,285.0,159.0
2025-02,River Place,Hell's Kitchen Polygon,WARM_LEAD,2,2,0,0,1,79.0,43.0
2025-02,Silver Towers,Hell's Kitchen Polygon,CHURN,46,40,6,0,11,3666.0,91.0
2025-02,Silver Towers,Hell's Kitchen Polygon,FREEMIUM,3,3,0,0,4,109.0,82.0
2025-02,Silver Towers,Hell's Kitchen Polygon,FROZEN,2,0,2,0,2,106.0,78.0
2025-02,Silver Towers,Hell's Kitchen Polygon,ON_DEMAND_SUBSCRIPTION,56,27,29,0,16,1771.5,42.0
2025-02,Silver Towers,Hell's Kitchen Polygon,RECURRING_SUBSCRIPTION,76,68,8,0,15,7456.0,92.0
2025-02,Silver Towers,Hell's Kitchen Polygon,TRIAL,4,3,1,0,3,238.0,79.0
2025-02,Stonehill,Chatham / West Orange Polygon,CHURN,9,4,5,0,5,1163.0,86.0
2025-02,Stonehill,Chatham / West Orange Polygon,FREEMIUM,0,0,0,0,1,,
2025-02,Stonehill,Chatham / West Orange Polygon,ON_DEMAND_SUBSCRIPTION,4,3,1,0,3,354.0,
2025-02,Stonehill,Chatham / West Orange Polygon,RECURRING_SUBSCRIPTION,6,3,3,0,2,534.0,
2025-02,Stonehill,Chatham / West Orange Polygon,TRIAL,2,2,0,0,10,195.0,6.0
2025-02,Stonehill,Chatham / West Orange Polygon,WARM_LEAD,0,0,0,0,1,,
2025-02,The Dime,Williamsburg Polygon,CHURN,7,7,0,0,6,436.0,96.0
2025-02,The Dime,Williamsburg Polygon,ON_DEMAND_SUBSCRIPTION,0,0,0,0,1,,
2025-02,The Dime,Williamsburg Polygon,RECURRING_SUBSCRIPTION,2,1,1,0,0,195.0,72.0
2025-02,The Dime,Williamsburg Polygon,TRIAL,0,0,0,0,1,,
2025-02,The Eddy,Harrison Polygon,CHURN,5,2,3,0,0,139.0,55.0
2025-02,The Eddy,Harrison Polygon,ON_DEMAND_SUBSCRIPTION,1,1,0,0,0,107.0,131.0
2025-02,The Eddy,Harrison Polygon,RECURRING_SUBSCRIPTION,4,1,3,0,0,456.0,151.0
2025-02,The Eddy,Harrison Polygon,TRIAL,0,0,0,0,1,,
2025-02,The Enclave,Hoboken Polygon,CHURN,5,3,2,0,3,649.0,141.0
2025-02,The Enclave,Hoboken Polygon,FREEMIUM,1,1,0,0,0,159.0,96.0
2025-02,The Enclave,Hoboken Polygon,RECURRING_SUBSCRIPTION,3,2,1,0,1,145.0,85.0
2025-02,The Ivy,Chatham / West Orange Polygon,CHURN,14,11,3,0,6,1731.0,60.0
2025-02,The Ivy,Chatham / West Orange Polygon,ON_DEMAND_SUBSCRIPTION,2,1,1,0,2,260.0,30.0
2025-02,The Ivy,Chatham / West Orange Polygon,RECURRING_SUBSCRIPTION,10,7,3,0,2,1191.0,50.0
2025-02,The Ivy,Chatham / West Orange Polygon,TRIAL,0,0,0,0,2,,
2025-03,100 House,Hoboken Polygon,CHURN,8,7,1,0,4,821.0,90.0
2025-03,100 House,Hoboken Polygon,FREEMIUM,2,0,2,0,0,84.0,47.0
2025-03,100 House,Hoboken Polygon,ON_DEMAND_SUBSCRIPTION,4,2,2,0,7,225.0,80.0
2025-03,100 House,Hoboken Polygon,RECURRING_SUBSCRIPTION,8,2,6,0,1,1107.0,102.0
2025-03,100 House,Hoboken Polygon,TRIAL,1,0,1,0,0,93.0,157.0
2025-03,1 Boerum PL,Floating NY 2,CHURN,3,3,0,0,1,229.0,90.0
2025-03,1 Boerum PL,Floating NY 2,ON_DEMAND_SUBSCRIPTION,2,0,2,0,1,176.0,103.0
2025-03,1 Boerum PL,Floating NY 2,RECURRING_SUBSCRIPTION,6,6,0,0,3,375.0,81.0
2025-03,1 Boerum PL,Floating NY 2,WARM_LEAD,1,1,0,0,1,143.0,183.0
2025-03,300 Somerset,Harrison Polygon,CHURN,11,7,4,0,6,365.0,55.0
2025-03,300 Somerset,Harrison Polygon,FREEMIUM,1,1,0,0,0,120.0,171.0
2025-03,300 Somerset,Harrison Polygon,ON_DEMAND_SUBSCRIPTION,2,1,1,0,6,134.0,88.0
2025-03,300 Somerset,Harrison Polygon,RECURRING_SUBSCRIPTION,4,3,1,0,0,188.0,60.0
2025-03,330 Angelo Cifelli,Harrison Polygon,CHURN,7,6,1,0,7,376.0,80.0
2025-03,330 Angelo Cifelli,Harrison Polygon,FREEMIUM,1,1,0,0,0,107.0,151.0
2025-03,330 Angelo Cifelli,Harrison Polygon,ON_DEMAND_SUBSCRIPTION,1,0,1,0,1,89.0,130.0
2025-03,330 Angelo Cifelli,Harrison Polygon,RECURRING_SUBSCRIPTION,10,9,1,0,0,270.0,39.0
2025-03,330 Angelo Cifelli,Harrison Polygon,TRIAL,1,0,1,0,0,107.0,145.0
2025-03,330W-56th,Hell's Kitchen Polygon,CHURN,2,1,1,0,0,54.0,40.0
2025-03,330W-56th,Hell's Kitchen Polygon,FREEMIUM,5,2,3,0,2,116.0,30.0
2025-03,330W-56th,Hell's Kitchen Polygon,RECURRING_SUBSCRIPTION,6,5,1,0,4,360.0,83.0
2025-03,330W-56th,Hell's Kitchen Polygon,TRIAL,0,0,0,0,2,,
2025-03,330W-56th,Hell's Kitchen Polygon,WARM_LEAD,1,1,0,0,0,26.0,57.0
2025-03,Agnes,Floating Jersey,CHURN,3,3,0,0,0,289.0,86.0
2025-03,Agnes,Floating Jersey,RECURRING_SUBSCRIPTION,1,0,1,0,0,110.0,122.0
2025-03,Agnes,Floating Jersey,WARM_LEAD,0,0,0,0,1,,
2025-03,Azrieli TLV,Unknown,CHURN,71,69,2,0,19,3559.73,71.0
2025-03,Azrieli TLV,Unknown,FROZEN,2,2,0,0,0,214.25,129.0
2025-03,Azrieli TLV,Unknown,ON_DEMAND_SUBSCRIPTION,8,7,1,0,4,538.63,84.0
2025-03,Azrieli TLV,Unknown,RECURRING_SUBSCRIPTION,19,18,1,0,5,1318.9,79.0
2025-03,Azrieli TLV,Unknown,TRIAL,4,4,0,0,0,102.47,58.0
2025-03,Gindi 1,Unknown,CHURN,68,64,4,0,19,4278.36,100.0
2025-03,Gindi 1,Unknown,ON_DEMAND_SUBSCRIPTION,15,14,1,0,37,854.79,87.0
2025-03,Gindi 1,Unknown,RECURRING_SUBSCRIPTION,19,18,1,0,17,1419.73,118.0
2025-03,Gindi 1,Unknown,TRIAL,1,1,0,0,7,39.73,120.0
2025-03,Gindi 2,Unknown,CHURN,25,21,4,0,5,1779.45,101.0
2025-03,Gindi 2,Unknown,COLD_LEAD,0,0,0,0,4,,
2025-03,Gindi 2,Unknown,ON_DEMAND_SUBSCRIPTION,9,7,2,0,1,267.67,74.0
2025-03,Gindi 2,Unknown,RECURRING_SUBSCRIPTION,11,9,2,0,2,912.33,105.0
2025-03,Gindi 2,Unknown,TRIAL,1,1,0,0,1,142.74,2.0
2025-03,Gindi 3,Unknown,CHURN,82,78,4,0,16,5320.09,87.0
2025-03,Gindi 3,Unknown,COLD_LEAD,1,1,0,0,7,12.33,27.0
2025-03,Gindi 3,Unknown,FROZEN,8,8,0,0,0,518.36,89.0
2025-03,Gindi 3,Unknown,ON_DEMAND_SUBSCRIPTION,26,26,0,0,15,1334.79,74.0
2025-03,Gindi 3,Unknown,RECURRING_SUBSCRIPTION,20,10,10,0,5,1756.16,86.0
2025-03,Gindi 3,Unknown,TRIAL,1,1,0,0,4,106.03,119.0
2025-03,Gindi 4,Unknown,CHURN,15,7,8,0,2,572.33,59.0
2025-03,Gindi 4,Unknown,RECURRING_SUBSCRIPTION,1,1,0,0,0,68.22,15.0
2025-03,HaHehad,Unknown,CHURN,17,17,0,0,29,1146.85,90.0
2025-03,HaHehad,Unknown,RECURRING_SUBSCRIPTION,2,2,0,0,2,161.1,74.0
2025-03,HaHehad,Unknown,TRIAL,1,1,0,0,1,78.9,
2025-03,John Street 116,Financial District Polygon,CHURN,18,15,3,0,1,1441.0,93.0
2025-03,John Street 116,Financial District Polygon,ON_DEMAND_SUBSCRIPTION,7,5,2,0,4,453.0,106.0
2025-03,John Street 116,Financial District Polygon,RECURRING_SUBSCRIPTION,6,6,0,0,0,512.0,120.0
2025-03,John Street 116,Financial District Polygon,TRIAL,2,1,1,0,0,128.0,114.0
2025-03,Nine 52,Hell's Kitchen Polygon,CHURN,0,0,0,0,7,,
2025-03,Nine 52,Hell's Kitchen Polygon,ON_DEMAND_SUBSCRIPTION,0,0,0,0,2,,
2025-03,Nine 52,Hell's Kitchen Polygon,RECURRING_SUBSCRIPTION,6,5,1,0,1,600.0,92.0
2025-03,Nine 52,Hell's Kitchen Polygon,TRIAL,1,0,1,0,4,87.0,113.0
2025-03,One Ten,Hoboken Polygon,CHURN,3,3,0,0,2,204.0,65.0
2025-03,One Ten,Hoboken Polygon,FREEMIUM,4,0,4,0,6,201.0,59.0
2025-03,One Ten,Hoboken Polygon,RECURRING_SUBSCRIPTION,10,9,1,0,2,854.0,99.0
2025-03,One Ten,Hoboken Polygon,TRIAL,1,1,0,0,2,159.0,188.0
2025-03,River Place,Hell's Kitchen Polygon,CHURN,22,16,6,0,10,1961.0,76.0
2025-03,River Place,Hell's Kitchen Polygon,FREEMIUM,3,3,0,0,2,216.0,82.0
2025-03,River Place,Hell's Kitchen Polygon,ON_DEMAND_SUBSCRIPTION,31,23,8,0,20,1616.0,61.0
2025-03,River Place,Hell's Kitchen Polygon,RECURRING_SUBSCRIPTION,19,14,5,0,3,1456.0,77.0
2025-03,River Place,Hell's Kitchen Polygon,TRIAL,4,2,2,0,3,282.0,106.0
2025-03,River Place,Hell's Kitchen Polygon,WARM_LEAD,0,0,0,0,1,,
2025-03,Silver Towers,Hell's Kitchen Polygon,CHURN,45,35,10,0,20,3297.0,71.0
2025-03,Silver Towers,Hell's Kitchen Polygon,FREEMIUM,9,5,4,0,4,475.0,67.0
2025-03,Silver Towers,Hell's Kitchen Polygon,FROZEN,1,1,0,0,0,101.0,134.0
2025-03,Silver Towers,Hell's Kitchen Polygon,ON_DEMAND_SUBSCRIPTION,39,20,19,0,16,1754.0,63.0
2025-03,Silver Towers,Hell's Kitchen Polygon,RECURRING_SUBSCRIPTION,82,75,7,0,14,7623.0,78.0
2025-03,Silver Towers,Hell's Kitchen Polygon,TRIAL,3,3,0,0,3,144.0,61.0
2025-03,Stonehill,Chatham / West Orange Polygon,CHURN,8,6,2,0,4,990.0,30.0
2025-03,Stonehill,Chatham / West Orange Polygon,FREEMIUM,1,0,1,0,1,133.0,
2025-03,Stonehill,Chatham / West Orange Polygon,ON_DEMAND_SUBSCRIPTION,2,2,0,0,3,198.0,
2025-03,Stonehill,Chatham / West Orange Polygon,RECURRING_SUBSCRIPTION,10,3,7,0,1,728.0,57.0
2025-03,Stonehill,Chatham / West Orange Polygon,TRIAL,2,1,1,0,7,302.0,10.0
2025-03,Stonehill,Chatham / West Orange Polygon,WARM_LEAD,0,0,0,0,1,,
2025-03,The Dime,Williamsburg Polygon,CHURN,8,8,0,0,1,649.0,88.0
2025-03,The Dime,Williamsburg Polygon,ON_DEMAND_SUBSCRIPTION,1,0,1,0,0,107.0,139.0
2025-03,The Dime,Williamsburg Polygon,RECURRING_SUBSCRIPTION,2,1,1,0,0,195.0,75.0
2025-03,The Eddy,Harrison Polygon,CHURN,6,4,2,0,5,261.0,50.0
2025-03,The Eddy,Harrison Polygon,ON_DEMAND_SUBSCRIPTION,0,0,0,0,3,,
2025-03,The Eddy,Harrison Polygon,RECURRING_SUBSCRIPTION,7,2,5,0,0,771.0,100.0
2025-03,The Eddy,Harrison Polygon,TRIAL,0,0,0,0,1,,
2025-03,The Enclave,Hoboken Polygon,CHURN,3,3,0,0,1,464.0,141.0
2025-03,The Enclave,Hoboken Polygon,FREEMIUM,0,0,0,0,1,,
2025-03,The Enclave,Hoboken Polygon,RECURRING_SUBSCRIPTION,4,1,3,0,1,275.0,89.0
2025-03,The Enclave,Hoboken Polygon,TRIAL,2,2,0,0,0,202.0,145.0
2025-03,The Ivy,Chatham / West Orange Polygon,CHURN,13,10,3,0,9,1542.0,30.0
2025-03,The Ivy,Chatham / West Orange Polygon,ON_DEMAND_SUBSCRIPTION,2,1,1,0,3,318.0,
2025-03,The Ivy,Chatham / West Orange Polygon,RECURRING_SUBSCRIPTION,13,10,3,0,1,1530.0,43.0
2025-03,The Ivy,Chatham / West Orange Polygon,TRIAL,0,0,0,0,2,,
2025-04,100 House,Hoboken Polygon,CHURN,8,8,0,0,3,743.0,97.0
2025-04,100 House,Hoboken Polygon,ON_DEMAND_SUBSCRIPTION,4,4,0,0,5,410.0,109.0
2025-04,100 House,Hoboken Polygon,RECURRING_SUBSCRIPTION,9,2,7,0,3,1266.0,103.0
2025-04,100 House,Hoboken Polygon,TRIAL,1,1,0,0,1,93.0,60.0
2025-04,1 Boerum PL,Floating NY 2,CHURN,4,4,0,0,3,248.0,66.0
2025-04,1 Boerum PL,Floating NY 2,ON_DEMAND_SUBSCRIPTION,3,2,1,0,1,242.0,90.0
2025-04,1 Boerum PL,Floating NY 2,RECURRING_SUBSCRIPTION,7,7,0,0,6,545.0,64.0
2025-04,1 Boerum PL,Floating NY 2,WARM_LEAD,2,2,0,0,3,286.0,185.0
2025-04,300 Somerset,Harrison Polygon,CHURN,8,3,5,0,5,309.0,55.0
2025-04,300 Somerset,Harrison Polygon,ON_DEMAND_SUBSCRIPTION,1,0,1,0,2,27.0,44.0
2025-04,300 Somerset,Harrison Polygon,RECURRING_SUBSCRIPTION,2,2,0,0,2,54.0,25.0
2025-04,300 Somerset,Harrison Polygon,TRIAL,0,0,0,0,2,,
2025-04,330 Angelo Cifelli,Harrison Polygon,CHURN,7,7,0,0,7,475.0,91.0
2025-04,330 Angelo Cifelli,Harrison Polygon,ON_DEMAND_SUBSCRIPTION,0,0,0,0,1,,
2025-04,330 Angelo Cifelli,Harrison Polygon,RECURRING_SUBSCRIPTION,10,8,2,0,1,303.0,48.0
2025-04,330 Angelo Cifelli,Harrison Polygon,TRIAL,1,0,1,0,2,11.0,14.0
2025-04,330W-56th,Hell's Kitchen Polygon,FREEMIUM,0,0,0,0,1,,
2025-04,330W-56th,Hell's Kitchen Polygon,RECURRING_SUBSCRIPTION,7,3,4,0,5,346.0,60.0
2025-04,330W-56th,Hell's Kitchen Polygon,TRIAL,0,0,0,0,1,,
2025-04,655 Union,Boerum Hill Polygon,CHURN,3,2,1,0,2,242.5,56.0
2025-04,655 Union,Boerum Hill Polygon,ON_DEMAND_SUBSCRIPTION,2,2,0,0,3,296.0,178.0
2025-04,655 Union,Boerum Hill Polygon,RECURRING_SUBSCRIPTION,1,1,0,0,1,0.0,160.0
2025-04,655 Union,Boerum Hill Polygon,TRIAL,2,1,1,0,1,194.0,92.0
2025-04,Agnes,Floating Jersey,CHURN,6,6,0,0,1,551.0,102.0
2025-04,Agnes,Floating Jersey,ON_DEMAND_SUBSCRIPTION,1,0,1,0,0,72.0,
2025-04,Agnes,Floating Jersey,RECURRING_SUBSCRIPTION,2,0,2,0,1,220.0,143.0
2025-04,Agnes,Floating Jersey,WARM_LEAD,0,0,0,0,1,,
2025-04,Azrieli TLV,Unknown,CHURN,65,64,1,0,6,3455.89,63.0
2025-04,Azrieli TLV,Unknown,FROZEN,3,3,0,0,0,321.92,132.0
2025-04,Azrieli TLV,Unknown,ON_DEMAND_SUBSCRIPTION,8,8,0,0,1,566.03,86.0
2025-04,Azrieli TLV,Unknown,RECURRING_SUBSCRIPTION,22,16,6,0,5,1572.33,81.0
2025-04,Azrieli TLV,Unknown,TRIAL,7,7,0,0,0,136.44,67.0
2025-04,Gindi 1,Unknown,CHURN,73,69,4,0,39,4138.9,94.0
2025-04,Gindi 1,Unknown,FROZEN,1,1,0,0,2,20.55,53.0
2025-04,Gindi 1,Unknown,ON_DEMAND_SUBSCRIPTION,15,15,0,0,13,598.08,66.0
2025-04,Gindi 1,Unknown,RECURRING_SUBSCRIPTION,22,20,2,0,18,1561.1,86.0
2025-04,Gindi 1,Unknown,TRIAL,1,1,0,0,6,39.73,35.0
2025-04,Gindi 2,Unknown,CHURN,26,24,2,0,9,1602.74,76.0
2025-04,Gindi 2,Unknown,ON_DEMAND_SUBSCRIPTION,3,3,0,0,0,201.37,146.0
2025-04,Gindi 2,Unknown,RECURRING_SUBSCRIPTION,14,11,3,0,3,1023.29,93.0
2025-04,Gindi 2,Unknown,TRIAL,3,3,0,0,2,303.01,150.0
2025-04,Gindi 3,Unknown,CHURN,77,74,3,0,19,5120.36,83.0
2025-04,Gindi 3,Unknown,COLD_LEAD,0,0,0,0,2,,
2025-04,Gindi 3,Unknown,FROZEN,2,2,0,0,0,73.97,71.0
2025-04,Gindi 3,Unknown,ON_DEMAND_SUBSCRIPTION,30,30,0,0,12,1511.51,73.0
2025-04,Gindi 3,Unknown,RECURRING_SUBSCRIPTION,30,21,9,0,11,2310.14,71.0
2025-04,Gindi 3,Unknown,TRIAL,1,1,0,0,3,102.74,113.0
2025-04,Gindi 4,Unknown,CHURN,15,11,4,0,2,643.84,74.0
2025-04,Gindi 4,Unknown,RECURRING_SUBSCRIPTION,1,1,0,0,1,68.22,130.0
2025-04,HaHehad,Unknown,CHURN,11,11,0,0,26,952.88,81.0
2025-04,HaHehad,Unknown,RECURRING_SUBSCRIPTION,2,0,2,0,5,161.1,89.0
2025-04,HaHehad,Unknown,TRIAL,2,2,0,0,1,6.03,84.0
2025-04,John Street 116,Financial District Polygon,CHURN,15,10,5,0,3,1121.0,114.0
2025-04,John Street 116,Financial District Polygon,FREEMIUM,1,1,0,0,0,105.0,201.0
2025-04,John Street 116,Financial District Polygon,ON_DEMAND_SUBSCRIPTION,8,8,0,0,2,494.0,104.0
2025-04,John Street 116,Financial District Polygon,RECURRING_SUBSCRIPTION,5,5,0,0,1,419.0,89.0
2025-04,Nine 52,Hell's Kitchen Polygon,CHURN,1,1,0,0,2,107.0,148.0
2025-04,Nine 52,Hell's Kitchen Polygon,ON_DEMAND_SUBSCRIPTION,0,0,0,0,2,,
2025-04,Nine 52,Hell's Kitchen Polygon,RECURRING_SUBSCRIPTION,8,7,1,0,0,776.0,114.0
2025-04,Nine 52,Hell's Kitchen Polygon,TRIAL,0,0,0,0,3,,
2025-04,One Ten,Hoboken Polygon,CHURN,3,3,0,0,2,204.0,77.0
2025-04,One Ten,Hoboken Polygon,FREEMIUM,0,0,0,0,4,,
2025-04,One Ten,Hoboken Polygon,ON_DEMAND_SUBSCRIPTION,1,1,0,0,0,69.0,81.0
2025-04,One Ten,Hoboken Polygon,RECURRING_SUBSCRIPTION,7,6,1,0,3,698.0,112.0
2025-04,One Ten,Hoboken Polygon,TRIAL,0,0,0,0,1,,
2025-04,River Place,Hell's Kitchen Polygon,CHURN,31,24,7,0,21,2136.0,71.0
2025-04,River Place,Hell's Kitchen Polygon,FREEMIUM,55,32,23,0,34,1452.0,43.0
2025-04,River Place,Hell's Kitchen Polygon,ON_DEMAND_SUBSCRIPTION,51,36,15,0,20,2250.0,58.0
2025-04,River Place,Hell's Kitchen Polygon,RECURRING_SUBSCRIPTION,27,18,9,0,6,1517.0,64.0
2025-04,River Place,Hell's Kitchen Polygon,TRIAL,7,5,2,0,10,168.0,32.0
2025-04,River Place,Hell's Kitchen Polygon,WARM_LEAD,0,0,0,0,1,,
2025-04,Silver Towers,Hell's Kitchen Polygon,CHURN,72,55,17,0,41,4952.0,69.0
2025-04,Silver Towers,Hell's Kitchen Polygon,FREEMIUM,110,71,39,0,83,2642.0,35.0
2025-04,Silver Towers,Hell's Kitchen Polygon,FROZEN,3,2,1,0,0,255.0,112.0
2025-04,Silver Towers,Hell's Kitchen Polygon,ON_DEMAND_SUBSCRIPTION,55,22,33,0,22,2337.0,50.0
2025-04,Silver Towers,Hell's Kitchen Polygon,RECURRING_SUBSCRIPTION,104,79,25,0,14,9086.0,84.0
2025-04,Silver Towers,Hell's Kitchen Polygon,TRIAL,8,4,4,0,8,158.0,21.0
2025-04,Silver Towers,Hell's Kitchen Polygon,WARM_LEAD,9,0,9,0,5,264.0,38.0
2025-04,Stonehill,Chatham / West Orange Polygon,CHURN,8,4,4,0,6,827.0,2.0
2025-04,Stonehill,Chatham / West Orange Polygon,FREEMIUM,2,1,1,0,2,303.0,
2025-04,Stonehill,Chatham / West Orange Polygon,ON_DEMAND_SUBSCRIPTION,2,2,0,0,1,235.0,20.0
2025-04,Stonehill,Chatham / West Orange Polygon,RECURRING_SUBSCRIPTION,9,5,4,0,2,618.0,57.0
2025-04,Stonehill,Chatham / West Orange Polygon,TRIAL,2,2,0,0,3,302.0,27.0
2025-04,Stonehill,Chatham / West Orange Polygon,WARM_LEAD,0,0,0,0,1,,
2025-04,The Devan,Hoboken Polygon,CHURN,3,2,1,0,0,196.0,100.0
2025-04,The Devan,Hoboken Polygon,ON_DEMAND_SUBSCRIPTION,2,0,2,0,0,110.0,75.0
2025-04,The Devan,Hoboken Polygon,RECURRING_SUBSCRIPTION,3,0,3,0,0,347.0,158.0
2025-04,The Devan,Hoboken Polygon,TRIAL,2,1,1,0,0,270.0,196.0
2025-04,The Dime,Williamsburg Polygon,CHURN,10,9,1,0,2,941.0,110.0
2025-04,The Dime,Williamsburg Polygon,ON_DEMAND_SUBSCRIPTION,1,1,0,0,1,107.0,85.0
2025-04,The Dime,Williamsburg Polygon,RECURRING_SUBSCRIPTION,2,1,1,0,0,195.0,61.0
2025-04,The Dime,Williamsburg Polygon,TRIAL,0,0,0,0,2,,
2025-04,The Eddy,Harrison Polygon,CHURN,6,5,1,0,17,250.0,58.0
2025-04,The Eddy,Harrison Polygon,FREEMIUM,1,1,0,0,0,51.0,82.0
2025-04,The Eddy,Harrison Polygon,ON_DEMAND_SUBSCRIPTION,0,0,0,0,2,,
2025-04,The Eddy,Harrison Polygon,RECURRING_SUBSCRIPTION,4,1,3,0,0,472.0,120.0
2025-04,The Enclave,Hoboken Polygon,CHURN,3,3,0,0,1,464.0,160.0
2025-04,The Enclave,Hoboken Polygon,ON_DEMAND_SUBSCRIPTION,1,1,0,0,0,84.0,119.0
2025-04,The Enclave,Hoboken Polygon,RECURRING_SUBSCRIPTION,4,1,3,0,2,187.0,66.0
2025-04,The Enclave,Hoboken Polygon,TRIAL,2,2,0,0,0,202.0,132.0
2025-04,The Ivy,Chatham / West Orange Polygon,CHURN,12,9,3,0,12,1485.0,17.0
2025-04,The Ivy,Chatham / West Orange Polygon,ON_DEMAND_SUBSCRIPTION,2,0,2,0,3,318.0,
2025-04,The Ivy,Chatham / West Orange Polygon,RECURRING_SUBSCRIPTION,13,8,5,0,0,1699.0,45.0
2025-05,100 House,Hoboken Polygon,CHURN,4,1,3,0,11,213.0,81.0
2025-05,100 House,Hoboken Polygon,ON_DEMAND_SUBSCRIPTION,3,3,0,0,3,481.0,152.0
2025-05,100 House,Hoboken Polygon,RECURRING_SUBSCRIPTION,7,2,5,0,3,1006.0,79.0
2025-05,100 House,Hoboken Polygon,TRIAL,0,0,0,0,1,,
2025-05,1 Boerum PL,Floating NY 2,CHURN,4,4,0,0,1,268.0,105.0
2025-05,1 Boerum PL,Floating NY 2,FREEMIUM,1,1,0,0,0,70.0,75.0
2025-05,1 Boerum PL,Floating NY 2,ON_DEMAND_SUBSCRIPTION,2,2,0,0,0,104.0,72.0
2025-05,1 Boerum PL,Floating NY 2,RECURRING_SUBSCRIPTION,4,4,0,0,7,321.0,98.0
2025-05,1 Boerum PL,Floating NY 2,WARM_LEAD,0,0,0,0,4,,
2025-05,300 Somerset,Harrison Polygon,CHURN,5,3,2,0,14,207.0,51.0
2025-05,300 Somerset,Harrison Polygon,ON_DEMAND_SUBSCRIPTION,4,1,3,0,2,108.0,41.0
2025-05,300 Somerset,Harrison Polygon,RECURRING_SUBSCRIPTION,3,2,1,0,1,161.0,75.0
2025-05,300 Somerset,Harrison Polygon,TRIAL,0,0,0,0,3,,
2025-05,300 Somerset,Harrison Polygon,WARM_LEAD,1,1,0,0,0,60.0,62.0
2025-05,330 Angelo Cifelli,Harrison Polygon,CHURN,10,9,1,0,5,592.0,68.0
2025-05,330 Angelo Cifelli,Harrison Polygon,FREEMIUM,0,0,0,0,1,,
2025-05,330 Angelo Cifelli,Harrison Polygon,ON_DEMAND_SUBSCRIPTION,1,0,1,0,0,107.0,92.0
2025-05,330 Angelo Cifelli,Harrison Polygon,RECURRING_SUBSCRIPTION,12,10,2,0,1,358.0,48.0
2025-05,330 Angelo Cifelli,Harrison Polygon,TRIAL,0,0,0,0,1,,
2025-05,330W-56th,Hell's Kitchen Polygon,RECURRING_SUBSCRIPTION,7,6,1,0,3,417.0,75.0
2025-05,330W-56th,Hell's Kitchen Polygon,TRIAL,0,0,0,0,1,,
2025-05,655 Union,Boerum Hill Polygon,CHURN,5,4,1,0,1,449.0,109.0
2025-05,655 Union,Boerum Hill Polygon,ON_DEMAND_SUBSCRIPTION,1,1,0,0,4,148.0,133.0
2025-05,655 Union,Boerum Hill Polygon,RECURRING_SUBSCRIPTION,2,2,0,0,0,216.0,126.0
2025-05,655 Union,Boerum Hill Polygon,TRIAL,0,0,0,0,1,,
2025-05,Agnes,Floating Jersey,CHURN,5,5,0,0,2,374.0,110.0
2025-05,Agnes,Floating Jersey,ON_DEMAND_SUBSCRIPTION,1,0,1,0,0,70.0,198.0
2025-05,Agnes,Floating Jersey,RECURRING_SUBSCRIPTION,2,0,2,0,0,220.0,146.0
2025-05,Agnes,Floating Jersey,WARM_LEAD,0,0,0,0,1,,
2025-05,Azrieli TLV,Unknown,CHURN,53,53,0,0,17,3060.82,73.0
2025-05,Azrieli TLV,Unknown,FROZEN,2,2,0,0,0,214.25,144.0
2025-05,Azrieli TLV,Unknown,ON_DEMAND_SUBSCRIPTION,10,10,0,0,4,593.42,83.0
2025-05,Azrieli TLV,Unknown,RECURRING_SUBSCRIPTION,20,20,0,0,3,1283.01,91.0
2025-05,Azrieli TLV,Unknown,TRIAL,8,7,1,0,0,407.4,86.0
2025-05,Gindi 1,Unknown,CHURN,85,81,4,0,32,4669.04,100.0
2025-05,Gindi 1,Unknown,ON_DEMAND_SUBSCRIPTION,12,12,0,0,5,473.7,54.0
2025-05,Gindi 1,Unknown,RECURRING_SUBSCRIPTION,28,28,0,0,11,2091.78,110.0
2025-05,Gindi 1,Unknown,TRIAL,3,2,1,0,3,109.59,58.0
2025-05,Gindi 2,Unknown,CHURN,16,16,0,0,12,1186.03,98.0
2025-05,Gindi 2,Unknown,ON_DEMAND_SUBSCRIPTION,4,3,1,0,0,284.93,131.0
2025-05,Gindi 2,Unknown,RECURRING_SUBSCRIPTION,10,8,2,0,1,866.03,111.0
2025-05,Gindi 2,Unknown,TRIAL,2,2,0,0,4,148.49,89.0
2025-05,Gindi 3,Unknown,CHURN,73,56,17,0,9,5197.89,88.0
2025-05,Gindi 3,Unknown,COLD_LEAD,0,0,0,0,1,,
2025-05,Gindi 3,Unknown,FROZEN,5,5,0,0,1,293.42,66.0
2025-05,Gindi 3,Unknown,ON_DEMAND_SUBSCRIPTION,32,32,0,0,7,1454.79,66.0
2025-05,Gindi 3,Unknown,RECURRING_SUBSCRIPTION,23,17,6,0,3,1857.53,85.0
2025-05,Gindi 3,Unknown,TRIAL,1,1,0,0,5,112.88,97.0
2025-05,Gindi 4,Unknown,CHURN,13,9,4,0,1,549.86,66.0
2025-05,Gindi 4,Unknown,RECURRING_SUBSCRIPTION,1,1,0,0,2,68.22,130.0
2025-05,HaHehad,Unknown,CHURN,12,12,0,0,15,1115.62,110.0
2025-05,HaHehad,Unknown,ON_DEMAND_SUBSCRIPTION,2,2,0,0,1,194.52,92.0
2025-05,HaHehad,Unknown,RECURRING_SUBSCRIPTION,2,0,2,0,2,161.1,74.0
2025-05,John Street 116,Financial District Polygon,CHURN,13,9,4,0,7,1166.0,114.0
2025-05,John Street 116,Financial District Polygon,ON_DEMAND_SUBSCRIPTION,6,4,2,0,5,496.0,117.0
2025-05,John Street 116,Financial District Polygon,RECURRING_SUBSCRIPTION,7,6,1,0,1,613.0,114.0
2025-05,John Street 116,Financial District Polygon,TRIAL,2,0,2,0,0,94.0,70.0
2025-05,Nine 52,Hell's Kitchen Polygon,CHURN,1,0,1,0,0,107.0,125.0
2025-05,Nine 52,Hell's Kitchen Polygon,RECURRING_SUBSCRIPTION,7,7,0,0,0,673.0,107.0
2025-05,One Ten,Hoboken Polygon,CHURN,4,4,0,0,1,282.0,92.0
2025-05,One Ten,Hoboken Polygon,ON_DEMAND_SUBSCRIPTION,1,1,0,0,0,46.0,85.0
2025-05,One Ten,Hoboken Polygon,RECURRING_SUBSCRIPTION,9,8,1,0,5,846.0,110.0
2025-05,One Ten,Hoboken Polygon,TRIAL,1,0,1,0,1,126.0,92.0
2025-05,One Ten,Hoboken Polygon,WARM_LEAD,0,0,0,0,4,,
2025-05,River Place,Hell's Kitchen Polygon,CHURN,17,13,4,0,13,1360.0,79.0
2025-05,River Place,Hell's Kitchen Polygon,FREEMIUM,1,0,1,0,2,51.0,31.0
2025-05,River Place,Hell's Kitchen Polygon,ON_DEMAND_SUBSCRIPTION,24,20,4,0,8,1461.0,68.0
2025-05,River Place,Hell's Kitchen Polygon,RECURRING_SUBSCRIPTION,19,15,4,0,7,1441.0,85.0
2025-05,River Place,Hell's Kitchen Polygon,TRIAL,5,4,1,0,7,319.0,77.0
2025-05,River Place,Hell's Kitchen Polygon,WARM_LEAD,1,0,1,0,0,31.0,30.0
2025-05,Silver Towers,Hell's Kitchen Polygon,CHURN,48,44,4,0,44,3698.0,84.0
2025-05,Silver Towers,Hell's Kitchen Polygon,FREEMIUM,4,3,1,0,4,197.0,64.0
2025-05,Silver Towers,Hell's Kitchen Polygon,FROZEN,2,1,1,0,0,167.0,111.0
2025-05,Silver Towers,Hell's Kitchen Polygon,ON_DEMAND_SUBSCRIPTION,54,20,34,0,13,2233.0,52.0
2025-05,Silver Towers,Hell's Kitchen Polygon,RECURRING_SUBSCRIPTION,97,82,15,0,18,8429.0,83.0
2025-05,Silver Towers,Hell's Kitchen Polygon,TRIAL,2,2,0,0,2,202.0,74.0
2025-05,Stonehill,Chatham / West Orange Polygon,CHURN,8,3,5,0,10,652.0,
2025-05,Stonehill,Chatham / West Orange Polygon,FREEMIUM,1,0,1,0,2,172.0,
2025-05,Stonehill,Chatham / West Orange Polygon,ON_DEMAND_SUBSCRIPTION,7,2,5,0,2,490.0,30.0
2025-05,Stonehill,Chatham / West Orange Polygon,RECURRING_SUBSCRIPTION,8,3,5,0,3,508.0,60.0
2025-05,Stonehill,Chatham / West Orange Polygon,TRIAL,0,0,0,0,4,,
2025-05,Stonehill,Chatham / West Orange Polygon,WARM_LEAD,0,0,0,0,2,,
2025-05,The Boulevard,Floating Miami,CHURN,1,0,1,0,0,64.0,79.0
2025-05,The Boulevard,Floating Miami,TRIAL,2,2,0,0,1,260.0,98.0
2025-05,The Boulevard,Floating Miami,WARM_LEAD,1,0,1,0,0,26.0,
2025-05,The Devan,Hoboken Polygon,CHURN,2,2,0,0,2,143.0,109.0
2025-05,The Devan,Hoboken Polygon,FROZEN,1,0,1,0,0,53.0,62.0
2025-05,The Devan,Hoboken Polygon,ON_DEMAND_SUBSCRIPTION,3,3,0,0,2,137.0,65.0
2025-05,The Devan,Hoboken Polygon,RECURRING_SUBSCRIPTION,4,1,3,0,1,437.0,93.0
2025-05,The Devan,Hoboken Polygon,TRIAL,1,1,0,0,2,168.0,102.0
2025-05,The Devan,Hoboken Polygon,WARM_LEAD,0,0,0,0,3,,
2025-05,The Dime,Williamsburg Polygon,CHURN,9,9,0,0,6,1271.0,142.0
2025-05,The Dime,Williamsburg Polygon,FREEMIUM,1,1,0,0,0,114.0,177.0
2025-05,The Dime,Williamsburg Polygon,ON_DEMAND_SUBSCRIPTION,0,0,0,0,1,,
2025-05,The Dime,Williamsburg Polygon,RECURRING_SUBSCRIPTION,2,1,1,0,0,195.0,72.0
2025-05,The Dime,Williamsburg Polygon,TRIAL,3,3,0,0,2,189.0,124.0
2025-05,The Dime,Williamsburg Polygon,WARM_LEAD,0,0,0,0,1,,
2025-05,The Eddy,Harrison Polygon,CHURN,5,4,1,0,24,175.0,46.0
2025-05,The Eddy,Harrison Polygon,ON_DEMAND_SUBSCRIPTION,0,0,0,0,1,,
2025-05,The Eddy,Harrison Polygon,RECURRING_SUBSCRIPTION,1,1,0,0,2,107.0,165.0
2025-05,The Enclave,Hoboken Polygon,CHURN,3,3,0,0,0,464.0,145.0
2025-05,The Enclave,Hoboken Polygon,FREEMIUM,1,1,0,0,0,163.0,
2025-05,The Enclave,Hoboken Polygon,RECURRING_SUBSCRIPTION,5,3,2,0,0,334.0,96.0
2025-05,The Enclave,Hoboken Polygon,TRIAL,3,3,0,0,2,267.0,140.0
2025-05,The Enclave,Hoboken Polygon,WARM_LEAD,1,1,0,0,0,27.0,49.0
2025-05,The Ivy,Chatham / West Orange Polygon,CHURN,16,13,3,0,9,1758.0,40.0
2025-05,The Ivy,Chatham / West Orange Polygon,ON_DEMAND_SUBSCRIPTION,3,2,1,0,2,377.0,
2025-05,The Ivy,Chatham / West Orange Polygon,RECURRING_SUBSCRIPTION,13,8,5,0,3,1577.0,26.0
2025-05,The Ivy,Chatham / West Orange Polygon,WARM_LEAD,0,0,0,0,4,,
2025-05,Woodside Central,Floating NY 1,CHURN,2,2,0,0,2,171.0,100.0
2025-05,Woodside Central,Floating NY 1,RECURRING_SUBSCRIPTION,1,0,1,0,0,103.0,106.0
2025-06,100 House,Hoboken Polygon,CHURN,3,1,2,0,7,365.0,107.0
2025-06,100 House,Hoboken Polygon,ON_DEMAND_SUBSCRIPTION,4,3,1,0,3,353.0,111.0
2025-06,100 House,Hoboken Polygon,RECURRING_SUBSCRIPTION,10,5,5,0,3,1318.0,116.0
2025-06,100 House,Hoboken Polygon,TRIAL,0,0,0,0,1,,
2025-06,100 House,Hoboken Polygon,WARM_LEAD,1,0,1,0,1,158.0,111.0
2025-06,1 Boerum PL,Floating NY 2,CHURN,2,2,0,0,1,134.0,108.0
2025-06,1 Boerum PL,Floating NY 2,ON_DEMAND_SUBSCRIPTION,3,2,1,0,0,249.0,113.0
2025-06,1 Boerum PL,Floating NY 2,RECURRING_SUBSCRIPTION,5,4,1,0,1,429.0,95.0
2025-06,1 Boerum PL,Floating NY 2,TRIAL,1,0,1,0,0,143.0,174.0
2025-06,1 Boerum PL,Floating NY 2,WARM_LEAD,0,0,0,0,4,,
2025-06,300 Somerset,Harrison Polygon,CHURN,6,2,4,0,6,166.0,32.0
2025-06,300 Somerset,Harrison Polygon,ON_DEMAND_SUBSCRIPTION,6,2,4,0,1,114.0,28.0
2025-06,300 Somerset,Harrison Polygon,RECURRING_SUBSCRIPTION,3,2,1,0,3,161.0,50.0
2025-06,300 Somerset,Harrison Polygon,TRIAL,1,0,1,0,0,31.0,63.0
2025-06,330 Angelo Cifelli,Harrison Polygon,CHURN,7,7,0,0,4,351.0,63.0
2025-06,330 Angelo Cifelli,Harrison Polygon,RECURRING_SUBSCRIPTION,13,10,3,0,2,545.0,63.0
2025-06,330W-56th,Hell's Kitchen Polygon,CHURN,2,0,2,0,0,176.0,153.0
2025-06,330W-56th,Hell's Kitchen Polygon,FREEMIUM,1,0,1,0,0,31.0,42.0
2025-06,330W-56th,Hell's Kitchen Polygon,RECURRING_SUBSCRIPTION,6,4,2,0,7,372.0,81.0
2025-06,655 Union,Boerum Hill Polygon,CHURN,8,3,5,0,3,708.0,94.0
2025-06,655 Union,Boerum Hill Polygon,ON_DEMAND_SUBSCRIPTION,3,2,1,0,1,383.0,133.0
2025-06,655 Union,Boerum Hill Polygon,RECURRING_SUBSCRIPTION,11,11,0,0,0,1242.0,101.0
2025-06,655 Union,Boerum Hill Polygon,TRIAL,1,1,0,0,1,61.0,54.0
2025-06,655 Union,Boerum Hill Polygon,WARM_LEAD,0,0,0,0,1,,
2025-06,Agnes,Floating Jersey,CHURN,5,5,0,0,2,308.0,58.0
2025-06,Agnes,Floating Jersey,RECURRING_SUBSCRIPTION,1,0,1,0,0,110.0,124.0
2025-06,Agnes,Floating Jersey,TRIAL,1,1,0,0,0,31.0,57.0
2025-06,Agnes,Floating Jersey,WARM_LEAD,0,0,0,0,1,,
2025-06,Azrieli TLV,Unknown,CHURN,40,39,1,0,48,3061.37,89.0
2025-06,Azrieli TLV,Unknown,FROZEN,2,2,0,0,0,214.25,113.0
2025-06,Azrieli TLV,Unknown,ON_DEMAND_SUBSCRIPTION,4,4,0,0,10,198.63,120.0
2025-06,Azrieli TLV,Unknown,RECURRING_SUBSCRIPTION,31,28,3,0,29,2324.93,99.0
2025-06,Azrieli TLV,Unknown,TRIAL,1,1,0,0,3,78.9,
2025-06,Gindi 1,Unknown,CHURN,52,50,2,0,61,3125.21,95.0
2025-06,Gindi 1,Unknown,ON_DEMAND_SUBSCRIPTION,19,18,1,0,13,564.93,51.0
2025-06,Gindi 1,Unknown,RECURRING_SUBSCRIPTION,23,21,2,0,12,2167.12,118.0
2025-06,Gindi 1,Unknown,TRIAL,1,1,0,0,1,39.73,120.0
2025-06,Gindi 2,Unknown,CHURN,10,9,1,0,26,818.36,113.0
2025-06,Gindi 2,Unknown,ON_DEMAND_SUBSCRIPTION,6,5,1,0,4,737.26,168.0
2025-06,Gindi 2,Unknown,RECURRING_SUBSCRIPTION,10,8,2,0,4,914.25,114.0
2025-06,Gindi 2,Unknown,TRIAL,0,0,0,0,1,,
2025-06,Gindi 3,Unknown,CHURN,48,46,2,0,42,4503.64,95.0
2025-06,Gindi 3,Unknown,FROZEN,9,9,0,0,2,691.51,95.0
2025-06,Gindi 3,Unknown,ON_DEMAND_SUBSCRIPTION,15,15,0,0,21,1196.44,88.0
2025-06,Gindi 3,Unknown,RECURRING_SUBSCRIPTION,13,11,2,0,15,1341.1,100.0
2025-06,Gindi 4,Unknown,CHURN,9,9,0,0,10,381.64,72.0
2025-06,Gindi 4,Unknown,RECURRING_SUBSCRIPTION,1,1,0,0,0,68.22,15.0
2025-06,HaHehad,Unknown,CHURN,11,11,0,0,9,1092.05,127.0
2025-06,HaHehad,Unknown,ON_DEMAND_SUBSCRIPTION,2,2,0,0,0,183.84,85.0
2025-06,HaHehad,Unknown,RECURRING_SUBSCRIPTION,3,1,2,0,3,273.7,95.0
2025-06,HaHehad,Unknown,TRIAL,2,2,0,0,1,110.41,66.0
2025-06,John Street 116,Financial District Polygon,CHURN,8,6,2,0,4,741.0,122.0
2025-06,John Street 116,Financial District Polygon,ON_DEMAND_SUBSCRIPTION,3,3,0,0,4,295.0,160.0
2025-06,John Street 116,Financial District Polygon,RECURRING_SUBSCRIPTION,6,5,1,0,1,519.0,120.0
2025-06,John Street 116,Financial District Polygon,WARM_LEAD,0,0,0,0,2,,
2025-06,Nine 52,Hell's Kitchen Polygon,CHURN,1,1,0,0,0,107.0,109.0
2025-06,Nine 52,Hell's Kitchen Polygon,RECURRING_SUBSCRIPTION,7,6,1,0,1,681.0,101.0
2025-06,Oliver on the Hudson,Floating Jersey,CHURN,1,1,0,0,0,0.0,170.0
2025-06,One Ten,Hoboken Polygon,CHURN,3,3,0,0,3,164.0,63.0
2025-06,One Ten,Hoboken Polygon,ON_DEMAND_SUBSCRIPTION,1,1,0,0,0,79.0,87.0
2025-06,One Ten,Hoboken Polygon,RECURRING_SUBSCRIPTION,9,9,0,0,3,804.0,84.0
2025-06,One Ten,Hoboken Polygon,TRIAL,1,1,0,0,1,27.0,72.0
2025-06,One Ten,Hoboken Polygon,WARM_LEAD,0,0,0,0,6,,
2025-06,River Place,Hell's Kitchen Polygon,CHURN,16,14,2,0,14,1438.0,79.0
2025-06,River Place,Hell's Kitchen Polygon,FREEMIUM,3,3,0,0,1,113.0,58.0
2025-06,River Place,Hell's Kitchen Polygon,ON_DEMAND_SUBSCRIPTION,30,26,4,0,5,1559.0,54.0
2025-06,River Place,Hell's Kitchen Polygon,RECURRING_SUBSCRIPTION,33,28,5,0,15,2589.0,90.0
2025-06,River Place,Hell's Kitchen Polygon,TRIAL,4,4,0,0,3,323.0,85.0
2025-06,River Place,Hell's Kitchen Polygon,WARM_LEAD,2,2,0,0,0,251.0,156.0
2025-06,Silver Towers,Hell's Kitchen Polygon,CHURN,41,36,5,0,33,3582.0,100.0
2025-06,Silver Towers,Hell's Kitchen Polygon,FREEMIUM,9,9,0,0,1,335.0,57.0
2025-06,Silver Towers,Hell's Kitchen Polygon,FROZEN,2,1,1,0,0,167.0,113.0
2025-06,Silver Towers,Hell's Kitchen Polygon,ON_DEMAND_SUBSCRIPTION,66,37,29,0,11,2402.0,45.0
2025-06,Silver Towers,Hell's Kitchen Polygon,RECURRING_SUBSCRIPTION,86,72,14,0,24,8237.0,83.0
2025-06,Silver Towers,Hell's Kitchen Polygon,TRIAL,9,1,8,0,1,427.0,44.0
2025-06,Stonehill,Chatham / West Orange Polygon,CHURN,6,4,2,0,8,470.0,
2025-06,Stonehill,Chatham / West Orange Polygon,FREEMIUM,1,1,0,0,0,172.0,
2025-06,Stonehill,Chatham / West Orange Polygon,ON_DEMAND_SUBSCRIPTION,3,2,1,0,3,267.0,
2025-06,Stonehill,Chatham / West Orange Polygon,RECURRING_SUBSCRIPTION,8,2,6,0,3,508.0,60.0
2025-06,Stonehill,Chatham / West Orange Polygon,TRIAL,1,1,0,0,3,110.5,
2025-06,Stonehill,Chatham / West Orange Polygon,WARM_LEAD,0,0,0,0,4,,
2025-06,The Boulevard,Floating Miami,CHURN,6,5,1,0,0,449.0,62.0
2025-06,The Boulevard,Floating Miami,ON_DEMAND_SUBSCRIPTION,2,0,2,0,0,195.0,48.0
2025-06,The Boulevard,Floating Miami,RECURRING_SUBSCRIPTION,3,1,2,0,1,323.0,140.0
2025-06,The Boulevard,Floating Miami,TRIAL,1,0,1,0,2,206.0,157.0
2025-06,The Boulevard,Floating Miami,WARM_LEAD,1,1,0,0,1,23.0,108.0
2025-06,The Devan,Hoboken Polygon,CHURN,5,4,1,0,1,498.0,128.0
2025-06,The Devan,Hoboken Polygon,FROZEN,1,0,1,0,0,53.0,100.0
2025-06,The Devan,Hoboken Polygon,ON_DEMAND_SUBSCRIPTION,5,5,0,0,4,231.0,80.0
2025-06,The Devan,Hoboken Polygon,RECURRING_SUBSCRIPTION,4,1,3,0,2,437.0,97.0
2025-06,The Devan,Hoboken Polygon,TRIAL,2,1,1,0,0,336.0,280.0
2025-06,The Devan,Hoboken Polygon,WARM_LEAD,0,0,0,0,4,,
2025-06,The Dime,Williamsburg Polygon,CHURN,6,5,1,0,4,639.0,122.0
2025-06,The Dime,Williamsburg Polygon,ON_DEMAND_SUBSCRIPTION,0,0,0,0,1,,
2025-06,The Dime,Williamsburg Polygon,RECURRING_SUBSCRIPTION,2,2,0,0,1,195.0,76.0
2025-06,The Dime,Williamsburg Polygon,TRIAL,0,0,0,0,4,,
2025-06,The Dime,Williamsburg Polygon,WARM_LEAD,0,0,0,0,1,,
2025-06,The Eddy,Harrison Polygon,CHURN,3,0,3,0,11,141.0,61.0
2025-06,The Eddy,Harrison Polygon,ON_DEMAND_SUBSCRIPTION,1,0,1,0,0,106.0,196.0
2025-06,The Eddy,Harrison Polygon,RECURRING_SUBSCRIPTION,3,1,2,0,0,437.0,139.0
2025-06,The Eddy,Harrison Polygon,TRIAL,1,0,1,0,6,27.0,
2025-06,The Enclave,Hoboken Polygon,CHURN,4,3,1,0,1,462.0,138.0
2025-06,The Enclave,Hoboken Polygon,RECURRING_SUBSCRIPTION,4,3,1,0,1,375.0,100.0
2025-06,The Enclave,Hoboken Polygon,TRIAL,1,1,0,0,1,101.0,152.0
2025-06,The Ivy,Chatham / West Orange Polygon,CHURN,13,10,3,0,8,1574.0,
2025-06,The Ivy,Chatham / West Orange Polygon,ON_DEMAND_SUBSCRIPTION,3,3,0,0,1,419.0,2.0
2025-06,The Ivy,Chatham / West Orange Polygon,RECURRING_SUBSCRIPTION,15,10,5,0,2,1930.0,56.0
2025-06,The Ivy,Chatham / West Orange Polygon,WARM_LEAD,0,0,0,0,2,,
2025-06,Woodside Central,Floating NY 1,CHURN,5,5,0,0,3,377.0,75.0
2025-06,Woodside Central,Floating NY 1,ON_DEMAND_SUBSCRIPTION,1,1,0,0,1,50.0,65.0
2025-06,Woodside Central,Floating NY 1,RECURRING_SUBSCRIPTION,6,1,5,0,1,315.0,83.0
2025-07,100 House,Hoboken Polygon,CHURN,6,2,4,0,5,627.0,109.0
2025-07,100 House,Hoboken Polygon,ON_DEMAND_SUBSCRIPTION,0,0,0,0,2,,
2025-07,100 House,Hoboken Polygon,RECURRING_SUBSCRIPTION,12,4,8,0,2,1593.0,92.0
2025-07,100 House,Hoboken Polygon,WARM_LEAD,1,1,0,0,0,159.0,
2025-07,1 Boerum PL,Floating NY 2,CHURN,1,1,0,0,2,57.0,89.0
2025-07,1 Boerum PL,Floating NY 2,FREEMIUM,1,1,0,0,0,109.0,171.0
2025-07,1 Boerum PL,Floating NY 2,ON_DEMAND_SUBSCRIPTION,2,2,0,0,5,216.0,219.0
2025-07,1 Boerum PL,Floating NY 2,RECURRING_SUBSCRIPTION,8,8,0,0,0,711.0,107.0
2025-07,1 Boerum PL,Floating NY 2,WARM_LEAD,0,0,0,0,3,,
2025-07,300 Somerset,Harrison Polygon,CHURN,5,2,3,0,6,135.0,36.0
2025-07,300 Somerset,Harrison Polygon,ON_DEMAND_SUBSCRIPTION,2,1,1,0,0,84.0,67.0
2025-07,300 Somerset,Harrison Polygon,RECURRING_SUBSCRIPTION,3,3,0,0,1,81.0,22.0
2025-07,300 Somerset,Harrison Polygon,TRIAL,1,1,0,0,1,53.0,35.0
2025-07,330 Angelo Cifelli,Harrison Polygon,CHURN,6,4,2,0,8,345.0,85.0
2025-07,330 Angelo Cifelli,Harrison Polygon,ON_DEMAND_SUBSCRIPTION,2,0,2,0,0,54.0,40.0
2025-07,330 Angelo Cifelli,Harrison Polygon,RECURRING_SUBSCRIPTION,11,7,4,0,10,491.0,69.0
2025-07,330 Angelo Cifelli,Harrison Polygon,TRIAL,1,0,1,0,0,27.0,52.0
2025-07,330 Angelo Cifelli,Harrison Polygon,WARM_LEAD,1,1,0,0,0,107.0,156.0
2025-07,330W-56th,Hell's Kitchen Polygon,CHURN,0,0,0,0,1,,
2025-07,330W-56th,Hell's Kitchen Polygon,FREEMIUM,3,2,1,0,0,103.0,47.0
2025-07,330W-56th,Hell's Kitchen Polygon,RECURRING_SUBSCRIPTION,6,4,2,0,8,220.0,63.0
2025-07,330W-56th,Hell's Kitchen Polygon,WARM_LEAD,1,0,1,0,3,13.0,15.0
2025-07,655 Union,Boerum Hill Polygon,CHURN,8,5,3,0,2,709.0,93.0
2025-07,655 Union,Boerum Hill Polygon,ON_DEMAND_SUBSCRIPTION,2,2,0,0,4,113.0,57.0
2025-07,655 Union,Boerum Hill Polygon,RECURRING_SUBSCRIPTION,10,10,0,0,1,1115.0,78.0
2025-07,655 Union,Boerum Hill Polygon,TRIAL,1,1,0,0,2,27.0,31.0
2025-07,Agnes,Floating Jersey,CHURN,2,1,1,0,2,220.0,78.0
2025-07,Agnes,Floating Jersey,RECURRING_SUBSCRIPTION,4,3,1,0,5,332.0,127.0
2025-07,Agnes,Floating Jersey,WARM_LEAD,0,0,0,0,1,,
2025-07,Alta,Floating NY 1,CHURN,3,2,1,0,1,251.0,72.0
2025-07,Alta,Floating NY 1,ON_DEMAND_SUBSCRIPTION,1,0,1,0,0,27.0,59.0
2025-07,Alta,Floating NY 1,RECURRING_SUBSCRIPTION,2,1,1,0,2,157.0,118.0
2025-07,Azrieli TLV,Unknown,CHURN,45,43,2,0,23,3509.59,80.0
2025-07,Azrieli TLV,Unknown,FROZEN,2,2,0,0,0,214.25,127.0
2025-07,Azrieli TLV,Unknown,ON_DEMAND_SUBSCRIPTION,3,3,0,0,7,282.47,143.0
2025-07,Azrieli TLV,Unknown,RECURRING_SUBSCRIPTION,59,53,6,0,11,3590.96,94.0
2025-07,Azrieli TLV,Unknown,TRIAL,9,8,1,0,5,672.88,115.0
2025-07,Gindi 1,Unknown,CHURN,76,70,6,0,48,4774.52,100.0
2025-07,Gindi 1,Unknown,FROZEN,1,1,0,0,0,58.36,211.0
2025-07,Gindi 1,Unknown,ON_DEMAND_SUBSCRIPTION,20,16,4,0,3,717.53,55.0
2025-07,Gindi 1,Unknown,RECURRING_SUBSCRIPTION,19,19,0,0,14,2039.18,133.0
2025-07,Gindi 1,Unknown,TRIAL,4,3,1,0,2,126.85,71.0
2025-07,Gindi 2,Unknown,CHURN,12,11,1,0,21,1193.15,129.0
2025-07,Gindi 2,Unknown,ON_DEMAND_SUBSCRIPTION,4,4,0,0,1,241.37,93.0
2025-07,Gindi 2,Unknown,RECURRING_SUBSCRIPTION,15,11,4,0,2,1292.6,113.0
2025-07,Gindi 2,Unknown,TRIAL,1,1,0,0,0,59.18,99.0
2025-07,Gindi 3,Unknown,CHURN,60,56,4,0,31,6281.55,121.0
2025-07,Gindi 3,Unknown,FROZEN,4,4,0,0,2,345.21,107.0
2025-07,Gindi 3,Unknown,ON_DEMAND_SUBSCRIPTION,21,19,2,0,30,1541.37,100.0
2025-07,Gindi 3,Unknown,RECURRING_SUBSCRIPTION,26,23,3,0,13,2919.73,108.0
2025-07,Gindi 3,Unknown,TRIAL,2,1,1,0,1,112.05,105.0
2025-07,Gindi 4,Unknown,CHURN,11,11,0,0,7,413.97,65.0
2025-07,Gindi 4,Unknown,RECURRING_SUBSCRIPTION,1,1,0,0,0,68.22,15.0
2025-07,HaHehad,Unknown,CHURN,16,14,2,0,4,1241.64,90.0
2025-07,HaHehad,Unknown,LEAD,0,0,0,0,6,,
2025-07,HaHehad,Unknown,RECURRING_SUBSCRIPTION,4,2,2,0,0,322.74,58.0
2025-07,HaHehad,Unknown,TRIAL,6,6,0,0,2,236.16,81.0
2025-07,John Street 116,Financial District Polygon,CHURN,9,6,3,0,4,800.0,105.0
2025-07,John Street 116,Financial District Polygon,ON_DEMAND_SUBSCRIPTION,5,4,1,0,2,361.0,109.0
2025-07,John Street 116,Financial District Polygon,RECURRING_SUBSCRIPTION,8,7,1,0,0,659.0,119.0
2025-07,John Street 116,Financial District Polygon,WARM_LEAD,0,0,0,0,3,,
2025-07,Nine 52,Hell's Kitchen Polygon,CHURN,1,0,1,0,0,107.0,144.0
2025-07,Nine 52,Hell's Kitchen Polygon,RECURRING_SUBSCRIPTION,10,10,0,0,0,964.0,99.0
2025-07,Nine 52,Hell's Kitchen Polygon,TRIAL,4,4,0,0,0,149.0,51.0
2025-07,Oliver on the Hudson,Floating Jersey,CHURN,4,1,3,0,1,311.0,90.0
2025-07,One Ten,Hoboken Polygon,CHURN,5,5,0,0,2,369.0,87.0
2025-07,One Ten,Hoboken Polygon,FREEMIUM,1,1,0,0,0,51.0,56.0
2025-07,One Ten,Hoboken Polygon,ON_DEMAND_SUBSCRIPTION,7,4,3,0,0,315.0,74.0
2025-07,One Ten,Hoboken Polygon,RECURRING_SUBSCRIPTION,9,8,1,0,5,799.0,90.0
2025-07,One Ten,Hoboken Polygon,TRIAL,1,1,0,0,0,93.0,67.0
2025-07,One Ten,Hoboken Polygon,WARM_LEAD,0,0,0,0,5,,
2025-07,River Place,Hell's Kitchen Polygon,CHURN,17,14,3,0,12,1307.0,51.0
2025-07,River Place,Hell's Kitchen Polygon,ON_DEMAND_SUBSCRIPTION,40,24,16,0,2,1943.5,46.0
2025-07,River Place,Hell's Kitchen Polygon,RECURRING_SUBSCRIPTION,34,30,4,0,7,2774.0,78.0
2025-07,River Place,Hell's Kitchen Polygon,TRIAL,2,1,1,0,11,94.0,75.0
2025-07,River Place,Hell's Kitchen Polygon,WARM_LEAD,3,1,2,0,0,217.0,88.0
2025-07,Silver Towers,Hell's Kitchen Polygon,CHURN,41,36,5,0,33,3062.0,85.0
2025-07,Silver Towers,Hell's Kitchen Polygon,FREEMIUM,2,1,1,0,3,148.0,95.0
2025-07,Silver Towers,Hell's Kitchen Polygon,FROZEN,2,1,1,0,0,167.0,112.0
2025-07,Silver Towers,Hell's Kitchen Polygon,ON_DEMAND_SUBSCRIPTION,62,32,30,0,13,2316.0,55.0
2025-07,Silver Towers,Hell's Kitchen Polygon,RECURRING_SUBSCRIPTION,90,71,19,0,37,8186.79,81.0
2025-07,Silver Towers,Hell's Kitchen Polygon,TRIAL,2,2,0,0,6,111.0,57.0
2025-07,Stonehill,Chatham / West Orange Polygon,CHURN,2,1,1,0,3,180.0,
2025-07,Stonehill,Chatham / West Orange Polygon,ON_DEMAND_SUBSCRIPTION,4,2,2,0,6,354.0,
2025-07,Stonehill,Chatham / West Orange Polygon,RECURRING_SUBSCRIPTION,11,2,9,0,4,715.0,41.0
2025-07,Stonehill,Chatham / West Orange Polygon,TRIAL,1,1,0,0,7,87.0,60.0
2025-07,Stonehill,Chatham / West Orange Polygon,WARM_LEAD,0,0,0,0,5,,
2025-07,The Boulevard,Floating Miami,CHURN,5,3,2,0,1,518.0,76.0
2025-07,The Boulevard,Floating Miami,FROZEN,2,2,0,0,0,222.0,112.0
2025-07,The Boulevard,Floating Miami,ON_DEMAND_SUBSCRIPTION,4,0,4,0,0,382.0,89.0
2025-07,The Boulevard,Floating Miami,RECURRING_SUBSCRIPTION,6,3,3,0,2,603.0,113.0
2025-07,The Boulevard,Floating Miami,TRIAL,0,0,0,0,2,,
2025-07,The Boulevard,Floating Miami,WARM_LEAD,0,0,0,0,5,,
2025-07,The Buchanan,Floating NY 1,CHURN,1,0,1,0,0,72.0,91.0
2025-07,The Buchanan,Floating NY 1,ON_DEMAND_SUBSCRIPTION,2,1,1,0,0,314.0,100.0
2025-07,The Buchanan,Floating NY 1,RECURRING_SUBSCRIPTION,3,0,3,0,1,211.0,91.0
2025-07,The Buchanan,Floating NY 1,TRIAL,3,1,2,0,0,229.0,77.0
2025-07,The Devan,Hoboken Polygon,CHURN,6,4,2,0,1,796.0,148.0
2025-07,The Devan,Hoboken Polygon,FROZEN,1,1,0,0,2,73.0,105.0
2025-07,The Devan,Hoboken Polygon,ON_DEMAND_SUBSCRIPTION,3,3,0,0,2,137.0,68.0
2025-07,The Devan,Hoboken Polygon,RECURRING_SUBSCRIPTION,10,1,9,0,10,1295.0,135.0
2025-07,The Devan,Hoboken Polygon,TRIAL,2,0,2,0,1,166.0,119.0
2025-07,The Devan,Hoboken Polygon,WARM_LEAD,0,0,0,0,1,,
2025-07,The Dime,Williamsburg Polygon,CHURN,4,2,2,0,9,544.0,142.0
2025-07,The Dime,Williamsburg Polygon,RECURRING_SUBSCRIPTION,1,1,0,0,1,107.0,105.0
2025-07,The Dime,Williamsburg Polygon,TRIAL,0,0,0,0,3,,
2025-07,The Dime,Williamsburg Polygon,WARM_LEAD,0,0,0,0,1,,
2025-07,The Eddy,Harrison Polygon,CHURN,3,0,3,0,3,121.0,43.0
2025-07,The Eddy,Harrison Polygon,RECURRING_SUBSCRIPTION,7,2,5,0,0,696.0,110.0
2025-07,The Eddy,Harrison Polygon,TRIAL,0,0,0,0,3,,
2025-07,The Enclave,Hoboken Polygon,CHURN,7,4,3,0,2,785.0,101.0
2025-07,The Enclave,Hoboken Polygon,RECURRING_SUBSCRIPTION,4,2,2,0,2,301.0,85.0
2025-07,The Enclave,Hoboken Polygon,TRIAL,2,2,0,0,2,148.0,121.0
2025-07,The Ivy,Chatham / West Orange Polygon,CHURN,13,8,5,0,9,1522.0,60.0
2025-07,The Ivy,Chatham / West Orange Polygon,ON_DEMAND_SUBSCRIPTION,3,2,1,0,2,419.0,
2025-07,The Ivy,Chatham / West Orange Polygon,RECURRING_SUBSCRIPTION,13,6,7,0,4,1498.0,54.0
2025-07,The Ivy,Chatham / West Orange Polygon,WARM_LEAD,0,0,0,0,1,,
2025-07,Union Channel ,Boerum Hill Polygon,CHURN,2,0,2,0,0,55.0,59.0
2025-07,Union Channel ,Boerum Hill Polygon,TRIAL,1,0,1,0,1,81.0,83.0
2025-07,Woodside Central,Floating NY 1,CHURN,5,5,0,0,8,515.0,83.0
2025-07,Woodside Central,Floating NY 1,FROZEN,1,0,1,0,0,28.0,30.0
2025-07,Woodside Central,Floating NY 1,LEAD,0,0,0,0,1,,
2025-07,Woodside Central,Floating NY 1,ON_DEMAND_SUBSCRIPTION,0,0,0,0,3,,
2025-07,Woodside Central,Floating NY 1,RECURRING_SUBSCRIPTION,10,2,8,0,2,515.0,51.0
2025-07,Woodside Central,Floating NY 1,TRIAL,1,0,1,0,0,31.0,33.0
2025-07,Woodside Central,Floating NY 1,WARM_LEAD,1,0,1,0,0,109.0,138.0
2025-08,100 House,Hoboken Polygon,CHURN,1,0,1,0,5,101.0,154.0
2025-08,100 House,Hoboken Polygon,ON_DEMAND_SUBSCRIPTION,2,2,0,0,2,162.0,110.0
2025-08,100 House,Hoboken Polygon,RECURRING_SUBSCRIPTION,7,2,5,0,4,948.0,106.0
2025-08,1 Boerum PL,Floating NY 2,CHURN,2,2,0,0,1,114.0,70.0
2025-08,1 Boerum PL,Floating NY 2,ON_DEMAND_SUBSCRIPTION,6,2,4,0,6,472.0,124.0
2025-08,1 Boerum PL,Floating NY 2,RECURRING_SUBSCRIPTION,4,4,0,0,1,261.0,72.0
2025-08,1 Boerum PL,Floating NY 2,WARM_LEAD,0,0,0,0,2,,
2025-08,300 Somerset,Harrison Polygon,CHURN,5,2,3,0,8,135.0,48.0
2025-08,300 Somerset,Harrison Polygon,ON_DEMAND_SUBSCRIPTION,8,4,4,0,2,197.0,39.0
2025-08,300 Somerset,Harrison Polygon,RECURRING_SUBSCRIPTION,4,3,1,0,2,188.0,54.0
2025-08,330 Angelo Cifelli,Harrison Polygon,CHURN,11,11,0,0,4,528.0,56.0
2025-08,330 Angelo Cifelli,Harrison Polygon,FREEMIUM,1,1,0,0,0,57.0,63.0
2025-08,330 Angelo Cifelli,Harrison Polygon,ON_DEMAND_SUBSCRIPTION,0,0,0,0,1,,
2025-08,330 Angelo Cifelli,Harrison Polygon,RECURRING_SUBSCRIPTION,13,10,3,0,5,465.0,50.0
2025-08,330 Angelo Cifelli,Harrison Polygon,TRIAL,3,1,2,0,1,130.0,53.0
2025-08,330 Angelo Cifelli,Harrison Polygon,WARM_LEAD,1,1,0,0,0,26.0,
2025-08,330W-56th,Hell's Kitchen Polygon,CHURN,1,1,0,0,1,88.0,86.0
2025-08,330W-56th,Hell's Kitchen Polygon,RECURRING_SUBSCRIPTION,9,7,2,0,12,531.0,88.0
2025-08,345 Baldwin Avenue,Floating Jersey,RECURRING_SUBSCRIPTION,1,0,1,0,1,27.0,39.0
2025-08,416 Kent Avenue,Williamsburg Polygon,CHURN,4,3,1,0,2,548.0,132.0
2025-08,416 Kent Avenue,Williamsburg Polygon,FROZEN,4,2,2,0,2,328.0,89.0
2025-08,416 Kent Avenue,Williamsburg Polygon,ON_DEMAND_SUBSCRIPTION,2,0,2,0,0,37.0,27.0
2025-08,416 Kent Avenue,Williamsburg Polygon,RECURRING_SUBSCRIPTION,1,1,0,0,2,110.0,121.0
2025-08,416 Kent Avenue,Williamsburg Polygon,TRIAL,0,0,0,0,1,,
2025-08,416 Kent Avenue,Williamsburg Polygon,WARM_LEAD,0,0,0,0,1,,
2025-08,420 Kent Avenue,Williamsburg Polygon,CHURN,5,2,3,0,5,541.0,132.0
2025-08,420 Kent Avenue,Williamsburg Polygon,ON_DEMAND_SUBSCRIPTION,3,2,1,0,2,306.0,122.0
2025-08,420 Kent Avenue,Williamsburg Polygon,RECURRING_SUBSCRIPTION,6,2,4,0,1,414.0,100.0
2025-08,420 Kent Avenue,Williamsburg Polygon,TRIAL,8,8,0,0,2,827.0,92.0
2025-08,420 Kent Avenue,Williamsburg Polygon,WARM_LEAD,0,0,0,0,1,,
2025-08,655 Union,Boerum Hill Polygon,CHURN,6,0,6,0,2,566.0,103.0
2025-08,655 Union,Boerum Hill Polygon,ON_DEMAND_SUBSCRIPTION,1,1,0,0,2,87.0,84.0
2025-08,655 Union,Boerum Hill Polygon,RECURRING_SUBSCRIPTION,10,10,0,0,0,1266.0,73.0
2025-08,655 Union,Boerum Hill Polygon,TRIAL,0,0,0,0,1,,
2025-08,Agnes,Floating Jersey,CHURN,5,3,2,0,0,420.0,98.0
2025-08,Agnes,Floating Jersey,RECURRING_SUBSCRIPTION,5,3,2,0,3,276.0,95.0
2025-08,Agnes,Floating Jersey,WARM_LEAD,0,0,0,0,1,,
2025-08,Alta,Floating NY 1,CHURN,10,2,8,0,0,706.0,67.0
2025-08,Alta,Floating NY 1,LEAD,1,0,1,0,0,110.0,161.0
2025-08,Alta,Floating NY 1,ON_DEMAND_SUBSCRIPTION,2,0,2,0,0,54.0,46.0
2025-08,Alta,Floating NY 1,RECURRING_SUBSCRIPTION,6,2,4,0,1,474.0,84.0
2025-08,Azrieli TLV,Unknown,CHURN,44,42,2,0,7,3237.26,96.0
2025-08,Azrieli TLV,Unknown,FROZEN,2,2,0,0,0,214.25,119.0
2025-08,Azrieli TLV,Unknown,ON_DEMAND_SUBSCRIPTION,2,2,0,0,4,182.19,154.0
2025-08,Azrieli TLV,Unknown,RECURRING_SUBSCRIPTION,58,54,4,0,4,3638.63,88.0
2025-08,Azrieli TLV,Unknown,TRIAL,4,4,0,0,1,250.96,145.0
2025-08,Gindi 1,Unknown,CHURN,58,56,2,0,28,3640.27,89.0
2025-08,Gindi 1,Unknown,FROZEN,2,2,0,0,0,68.22,96.0
2025-08,Gindi 1,Unknown,ON_DEMAND_SUBSCRIPTION,14,10,4,0,11,269.04,48.0
2025-08,Gindi 1,Unknown,RECURRING_SUBSCRIPTION,19,14,5,0,4,1972.71,138.0
2025-08,Gindi 1,Unknown,TRIAL,4,4,0,0,4,203.84,87.0
2025-08,Gindi 2,Unknown,CHURN,8,8,0,0,9,934.25,128.0
2025-08,Gindi 2,Unknown,ON_DEMAND_SUBSCRIPTION,2,2,0,0,1,134.25,125.0
2025-08,Gindi 2,Unknown,RECURRING_SUBSCRIPTION,10,8,2,0,1,947.12,104.0
2025-08,Gindi 2,Unknown,TRIAL,1,1,0,0,1,154.79,281.0
2025-08,Gindi 3,Unknown,CHURN,50,50,0,0,10,5243.1,121.0
2025-08,Gindi 3,Unknown,FROZEN,4,4,0,0,0,346.3,70.0
2025-08,Gindi 3,Unknown,ON_DEMAND_SUBSCRIPTION,17,17,0,0,26,1281.78,114.0
2025-08,Gindi 3,Unknown,RECURRING_SUBSCRIPTION,21,15,6,0,8,2461.64,124.0
2025-08,Gindi 3,Unknown,TRIAL,3,3,0,0,1,55.62,122.0
2025-08,Gindi 4,Unknown,CHURN,10,9,1,0,5,356.71,68.0
2025-08,Gindi 4,Unknown,ON_DEMAND_SUBSCRIPTION,6,5,1,0,8,540.0,144.0
2025-08,Gindi 4,Unknown,RECURRING_SUBSCRIPTION,1,1,0,0,1,67.12,170.0
2025-08,Gindi 4,Unknown,TRIAL,1,0,1,0,0,147.95,123.0
2025-08,HaHehad,Unknown,CHURN,14,14,0,0,7,1078.63,103.0
2025-08,HaHehad,Unknown,LEAD,0,0,0,0,13,,
2025-08,HaHehad,Unknown,RECURRING_SUBSCRIPTION,4,3,1,0,1,323.01,65.0
2025-08,HaHehad,Unknown,TRIAL,5,5,0,0,0,220.82,70.0
2025-08,John Street 116,Financial District Polygon,CHURN,8,6,2,0,2,679.0,103.0
2025-08,John Street 116,Financial District Polygon,ON_DEMAND_SUBSCRIPTION,6,4,2,0,3,349.0,85.0
2025-08,John Street 116,Financial District Polygon,RECURRING_SUBSCRIPTION,9,6,3,0,0,755.0,115.0
2025-08,John Street 116,Financial District Polygon,TRIAL,1,0,1,0,0,31.0,52.0
2025-08,John Street 116,Financial District Polygon,WARM_LEAD,0,0,0,0,6,,
2025-08,Nine 52,Hell's Kitchen Polygon,CHURN,1,0,1,0,0,107.0,115.0
2025-08,Nine 52,Hell's Kitchen Polygon,RECURRING_SUBSCRIPTION,7,7,0,0,0,673.0,105.0
2025-08,Oliver on the Hudson,Floating Jersey,CHURN,3,1,2,0,1,244.0,62.0
2025-08,Oliver on the Hudson,Floating Jersey,TRIAL,1,0,1,0,0,168.0,60.0
2025-08,Oliver on the Hudson,Floating Jersey,WARM_LEAD,0,0,0,0,3,,
2025-08,One Ten,Hoboken Polygon,CHURN,6,5,1,0,2,425.0,64.0
2025-08,One Ten,Hoboken Polygon,FREEMIUM,0,0,0,0,2,,
2025-08,One Ten,Hoboken Polygon,ON_DEMAND_SUBSCRIPTION,3,1,2,0,0,189.0,83.0
2025-08,One Ten,Hoboken Polygon,RECURRING_SUBSCRIPTION,11,11,0,0,1,944.0,67.0
2025-08,One Ten,Hoboken Polygon,WARM_LEAD,0,0,0,0,5,,
2025-08,River Place,Hell's Kitchen Polygon,CHURN,12,11,1,0,12,1059.0,72.0
2025-08,River Place,Hell's Kitchen Polygon,FREEMIUM,4,3,1,0,2,326.0,96.0
2025-08,River Place,Hell's Kitchen Polygon,ON_DEMAND_SUBSCRIPTION,40,25,15,0,5,2017.0,57.0
2025-08,River Place,Hell's Kitchen Polygon,RECURRING_SUBSCRIPTION,38,30,8,0,3,3002.0,81.0
2025-08,River Place,Hell's Kitchen Polygon,TRIAL,5,1,4,0,2,325.0,90.0
2025-08,Silver Towers,Hell's Kitchen Polygon,CHURN,39,28,11,0,29,2725.0,72.0
2025-08,Silver Towers,Hell's Kitchen Polygon,FREEMIUM,6,4,2,0,0,397.0,75.0
2025-08,Silver Towers,Hell's Kitchen Polygon,FROZEN,2,1,1,0,0,154.0,74.0
2025-08,Silver Towers,Hell's Kitchen Polygon,ON_DEMAND_SUBSCRIPTION,49,22,27,0,10,1419.0,39.0
2025-08,Silver Towers,Hell's Kitchen Polygon,RECURRING_SUBSCRIPTION,106,80,26,0,26,8704.0,72.0
2025-08,Silver Towers,Hell's Kitchen Polygon,TRIAL,4,3,1,0,3,165.0,66.0
2025-08,Silver Towers,Hell's Kitchen Polygon,WARM_LEAD,1,1,0,0,0,92.0,150.0
2025-08,Stonehill,Chatham / West Orange Polygon,CHURN,7,4,3,0,5,945.0,90.0
2025-08,Stonehill,Chatham / West Orange Polygon,FREEMIUM,1,1,0,0,2,172.0,85.0
2025-08,Stonehill,Chatham / West Orange Polygon,ON_DEMAND_SUBSCRIPTION,3,1,2,0,4,230.0,46.0
2025-08,Stonehill,Chatham / West Orange Polygon,RECURRING_SUBSCRIPTION,8,4,4,0,2,680.0,48.0
2025-08,Stonehill,Chatham / West Orange Polygon,TRIAL,1,0,1,0,6,168.0,15.0
2025-08,Stonehill,Chatham / West Orange Polygon,WARM_LEAD,0,0,0,0,3,,
2025-08,The Boulevard,Floating Miami,CHURN,3,1,2,0,3,197.0,94.0
2025-08,The Boulevard,Floating Miami,FROZEN,1,0,1,0,0,111.0,125.0
2025-08,The Boulevard,Floating Miami,ON_DEMAND_SUBSCRIPTION,4,0,4,0,0,410.0,61.0
2025-08,The Boulevard,Floating Miami,RECURRING_SUBSCRIPTION,7,5,2,0,2,763.0,99.0
2025-08,The Boulevard,Floating Miami,TRIAL,2,1,1,0,1,296.0,89.0
2025-08,The Boulevard,Floating Miami,WARM_LEAD,2,1,1,0,5,174.0,46.0
2025-08,The Buchanan,Floating NY 1,CHURN,1,0,1,0,0,73.0,15.0
2025-08,The Buchanan,Floating NY 1,RECURRING_SUBSCRIPTION,14,5,9,0,1,1094.0,55.0
2025-08,The Buchanan,Floating NY 1,TRIAL,2,0,2,0,3,160.0,15.0
2025-08,The Devan,Hoboken Polygon,CHURN,7,5,2,0,2,711.0,94.0
2025-08,The Devan,Hoboken Polygon,FROZEN,3,2,1,0,0,256.0,114.0
2025-08,The Devan,Hoboken Polygon,LEAD,1,1,0,0,0,168.0,110.0
2025-08,The Devan,Hoboken Polygon,ON_DEMAND_SUBSCRIPTION,0,0,0,0,4,,
2025-08,The Devan,Hoboken Polygon,RECURRING_SUBSCRIPTION,14,3,11,0,6,1742.0,120.0
2025-08,The Devan,Hoboken Polygon,TRIAL,2,0,2,0,1,188.0,114.0
2025-08,The Devan,Hoboken Polygon,WARM_LEAD,1,0,1,0,0,60.0,79.0
2025-08,The Dime,Williamsburg Polygon,CHURN,5,2,3,0,7,651.0,142.0
2025-08,The Dime,Williamsburg Polygon,ON_DEMAND_SUBSCRIPTION,1,0,1,0,0,107.0,167.0
2025-08,The Dime,Williamsburg Polygon,RECURRING_SUBSCRIPTION,3,2,1,0,1,283.0,40.0
2025-08,The Dime,Williamsburg Polygon,TRIAL,0,0,0,0,1,,
2025-08,The Dime,Williamsburg Polygon,WARM_LEAD,0,0,0,0,1,,
2025-08,The Eddy,Harrison Polygon,CHURN,3,0,3,0,0,94.0,61.0
2025-08,The Eddy,Harrison Polygon,FREEMIUM,1,0,1,0,0,22.0,24.0
2025-08,The Eddy,Harrison Polygon,ON_DEMAND_SUBSCRIPTION,1,1,0,0,0,61.0,80.0
2025-08,The Eddy,Harrison Polygon,RECURRING_SUBSCRIPTION,4,1,3,0,0,602.0,133.0
2025-08,The Eddy,Harrison Polygon,TRIAL,0,0,0,0,2,,
2025-08,The Eddy,Harrison Polygon,WARM_LEAD,1,1,0,0,0,44.0,56.0
2025-08,The Enclave,Hoboken Polygon,CHURN,3,3,0,0,1,381.0,148.0
2025-08,The Enclave,Hoboken Polygon,RECURRING_SUBSCRIPTION,6,3,3,0,2,503.0,73.0
2025-08,The Enclave,Hoboken Polygon,TRIAL,2,2,0,0,0,202.0,107.0
2025-08,The Ivy,Chatham / West Orange Polygon,CHURN,11,7,4,0,8,1520.0,57.0
2025-08,The Ivy,Chatham / West Orange Polygon,ON_DEMAND_SUBSCRIPTION,2,1,1,0,0,318.0,67.0
2025-08,The Ivy,Chatham / West Orange Polygon,RECURRING_SUBSCRIPTION,14,10,4,0,4,1686.0,52.0
2025-08,Union Channel ,Boerum Hill Polygon,CHURN,0,0,0,0,1,,
2025-08,Union Channel ,Boerum Hill Polygon,TRIAL,0,0,0,0,1,,
2025-08,Woodside Central,Floating NY 1,CHURN,0,0,0,0,13,,
2025-08,Woodside Central,Floating NY 1,FROZEN,1,0,1,0,1,28.0,30.0
2025-08,Woodside Central,Floating NY 1,LEAD,0,0,0,0,1,,
2025-08,Woodside Central,Floating NY 1,ON_DEMAND_SUBSCRIPTION,0,0,0,0,1,,
2025-08,Woodside Central,Floating NY 1,RECURRING_SUBSCRIPTION,11,0,11,0,0,517.0,74.0
2025-08,Woodside Central,Floating NY 1,WARM_LEAD,1,0,1,0,4,54.0,69.0
2025-09,100 House,Hoboken Polygon,CHURN,4,2,2,0,1,439.0,96.0
2025-09,100 House,Hoboken Polygon,ON_DEMAND_SUBSCRIPTION,5,4,1,0,0,322.0,97.0
2025-09,100 House,Hoboken Polygon,RECURRING_SUBSCRIPTION,9,2,7,0,3,1324.0,88.0
2025-09,1 Boerum PL,Floating NY 2,CHURN,3,3,0,0,0,171.0,60.0
2025-09,1 Boerum PL,Floating NY 2,ON_DEMAND_SUBSCRIPTION,0,0,0,0,2,,
2025-09,1 Boerum PL,Floating NY 2,RECURRING_SUBSCRIPTION,7,7,0,0,2,791.0,128.0
2025-09,1 Boerum PL,Floating NY 2,WARM_LEAD,0,0,0,0,3,,
2025-09,20 Broad Street,Financial District Polygon,CHURN,17,7,10,0,4,1614.0,88.0
2025-09,20 Broad Street,Financial District Polygon,LEAD,0,0,0,0,1,,
2025-09,20 Broad Street,Financial District Polygon,ON_DEMAND_SUBSCRIPTION,6,3,3,0,2,684.0,90.0
2025-09,20 Broad Street,Financial District Polygon,RECURRING_SUBSCRIPTION,12,4,8,0,5,1006.0,87.0
2025-09,20 Broad Street,Financial District Polygon,TRIAL,0,0,0,0,1,,
2025-09,20 Broad Street,Financial District Polygon,WARM_LEAD,0,0,0,0,3,,
2025-09,300 Somerset,Harrison Polygon,CHURN,1,1,0,0,7,54.0,30.0
2025-09,300 Somerset,Harrison Polygon,ON_DEMAND_SUBSCRIPTION,4,1,3,0,1,102.0,41.0
2025-09,300 Somerset,Harrison Polygon,RECURRING_SUBSCRIPTION,4,2,2,0,1,188.0,32.0
2025-09,330 Angelo Cifelli,Harrison Polygon,CHURN,6,6,0,0,7,458.0,108.0
2025-09,330 Angelo Cifelli,Harrison Polygon,ON_DEMAND_SUBSCRIPTION,1,0,1,0,0,53.0,75.0
2025-09,330 Angelo Cifelli,Harrison Polygon,RECURRING_SUBSCRIPTION,12,8,4,0,2,518.0,65.0
2025-09,330 Angelo Cifelli,Harrison Polygon,TRIAL,1,1,0,0,4,31.0,53.0
2025-09,330W-56th,Hell's Kitchen Polygon,CHURN,1,1,0,0,0,88.0,120.0
2025-09,330W-56th,Hell's Kitchen Polygon,FREEMIUM,1,0,1,0,1,107.0,128.0
2025-09,330W-56th,Hell's Kitchen Polygon,RECURRING_SUBSCRIPTION,11,5,6,0,10,521.0,77.0
2025-09,345 Baldwin Avenue,Floating Jersey,CHURN,1,0,1,0,0,110.0,93.0
2025-09,345 Baldwin Avenue,Floating Jersey,RECURRING_SUBSCRIPTION,4,1,3,0,0,182.0,41.0
2025-09,416 Kent Avenue,Williamsburg Polygon,CHURN,10,8,2,0,0,1432.0,132.0
2025-09,416 Kent Avenue,Williamsburg Polygon,FROZEN,9,7,2,0,3,766.0,90.0
2025-09,416 Kent Avenue,Williamsburg Polygon,ON_DEMAND_SUBSCRIPTION,3,3,0,0,0,66.0,38.0
2025-09,416 Kent Avenue,Williamsburg Polygon,RECURRING_SUBSCRIPTION,5,2,3,0,1,545.0,109.0
2025-09,416 Kent Avenue,Williamsburg Polygon,TRIAL,2,2,0,0,3,287.0,125.0
2025-09,420 Kent Avenue,Williamsburg Polygon,CHURN,15,8,7,0,9,1779.0,121.0
2025-09,420 Kent Avenue,Williamsburg Polygon,ON_DEMAND_SUBSCRIPTION,3,3,0,0,3,233.0,96.0
2025-09,420 Kent Avenue,Williamsburg Polygon,RECURRING_SUBSCRIPTION,13,8,5,0,2,1100.0,97.0
2025-09,420 Kent Avenue,Williamsburg Polygon,TRIAL,9,7,2,0,6,1061.0,113.0
2025-09,420 Kent Avenue,Williamsburg Polygon,WARM_LEAD,0,0,0,0,2,,
2025-09,535 W 43rd Street,Hell's Kitchen Polygon,CHURN,1,1,0,0,0,110.0,155.0
2025-09,535 W 43rd Street,Hell's Kitchen Polygon,TRIAL,3,0,3,0,2,330.0,137.0
2025-09,655 Union,Boerum Hill Polygon,CHURN,4,0,4,0,5,327.0,93.0
2025-09,655 Union,Boerum Hill Polygon,ON_DEMAND_SUBSCRIPTION,1,1,0,0,3,116.0,115.0
2025-09,655 Union,Boerum Hill Polygon,RECURRING_SUBSCRIPTION,2,2,0,0,6,216.0,127.0
2025-09,655 Union,Boerum Hill Polygon,TRIAL,2,2,0,0,1,220.0,119.0
2025-09,66 Rockwell Place,Brooklyn Heights Polygon,CHURN,2,2,0,0,0,102.0,59.0
2025-09,66 Rockwell Place,Brooklyn Heights Polygon,RECURRING_SUBSCRIPTION,3,2,1,0,1,279.0,47.0
2025-09,66 Rockwell Place,Brooklyn Heights Polygon,TRIAL,0,0,0,0,1,,
2025-09,Agnes,Floating Jersey,CHURN,3,2,1,0,1,330.0,95.0
2025-09,Agnes,Floating Jersey,RECURRING_SUBSCRIPTION,8,4,4,0,15,484.0,78.0
2025-09,Agnes,Floating Jersey,TRIAL,1,1,0,0,0,31.0,62.0
2025-09,Agnes,Floating Jersey,WARM_LEAD,0,0,0,0,1,,
2025-09,Alta,Floating NY 1,CHURN,9,3,6,0,3,680.0,81.0
2025-09,Alta,Floating NY 1,ON_DEMAND_SUBSCRIPTION,3,0,3,0,1,247.0,65.0
2025-09,Alta,Floating NY 1,RECURRING_SUBSCRIPTION,6,3,3,0,3,446.0,70.0
2025-09,Azrieli TLV,Unknown,CHURN,43,37,6,0,30,3136.41,94.0
2025-09,Azrieli TLV,Unknown,FROZEN,2,2,0,0,0,214.25,125.0
2025-09,Azrieli TLV,Unknown,ON_DEMAND_SUBSCRIPTION,1,1,0,0,0,0.0,101.0
2025-09,Azrieli TLV,Unknown,RECURRING_SUBSCRIPTION,55,50,5,0,12,3349.59,87.0
2025-09,Azrieli TLV,Unknown,TRIAL,4,4,0,0,0,340.82,187.0
2025-09,Flamingo Point Center Tower,Miami Beach Polygon,CHURN,3,1,2,0,1,474.0,88.0
2025-09,Flamingo Point Center Tower,Miami Beach Polygon,ON_DEMAND_SUBSCRIPTION,2,1,1,0,0,278.0,77.0
2025-09,Flamingo Point Center Tower,Miami Beach Polygon,RECURRING_SUBSCRIPTION,7,2,5,0,3,1027.0,140.0
2025-09,Flamingo Point Center Tower,Miami Beach Polygon,TRIAL,1,1,0,0,1,86.0,
2025-09,Flamingo Point North Tower,Miami Beach Polygon,CHURN,0,0,0,0,1,,
2025-09,Flamingo Point North Tower,Miami Beach Polygon,RECURRING_SUBSCRIPTION,3,2,1,0,2,263.0,37.0
2025-09,Flamingo South Beach,Miami Beach Polygon,CHURN,3,1,2,0,0,283.0,
2025-09,Flamingo South Beach,Miami Beach Polygon,FROZEN,1,0,1,0,0,116.0,
2025-09,Flamingo South Beach,Miami Beach Polygon,RECURRING_SUBSCRIPTION,2,0,2,0,0,49.0,
2025-09,Flamingo South Beach,Miami Beach Polygon,TRIAL,1,0,1,0,1,133.0,
2025-09,Gindi 1,Unknown,CHURN,42,41,1,0,41,2783.84,69.0
2025-09,Gindi 1,Unknown,FROZEN,3,3,0,0,0,89.86,47.0
2025-09,Gindi 1,Unknown,ON_DEMAND_SUBSCRIPTION,11,5,6,0,21,289.86,59.0
2025-09,Gindi 1,Unknown,RECURRING_SUBSCRIPTION,22,16,6,0,7,2290.14,137.0
2025-09,Gindi 1,Unknown,TRIAL,2,1,1,0,7,107.12,45.0
2025-09,Gindi 2,Unknown,CHURN,15,9,6,0,2,1186.3,84.0
2025-09,Gindi 2,Unknown,ON_DEMAND_SUBSCRIPTION,1,1,0,0,2,20.55,48.0
2025-09,Gindi 2,Unknown,RECURRING_SUBSCRIPTION,10,5,5,0,1,974.52,102.0
2025-09,Gindi 2,Unknown,TRIAL,0,0,0,0,1,,
2025-09,Gindi 3,Unknown,CHURN,42,38,4,0,19,4540.36,139.0
2025-09,Gindi 3,Unknown,FROZEN,3,3,0,0,1,259.73,96.0
2025-09,Gindi 3,Unknown,ON_DEMAND_SUBSCRIPTION,7,7,0,0,12,774.52,123.0
2025-09,Gindi 3,Unknown,RECURRING_SUBSCRIPTION,25,20,5,0,10,2775.34,105.0
2025-09,Gindi 3,Unknown,TRIAL,3,3,0,0,0,186.3,97.0
2025-09,Gindi 4,Unknown,CHURN,11,3,8,0,0,483.56,65.0
2025-09,Gindi 4,Unknown,ON_DEMAND_SUBSCRIPTION,10,10,0,0,4,1006.03,138.0
2025-09,Gindi 4,Unknown,RECURRING_SUBSCRIPTION,0,0,0,0,1,,
2025-09,Grove Central Residences,Floating Miami,CHURN,2,1,1,0,0,443.0,207.0
2025-09,Grove Central Residences,Floating Miami,TRIAL,1,0,1,0,0,171.0,
2025-09,HaHehad,Unknown,CHURN,12,12,0,0,5,790.96,105.0
2025-09,HaHehad,Unknown,LEAD,0,0,0,0,13,,
2025-09,HaHehad,Unknown,RECURRING_SUBSCRIPTION,3,2,1,0,3,248.22,98.0
2025-09,HaHehad,Unknown,TRIAL,4,4,0,0,0,158.9,62.0
2025-09,John Street 116,Financial District Polygon,CHURN,4,2,2,0,7,268.0,68.0
2025-09,John Street 116,Financial District Polygon,ON_DEMAND_SUBSCRIPTION,9,7,2,0,0,562.0,77.0
2025-09,John Street 116,Financial District Polygon,RECURRING_SUBSCRIPTION,10,9,1,0,1,872.0,107.0
2025-09,John Street 116,Financial District Polygon,WARM_LEAD,0,0,0,0,6,,
2025-09,Midtown 5,Floating Miami,CHURN,3,3,0,0,0,521.0,92.0
2025-09,Midtown 5,Floating Miami,LEAD,1,0,1,0,0,61.0,70.0
2025-09,Midtown 5,Floating Miami,ON_DEMAND_SUBSCRIPTION,7,1,6,0,4,648.0,99.0
2025-09,Midtown 5,Floating Miami,RECURRING_SUBSCRIPTION,12,7,5,0,0,316.5,48.0
2025-09,Midtown 5,Floating Miami,TRIAL,1,0,1,0,0,171.0,
2025-09,Midtown 5,Floating Miami,WARM_LEAD,7,5,2,0,9,661.0,68.0
2025-09,Nine 52,Hell's Kitchen Polygon,CHURN,1,1,0,0,1,107.0,126.0
2025-09,Nine 52,Hell's Kitchen Polygon,RECURRING_SUBSCRIPTION,9,8,1,0,1,818.0,101.0
2025-09,Nine 52,Hell's Kitchen Polygon,TRIAL,1,1,0,0,3,107.0,135.0
2025-09,Oliver on the Hudson,Floating Jersey,CHURN,6,1,5,0,4,451.0,62.0
2025-09,Oliver on the Hudson,Floating Jersey,TRIAL,1,0,1,0,1,110.0,76.0
2025-09,Oliver on the Hudson,Floating Jersey,WARM_LEAD,0,0,0,0,2,,
2025-09,One Ten,Hoboken Polygon,CHURN,5,4,1,0,1,476.0,54.0
2025-09,One Ten,Hoboken Polygon,ON_DEMAND_SUBSCRIPTION,2,0,2,0,0,157.0,66.0
2025-09,One Ten,Hoboken Polygon,RECURRING_SUBSCRIPTION,12,12,0,0,2,1012.0,99.0
2025-09,River Place,Hell's Kitchen Polygon,CHURN,11,7,4,0,10,875.0,76.0
2025-09,River Place,Hell's Kitchen Polygon,ON_DEMAND_SUBSCRIPTION,44,33,11,0,4,1701.0,44.0
2025-09,River Place,Hell's Kitchen Polygon,RECURRING_SUBSCRIPTION,42,35,7,0,27,3203.85,78.0
2025-09,River Place,Hell's Kitchen Polygon,TRIAL,1,1,0,0,6,31.0,33.0
2025-09,River Place,Hell's Kitchen Polygon,WARM_LEAD,1,0,1,0,0,31.0,29.0
2025-09,Silver Towers,Hell's Kitchen Polygon,CHURN,38,25,13,0,19,2684.0,81.0
2025-09,Silver Towers,Hell's Kitchen Polygon,FREEMIUM,2,1,1,0,1,98.0,66.0
2025-09,Silver Towers,Hell's Kitchen Polygon,FROZEN,2,1,1,0,0,155.0,100.0
2025-09,Silver Towers,Hell's Kitchen Polygon,ON_DEMAND_SUBSCRIPTION,50,19,31,0,7,1737.0,38.0
2025-09,Silver Towers,Hell's Kitchen Polygon,RECURRING_SUBSCRIPTION,100,72,28,0,41,8502.0,78.0
2025-09,Silver Towers,Hell's Kitchen Polygon,TRIAL,1,1,0,0,0,107.0,108.0
2025-09,Silver Towers,Hell's Kitchen Polygon,WARM_LEAD,1,0,1,0,0,27.0,27.0
2025-09,Stonehill,Chatham / West Orange Polygon,CHURN,6,4,2,0,18,768.0,62.0
2025-09,Stonehill,Chatham / West Orange Polygon,ON_DEMAND_SUBSCRIPTION,0,0,0,0,2,,
2025-09,Stonehill,Chatham / West Orange Polygon,RECURRING_SUBSCRIPTION,9,3,6,0,3,664.0,49.0
2025-09,Stonehill,Chatham / West Orange Polygon,TRIAL,1,0,1,0,3,168.0,15.0
2025-09,The Boulevard,Floating Miami,CHURN,4,1,3,0,5,454.0,74.0
2025-09,The Boulevard,Floating Miami,FROZEN,0,0,0,0,1,,
2025-09,The Boulevard,Floating Miami,RECURRING_SUBSCRIPTION,4,0,4,0,4,482.0,89.0
2025-09,The Boulevard,Floating Miami,TRIAL,1,1,0,0,0,161.0,99.0
2025-09,The Boulevard,Floating Miami,WARM_LEAD,1,1,0,0,2,63.0,57.0
2025-09,The Buchanan,Floating NY 1,CHURN,2,1,1,0,1,133.0,27.0
2025-09,The Buchanan,Floating NY 1,RECURRING_SUBSCRIPTION,19,4,15,0,2,1544.0,53.0
2025-09,The Buchanan,Floating NY 1,TRIAL,6,2,4,0,6,312.0,65.0
2025-09,The Buchanan,Floating NY 1,WARM_LEAD,1,1,0,0,0,49.0,
2025-09,The Devan,Hoboken Polygon,CHURN,8,5,3,0,1,727.0,82.0
2025-09,The Devan,Hoboken Polygon,FROZEN,2,1,1,0,0,183.0,136.0
2025-09,The Devan,Hoboken Polygon,ON_DEMAND_SUBSCRIPTION,0,0,0,0,3,,
2025-09,The Devan,Hoboken Polygon,RECURRING_SUBSCRIPTION,16,7,9,0,5,1721.0,129.0
2025-09,The Devan,Hoboken Polygon,TRIAL,1,0,1,0,1,116.0,123.0
2025-09,The Dime,Williamsburg Polygon,CHURN,4,3,1,0,4,486.0,128.0
2025-09,The Dime,Williamsburg Polygon,ON_DEMAND_SUBSCRIPTION,0,0,0,0,1,,
2025-09,The Dime,Williamsburg Polygon,RECURRING_SUBSCRIPTION,4,3,1,0,1,409.0,91.0
2025-09,The Dime,Williamsburg Polygon,WARM_LEAD,0,0,0,0,1,,
2025-09,The Eddy,Harrison Polygon,CHURN,1,0,1,0,1,47.0,71.0
2025-09,The Eddy,Harrison Polygon,RECURRING_SUBSCRIPTION,6,1,5,0,2,683.0,130.0
2025-09,The Enclave,Hoboken Polygon,CHURN,3,3,0,0,3,377.0,148.0
2025-09,The Enclave,Hoboken Polygon,RECURRING_SUBSCRIPTION,8,2,6,0,1,734.0,97.0
2025-09,The Enclave,Hoboken Polygon,TRIAL,1,1,0,0,1,101.0,112.0
2025-09,The Ivy,Chatham / West Orange Polygon,CHURN,12,9,3,0,6,1466.0,95.0
2025-09,The Ivy,Chatham / West Orange Polygon,ON_DEMAND_SUBSCRIPTION,3,1,2,0,0,432.0,108.0
2025-09,The Ivy,Chatham / West Orange Polygon,RECURRING_SUBSCRIPTION,16,12,4,0,4,2089.0,86.0
2025-09,The Landon,Hell's Kitchen Polygon,CHURN,3,0,3,0,0,388.0,145.0
2025-09,The Landon,Hell's Kitchen Polygon,ON_DEMAND_SUBSCRIPTION,1,0,1,0,0,94.0,67.0
2025-09,The Landon,Hell's Kitchen Polygon,RECURRING_SUBSCRIPTION,1,0,1,0,0,113.0,174.0
2025-09,The Landon,Hell's Kitchen Polygon,TRIAL,1,1,0,0,0,82.0,119.0
2025-09,The Landon,Hell's Kitchen Polygon,WARM_LEAD,1,1,0,0,0,53.0,60.0
2025-09,Union Channel ,Boerum Hill Polygon,CHURN,0,0,0,0,1,,
2025-09,Union Channel ,Boerum Hill Polygon,TRIAL,0,0,0,0,1,,
2025-09,Woodside Central,Floating NY 1,CHURN,1,0,1,0,6,111.0,127.0
2025-09,Woodside Central,Floating NY 1,FROZEN,0,0,0,0,1,,
2025-09,Woodside Central,Floating NY 1,LEAD,0,0,0,0,1,,
2025-09,Woodside Central,Floating NY 1,ON_DEMAND_SUBSCRIPTION,1,0,1,0,4,87.0,95.0
2025-09,Woodside Central,Floating NY 1,RECURRING_SUBSCRIPTION,11,0,11,0,2,439.0,58.0
2025-09,Woodside Central,Floating NY 1,WARM_LEAD,0,0,0,0,1,,
2025-10,100 House,Hoboken Polygon,CHURN,4,2,2,0,2,379.0,94.0
2025-10,100 House,Hoboken Polygon,ON_DEMAND_SUBSCRIPTION,3,2,1,0,3,200.0,113.0
2025-10,100 House,Hoboken Polygon,RECURRING_SUBSCRIPTION,12,4,8,0,3,1654.0,76.0
2025-10,100 House,Hoboken Polygon,WARM_LEAD,1,0,1,0,0,109.0,
2025-10,1 Boerum PL,Floating NY 2,CHURN,2,2,0,0,0,114.0,83.0
2025-10,1 Boerum PL,Floating NY 2,ON_DEMAND_SUBSCRIPTION,1,1,0,0,0,171.0,
2025-10,1 Boerum PL,Floating NY 2,RECURRING_SUBSCRIPTION,11,10,1,0,2,1129.0,111.0
2025-10,20 Broad Street,Financial District Polygon,CHURN,17,8,9,0,9,1563.0,101.0
2025-10,20 Broad Street,Financial District Polygon,LEAD,0,0,0,0,1,,
2025-10,20 Broad Street,Financial District Polygon,ON_DEMAND_SUBSCRIPTION,4,2,2,0,3,394.0,108.0
2025-10,20 Broad Street,Financial District Polygon,RECURRING_SUBSCRIPTION,27,6,21,0,4,2087.0,71.0
2025-10,20 Broad Street,Financial District Polygon,TRIAL,2,2,0,0,0,210.0,152.0
2025-10,20 Broad Street,Financial District Polygon,WARM_LEAD,0,0,0,0,9,,
2025-10,300 Somerset,Harrison Polygon,CHURN,1,0,1,0,5,27.0,39.0
2025-10,300 Somerset,Harrison Polygon,LEAD,1,1,0,0,0,102.0,95.0
2025-10,300 Somerset,Harrison Polygon,ON_DEMAND_SUBSCRIPTION,3,2,1,0,1,308.0,146.0
2025-10,300 Somerset,Harrison Polygon,RECURRING_SUBSCRIPTION,4,2,2,0,0,188.0,32.0
2025-10,330 Angelo Cifelli,Harrison Polygon,CHURN,7,7,0,0,8,533.0,106.0
2025-10,330 Angelo Cifelli,Harrison Polygon,ON_DEMAND_SUBSCRIPTION,2,0,2,0,5,42.0,37.0
2025-10,330 Angelo Cifelli,Harrison Polygon,RECURRING_SUBSCRIPTION,18,8,10,0,3,897.0,81.0
2025-10,330 Angelo Cifelli,Harrison Polygon,TRIAL,0,0,0,0,4,,
2025-10,330W-56th,Hell's Kitchen Polygon,CHURN,0,0,0,0,1,,
2025-10,330W-56th,Hell's Kitchen Polygon,RECURRING_SUBSCRIPTION,12,4,8,0,1,706.0,83.0
2025-10,345 Baldwin Avenue,Floating Jersey,CHURN,5,0,5,0,0,465.0,66.0
2025-10,345 Baldwin Avenue,Floating Jersey,ON_DEMAND_SUBSCRIPTION,4,2,2,0,0,241.0,47.0
2025-10,345 Baldwin Avenue,Floating Jersey,RECURRING_SUBSCRIPTION,4,1,3,0,1,301.0,89.0
2025-10,345 Baldwin Avenue,Floating Jersey,WARM_LEAD,2,0,2,0,1,189.0,94.0
2025-10,416 Kent Avenue,Williamsburg Polygon,CHURN,8,7,1,0,3,994.0,107.0
2025-10,416 Kent Avenue,Williamsburg Polygon,FROZEN,9,9,0,0,0,710.0,70.0
2025-10,416 Kent Avenue,Williamsburg Polygon,LEAD,1,1,0,0,0,10.0,
2025-10,416 Kent Avenue,Williamsburg Polygon,RECURRING_SUBSCRIPTION,6,4,2,0,1,676.0,128.0
2025-10,416 Kent Avenue,Williamsburg Polygon,TRIAL,5,4,1,0,4,488.0,65.0
2025-10,420 Kent Avenue,Williamsburg Polygon,CHURN,18,12,6,0,8,1697.0,118.0
2025-10,420 Kent Avenue,Williamsburg Polygon,LEAD,1,1,0,0,0,67.0,115.0
2025-10,420 Kent Avenue,Williamsburg Polygon,ON_DEMAND_SUBSCRIPTION,2,2,0,0,5,203.0,110.0
2025-10,420 Kent Avenue,Williamsburg Polygon,RECURRING_SUBSCRIPTION,18,11,7,0,1,1358.0,83.0
2025-10,420 Kent Avenue,Williamsburg Polygon,TRIAL,11,6,5,0,20,1192.0,108.0
2025-10,420 Kent Avenue,Williamsburg Polygon,WARM_LEAD,0,0,0,0,3,,
2025-10,535 W 43rd Street,Hell's Kitchen Polygon,CHURN,3,2,1,0,0,330.0,165.0
2025-10,535 W 43rd Street,Hell's Kitchen Polygon,TRIAL,2,2,0,0,4,220.0,103.0
2025-10,655 Union,Boerum Hill Polygon,CHURN,3,0,3,0,7,204.0,54.0
2025-10,655 Union,Boerum Hill Polygon,ON_DEMAND_SUBSCRIPTION,2,1,1,0,3,336.0,149.0
2025-10,655 Union,Boerum Hill Polygon,RECURRING_SUBSCRIPTION,5,5,0,0,7,587.0,113.0
2025-10,655 Union,Boerum Hill Polygon,TRIAL,0,0,0,0,3,,
2025-10,66 Rockwell Place,Brooklyn Heights Polygon,CHURN,5,2,3,0,4,410.0,44.0
2025-10,66 Rockwell Place,Brooklyn Heights Polygon,RECURRING_SUBSCRIPTION,13,5,8,0,7,1080.0,52.0
2025-10,66 Rockwell Place,Brooklyn Heights Polygon,TRIAL,2,2,0,0,3,210.0,29.0
2025-10,Agnes,Floating Jersey,CHURN,1,1,0,0,2,110.0,
2025-10,Agnes,Floating Jersey,RECURRING_SUBSCRIPTION,7,1,6,0,3,346.0,83.0
2025-10,Agnes,Floating Jersey,TRIAL,1,1,0,0,0,130.0,128.0
2025-10,Agnes,Floating Jersey,WARM_LEAD,0,0,0,0,2,,
2025-10,Alta,Floating NY 1,CHURN,6,4,2,0,5,580.0,59.0
2025-10,Alta,Floating NY 1,ON_DEMAND_SUBSCRIPTION,7,1,6,0,4,338.0,40.0
2025-10,Alta,Floating NY 1,RECURRING_SUBSCRIPTION,10,3,7,0,2,782.0,66.0
2025-10,Alta,Floating NY 1,WARM_LEAD,1,0,1,0,0,141.0,83.0
2025-10,Azrieli TLV,Unknown,CHURN,36,35,1,0,32,2800.27,94.0
2025-10,Azrieli TLV,Unknown,FROZEN,3,3,0,0,0,301.64,100.0
2025-10,Azrieli TLV,Unknown,ON_DEMAND_SUBSCRIPTION,2,2,0,0,1,168.22,132.0
2025-10,Azrieli TLV,Unknown,RECURRING_SUBSCRIPTION,42,37,5,0,30,3230.96,98.0
2025-10,Azrieli TLV,Unknown,TRIAL,6,5,1,0,4,578.36,137.0
2025-10,Brooklyn Crossing,Boerum Hill Polygon,CHURN,11,4,7,0,2,1227.0,108.0
2025-10,Brooklyn Crossing,Boerum Hill Polygon,ON_DEMAND_SUBSCRIPTION,4,1,3,0,2,371.0,108.0
2025-10,Brooklyn Crossing,Boerum Hill Polygon,RECURRING_SUBSCRIPTION,23,2,21,0,9,1798.0,57.0
2025-10,Brooklyn Crossing,Boerum Hill Polygon,TRIAL,7,3,4,0,3,849.0,135.0
2025-10,Brooklyn Crossing,Boerum Hill Polygon,WARM_LEAD,0,0,0,0,4,,
2025-10,Flamingo Point Center Tower,Miami Beach Polygon,CHURN,8,6,2,0,7,1263.0,60.0
2025-10,Flamingo Point Center Tower,Miami Beach Polygon,ON_DEMAND_SUBSCRIPTION,6,2,4,0,3,684.0,82.0
2025-10,Flamingo Point Center Tower,Miami Beach Polygon,RECURRING_SUBSCRIPTION,14,6,8,0,9,2399.0,126.0
2025-10,Flamingo Point Center Tower,Miami Beach Polygon,TRIAL,1,1,0,0,3,171.0,60.0
2025-10,Flamingo Point Center Tower,Miami Beach Polygon,WARM_LEAD,0,0,0,0,2,,
2025-10,Flamingo Point North Tower,Miami Beach Polygon,CHURN,14,9,5,0,11,2002.5,130.0
2025-10,Flamingo Point North Tower,Miami Beach Polygon,ON_DEMAND_SUBSCRIPTION,2,2,0,0,1,222.0,78.0
2025-10,Flamingo Point North Tower,Miami Beach Polygon,RECURRING_SUBSCRIPTION,15,9,6,0,11,1579.0,66.0
2025-10,Flamingo Point North Tower,Miami Beach Polygon,TRIAL,3,1,2,0,5,324.0,93.0
2025-10,Flamingo South Beach,Miami Beach Polygon,CHURN,9,3,6,0,6,977.0,85.0
2025-10,Flamingo South Beach,Miami Beach Polygon,FROZEN,4,3,1,0,1,457.0,40.0
2025-10,Flamingo South Beach,Miami Beach Polygon,ON_DEMAND_SUBSCRIPTION,1,1,0,0,0,113.0,60.0
2025-10,Flamingo South Beach,Miami Beach Polygon,RECURRING_SUBSCRIPTION,3,0,3,0,1,253.0,119.0
2025-10,Flamingo South Beach,Miami Beach Polygon,TRIAL,2,0,2,0,0,266.0,113.0
2025-10,Flamingo South Beach,Miami Beach Polygon,WARM_LEAD,0,0,0,0,4,,
2025-10,Gindi 1,Unknown,CHURN,35,33,2,0,36,1935.89,62.0
2025-10,Gindi 1,Unknown,ON_DEMAND_SUBSCRIPTION,0,0,0,0,14,,
2025-10,Gindi 1,Unknown,RECURRING_SUBSCRIPTION,28,23,5,0,9,2465.21,102.0
2025-10,Gindi 1,Unknown,TRIAL,1,1,0,0,3,111.78,
2025-10,Gindi 2,Unknown,CHURN,17,17,0,0,12,1105.75,61.0
2025-10,Gindi 2,Unknown,ON_DEMAND_SUBSCRIPTION,2,2,0,0,3,62.19,62.0
2025-10,Gindi 2,Unknown,RECURRING_SUBSCRIPTION,9,6,3,0,2,926.3,78.0
2025-10,Gindi 2,Unknown,TRIAL,3,2,1,0,0,344.11,171.0
2025-10,Gindi 3,Unknown,CHURN,29,27,2,0,28,2621.45,117.0
2025-10,Gindi 3,Unknown,FROZEN,6,5,1,0,1,446.03,52.0
2025-10,Gindi 3,Unknown,LEAD,2,2,0,0,2,294.79,23.0
2025-10,Gindi 3,Unknown,ON_DEMAND_SUBSCRIPTION,5,5,0,0,14,347.4,103.0
2025-10,Gindi 3,Unknown,RECURRING_SUBSCRIPTION,20,19,1,0,16,2101.37,113.0
2025-10,Gindi 4,Unknown,CHURN,11,4,7,0,3,391.78,63.0
2025-10,Gindi 4,Unknown,FROZEN,1,1,0,0,0,75.34,40.0
2025-10,Gindi 4,Unknown,ON_DEMAND_SUBSCRIPTION,11,10,1,0,4,983.29,131.0
2025-10,Grove Central Residences,Floating Miami,CHURN,11,5,6,0,4,1740.0,105.0
2025-10,Grove Central Residences,Floating Miami,ON_DEMAND_SUBSCRIPTION,3,1,2,0,1,157.0,60.0
2025-10,Grove Central Residences,Floating Miami,RECURRING_SUBSCRIPTION,2,2,0,0,1,381.0,321.0
2025-10,Grove Central Residences,Floating Miami,TRIAL,2,2,0,0,2,73.0,53.0
2025-10,Grove Central Residences,Floating Miami,WARM_LEAD,0,0,0,0,8,,
2025-10,HaHehad,Unknown,CHURN,6,4,2,0,11,441.92,117.0
2025-10,HaHehad,Unknown,LEAD,0,0,0,0,4,,
2025-10,HaHehad,Unknown,RECURRING_SUBSCRIPTION,6,5,1,0,0,494.52,93.0
2025-10,HaHehad,Unknown,TRIAL,2,2,0,0,4,122.47,79.0
2025-10,John Street 116,Financial District Polygon,CHURN,2,1,1,0,14,171.0,108.0
2025-10,John Street 116,Financial District Polygon,ON_DEMAND_SUBSCRIPTION,7,4,3,0,1,440.0,83.0
2025-10,John Street 116,Financial District Polygon,RECURRING_SUBSCRIPTION,10,9,1,0,0,886.0,115.0
2025-10,John Street 116,Financial District Polygon,WARM_LEAD,0,0,0,0,3,,
2025-10,Midtown 5,Floating Miami,CHURN,5,3,2,0,1,661.0,92.0
2025-10,Midtown 5,Floating Miami,ON_DEMAND_SUBSCRIPTION,7,2,5,0,7,930.0,120.0
2025-10,Midtown 5,Floating Miami,RECURRING_SUBSCRIPTION,5,2,3,0,0,656.0,39.0
2025-10,Midtown 5,Floating Miami,TRIAL,5,3,2,0,6,674.0,109.0
2025-10,Midtown 5,Floating Miami,WARM_LEAD,4,1,3,0,25,286.0,66.0
2025-10,Nine 52,Hell's Kitchen Polygon,CHURN,0,0,0,0,1,,
2025-10,Nine 52,Hell's Kitchen Polygon,RECURRING_SUBSCRIPTION,8,7,1,0,0,854.0,97.0
2025-10,Nine 52,Hell's Kitchen Polygon,TRIAL,0,0,0,0,1,,
2025-10,Oliver on the Hudson,Floating Jersey,CHURN,12,10,2,0,2,775.0,50.0
2025-10,Oliver on the Hudson,Floating Jersey,RECURRING_SUBSCRIPTION,3,1,2,0,1,237.0,35.0
2025-10,Oliver on the Hudson,Floating Jersey,TRIAL,2,1,1,0,1,220.0,62.0
2025-10,One Ten,Hoboken Polygon,CHURN,5,3,2,0,1,476.0,67.0
2025-10,One Ten,Hoboken Polygon,ON_DEMAND_SUBSCRIPTION,2,2,0,0,2,112.0,57.0
2025-10,One Ten,Hoboken Polygon,RECURRING_SUBSCRIPTION,11,11,0,0,1,952.0,85.0
2025-10,Plank Road,Boerum Hill Polygon,CHURN,3,1,2,0,1,274.0,104.0
2025-10,Plank Road,Boerum Hill Polygon,RECURRING_SUBSCRIPTION,3,2,1,0,0,415.0,80.0
2025-10,Plank Road,Boerum Hill Polygon,TRIAL,3,1,2,0,1,285.0,132.0
2025-10,Plank Road,Boerum Hill Polygon,WARM_LEAD,0,0,0,0,2,,
2025-10,River Place,Hell's Kitchen Polygon,CHURN,14,13,1,0,7,1107.0,79.0
2025-10,River Place,Hell's Kitchen Polygon,FREEMIUM,1,1,0,0,0,52.0,31.0
2025-10,River Place,Hell's Kitchen Polygon,ON_DEMAND_SUBSCRIPTION,29,18,11,0,7,1287.0,55.0
2025-10,River Place,Hell's Kitchen Polygon,RECURRING_SUBSCRIPTION,49,38,11,0,20,3791.0,83.0
2025-10,River Place,Hell's Kitchen Polygon,TRIAL,0,0,0,0,3,,
2025-10,Silver Towers,Hell's Kitchen Polygon,CHURN,40,28,12,0,21,2961.4,77.0
2025-10,Silver Towers,Hell's Kitchen Polygon,FREEMIUM,4,3,1,0,1,260.0,73.0
2025-10,Silver Towers,Hell's Kitchen Polygon,FROZEN,1,1,0,0,0,101.0,120.0
2025-10,Silver Towers,Hell's Kitchen Polygon,LEAD,0,0,0,0,1,,
2025-10,Silver Towers,Hell's Kitchen Polygon,ON_DEMAND_SUBSCRIPTION,53,21,32,0,10,2081.0,48.0
2025-10,Silver Towers,Hell's Kitchen Polygon,RECURRING_SUBSCRIPTION,109,83,26,0,55,9149.0,88.0
2025-10,Silver Towers,Hell's Kitchen Polygon,TRIAL,2,1,1,0,0,216.0,52.0
2025-10,Silver Towers,Hell's Kitchen Polygon,WARM_LEAD,0,0,0,0,2,,
2025-10,Stonehill,Chatham / West Orange Polygon,CHURN,3,3,0,0,16,409.0,72.0
2025-10,Stonehill,Chatham / West Orange Polygon,ON_DEMAND_SUBSCRIPTION,6,5,1,0,3,421.0,44.0
2025-10,Stonehill,Chatham / West Orange Polygon,RECURRING_SUBSCRIPTION,12,2,10,0,2,870.0,56.0
2025-10,Stonehill,Chatham / West Orange Polygon,TRIAL,0,0,0,0,3,,
2025-10,Stonehill,Chatham / West Orange Polygon,WARM_LEAD,0,0,0,0,1,,
2025-10,The Bergen,Boerum Hill Polygon,CHURN,3,2,1,0,0,333.0,58.0
2025-10,The Bergen,Boerum Hill Polygon,TRIAL,1,0,1,0,0,101.0,86.0
2025-10,The Boulevard,Floating Miami,CHURN,5,4,1,0,4,623.0,90.0
2025-10,The Boulevard,Floating Miami,FROZEN,0,0,0,0,1,,
2025-10,The Boulevard,Floating Miami,ON_DEMAND_SUBSCRIPTION,2,0,2,0,1,94.0,59.0
2025-10,The Boulevard,Floating Miami,RECURRING_SUBSCRIPTION,6,2,4,0,3,657.0,104.0
2025-10,The Boulevard,Floating Miami,TRIAL,2,0,2,0,1,336.0,107.0
2025-10,The Boulevard,Floating Miami,WARM_LEAD,0,0,0,0,3,,
2025-10,The Buchanan,Floating NY 1,CHURN,2,0,2,0,2,186.0,66.0
2025-10,The Buchanan,Floating NY 1,ON_DEMAND_SUBSCRIPTION,1,0,1,0,0,25.0,18.0
2025-10,The Buchanan,Floating NY 1,RECURRING_SUBSCRIPTION,18,9,9,0,0,1432.0,59.0
2025-10,The Buchanan,Floating NY 1,TRIAL,3,3,0,0,4,215.0,52.0
2025-10,The Buchanan,Floating NY 1,WARM_LEAD,0,0,0,0,5,,
2025-10,The Devan,Hoboken Polygon,CHURN,8,3,5,0,7,910.0,109.0
2025-10,The Devan,Hoboken Polygon,FROZEN,2,1,1,0,0,183.0,103.0
2025-10,The Devan,Hoboken Polygon,RECURRING_SUBSCRIPTION,14,4,10,0,5,1815.0,137.0
2025-10,The Devan,Hoboken Polygon,TRIAL,0,0,0,0,2,,
2025-10,The Dime,Williamsburg Polygon,CHURN,2,2,0,0,7,330.0,149.0
2025-10,The Dime,Williamsburg Polygon,ON_DEMAND_SUBSCRIPTION,0,0,0,0,3,,
2025-10,The Dime,Williamsburg Polygon,RECURRING_SUBSCRIPTION,5,5,0,0,0,516.0,71.0
2025-10,The Dime,Williamsburg Polygon,WARM_LEAD,0,0,0,0,1,,
2025-10,The Eddy,Harrison Polygon,CHURN,2,0,2,0,2,56.0,57.0
2025-10,The Eddy,Harrison Polygon,FREEMIUM,1,0,1,0,1,18.0,53.0
2025-10,The Eddy,Harrison Polygon,RECURRING_SUBSCRIPTION,9,3,6,0,1,717.0,95.0
2025-10,The Eddy,Harrison Polygon,TRIAL,1,1,0,0,0,127.0,284.0
2025-10,The Enclave,Hoboken Polygon,CHURN,3,3,0,0,2,364.0,138.0
2025-10,The Enclave,Hoboken Polygon,RECURRING_SUBSCRIPTION,10,4,6,0,5,965.0,103.0
2025-10,The Enclave,Hoboken Polygon,TRIAL,1,0,1,0,2,104.0,128.0
2025-10,The Ivy,Chatham / West Orange Polygon,CHURN,13,8,5,0,1,1663.0,66.0
2025-10,The Ivy,Chatham / West Orange Polygon,ON_DEMAND_SUBSCRIPTION,3,1,2,0,1,463.5,99.0
2025-10,The Ivy,Chatham / West Orange Polygon,RECURRING_SUBSCRIPTION,19,15,4,0,1,2622.0,66.0
2025-10,The Ivy,Chatham / West Orange Polygon,WARM_LEAD,0,0,0,0,1,,
2025-10,The Kestrel,Floating NY 2,CHURN,1,0,1,0,0,113.0,96.0
2025-10,The Kestrel,Floating NY 2,RECURRING_SUBSCRIPTION,2,0,2,0,1,113.0,67.0
2025-10,The Kestrel,Floating NY 2,WARM_LEAD,0,0,0,0,6,,
2025-10,The Landon,Hell's Kitchen Polygon,CHURN,5,2,3,0,0,724.0,142.0
2025-10,The Landon,Hell's Kitchen Polygon,RECURRING_SUBSCRIPTION,2,0,2,0,1,226.0,115.0
2025-10,The Landon,Hell's Kitchen Polygon,TRIAL,0,0,0,0,1,,
2025-10,The Vitagraph,Floating NY 2,TRIAL,3,1,2,0,1,434.0,83.0
2025-10,The Vitagraph,Floating NY 2,WARM_LEAD,0,0,0,0,5,,
2025-10,Union Channel ,Boerum Hill Polygon,CHURN,1,1,0,0,1,48.0,
2025-10,Union Channel ,Boerum Hill Polygon,TRIAL,1,0,1,0,2,129.0,
2025-10,Woodside Central,Floating NY 1,CHURN,1,0,1,0,2,111.0,
2025-10,Woodside Central,Floating NY 1,FROZEN,1,1,0,0,0,28.0,38.0
2025-10,Woodside Central,Floating NY 1,ON_DEMAND_SUBSCRIPTION,5,5,0,0,0,173.0,44.0
2025-10,Woodside Central,Floating NY 1,RECURRING_SUBSCRIPTION,11,1,10,0,2,491.0,66.0
2025-10,Woodside Central,Floating NY 1,WARM_LEAD,0,0,0,0,6,,
2025-11,100 House,Hoboken Polygon,CHURN,1,1,0,0,3,78.0,
2025-11,100 House,Hoboken Polygon,ON_DEMAND_SUBSCRIPTION,0,0,0,0,3,,
2025-11,100 House,Hoboken Polygon,RECURRING_SUBSCRIPTION,8,3,5,0,3,1122.0,69.0
2025-11,1 Boerum PL,Floating NY 2,CHURN,2,2,0,0,0,114.0,78.0
2025-11,1 Boerum PL,Floating NY 2,RECURRING_SUBSCRIPTION,10,8,2,0,2,875.0,106.0
2025-11,20 Broad Street,Financial District Polygon,CHURN,16,9,7,0,6,1495.0,94.0
2025-11,20 Broad Street,Financial District Polygon,LEAD,0,0,0,0,1,,
2025-11,20 Broad Street,Financial District Polygon,ON_DEMAND_SUBSCRIPTION,7,1,6,0,2,707.0,139.0
2025-11,20 Broad Street,Financial District Polygon,RECURRING_SUBSCRIPTION,21,9,12,0,11,1633.0,71.0
2025-11,20 Broad Street,Financial District Polygon,TRIAL,3,2,1,0,1,231.0,118.0
2025-11,20 Broad Street,Financial District Polygon,WARM_LEAD,1,0,1,0,7,28.0,95.0
2025-11,220 East 72nd Street,Floating NY 2,WARM_LEAD,0,0,0,0,1,,
2025-11,250 E Houston,Floating NY 2,CHURN,1,0,1,0,0,113.0,111.0
2025-11,250 E Houston,Floating NY 2,RECURRING_SUBSCRIPTION,2,1,1,0,2,362.0,100.0
2025-11,300 Somerset,Harrison Polygon,CHURN,0,0,0,0,3,,
2025-11,300 Somerset,Harrison Polygon,ON_DEMAND_SUBSCRIPTION,9,6,3,0,1,226.0,48.0
2025-11,300 Somerset,Harrison Polygon,RECURRING_SUBSCRIPTION,3,2,1,0,1,161.0,25.0
2025-11,330 Angelo Cifelli,Harrison Polygon,CHURN,5,4,1,0,4,368.0,113.0
2025-11,330 Angelo Cifelli,Harrison Polygon,ON_DEMAND_SUBSCRIPTION,1,0,1,0,5,63.0,88.0
2025-11,330 Angelo Cifelli,Harrison Polygon,RECURRING_SUBSCRIPTION,14,8,6,0,1,731.0,75.0
2025-11,330 Angelo Cifelli,Harrison Polygon,WARM_LEAD,0,0,0,0,1,,
2025-11,330W-56th,Hell's Kitchen Polygon,CHURN,3,1,2,0,0,144.0,58.0
2025-11,330W-56th,Hell's Kitchen Polygon,RECURRING_SUBSCRIPTION,7,4,3,0,4,469.0,82.0
2025-11,345 Baldwin Avenue,Floating Jersey,CHURN,2,0,2,0,1,226.0,57.0
2025-11,345 Baldwin Avenue,Floating Jersey,ON_DEMAND_SUBSCRIPTION,0,0,0,0,2,,
2025-11,345 Baldwin Avenue,Floating Jersey,RECURRING_SUBSCRIPTION,5,2,3,0,0,409.0,74.0
2025-11,345 Baldwin Avenue,Floating Jersey,WARM_LEAD,0,0,0,0,6,,
2025-11,416 Kent Avenue,Williamsburg Polygon,CHURN,8,7,1,0,2,1162.0,138.0
2025-11,416 Kent Avenue,Williamsburg Polygon,FROZEN,8,8,0,0,0,656.0,80.0
2025-11,416 Kent Avenue,Williamsburg Polygon,RECURRING_SUBSCRIPTION,6,4,2,0,2,703.0,125.0
2025-11,416 Kent Avenue,Williamsburg Polygon,TRIAL,3,1,2,0,7,442.0,96.0
2025-11,420 Kent Avenue,Williamsburg Polygon,CHURN,16,11,5,0,7,1271.0,102.0
2025-11,420 Kent Avenue,Williamsburg Polygon,ON_DEMAND_SUBSCRIPTION,5,4,1,0,4,286.0,68.0
2025-11,420 Kent Avenue,Williamsburg Polygon,RECURRING_SUBSCRIPTION,16,11,5,0,5,1229.0,83.0
2025-11,420 Kent Avenue,Williamsburg Polygon,TRIAL,6,2,4,0,25,559.0,126.0
2025-11,420 Kent Avenue,Williamsburg Polygon,WARM_LEAD,0,0,0,0,2,,
2025-11,535 W 43rd Street,Hell's Kitchen Polygon,CHURN,2,0,2,0,1,110.0,128.0
2025-11,535 W 43rd Street,Hell's Kitchen Polygon,LEAD,1,0,1,0,0,122.0,132.0
2025-11,535 W 43rd Street,Hell's Kitchen Polygon,RECURRING_SUBSCRIPTION,2,2,0,0,0,342.0,89.0
2025-11,535 W 43rd Street,Hell's Kitchen Polygon,TRIAL,1,1,0,0,5,151.0,160.0
2025-11,655 Union,Boerum Hill Polygon,CHURN,4,2,2,0,4,350.0,82.0
2025-11,655 Union,Boerum Hill Polygon,ON_DEMAND_SUBSCRIPTION,1,1,0,0,1,87.0,131.0
2025-11,655 Union,Boerum Hill Polygon,RECURRING_SUBSCRIPTION,7,6,1,0,3,753.0,117.0
2025-11,655 Union,Boerum Hill Polygon,TRIAL,0,0,0,0,2,,
2025-11,66 Rockwell Place,Brooklyn Heights Polygon,CHURN,5,4,1,0,4,413.0,64.0
2025-11,66 Rockwell Place,Brooklyn Heights Polygon,RECURRING_SUBSCRIPTION,13,6,7,0,5,1052.0,46.0
2025-11,66 Rockwell Place,Brooklyn Heights Polygon,TRIAL,1,0,1,0,4,28.0,
2025-11,Agnes,Floating Jersey,CHURN,0,0,0,0,3,,
2025-11,Agnes,Floating Jersey,ON_DEMAND_SUBSCRIPTION,2,0,2,0,0,82.0,64.0
2025-11,Agnes,Floating Jersey,RECURRING_SUBSCRIPTION,10,5,5,0,0,414.0,62.0
2025-11,Agnes,Floating Jersey,TRIAL,1,0,1,0,3,26.0,65.0
2025-11,Agnes,Floating Jersey,WARM_LEAD,0,0,0,0,1,,
2025-11,Alta,Floating NY 1,CHURN,4,1,3,0,6,473.0,94.0
2025-11,Alta,Floating NY 1,ON_DEMAND_SUBSCRIPTION,3,1,2,0,6,158.0,39.0
2025-11,Alta,Floating NY 1,RECURRING_SUBSCRIPTION,17,7,10,0,2,1368.0,64.0
2025-11,Alta,Floating NY 1,TRIAL,1,1,0,0,1,48.0,48.0
2025-11,Alta,Floating NY 1,WARM_LEAD,0,0,0,0,1,,
2025-11,Azrieli TLV,Unknown,CHURN,37,35,2,0,8,2890.41,89.0
2025-11,Azrieli TLV,Unknown,FROZEN,1,1,0,0,2,107.67,140.0
2025-11,Azrieli TLV,Unknown,ON_DEMAND_SUBSCRIPTION,4,4,0,0,1,210.41,125.0
2025-11,Azrieli TLV,Unknown,RECURRING_SUBSCRIPTION,51,45,6,0,24,3999.18,88.0
2025-11,Azrieli TLV,Unknown,TRIAL,4,4,0,0,6,372.33,135.0
2025-11,Brooklyn Crossing,Boerum Hill Polygon,CHURN,16,6,10,0,7,1511.0,85.0
2025-11,Brooklyn Crossing,Boerum Hill Polygon,ON_DEMAND_SUBSCRIPTION,6,3,3,0,2,439.0,80.0
2025-11,Brooklyn Crossing,Boerum Hill Polygon,RECURRING_SUBSCRIPTION,35,6,29,0,19,2926.0,84.0
2025-11,Brooklyn Crossing,Boerum Hill Polygon,TRIAL,3,0,3,0,9,397.0,133.0
2025-11,Brooklyn Crossing,Boerum Hill Polygon,WARM_LEAD,1,0,1,0,4,48.0,108.0
2025-11,Flamingo Point Center Tower,Miami Beach Polygon,CHURN,12,11,1,0,11,1767.0,76.0
2025-11,Flamingo Point Center Tower,Miami Beach Polygon,ON_DEMAND_SUBSCRIPTION,6,3,3,0,4,802.0,91.0
2025-11,Flamingo Point Center Tower,Miami Beach Polygon,RECURRING_SUBSCRIPTION,23,16,7,0,13,3013.85,92.0
2025-11,Flamingo Point Center Tower,Miami Beach Polygon,TRIAL,1,1,0,0,7,40.0,45.0
2025-11,Flamingo Point Center Tower,Miami Beach Polygon,WARM_LEAD,1,1,0,0,5,104.0,30.0
2025-11,Flamingo Point North Tower,Miami Beach Polygon,CHURN,15,12,3,0,18,2511.5,79.0
2025-11,Flamingo Point North Tower,Miami Beach Polygon,FROZEN,1,0,1,0,0,230.0,
2025-11,Flamingo Point North Tower,Miami Beach Polygon,ON_DEMAND_SUBSCRIPTION,3,2,1,0,4,434.0,3.0
2025-11,Flamingo Point North Tower,Miami Beach Polygon,RECURRING_SUBSCRIPTION,15,8,7,0,15,1490.0,64.0
2025-11,Flamingo Point North Tower,Miami Beach Polygon,TRIAL,3,2,1,0,8,318.0,
2025-11,Flamingo Point North Tower,Miami Beach Polygon,WARM_LEAD,0,0,0,0,1,,
2025-11,Flamingo South Beach,Miami Beach Polygon,CHURN,12,6,6,0,4,937.0,30.0
2025-11,Flamingo South Beach,Miami Beach Polygon,FROZEN,4,4,0,0,0,464.0,56.0
2025-11,Flamingo South Beach,Miami Beach Polygon,ON_DEMAND_SUBSCRIPTION,1,0,1,0,1,53.0,90.0
2025-11,Flamingo South Beach,Miami Beach Polygon,RECURRING_SUBSCRIPTION,6,0,6,0,3,523.0,89.0
2025-11,Flamingo South Beach,Miami Beach Polygon,TRIAL,1,0,1,0,1,171.0,
2025-11,Flamingo South Beach,Miami Beach Polygon,WARM_LEAD,0,0,0,0,4,,
2025-11,Gindi 1,Unknown,CHURN,53,47,6,0,14,3067.4,90.0
2025-11,Gindi 1,Unknown,ON_DEMAND_SUBSCRIPTION,20,15,5,0,8,387.67,44.0
2025-11,Gindi 1,Unknown,RECURRING_SUBSCRIPTION,26,24,2,0,8,2314.79,109.0
2025-11,Gindi 2,Unknown,CHURN,26,25,1,0,26,1713.42,93.0
2025-11,Gindi 2,Unknown,ON_DEMAND_SUBSCRIPTION,5,5,0,0,1,534.25,173.0
2025-11,Gindi 2,Unknown,RECURRING_SUBSCRIPTION,11,9,2,0,3,1020.0,101.0
2025-11,Gindi 3,Unknown,CHURN,35,33,2,0,13,3149.67,124.0
2025-11,Gindi 3,Unknown,FROZEN,9,6,3,0,1,759.45,96.0
2025-11,Gindi 3,Unknown,ON_DEMAND_SUBSCRIPTION,5,4,1,0,8,375.62,132.0
2025-11,Gindi 3,Unknown,RECURRING_SUBSCRIPTION,29,25,4,0,7,3264.11,109.0
2025-11,Gindi 4,Unknown,CHURN,14,14,0,0,1,482.19,57.0
2025-11,Gindi 4,Unknown,FROZEN,2,2,0,0,4,150.68,15.0
2025-11,Gindi 4,Unknown,LEAD,0,0,0,0,1,,
2025-11,Gindi 4,Unknown,ON_DEMAND_SUBSCRIPTION,12,9,3,0,8,939.73,132.0
2025-11,Gindi 4,Unknown,RECURRING_SUBSCRIPTION,5,4,1,0,3,246.58,87.0
2025-11,Gindi 4,Unknown,WARM_LEAD,0,0,0,0,1,,
2025-11,Grove Central Residences,Floating Miami,CHURN,5,2,3,0,8,1031.0,85.0
2025-11,Grove Central Residences,Floating Miami,ON_DEMAND_SUBSCRIPTION,1,0,1,0,2,113.0,
2025-11,Grove Central Residences,Floating Miami,RECURRING_SUBSCRIPTION,3,3,0,0,1,552.0,
2025-11,Grove Central Residences,Floating Miami,TRIAL,1,1,0,0,2,51.0,45.0
2025-11,Grove Central Residences,Floating Miami,WARM_LEAD,0,0,0,0,5,,
2025-11,HaHehad,Unknown,CHURN,8,8,0,0,16,600.55,104.0
2025-11,HaHehad,Unknown,ON_DEMAND_SUBSCRIPTION,1,0,1,0,3,51.51,77.0
2025-11,HaHehad,Unknown,RECURRING_SUBSCRIPTION,7,5,2,0,4,560.27,84.0
2025-11,HaHehad,Unknown,TRIAL,3,2,1,0,2,129.04,87.0
2025-11,John Street 116,Financial District Polygon,CHURN,3,1,2,0,9,275.0,134.0
2025-11,John Street 116,Financial District Polygon,ON_DEMAND_SUBSCRIPTION,5,4,1,0,1,348.0,97.0
2025-11,John Street 116,Financial District Polygon,RECURRING_SUBSCRIPTION,10,8,2,0,0,797.0,113.0
2025-11,John Street 116,Financial District Polygon,WARM_LEAD,0,0,0,0,1,,
2025-11,Midtown 5,Floating Miami,CHURN,6,1,5,0,2,871.0,45.0
2025-11,Midtown 5,Floating Miami,LEAD,2,0,2,0,0,70.0,76.0
2025-11,Midtown 5,Floating Miami,ON_DEMAND_SUBSCRIPTION,6,2,4,0,7,517.0,63.0
2025-11,Midtown 5,Floating Miami,RECURRING_SUBSCRIPTION,5,3,2,0,0,639.0,72.0
2025-11,Midtown 5,Floating Miami,TRIAL,5,2,3,0,7,425.0,88.0
2025-11,Midtown 5,Floating Miami,WARM_LEAD,3,1,2,0,29,427.0,99.0
2025-11,Nine 52,Hell's Kitchen Polygon,LEAD,1,1,0,0,0,28.0,36.0
2025-11,Nine 52,Hell's Kitchen Polygon,RECURRING_SUBSCRIPTION,8,7,1,0,1,858.0,95.0
2025-11,Nine 52,Hell's Kitchen Polygon,TRIAL,0,0,0,0,1,,
2025-11,Oliver on the Hudson,Floating Jersey,CHURN,10,7,3,0,4,642.0,49.0
2025-11,Oliver on the Hudson,Floating Jersey,LEAD,0,0,0,0,2,,
2025-11,Oliver on the Hudson,Floating Jersey,RECURRING_SUBSCRIPTION,2,0,2,0,2,161.0,51.0
2025-11,Oliver on the Hudson,Floating Jersey,TRIAL,0,0,0,0,2,,
2025-11,One Ten,Hoboken Polygon,CHURN,4,3,1,0,3,424.0,60.0
2025-11,One Ten,Hoboken Polygon,ON_DEMAND_SUBSCRIPTION,3,2,1,0,2,151.0,77.0
2025-11,One Ten,Hoboken Polygon,RECURRING_SUBSCRIPTION,8,7,1,0,3,554.0,51.0
2025-11,Plank Road,Boerum Hill Polygon,CHURN,3,1,2,0,1,397.0,101.0
2025-11,Plank Road,Boerum Hill Polygon,RECURRING_SUBSCRIPTION,4,4,0,0,1,528.0,72.0
2025-11,Plank Road,Boerum Hill Polygon,TRIAL,1,1,0,0,5,113.0,121.0
2025-11,Plank Road,Boerum Hill Polygon,WARM_LEAD,0,0,0,0,1,,
2025-11,River Place,Hell's Kitchen Polygon,CHURN,6,5,1,0,10,515.0,111.0
2025-11,River Place,Hell's Kitchen Polygon,ON_DEMAND_SUBSCRIPTION,31,17,14,0,10,1217.0,46.0
2025-11,River Place,Hell's Kitchen Polygon,RECURRING_SUBSCRIPTION,31,19,12,0,18,2193.0,80.0
2025-11,River Place,Hell's Kitchen Polygon,TRIAL,2,2,0,0,4,124.0,77.0
2025-11,Silver Towers,Hell's Kitchen Polygon,CHURN,25,16,9,0,26,2119.0,79.0
2025-11,Silver Towers,Hell's Kitchen Polygon,FREEMIUM,5,5,0,0,1,327.0,73.0
2025-11,Silver Towers,Hell's Kitchen Polygon,FROZEN,3,1,2,0,0,207.0,85.0
2025-11,Silver Towers,Hell's Kitchen Polygon,ON_DEMAND_SUBSCRIPTION,38,21,17,0,8,1221.0,40.0
2025-11,Silver Towers,Hell's Kitchen Polygon,RECURRING_SUBSCRIPTION,98,67,31,0,37,8671.0,84.0
2025-11,Silver Towers,Hell's Kitchen Polygon,TRIAL,1,1,0,0,1,54.0,84.0
2025-11,Silver Towers,Hell's Kitchen Polygon,WARM_LEAD,1,0,1,0,2,15.0,10.0
2025-11,Stonehill,Chatham / West Orange Polygon,CHURN,2,2,0,0,6,239.0,18.0
2025-11,Stonehill,Chatham / West Orange Polygon,ON_DEMAND_SUBSCRIPTION,3,3,0,0,1,284.0,50.0
2025-11,Stonehill,Chatham / West Orange Polygon,RECURRING_SUBSCRIPTION,10,1,9,0,3,767.0,49.0
2025-11,Stonehill,Chatham / West Orange Polygon,TRIAL,0,0,0,0,2,,
2025-11,Stonehill,Chatham / West Orange Polygon,WARM_LEAD,0,0,0,0,2,,
2025-11,The Addison,Brooklyn Heights Polygon,CHURN,2,1,1,0,0,118.0,94.0
2025-11,The Addison,Brooklyn Heights Polygon,LEAD,0,0,0,0,1,,
2025-11,The Addison,Brooklyn Heights Polygon,RECURRING_SUBSCRIPTION,1,1,0,0,0,13.0,46.0
2025-11,The Addison,Brooklyn Heights Polygon,TRIAL,1,0,1,0,2,48.0,
2025-11,The Addison,Brooklyn Heights Polygon,WARM_LEAD,0,0,0,0,8,,
2025-11,The Bergen,Boerum Hill Polygon,CHURN,2,0,2,0,0,226.0,134.0
2025-11,The Bergen,Boerum Hill Polygon,TRIAL,1,0,1,0,0,101.0,60.0
2025-11,The Boulevard,Floating Miami,CHURN,3,2,1,0,5,396.0,89.0
2025-11,The Boulevard,Floating Miami,FROZEN,0,0,0,0,1,,
2025-11,The Boulevard,Floating Miami,ON_DEMAND_SUBSCRIPTION,5,3,2,0,2,320.0,52.0
2025-11,The Boulevard,Floating Miami,RECURRING_SUBSCRIPTION,5,3,2,0,5,461.0,84.0
2025-11,The Boulevard,Floating Miami,TRIAL,0,0,0,0,2,,
2025-11,The Boulevard,Floating Miami,WARM_LEAD,0,0,0,0,5,,
2025-11,The Buchanan,Floating NY 1,CHURN,3,2,1,0,0,247.0,32.0
2025-11,The Buchanan,Floating NY 1,ON_DEMAND_SUBSCRIPTION,2,1,1,0,0,111.0,64.0
2025-11,The Buchanan,Floating NY 1,RECURRING_SUBSCRIPTION,19,12,7,0,2,1308.0,64.0
2025-11,The Buchanan,Floating NY 1,TRIAL,1,0,1,0,1,79.0,100.0
2025-11,The Buchanan,Floating NY 1,WARM_LEAD,0,0,0,0,4,,
2025-11,The Devan,Hoboken Polygon,CHURN,5,2,3,0,6,522.0,93.0
2025-11,The Devan,Hoboken Polygon,FROZEN,2,1,1,0,0,183.0,137.0
2025-11,The Devan,Hoboken Polygon,ON_DEMAND_SUBSCRIPTION,3,0,3,0,1,405.0,110.0
2025-11,The Devan,Hoboken Polygon,RECURRING_SUBSCRIPTION,14,4,10,0,2,1740.0,103.0
2025-11,The Devan,Hoboken Polygon,TRIAL,1,0,1,0,0,28.0,14.0
2025-11,The Dime,Williamsburg Polygon,CHURN,2,1,1,0,2,330.0,182.0
2025-11,The Dime,Williamsburg Polygon,ON_DEMAND_SUBSCRIPTION,1,0,1,0,3,110.0,181.0
2025-11,The Dime,Williamsburg Polygon,RECURRING_SUBSCRIPTION,3,2,1,0,3,344.0,70.0
2025-11,The Dime,Williamsburg Polygon,WARM_LEAD,0,0,0,0,1,,
2025-11,The Eddy,Harrison Polygon,CHURN,1,0,1,0,4,28.0,23.0
2025-11,The Eddy,Harrison Polygon,FREEMIUM,1,1,0,0,0,108.0,149.0
2025-11,The Eddy,Harrison Polygon,RECURRING_SUBSCRIPTION,7,2,5,0,1,661.0,103.0
2025-11,The Eddy,Harrison Polygon,TRIAL,0,0,0,0,1,,
2025-11,The Eddy,Harrison Polygon,WARM_LEAD,0,0,0,0,1,,
2025-11,The Enclave,Hoboken Polygon,CHURN,1,1,0,0,2,101.0,
2025-11,The Enclave,Hoboken Polygon,RECURRING_SUBSCRIPTION,8,3,5,0,2,623.0,78.0
2025-11,The Enclave,Hoboken Polygon,TRIAL,1,0,1,0,1,104.0,
2025-11,The Enclave,Hoboken Polygon,WARM_LEAD,0,0,0,0,1,,
2025-11,The Ivy,Chatham / West Orange Polygon,CHURN,10,6,4,0,1,1436.0,87.0
2025-11,The Ivy,Chatham / West Orange Polygon,ON_DEMAND_SUBSCRIPTION,2,1,1,0,2,276.0,82.0
2025-11,The Ivy,Chatham / West Orange Polygon,RECURRING_SUBSCRIPTION,13,10,3,0,5,1737.0,81.0
2025-11,The Kestrel,Floating NY 2,CHURN,2,1,1,0,2,198.5,42.0
2025-11,The Kestrel,Floating NY 2,RECURRING_SUBSCRIPTION,3,0,3,0,0,339.0,15.0
2025-11,The Kestrel,Floating NY 2,WARM_LEAD,0,0,0,0,7,,
2025-11,The Landing,Brooklyn Heights Polygon,ON_DEMAND_SUBSCRIPTION,0,0,0,0,1,,
2025-11,The Landing,Brooklyn Heights Polygon,RECURRING_SUBSCRIPTION,0,0,0,0,2,,
2025-11,The Landing,Brooklyn Heights Polygon,WARM_LEAD,0,0,0,0,1,,
2025-11,The Landon,Hell's Kitchen Polygon,CHURN,2,0,2,0,4,226.0,162.0
2025-11,The Landon,Hell's Kitchen Polygon,RECURRING_SUBSCRIPTION,6,3,3,0,2,569.0,107.0
2025-11,The Landon,Hell's Kitchen Polygon,TRIAL,0,0,0,0,7,,
2025-11,The Vitagraph,Floating NY 2,TRIAL,0,0,0,0,3,,
2025-11,The Vitagraph,Floating NY 2,WARM_LEAD,0,0,0,0,5,,
2025-11,Union Channel ,Boerum Hill Polygon,CHURN,0,0,0,0,1,,
2025-11,Union Channel ,Boerum Hill Polygon,TRIAL,0,0,0,0,2,,
2025-11,Woodside Central,Floating NY 1,CHURN,0,0,0,0,1,,
2025-11,Woodside Central,Floating NY 1,ON_DEMAND_SUBSCRIPTION,3,2,1,0,2,257.0,72.0
2025-11,Woodside Central,Floating NY 1,RECURRING_SUBSCRIPTION,9,0,9,0,6,295.0,58.0
2025-11,Woodside Central,Floating NY 1,WARM_LEAD,0,0,0,0,5,,
2025-12,100 House,Hoboken Polygon,CHURN,4,2,2,0,2,428.0,100.0
2025-12,100 House,Hoboken Polygon,ON_DEMAND_SUBSCRIPTION,2,2,0,0,3,115.0,45.0
2025-12,100 House,Hoboken Polygon,RECURRING_SUBSCRIPTION,11,4,7,0,0,1483.0,76.0
2025-12,1 Boerum PL,Floating NY 2,CHURN,4,4,0,0,3,344.0,131.0
2025-12,1 Boerum PL,Floating NY 2,RECURRING_SUBSCRIPTION,10,10,0,0,1,660.0,76.0
2025-12,2000 Biscayne,Edgeater Polygon,CHURN,6,4,2,0,2,583.0,88.0
2025-12,2000 Biscayne,Edgeater Polygon,LEAD,1,0,1,0,2,150.0,116.0
2025-12,2000 Biscayne,Edgeater Polygon,ON_DEMAND_SUBSCRIPTION,4,1,3,0,5,411.0,59.0
2025-12,2000 Biscayne,Edgeater Polygon,RECURRING_SUBSCRIPTION,9,2,7,0,2,1119.0,92.0
2025-12,2000 Biscayne,Edgeater Polygon,TRIAL,7,3,4,0,18,601.0,45.0
2025-12,2000 Biscayne,Edgeater Polygon,WARM_LEAD,0,0,0,0,6,,
2025-12,20 Broad Street,Financial District Polygon,CHURN,15,10,5,0,7,1400.0,115.0
2025-12,20 Broad Street,Financial District Polygon,LEAD,0,0,0,0,1,,
2025-12,20 Broad Street,Financial District Polygon,ON_DEMAND_SUBSCRIPTION,17,11,6,0,6,963.35,73.0
2025-12,20 Broad Street,Financial District Polygon,RECURRING_SUBSCRIPTION,26,12,14,0,17,1940.0,77.0
2025-12,20 Broad Street,Financial District Polygon,TRIAL,2,2,0,0,4,210.0,126.0
2025-12,20 Broad Street,Financial District Polygon,WARM_LEAD,1,0,1,0,6,113.0,129.0
2025-12,220 East 72nd Street,Floating NY 2,WARM_LEAD,0,0,0,0,1,,
2025-12,250 E Houston,Floating NY 2,CHURN,1,0,1,0,0,113.0,130.0
2025-12,250 E Houston,Floating NY 2,RECURRING_SUBSCRIPTION,5,2,3,0,2,660.0,118.0
2025-12,300 Somerset,Harrison Polygon,CHURN,1,0,1,0,1,27.0,45.0
2025-12,300 Somerset,Harrison Polygon,ON_DEMAND_SUBSCRIPTION,4,4,0,0,2,58.0,29.0
2025-12,300 Somerset,Harrison Polygon,RECURRING_SUBSCRIPTION,4,3,1,0,1,108.0,28.0
2025-12,330 Angelo Cifelli,Harrison Polygon,CHURN,4,3,1,0,7,393.0,105.0
2025-12,330 Angelo Cifelli,Harrison Polygon,LEAD,1,1,0,0,0,31.0,79.0
2025-12,330 Angelo Cifelli,Harrison Polygon,ON_DEMAND_SUBSCRIPTION,3,1,2,0,1,121.0,50.0
2025-12,330 Angelo Cifelli,Harrison Polygon,RECURRING_SUBSCRIPTION,14,8,6,0,7,611.0,66.0
2025-12,330 Angelo Cifelli,Harrison Polygon,WARM_LEAD,1,0,1,0,2,28.0,62.0
2025-12,330W-56th,Hell's Kitchen Polygon,CHURN,2,2,0,0,5,142.0,87.0
2025-12,330W-56th,Hell's Kitchen Polygon,RECURRING_SUBSCRIPTION,17,10,7,0,4,1058.0,84.0
2025-12,345 Baldwin Avenue,Floating Jersey,CHURN,2,1,1,0,1,226.0,68.0
2025-12,345 Baldwin Avenue,Floating Jersey,ON_DEMAND_SUBSCRIPTION,1,0,1,0,3,85.0,113.0
2025-12,345 Baldwin Avenue,Floating Jersey,RECURRING_SUBSCRIPTION,2,1,1,0,3,132.0,30.0
2025-12,345 Baldwin Avenue,Floating Jersey,WARM_LEAD,1,0,1,0,4,51.0,56.0
2025-12,416 Kent Avenue,Williamsburg Polygon,CHURN,6,6,0,0,6,1008.0,142.0
2025-12,416 Kent Avenue,Williamsburg Polygon,FROZEN,6,5,1,0,3,492.0,79.0
2025-12,416 Kent Avenue,Williamsburg Polygon,RECURRING_SUBSCRIPTION,8,5,3,0,5,811.5,121.0
2025-12,416 Kent Avenue,Williamsburg Polygon,TRIAL,0,0,0,0,7,,
2025-12,420 Kent Avenue,Williamsburg Polygon,CHURN,12,6,6,0,19,1581.0,98.0
2025-12,420 Kent Avenue,Williamsburg Polygon,LEAD,1,1,0,0,0,101.0,75.0
2025-12,420 Kent Avenue,Williamsburg Polygon,ON_DEMAND_SUBSCRIPTION,2,2,0,0,7,85.0,47.0
2025-12,420 Kent Avenue,Williamsburg Polygon,RECURRING_SUBSCRIPTION,20,11,9,0,11,1208.0,89.0
2025-12,420 Kent Avenue,Williamsburg Polygon,TRIAL,4,3,1,0,16,217.0,116.0
2025-12,420 Kent Avenue,Williamsburg Polygon,WARM_LEAD,1,0,1,0,5,18.0,15.0
2025-12,535 W 43rd Street,Hell's Kitchen Polygon,CHURN,2,0,2,0,1,223.0,111.0
2025-12,535 W 43rd Street,Hell's Kitchen Polygon,RECURRING_SUBSCRIPTION,3,3,0,0,1,226.0,31.0
2025-12,535 W 43rd Street,Hell's Kitchen Polygon,TRIAL,3,1,2,0,4,250.0,90.0
2025-12,655 Union,Boerum Hill Polygon,CHURN,4,0,4,0,5,254.0,89.0
2025-12,655 Union,Boerum Hill Polygon,ON_DEMAND_SUBSCRIPTION,1,1,0,0,0,87.0,89.0
2025-12,655 Union,Boerum Hill Polygon,RECURRING_SUBSCRIPTION,8,8,0,0,1,985.0,121.0
2025-12,655 Union,Boerum Hill Polygon,TRIAL,0,0,0,0,3,,
2025-12,66 Rockwell Place,Brooklyn Heights Polygon,CHURN,6,3,3,0,6,512.0,73.0
2025-12,66 Rockwell Place,Brooklyn Heights Polygon,ON_DEMAND_SUBSCRIPTION,1,0,1,0,0,113.0,4.0
2025-12,66 Rockwell Place,Brooklyn Heights Polygon,RECURRING_SUBSCRIPTION,22,10,12,0,3,1466.0,46.0
2025-12,66 Rockwell Place,Brooklyn Heights Polygon,TRIAL,1,1,0,0,3,28.0,
2025-12,Agnes,Floating Jersey,CHURN,2,2,0,0,2,109.0,95.0
2025-12,Agnes,Floating Jersey,RECURRING_SUBSCRIPTION,14,3,11,0,14,863.0,72.0
2025-12,Agnes,Floating Jersey,TRIAL,1,1,0,0,2,31.0,
2025-12,Agnes,Floating Jersey,WARM_LEAD,0,0,0,0,1,,
2025-12,Alta,Floating NY 1,CHURN,6,3,3,0,10,563.0,90.0
2025-12,Alta,Floating NY 1,ON_DEMAND_SUBSCRIPTION,4,1,3,0,6,223.0,73.0
2025-12,Alta,Floating NY 1,RECURRING_SUBSCRIPTION,19,12,7,0,5,1653.0,81.0
2025-12,Alta,Floating NY 1,TRIAL,1,0,1,0,2,28.0,51.0
2025-12,Alta,Floating NY 1,WARM_LEAD,0,0,0,0,1,,
2025-12,Azrieli TLV,Unknown,CHURN,39,36,3,0,13,3054.79,92.0
2025-12,Azrieli TLV,Unknown,FROZEN,2,2,0,0,2,160.55,175.0
2025-12,Azrieli TLV,Unknown,ON_DEMAND_SUBSCRIPTION,2,2,0,0,0,126.03,95.0
2025-12,Azrieli TLV,Unknown,RECURRING_SUBSCRIPTION,64,57,7,0,22,4941.92,93.0
2025-12,Azrieli TLV,Unknown,TRIAL,4,4,0,0,6,455.34,141.0
2025-12,Brooklyn Crossing,Boerum Hill Polygon,CHURN,18,8,10,0,16,1884.0,106.0
2025-12,Brooklyn Crossing,Boerum Hill Polygon,LEAD,0,0,0,0,3,,
2025-12,Brooklyn Crossing,Boerum Hill Polygon,ON_DEMAND_SUBSCRIPTION,4,1,3,0,5,321.0,76.0
2025-12,Brooklyn Crossing,Boerum Hill Polygon,RECURRING_SUBSCRIPTION,36,9,27,0,22,3117.5,82.0
2025-12,Brooklyn Crossing,Boerum Hill Polygon,TRIAL,1,0,1,0,13,116.0,135.0
2025-12,Brooklyn Crossing,Boerum Hill Polygon,WARM_LEAD,0,0,0,0,4,,
2025-12,Flamingo Point Center Tower,Miami Beach Polygon,CHURN,14,13,1,0,12,2136.0,56.0
2025-12,Flamingo Point Center Tower,Miami Beach Polygon,FROZEN,0,0,0,0,2,,
2025-12,Flamingo Point Center Tower,Miami Beach Polygon,ON_DEMAND_SUBSCRIPTION,24,13,11,0,11,1799.0,50.0
2025-12,Flamingo Point Center Tower,Miami Beach Polygon,RECURRING_SUBSCRIPTION,34,14,20,0,25,4412.25,62.0
2025-12,Flamingo Point Center Tower,Miami Beach Polygon,TRIAL,3,0,3,0,11,424.0,59.0
2025-12,Flamingo Point Center Tower,Miami Beach Polygon,WARM_LEAD,1,1,0,0,9,44.0,45.0
2025-12,Flamingo Point North Tower,Miami Beach Polygon,CHURN,16,12,4,0,19,2586.0,63.0
2025-12,Flamingo Point North Tower,Miami Beach Polygon,FROZEN,1,1,0,0,1,230.0,
2025-12,Flamingo Point North Tower,Miami Beach Polygon,LEAD,1,1,0,0,0,46.0,
2025-12,Flamingo Point North Tower,Miami Beach Polygon,ON_DEMAND_SUBSCRIPTION,5,3,2,0,7,672.0,4.0
2025-12,Flamingo Point North Tower,Miami Beach Polygon,RECURRING_SUBSCRIPTION,19,7,12,0,19,1919.0,75.0
2025-12,Flamingo Point North Tower,Miami Beach Polygon,TRIAL,1,1,0,0,12,195.0,
2025-12,Flamingo Point North Tower,Miami Beach Polygon,WARM_LEAD,2,1,1,0,4,175.0,
2025-12,Flamingo South Beach,Miami Beach Polygon,CHURN,5,3,2,0,6,479.05,43.0
2025-12,Flamingo South Beach,Miami Beach Polygon,FROZEN,0,0,0,0,5,,
2025-12,Flamingo South Beach,Miami Beach Polygon,LEAD,1,0,1,0,0,174.0,
2025-12,Flamingo South Beach,Miami Beach Polygon,ON_DEMAND_SUBSCRIPTION,0,0,0,0,2,,
2025-12,Flamingo South Beach,Miami Beach Polygon,RECURRING_SUBSCRIPTION,15,2,13,0,7,1501.35,72.0
2025-12,Flamingo South Beach,Miami Beach Polygon,TRIAL,3,3,0,0,4,316.35,34.0
2025-12,Flamingo South Beach,Miami Beach Polygon,WARM_LEAD,0,0,0,0,4,,
2025-12,Gindi 1,Unknown,CHURN,58,56,2,0,17,2719.45,68.0
2025-12,Gindi 1,Unknown,FROZEN,5,3,2,0,1,395.62,77.0
2025-12,Gindi 1,Unknown,ON_DEMAND_SUBSCRIPTION,17,14,3,0,15,426.58,40.0
2025-12,Gindi 1,Unknown,RECURRING_SUBSCRIPTION,32,31,1,0,17,3080.55,116.0
2025-12,Gindi 1,Unknown,TRIAL,2,1,1,0,0,92.88,93.0
2025-12,Gindi 2,Unknown,CHURN,32,31,1,0,29,2690.96,106.0
2025-12,Gindi 2,Unknown,ON_DEMAND_SUBSCRIPTION,1,1,0,0,5,45.75,158.0
2025-12,Gindi 2,Unknown,RECURRING_SUBSCRIPTION,23,21,2,0,7,1729.59,116.0
2025-12,Gindi 2,Unknown,TRIAL,1,1,0,0,0,65.48,89.0
2025-12,Gindi 2,Unknown,WARM_LEAD,0,0,0,0,2,,
2025-12,Gindi 3,Unknown,CHURN,40,35,5,0,10,3597.25,110.0
2025-12,Gindi 3,Unknown,FROZEN,12,12,0,0,8,1120.82,149.0
2025-12,Gindi 3,Unknown,ON_DEMAND_SUBSCRIPTION,3,3,0,0,4,164.66,102.0
2025-12,Gindi 3,Unknown,RECURRING_SUBSCRIPTION,28,23,5,0,19,3564.66,109.0
2025-12,Gindi 4,Unknown,CHURN,14,14,0,0,3,791.23,73.0
2025-12,Gindi 4,Unknown,FROZEN,1,1,0,0,1,75.34,111.0
2025-12,Gindi 4,Unknown,ON_DEMAND_SUBSCRIPTION,6,3,3,0,11,461.1,98.0
2025-12,Gindi 4,Unknown,RECURRING_SUBSCRIPTION,6,5,1,0,11,357.26,56.0
2025-12,Gindi 4,Unknown,TRIAL,2,2,0,0,0,199.73,167.0
2025-12,Grove Central Residences,Floating Miami,CHURN,3,3,0,0,7,695.0,15.0
2025-12,Grove Central Residences,Floating Miami,ON_DEMAND_SUBSCRIPTION,3,0,3,0,1,251.0,37.0
2025-12,Grove Central Residences,Floating Miami,RECURRING_SUBSCRIPTION,2,1,1,0,2,401.0,
2025-12,Grove Central Residences,Floating Miami,TRIAL,0,0,0,0,3,,
2025-12,Grove Central Residences,Floating Miami,WARM_LEAD,0,0,0,0,2,,
2025-12,HaHehad,Unknown,CHURN,21,20,1,0,3,1503.29,90.0
2025-12,HaHehad,Unknown,ON_DEMAND_SUBSCRIPTION,2,2,0,0,0,214.25,113.0
2025-12,HaHehad,Unknown,RECURRING_SUBSCRIPTION,7,5,2,0,4,566.3,83.0
2025-12,HaHehad,Unknown,TRIAL,5,5,0,0,1,144.38,59.0
2025-12,John Street 116,Financial District Polygon,CHURN,1,1,0,0,7,122.0,164.0
2025-12,John Street 116,Financial District Polygon,ON_DEMAND_SUBSCRIPTION,6,6,0,0,2,386.0,81.0
2025-12,John Street 116,Financial District Polygon,RECURRING_SUBSCRIPTION,9,7,2,0,1,792.0,108.0
2025-12,Livana East Hanover,Chatham / West Orange Polygon,CHURN,0,0,0,0,1,,
2025-12,Livana East Hanover,Chatham / West Orange Polygon,TRIAL,0,0,0,0,1,,
2025-12,Livana East Hanover,Chatham / West Orange Polygon,WARM_LEAD,0,0,0,0,1,,
2025-12,Midtown 5,Floating Miami,CHURN,6,0,6,0,3,1017.0,118.0
2025-12,Midtown 5,Floating Miami,ON_DEMAND_SUBSCRIPTION,6,2,4,0,7,349.0,34.0
2025-12,Midtown 5,Floating Miami,RECURRING_SUBSCRIPTION,9,4,5,0,3,1171.0,50.0
2025-12,Midtown 5,Floating Miami,TRIAL,5,4,1,0,6,777.0,101.0
2025-12,Midtown 5,Floating Miami,WARM_LEAD,5,1,4,0,26,418.0,81.0
2025-12,Nine 52,Hell's Kitchen Polygon,RECURRING_SUBSCRIPTION,8,7,1,0,1,894.0,76.0
2025-12,Nine 52,Hell's Kitchen Polygon,TRIAL,0,0,0,0,1,,
2025-12,Oliver on the Hudson,Floating Jersey,CHURN,4,0,4,0,6,383.0,72.0
2025-12,Oliver on the Hudson,Floating Jersey,LEAD,1,0,1,0,0,174.0,148.0
2025-12,Oliver on the Hudson,Floating Jersey,ON_DEMAND_SUBSCRIPTION,0,0,0,0,1,,
2025-12,Oliver on the Hudson,Floating Jersey,RECURRING_SUBSCRIPTION,6,3,3,0,2,656.0,60.0
2025-12,Oliver on the Hudson,Floating Jersey,TRIAL,0,0,0,0,2,,
2025-12,One Ten,Hoboken Polygon,CHURN,3,3,0,0,3,377.0,77.0
2025-12,One Ten,Hoboken Polygon,ON_DEMAND_SUBSCRIPTION,2,1,1,0,3,120.0,80.0
2025-12,One Ten,Hoboken Polygon,RECURRING_SUBSCRIPTION,11,10,1,0,4,844.0,93.0
2025-12,Plank Road,Boerum Hill Polygon,CHURN,5,5,0,0,4,565.0,97.0
2025-12,Plank Road,Boerum Hill Polygon,RECURRING_SUBSCRIPTION,6,6,0,0,2,830.0,108.0
2025-12,Plank Road,Boerum Hill Polygon,TRIAL,0,0,0,0,3,,
2025-12,Plank Road,Boerum Hill Polygon,WARM_LEAD,0,0,0,0,1,,
2025-12,River Place,Hell's Kitchen Polygon,CHURN,8,8,0,0,9,580.0,77.0
2025-12,River Place,Hell's Kitchen Polygon,FREEMIUM,1,0,1,0,1,31.0,50.0
2025-12,River Place,Hell's Kitchen Polygon,ON_DEMAND_SUBSCRIPTION,25,17,8,0,12,894.0,39.0
2025-12,River Place,Hell's Kitchen Polygon,RECURRING_SUBSCRIPTION,62,40,22,0,28,4030.0,73.0
2025-12,River Place,Hell's Kitchen Polygon,TRIAL,2,0,2,0,5,201.0,112.0
2025-12,River Place,Hell's Kitchen Polygon,WARM_LEAD,1,0,1,0,0,31.0,33.0
2025-12,Silver Towers,Hell's Kitchen Polygon,CHURN,22,15,7,0,35,1757.0,86.0
2025-12,Silver Towers,Hell's Kitchen Polygon,FREEMIUM,3,1,2,0,2,303.0,71.0
2025-12,Silver Towers,Hell's Kitchen Polygon,FROZEN,2,1,1,0,1,154.0,86.0
2025-12,Silver Towers,Hell's Kitchen Polygon,LEAD,1,1,0,0,0,66.0,64.0
2025-12,Silver Towers,Hell's Kitchen Polygon,ON_DEMAND_SUBSCRIPTION,49,19,30,0,5,1859.0,44.0
2025-12,Silver Towers,Hell's Kitchen Polygon,RECURRING_SUBSCRIPTION,96,69,27,0,48,8425.0,90.0
2025-12,Silver Towers,Hell's Kitchen Polygon,TRIAL,10,8,2,0,5,690.0,73.0
2025-12,Silver Towers,Hell's Kitchen Polygon,WARM_LEAD,2,2,0,0,8,74.0,39.0
2025-12,Stonehill,Chatham / West Orange Polygon,CHURN,2,2,0,0,5,219.0,92.0
2025-12,Stonehill,Chatham / West Orange Polygon,ON_DEMAND_SUBSCRIPTION,5,5,0,0,6,386.0,60.0
2025-12,Stonehill,Chatham / West Orange Polygon,RECURRING_SUBSCRIPTION,8,1,7,0,6,687.0,73.0
2025-12,Stonehill,Chatham / West Orange Polygon,WARM_LEAD,0,0,0,0,2,,
2025-12,The Addison,Brooklyn Heights Polygon,CHURN,2,0,2,0,0,287.0,60.0
2025-12,The Addison,Brooklyn Heights Polygon,LEAD,0,0,0,0,1,,
2025-12,The Addison,Brooklyn Heights Polygon,RECURRING_SUBSCRIPTION,3,2,1,0,0,92.0,42.0
2025-12,The Addison,Brooklyn Heights Polygon,TRIAL,1,1,0,0,1,105.0,200.0
2025-12,The Addison,Brooklyn Heights Polygon,WARM_LEAD,1,1,0,0,13,25.0,46.0
2025-12,The Bergen,Boerum Hill Polygon,CHURN,2,1,1,0,0,226.0,91.0
2025-12,The Bergen,Boerum Hill Polygon,TRIAL,0,0,0,0,2,,
2025-12,The Boulevard,Floating Miami,CHURN,4,2,2,0,3,454.0,53.0
2025-12,The Boulevard,Floating Miami,ON_DEMAND_SUBSCRIPTION,7,3,4,0,3,519.0,39.0
2025-12,The Boulevard,Floating Miami,RECURRING_SUBSCRIPTION,7,2,5,0,8,668.0,68.0
2025-12,The Boulevard,Floating Miami,TRIAL,1,1,0,0,1,113.0,114.0
2025-12,The Boulevard,Floating Miami,WARM_LEAD,0,0,0,0,2,,
2025-12,The Buchanan,Floating NY 1,CHURN,3,2,1,0,2,247.0,81.0
2025-12,The Buchanan,Floating NY 1,ON_DEMAND_SUBSCRIPTION,1,0,1,0,0,25.0,17.0
2025-12,The Buchanan,Floating NY 1,RECURRING_SUBSCRIPTION,17,7,10,0,4,1296.0,79.0
2025-12,The Buchanan,Floating NY 1,TRIAL,0,0,0,0,3,,
2025-12,The Buchanan,Floating NY 1,WARM_LEAD,0,0,0,0,2,,
2025-12,The Devan,Hoboken Polygon,CHURN,6,4,2,0,7,766.0,103.0
2025-12,The Devan,Hoboken Polygon,FROZEN,0,0,0,0,2,,
2025-12,The Devan,Hoboken Polygon,ON_DEMAND_SUBSCRIPTION,4,2,2,0,1,434.0,85.0
2025-12,The Devan,Hoboken Polygon,RECURRING_SUBSCRIPTION,24,5,19,0,13,2787.0,65.0
2025-12,The Devan,Hoboken Polygon,TRIAL,1,0,1,0,2,116.0,72.0
2025-12,The Dime,Williamsburg Polygon,CHURN,3,3,0,0,1,440.0,165.0
2025-12,The Dime,Williamsburg Polygon,ON_DEMAND_SUBSCRIPTION,2,0,2,0,1,315.0,85.0
2025-12,The Dime,Williamsburg Polygon,RECURRING_SUBSCRIPTION,3,3,0,0,3,419.0,98.0
2025-12,The Dime,Williamsburg Polygon,TRIAL,0,0,0,0,1,,
2025-12,The Dime,Williamsburg Polygon,WARM_LEAD,0,0,0,0,3,,
2025-12,The Eddy,Harrison Polygon,CHURN,1,0,1,0,2,28.0,
2025-12,The Eddy,Harrison Polygon,RECURRING_SUBSCRIPTION,6,2,4,0,3,657.0,79.0
2025-12,The Eddy,Harrison Polygon,TRIAL,1,1,0,0,1,108.0,210.0
2025-12,The Eddy,Harrison Polygon,WARM_LEAD,0,0,0,0,2,,
2025-12,The Enclave,Hoboken Polygon,CHURN,2,1,1,0,2,276.0,124.0
2025-12,The Enclave,Hoboken Polygon,RECURRING_SUBSCRIPTION,7,6,1,0,3,610.0,68.0
2025-12,The Enclave,Hoboken Polygon,TRIAL,0,0,0,0,1,,
2025-12,The Enclave,Hoboken Polygon,WARM_LEAD,0,0,0,0,2,,
2025-12,The Ivy,Chatham / West Orange Polygon,CHURN,13,10,3,0,3,1484.0,81.0
2025-12,The Ivy,Chatham / West Orange Polygon,FREEMIUM,1,1,0,0,0,124.0,105.0
2025-12,The Ivy,Chatham / West Orange Polygon,ON_DEMAND_SUBSCRIPTION,3,1,2,0,1,420.0,78.0
2025-12,The Ivy,Chatham / West Orange Polygon,RECURRING_SUBSCRIPTION,14,9,5,0,9,1865.0,69.0
2025-12,The Kestrel,Floating NY 2,CHURN,3,0,3,0,4,455.0,65.0
2025-12,The Kestrel,Floating NY 2,ON_DEMAND_SUBSCRIPTION,5,0,5,0,1,181.0,42.0
2025-12,The Kestrel,Floating NY 2,RECURRING_SUBSCRIPTION,3,0,3,0,0,339.0,113.0
2025-12,The Kestrel,Floating NY 2,WARM_LEAD,0,0,0,0,4,,
2025-12,The Landing,Brooklyn Heights Polygon,ON_DEMAND_SUBSCRIPTION,1,0,1,0,3,0.0,223.0
2025-12,The Landing,Brooklyn Heights Polygon,RECURRING_SUBSCRIPTION,1,0,1,0,2,171.0,172.0
2025-12,The Landing,Brooklyn Heights Polygon,WARM_LEAD,0,0,0,0,1,,
2025-12,The Landon,Hell's Kitchen Polygon,CHURN,2,0,2,0,4,226.0,143.0
2025-12,The Landon,Hell's Kitchen Polygon,RECURRING_SUBSCRIPTION,3,1,2,0,4,323.0,121.0
2025-12,The Landon,Hell's Kitchen Polygon,TRIAL,0,0,0,0,1,,
2025-12,The Vitagraph,Floating NY 2,CHURN,7,3,4,0,1,753.0,39.0
2025-12,The Vitagraph,Floating NY 2,TRIAL,0,0,0,0,3,,
2025-12,The Vitagraph,Floating NY 2,WARM_LEAD,0,0,0,0,6,,
2025-12,Union Channel ,Boerum Hill Polygon,CHURN,0,0,0,0,1,,
2025-12,Union Channel ,Boerum Hill Polygon,TRIAL,1,0,1,0,0,127.0,153.0
2025-12,Woodside Central,Floating NY 1,CHURN,1,0,1,0,1,77.0,89.0
2025-12,Woodside Central,Floating NY 1,FROZEN,1,0,1,0,3,63.0,78.0
2025-12,Woodside Central,Floating NY 1,ON_DEMAND_SUBSCRIPTION,3,2,1,0,6,339.0,146.0
2025-12,Woodside Central,Floating NY 1,RECURRING_SUBSCRIPTION,6,1,5,0,7,340.0,75.0
2025-12,Woodside Central,Floating NY 1,TRIAL,0,0,0,0,1,,
2025-12,Woodside Central,Floating NY 1,WARM_LEAD,2,0,2,0,6,63.0,50.0
2026-01,100 House,Hoboken Polygon,CHURN,3,2,1,0,1,131.0,83.0
2026-01,100 House,Hoboken Polygon,ON_DEMAND_SUBSCRIPTION,0,0,0,0,1,,
2026-01,100 House,Hoboken Polygon,RECURRING_SUBSCRIPTION,12,3,9,0,0,1654.0,85.0
2026-01,100 House,Hoboken Polygon,WARM_LEAD,1,0,1,0,0,112.0,147.0
2026-01,1 Boerum PL,Floating NY 2,CHURN,5,4,1,0,6,290.0,81.0
2026-01,1 Boerum PL,Floating NY 2,RECURRING_SUBSCRIPTION,9,9,0,0,2,621.0,85.0
2026-01,1 Boerum PL,Floating NY 2,WARM_LEAD,0,0,0,0,3,,
2026-01,2000 Biscayne,Edgeater Polygon,CHURN,5,3,2,0,5,440.0,109.0
2026-01,2000 Biscayne,Edgeater Polygon,ON_DEMAND_SUBSCRIPTION,6,2,4,0,3,270.0,63.0
2026-01,2000 Biscayne,Edgeater Polygon,RECURRING_SUBSCRIPTION,13,3,10,0,8,1430.0,77.0
2026-01,2000 Biscayne,Edgeater Polygon,TRIAL,7,7,0,0,22,349.0,44.0
2026-01,2000 Biscayne,Edgeater Polygon,WARM_LEAD,2,0,2,0,4,66.0,60.0
2026-01,20 Broad Street,Financial District Polygon,CHURN,18,13,5,0,7,1606.0,92.0
2026-01,20 Broad Street,Financial District Polygon,ON_DEMAND_SUBSCRIPTION,18,11,7,0,16,942.0,61.0
2026-01,20 Broad Street,Financial District Polygon,RECURRING_SUBSCRIPTION,25,14,11,0,7,1829.0,73.0
2026-01,20 Broad Street,Financial District Polygon,TRIAL,0,0,0,0,4,,
2026-01,20 Broad Street,Financial District Polygon,WARM_LEAD,0,0,0,0,4,,
2026-01,220 East 72nd Street,Floating NY 2,WARM_LEAD,0,0,0,0,1,,
2026-01,250 E Houston,Floating NY 2,CHURN,1,0,1,0,0,113.0,148.0
2026-01,250 E Houston,Floating NY 2,RECURRING_SUBSCRIPTION,4,1,3,0,3,500.0,106.0
2026-01,250 E Houston,Floating NY 2,TRIAL,2,0,2,0,2,310.0,183.0
2026-01,300 Somerset,Harrison Polygon,CHURN,2,1,1,0,1,54.0,42.0
2026-01,300 Somerset,Harrison Polygon,ON_DEMAND_SUBSCRIPTION,8,2,6,0,5,237.0,45.0
2026-01,300 Somerset,Harrison Polygon,RECURRING_SUBSCRIPTION,3,1,2,0,2,81.0,43.0
2026-01,330 Angelo Cifelli,Harrison Polygon,CHURN,2,0,2,0,10,220.0,173.0
2026-01,330 Angelo Cifelli,Harrison Polygon,FREEMIUM,0,0,0,0,2,,
2026-01,330 Angelo Cifelli,Harrison Polygon,ON_DEMAND_SUBSCRIPTION,2,1,1,0,0,62.0,53.0
2026-01,330 Angelo Cifelli,Harrison Polygon,RECURRING_SUBSCRIPTION,18,10,8,0,10,653.0,61.0
2026-01,330 Angelo Cifelli,Harrison Polygon,WARM_LEAD,1,0,1,0,2,34.0,44.0
2026-01,330W-56th,Hell's Kitchen Polygon,CHURN,2,0,2,0,1,56.0,36.0
2026-01,330W-56th,Hell's Kitchen Polygon,RECURRING_SUBSCRIPTION,5,1,4,0,10,334.0,68.0
2026-01,330W-56th,Hell's Kitchen Polygon,WARM_LEAD,1,1,0,0,1,34.0,39.0
2026-01,345 Baldwin Avenue,Floating Jersey,CHURN,2,2,0,0,1,176.0,68.0
2026-01,345 Baldwin Avenue,Floating Jersey,ON_DEMAND_SUBSCRIPTION,1,0,1,0,3,16.0,28.0
2026-01,345 Baldwin Avenue,Floating Jersey,RECURRING_SUBSCRIPTION,4,3,1,0,0,273.0,73.0
2026-01,345 Baldwin Avenue,Floating Jersey,WARM_LEAD,0,0,0,0,2,,
2026-01,416 Kent Avenue,Williamsburg Polygon,CHURN,3,2,1,0,9,504.0,162.0
2026-01,416 Kent Avenue,Williamsburg Polygon,FROZEN,0,0,0,0,9,,
2026-01,416 Kent Avenue,Williamsburg Polygon,ON_DEMAND_SUBSCRIPTION,1,0,1,0,0,15.0,
2026-01,416 Kent Avenue,Williamsburg Polygon,RECURRING_SUBSCRIPTION,6,4,2,0,5,715.0,130.0
2026-01,416 Kent Avenue,Williamsburg Polygon,TRIAL,0,0,0,0,3,,
2026-01,416 Kent Avenue,Williamsburg Polygon,WARM_LEAD,1,1,0,0,0,69.0,66.0
2026-01,420 Kent Avenue,Williamsburg Polygon,CHURN,8,6,2,0,27,901.0,130.0
2026-01,420 Kent Avenue,Williamsburg Polygon,ON_DEMAND_SUBSCRIPTION,3,1,2,0,5,240.0,88.0
2026-01,420 Kent Avenue,Williamsburg Polygon,RECURRING_SUBSCRIPTION,14,10,4,0,4,1164.0,91.0
2026-01,420 Kent Avenue,Williamsburg Polygon,TRIAL,3,2,1,0,11,287.0,78.0
2026-01,420 Kent Avenue,Williamsburg Polygon,WARM_LEAD,0,0,0,0,1,,
2026-01,535 W 43rd Street,Hell's Kitchen Polygon,CHURN,1,1,0,0,2,113.0,97.0
2026-01,535 W 43rd Street,Hell's Kitchen Polygon,RECURRING_SUBSCRIPTION,3,3,0,0,1,373.0,86.0
2026-01,535 W 43rd Street,Hell's Kitchen Polygon,TRIAL,3,3,0,0,1,241.0,78.0
2026-01,655 Union,Boerum Hill Polygon,CHURN,4,2,2,0,1,320.0,87.0
2026-01,655 Union,Boerum Hill Polygon,ON_DEMAND_SUBSCRIPTION,2,1,1,0,0,258.0,114.0
2026-01,655 Union,Boerum Hill Polygon,RECURRING_SUBSCRIPTION,8,8,0,0,1,902.0,123.0
2026-01,655 Union,Boerum Hill Polygon,TRIAL,0,0,0,0,2,,
2026-01,655 Union,Boerum Hill Polygon,WARM_LEAD,1,0,1,0,0,116.0,134.0
2026-01,66 Rockwell Place,Brooklyn Heights Polygon,CHURN,2,1,1,0,8,162.0,
2026-01,66 Rockwell Place,Brooklyn Heights Polygon,ON_DEMAND_SUBSCRIPTION,0,0,0,0,1,,
2026-01,66 Rockwell Place,Brooklyn Heights Polygon,RECURRING_SUBSCRIPTION,9,4,5,0,6,800.0,55.0
2026-01,66 Rockwell Place,Brooklyn Heights Polygon,TRIAL,1,0,1,0,2,169.0,182.0
2026-01,Agnes,Floating Jersey,CHURN,1,1,0,0,1,0.0,
2026-01,Agnes,Floating Jersey,RECURRING_SUBSCRIPTION,17,9,8,0,10,726.0,42.0
2026-01,Agnes,Floating Jersey,TRIAL,0,0,0,0,2,,
2026-01,Alta,Floating NY 1,CHURN,3,0,3,0,2,261.0,72.0
2026-01,Alta,Floating NY 1,ON_DEMAND_SUBSCRIPTION,2,0,2,0,5,54.0,40.0
2026-01,Alta,Floating NY 1,RECURRING_SUBSCRIPTION,19,12,7,0,1,1672.0,80.0
2026-01,Alta,Floating NY 1,TRIAL,1,0,1,0,2,28.0,43.0
2026-01,Azrieli TLV,Unknown,CHURN,33,26,7,0,16,2539.45,90.0
2026-01,Azrieli TLV,Unknown,FROZEN,2,2,0,0,1,214.25,144.0
2026-01,Azrieli TLV,Unknown,ON_DEMAND_SUBSCRIPTION,5,5,0,0,0,146.58,33.0
2026-01,Azrieli TLV,Unknown,RECURRING_SUBSCRIPTION,48,43,5,0,9,4058.63,97.0
2026-01,Azrieli TLV,Unknown,TRIAL,8,6,2,0,2,575.89,112.0
2026-01,Bay Parc Apartments,Edgeater Polygon,CHURN,1,1,0,0,0,162.0,
2026-01,Bay Parc Apartments,Edgeater Polygon,ON_DEMAND_SUBSCRIPTION,8,3,5,0,9,296.0,35.0
2026-01,Bay Parc Apartments,Edgeater Polygon,RECURRING_SUBSCRIPTION,11,2,9,0,2,963.0,82.0
2026-01,Bay Parc Apartments,Edgeater Polygon,TRIAL,3,0,3,0,1,189.0,88.0
2026-01,Bay Parc Apartments,Edgeater Polygon,WARM_LEAD,0,0,0,0,3,,
2026-01,Brooklyn Crossing,Boerum Hill Polygon,CHURN,12,5,7,0,15,1304.0,87.0
2026-01,Brooklyn Crossing,Boerum Hill Polygon,ON_DEMAND_SUBSCRIPTION,12,5,7,0,3,786.0,72.0
2026-01,Brooklyn Crossing,Boerum Hill Polygon,RECURRING_SUBSCRIPTION,42,11,31,0,14,3720.5,72.0
2026-01,Brooklyn Crossing,Boerum Hill Polygon,TRIAL,0,0,0,0,5,,
2026-01,Brooklyn Crossing,Boerum Hill Polygon,WARM_LEAD,3,0,3,0,4,155.0,62.0
2026-01,Flamingo Point Center Tower,Miami Beach Polygon,CHURN,10,8,2,0,19,1533.0,144.0
2026-01,Flamingo Point Center Tower,Miami Beach Polygon,ON_DEMAND_SUBSCRIPTION,16,8,8,0,13,1014.0,65.0
2026-01,Flamingo Point Center Tower,Miami Beach Polygon,RECURRING_SUBSCRIPTION,48,21,27,0,49,5535.55,101.0
2026-01,Flamingo Point Center Tower,Miami Beach Polygon,TRIAL,3,2,1,0,10,211.5,78.0
2026-01,Flamingo Point Center Tower,Miami Beach Polygon,WARM_LEAD,5,1,4,0,11,409.0,65.0
2026-01,Flamingo Point North Tower,Miami Beach Polygon,CHURN,4,4,0,0,16,756.0,87.0
2026-01,Flamingo Point North Tower,Miami Beach Polygon,FROZEN,0,0,0,0,2,,
2026-01,Flamingo Point North Tower,Miami Beach Polygon,ON_DEMAND_SUBSCRIPTION,10,5,5,0,6,1062.0,81.0
2026-01,Flamingo Point North Tower,Miami Beach Polygon,RECURRING_SUBSCRIPTION,28,11,17,0,15,3368.0,83.0
2026-01,Flamingo Point North Tower,Miami Beach Polygon,TRIAL,0,0,0,0,5,,
2026-01,Flamingo Point North Tower,Miami Beach Polygon,WARM_LEAD,1,1,0,0,6,44.0,43.0
2026-01,Flamingo South Beach,Miami Beach Polygon,CHURN,8,4,4,0,12,591.0,96.0
2026-01,Flamingo South Beach,Miami Beach Polygon,FROZEN,0,0,0,0,4,,
2026-01,Flamingo South Beach,Miami Beach Polygon,LEAD,1,0,1,0,0,34.0,
2026-01,Flamingo South Beach,Miami Beach Polygon,ON_DEMAND_SUBSCRIPTION,2,1,1,0,2,126.0,
2026-01,Flamingo South Beach,Miami Beach Polygon,RECURRING_SUBSCRIPTION,13,5,8,0,4,1459.0,72.0
2026-01,Flamingo South Beach,Miami Beach Polygon,TRIAL,2,1,1,0,3,155.0,151.0
2026-01,Flamingo South Beach,Miami Beach Polygon,WARM_LEAD,1,1,0,0,1,114.0,109.0
2026-01,Gindi 1,Unknown,CHURN,48,44,4,0,11,2476.71,79.0
2026-01,Gindi 1,Unknown,FROZEN,4,4,0,0,0,389.59,104.0
2026-01,Gindi 1,Unknown,ON_DEMAND_SUBSCRIPTION,4,0,4,0,21,122.19,53.0
2026-01,Gindi 1,Unknown,RECURRING_SUBSCRIPTION,22,21,1,0,11,2352.22,119.0
2026-01,Gindi 1,Unknown,TRIAL,2,1,1,0,1,127.4,
2026-01,Gindi 2,Unknown,CHURN,33,33,0,0,9,2778.9,106.0
2026-01,Gindi 2,Unknown,ON_DEMAND_SUBSCRIPTION,7,5,2,0,10,529.04,118.0
2026-01,Gindi 2,Unknown,RECURRING_SUBSCRIPTION,14,11,3,0,3,1475.34,116.0
2026-01,Gindi 2,Unknown,TRIAL,3,3,0,0,1,205.32,98.0
2026-01,Gindi 2,Unknown,WARM_LEAD,0,0,0,0,2,,
2026-01,Gindi 3,Unknown,CHURN,33,31,2,0,4,3063.92,108.0
2026-01,Gindi 3,Unknown,FROZEN,11,11,0,0,2,1133.7,89.0
2026-01,Gindi 3,Unknown,ON_DEMAND_SUBSCRIPTION,2,1,1,0,5,158.9,52.0
2026-01,Gindi 3,Unknown,RECURRING_SUBSCRIPTION,33,27,6,0,13,4142.47,95.0
2026-01,Gindi 3,Unknown,TRIAL,3,3,0,0,1,244.93,122.0
2026-01,Gindi 4,Unknown,CHURN,18,17,1,0,2,1073.97,109.0
2026-01,Gindi 4,Unknown,FROZEN,4,3,1,0,1,318.36,117.0
2026-01,Gindi 4,Unknown,ON_DEMAND_SUBSCRIPTION,2,1,1,0,7,177.53,138.0
2026-01,Gindi 4,Unknown,RECURRING_SUBSCRIPTION,8,6,2,0,7,541.37,70.0
2026-01,Gindi 4,Unknown,TRIAL,3,3,0,0,0,134.79,148.0
2026-01,Grove Central Residences,Floating Miami,CHURN,5,5,0,0,5,1096.0,
2026-01,Grove Central Residences,Floating Miami,ON_DEMAND_SUBSCRIPTION,2,0,2,0,0,226.0,60.0
2026-01,Grove Central Residences,Floating Miami,RECURRING_SUBSCRIPTION,3,2,1,0,1,514.0,60.0
2026-01,Grove Central Residences,Floating Miami,TRIAL,2,1,1,0,3,297.0,
2026-01,HaHehad,Unknown,CHURN,13,13,0,0,4,1022.19,98.0
2026-01,HaHehad,Unknown,ON_DEMAND_SUBSCRIPTION,1,1,0,0,0,50.41,86.0
2026-01,HaHehad,Unknown,RECURRING_SUBSCRIPTION,6,4,2,0,0,481.1,78.0
2026-01,HaHehad,Unknown,TRIAL,4,4,0,0,2,161.37,67.0
2026-01,John Street 116,Financial District Polygon,CHURN,2,1,1,0,3,263.0,131.0
2026-01,John Street 116,Financial District Polygon,ON_DEMAND_SUBSCRIPTION,7,7,0,0,1,484.0,88.0
2026-01,John Street 116,Financial District Polygon,RECURRING_SUBSCRIPTION,12,11,1,0,2,1031.0,95.0
2026-01,Livana East Hanover,Chatham / West Orange Polygon,CHURN,3,1,2,0,0,328.0,30.0
2026-01,Livana East Hanover,Chatham / West Orange Polygon,FROZEN,1,1,0,0,0,200.0,76.0
2026-01,Livana East Hanover,Chatham / West Orange Polygon,RECURRING_SUBSCRIPTION,4,0,4,0,0,333.0,40.0
2026-01,Livana East Hanover,Chatham / West Orange Polygon,TRIAL,1,1,0,0,3,171.0,47.0
2026-01,Livana East Hanover,Chatham / West Orange Polygon,WARM_LEAD,2,2,0,0,2,95.0,100.0
2026-01,Midtown 5,Floating Miami,CHURN,5,4,1,0,6,478.0,75.0
2026-01,Midtown 5,Floating Miami,ON_DEMAND_SUBSCRIPTION,1,1,0,0,7,42.0,65.0
2026-01,Midtown 5,Floating Miami,RECURRING_SUBSCRIPTION,11,6,5,0,2,1390.0,82.0
2026-01,Midtown 5,Floating Miami,TRIAL,3,1,2,0,7,302.0,89.0
2026-01,Midtown 5,Floating Miami,WARM_LEAD,4,1,3,0,8,394.0,94.0
2026-01,Nine 52,Hell's Kitchen Polygon,RECURRING_SUBSCRIPTION,8,7,1,0,0,980.0,60.0
2026-01,Nine 52,Hell's Kitchen Polygon,TRIAL,0,0,0,0,1,,
2026-01,Oliver on the Hudson,Floating Jersey,CHURN,5,3,2,0,9,386.0,64.0
2026-01,Oliver on the Hudson,Floating Jersey,LEAD,1,1,0,0,0,66.0,29.0
2026-01,Oliver on the Hudson,Floating Jersey,ON_DEMAND_SUBSCRIPTION,0,0,0,0,1,,
2026-01,Oliver on the Hudson,Floating Jersey,RECURRING_SUBSCRIPTION,5,3,2,0,1,530.0,48.0
2026-01,Oliver on the Hudson,Floating Jersey,TRIAL,0,0,0,0,2,,
2026-01,Oliver on the Hudson,Floating Jersey,WARM_LEAD,0,0,0,0,3,,
2026-01,One Ten,Hoboken Polygon,CHURN,4,3,1,0,2,296.0,40.0
2026-01,One Ten,Hoboken Polygon,LEAD,1,0,1,0,0,97.0,59.0
2026-01,One Ten,Hoboken Polygon,ON_DEMAND_SUBSCRIPTION,2,2,0,0,1,169.0,83.0
2026-01,One Ten,Hoboken Polygon,RECURRING_SUBSCRIPTION,14,13,1,0,3,973.0,68.0
2026-01,Plank Road,Boerum Hill Polygon,CHURN,6,4,2,0,5,588.5,4.0
2026-01,Plank Road,Boerum Hill Polygon,RECURRING_SUBSCRIPTION,6,5,1,0,4,830.0,112.0
2026-01,Plank Road,Boerum Hill Polygon,TRIAL,1,0,1,0,4,118.0,132.0
2026-01,Plank Road,Boerum Hill Polygon,WARM_LEAD,0,0,0,0,1,,
2026-01,River Place,Hell's Kitchen Polygon,CHURN,6,5,1,0,8,509.0,84.0
2026-01,River Place,Hell's Kitchen Polygon,FREEMIUM,1,0,1,0,1,34.0,34.0
2026-01,River Place,Hell's Kitchen Polygon,ON_DEMAND_SUBSCRIPTION,20,12,8,0,9,876.0,50.0
2026-01,River Place,Hell's Kitchen Polygon,RECURRING_SUBSCRIPTION,59,39,20,0,29,3500.0,59.0
2026-01,River Place,Hell's Kitchen Polygon,TRIAL,4,2,2,0,7,354.0,88.0
2026-01,River Place,Hell's Kitchen Polygon,WARM_LEAD,1,1,0,0,4,47.0,31.0
2026-01,Rothschild 80,Unknown,CHURN,10,10,0,0,1,1680.55,45.0
2026-01,Rothschild 80,Unknown,FROZEN,3,3,0,0,0,645.21,
2026-01,Rothschild 80,Unknown,WARM_LEAD,0,0,0,0,1,,
2026-01,Silver Towers,Hell's Kitchen Polygon,CHURN,20,16,4,0,29,1527.0,84.0
2026-01,Silver Towers,Hell's Kitchen Polygon,FREEMIUM,6,6,0,0,1,374.0,62.0
2026-01,Silver Towers,Hell's Kitchen Polygon,FROZEN,0,0,0,0,1,,
2026-01,Silver Towers,Hell's Kitchen Polygon,LEAD,1,0,1,0,0,34.0,39.0
2026-01,Silver Towers,Hell's Kitchen Polygon,ON_DEMAND_SUBSCRIPTION,32,14,18,0,4,1309.0,43.0
2026-01,Silver Towers,Hell's Kitchen Polygon,RECURRING_SUBSCRIPTION,113,84,29,0,41,9412.0,78.0
2026-01,Silver Towers,Hell's Kitchen Polygon,TRIAL,5,4,1,0,2,297.0,49.0
2026-01,Silver Towers,Hell's Kitchen Polygon,WARM_LEAD,2,1,1,0,16,104.0,53.0
2026-01,Southgate Towers,Miami Beach Polygon,LEAD,0,0,0,0,1,,
2026-01,Southgate Towers,Miami Beach Polygon,RECURRING_SUBSCRIPTION,0,0,0,0,1,,
2026-01,Stonehill,Chatham / West Orange Polygon,CHURN,1,1,0,0,3,171.0,115.0
2026-01,Stonehill,Chatham / West Orange Polygon,LEAD,1,1,0,0,0,121.0,144.0
2026-01,Stonehill,Chatham / West Orange Polygon,ON_DEMAND_SUBSCRIPTION,3,2,1,0,1,198.0,60.0
2026-01,Stonehill,Chatham / West Orange Polygon,RECURRING_SUBSCRIPTION,6,0,6,0,7,456.0,57.0
2026-01,Stonehill,Chatham / West Orange Polygon,WARM_LEAD,0,0,0,0,2,,
2026-01,The Addison,Brooklyn Heights Polygon,CHURN,3,1,2,0,1,284.0,201.0
2026-01,The Addison,Brooklyn Heights Polygon,LEAD,0,0,0,0,1,,
2026-01,The Addison,Brooklyn Heights Polygon,RECURRING_SUBSCRIPTION,4,3,1,0,0,129.0,39.0
2026-01,The Addison,Brooklyn Heights Polygon,TRIAL,1,1,0,0,3,105.0,135.0
2026-01,The Addison,Brooklyn Heights Polygon,WARM_LEAD,1,1,0,0,13,55.0,102.0
2026-01,The Bergen,Boerum Hill Polygon,CHURN,2,0,2,0,0,226.0,2.0
2026-01,The Bergen,Boerum Hill Polygon,TRIAL,0,0,0,0,1,,
2026-01,The Bergen,Boerum Hill Polygon,WARM_LEAD,1,0,1,0,0,19.0,
2026-01,The Boulevard,Floating Miami,CHURN,5,3,2,0,0,623.0,60.0
2026-01,The Boulevard,Floating Miami,ON_DEMAND_SUBSCRIPTION,6,1,5,0,3,372.0,60.0
2026-01,The Boulevard,Floating Miami,RECURRING_SUBSCRIPTION,8,4,4,0,5,901.0,85.0
2026-01,The Boulevard,Floating Miami,TRIAL,1,0,1,0,1,113.0,
2026-01,The Buchanan,Floating NY 1,CHURN,1,0,1,0,3,113.0,95.0
2026-01,The Buchanan,Floating NY 1,ON_DEMAND_SUBSCRIPTION,4,2,2,0,0,302.0,21.0
2026-01,The Buchanan,Floating NY 1,RECURRING_SUBSCRIPTION,17,5,12,0,1,1480.95,79.0
2026-01,The Devan,Hoboken Polygon,CHURN,5,3,2,0,5,434.0,38.0
2026-01,The Devan,Hoboken Polygon,FROZEN,0,0,0,0,2,,
2026-01,The Devan,Hoboken Polygon,ON_DEMAND_SUBSCRIPTION,3,3,0,0,1,244.0,114.0
2026-01,The Devan,Hoboken Polygon,RECURRING_SUBSCRIPTION,20,5,15,0,8,2207.0,95.0
2026-01,The Devan,Hoboken Polygon,TRIAL,0,0,0,0,1,,
2026-01,The Dime,Williamsburg Polygon,CHURN,3,3,0,0,2,361.0,151.0
2026-01,The Dime,Williamsburg Polygon,LEAD,1,0,1,0,0,96.0,100.0
2026-01,The Dime,Williamsburg Polygon,ON_DEMAND_SUBSCRIPTION,3,1,2,0,0,373.0,94.0
2026-01,The Dime,Williamsburg Polygon,RECURRING_SUBSCRIPTION,10,7,3,0,2,1090.0,88.0
2026-01,The Dime,Williamsburg Polygon,TRIAL,1,1,0,0,0,61.0,72.0
2026-01,The Dime,Williamsburg Polygon,WARM_LEAD,0,0,0,0,2,,
2026-01,The Eddy,Harrison Polygon,CHURN,0,0,0,0,1,,
2026-01,The Eddy,Harrison Polygon,ON_DEMAND_SUBSCRIPTION,1,0,1,0,0,98.0,98.0
2026-01,The Eddy,Harrison Polygon,RECURRING_SUBSCRIPTION,6,3,3,0,2,737.0,112.0
2026-01,The Eddy,Harrison Polygon,TRIAL,0,0,0,0,1,,
2026-01,The Eddy,Harrison Polygon,WARM_LEAD,0,0,0,0,1,,
2026-01,The Enclave,Hoboken Polygon,CHURN,3,3,0,0,2,303.0,129.0
2026-01,The Enclave,Hoboken Polygon,RECURRING_SUBSCRIPTION,8,7,1,0,3,633.0,73.0
2026-01,The Enclave,Hoboken Polygon,TRIAL,0,0,0,0,1,,
2026-01,The Enclave,Hoboken Polygon,WARM_LEAD,0,0,0,0,1,,
2026-01,The Ivy,Chatham / West Orange Polygon,CHURN,9,7,2,0,6,1130.0,59.0
2026-01,The Ivy,Chatham / West Orange Polygon,ON_DEMAND_SUBSCRIPTION,2,1,1,0,3,283.0,140.0
2026-01,The Ivy,Chatham / West Orange Polygon,RECURRING_SUBSCRIPTION,17,11,6,0,5,2398.0,60.0
2026-01,The Kestrel,Floating NY 2,CHURN,4,1,3,0,7,626.0,42.0
2026-01,The Kestrel,Floating NY 2,ON_DEMAND_SUBSCRIPTION,2,0,2,0,6,99.0,
2026-01,The Kestrel,Floating NY 2,RECURRING_SUBSCRIPTION,3,0,3,0,1,339.0,16.0
2026-01,The Kestrel,Floating NY 2,TRIAL,1,0,1,0,0,176.0,
2026-01,The Kestrel,Floating NY 2,WARM_LEAD,0,0,0,0,1,,
2026-01,The Landing,Brooklyn Heights Polygon,ON_DEMAND_SUBSCRIPTION,4,0,4,0,1,332.0,155.0
2026-01,The Landing,Brooklyn Heights Polygon,RECURRING_SUBSCRIPTION,2,1,1,0,0,342.0,200.0
2026-01,The Landing,Brooklyn Heights Polygon,WARM_LEAD,0,0,0,0,1,,
2026-01,The Landon,Hell's Kitchen Polygon,CHURN,2,0,2,0,1,226.0,146.0
2026-01,The Landon,Hell's Kitchen Polygon,RECURRING_SUBSCRIPTION,3,1,2,0,5,253.0,81.0
2026-01,The Vitagraph,Floating NY 2,CHURN,4,2,2,0,0,568.0,31.0
2026-01,The Vitagraph,Floating NY 2,TRIAL,0,0,0,0,2,,
2026-01,The Vitagraph,Floating NY 2,WARM_LEAD,0,0,0,0,2,,
2026-01,Union Channel ,Boerum Hill Polygon,CHURN,0,0,0,0,1,,
2026-01,Union Channel ,Boerum Hill Polygon,TRIAL,0,0,0,0,1,,
2026-01,Woodside Central,Floating NY 1,CHURN,0,0,0,0,1,,
2026-01,Woodside Central,Floating NY 1,FROZEN,5,3,2,0,5,321.0,73.0
2026-01,Woodside Central,Floating NY 1,ON_DEMAND_SUBSCRIPTION,2,2,0,0,9,226.0,126.0
2026-01,Woodside Central,Floating NY 1,RECURRING_SUBSCRIPTION,9,1,8,0,2,553.0,90.0
2026-01,Woodside Central,Floating NY 1,TRIAL,4,2,2,0,2,364.0,117.0
2026-01,Woodside Central,Floating NY 1,WARM_LEAD,0,0,0,0,4,,
2026-02,100 House,Hoboken Polygon,CHURN,5,0,5,0,1,273.0,71.0
2026-02,100 House,Hoboken Polygon,RECURRING_SUBSCRIPTION,10,3,7,0,0,1437.0,58.0
2026-02,1 Boerum PL,Floating NY 2,CHURN,5,4,1,0,4,397.0,79.0
2026-02,1 Boerum PL,Floating NY 2,RECURRING_SUBSCRIPTION,9,9,0,0,1,844.0,90.0
2026-02,1 Boerum PL,Floating NY 2,WARM_LEAD,0,0,0,0,1,,
2026-02,2000 Biscayne,Edgeater Polygon,CHURN,3,1,2,0,5,357.0,131.0
2026-02,2000 Biscayne,Edgeater Polygon,LEAD,1,1,0,0,0,34.0,
2026-02,2000 Biscayne,Edgeater Polygon,ON_DEMAND_SUBSCRIPTION,7,2,5,0,5,540.0,59.0
2026-02,2000 Biscayne,Edgeater Polygon,RECURRING_SUBSCRIPTION,17,8,9,0,6,2059.0,100.0
2026-02,2000 Biscayne,Edgeater Polygon,TRIAL,3,2,1,0,14,299.0,81.0
2026-02,2000 Biscayne,Edgeater Polygon,WARM_LEAD,2,1,1,0,4,158.0,74.0
2026-02,20 Broad Street,Financial District Polygon,CHURN,10,7,3,0,11,919.0,80.0
2026-02,20 Broad Street,Financial District Polygon,ON_DEMAND_SUBSCRIPTION,14,10,4,0,8,440.0,43.0
2026-02,20 Broad Street,Financial District Polygon,RECURRING_SUBSCRIPTION,31,21,10,0,3,2344.0,80.0
2026-02,20 Broad Street,Financial District Polygon,TRIAL,0,0,0,0,3,,
2026-02,20 Broad Street,Financial District Polygon,WARM_LEAD,0,0,0,0,1,,
2026-02,220 East 72nd Street,Floating NY 2,WARM_LEAD,0,0,0,0,1,,
2026-02,250 E Houston,Floating NY 2,CHURN,1,0,1,0,0,113.0,148.0
2026-02,250 E Houston,Floating NY 2,RECURRING_SUBSCRIPTION,7,4,3,0,1,978.0,152.0
2026-02,250 E Houston,Floating NY 2,TRIAL,0,0,0,0,1,,
2026-02,300 Somerset,Harrison Polygon,CHURN,1,1,0,0,1,28.0,43.0
2026-02,300 Somerset,Harrison Polygon,ON_DEMAND_SUBSCRIPTION,4,3,1,0,4,144.0,51.0
2026-02,300 Somerset,Harrison Polygon,RECURRING_SUBSCRIPTION,4,1,3,0,1,319.0,62.0
2026-02,300 Somerset,Harrison Polygon,TRIAL,1,0,1,0,0,60.0,95.0
2026-02,300 Somerset,Harrison Polygon,WARM_LEAD,2,1,1,0,1,100.0,45.0
2026-02,330 Angelo Cifelli,Harrison Polygon,CHURN,4,2,2,0,7,377.0,86.0
2026-02,330 Angelo Cifelli,Harrison Polygon,ON_DEMAND_SUBSCRIPTION,1,1,0,0,0,56.0,47.0
2026-02,330 Angelo Cifelli,Harrison Polygon,RECURRING_SUBSCRIPTION,16,8,8,0,7,775.0,56.0
2026-02,330W-56th,Hell's Kitchen Polygon,CHURN,3,1,2,0,1,113.0,36.0
2026-02,330W-56th,Hell's Kitchen Polygon,RECURRING_SUBSCRIPTION,12,7,5,0,5,754.0,74.0
2026-02,330W-56th,Hell's Kitchen Polygon,WARM_LEAD,0,0,0,0,1,,
2026-02,345 Baldwin Avenue,Floating Jersey,CHURN,3,3,0,0,0,289.0,41.0
2026-02,345 Baldwin Avenue,Floating Jersey,ON_DEMAND_SUBSCRIPTION,1,0,1,0,2,11.0,43.0
2026-02,345 Baldwin Avenue,Floating Jersey,RECURRING_SUBSCRIPTION,6,3,3,0,0,459.0,26.0
2026-02,345 Baldwin Avenue,Floating Jersey,WARM_LEAD,1,0,1,0,0,142.0,144.0
2026-02,416 Kent Avenue,Williamsburg Polygon,CHURN,0,0,0,0,4,,
2026-02,416 Kent Avenue,Williamsburg Polygon,FROZEN,0,0,0,0,6,,
2026-02,416 Kent Avenue,Williamsburg Polygon,ON_DEMAND_SUBSCRIPTION,1,0,1,0,0,14.0,16.0
2026-02,416 Kent Avenue,Williamsburg Polygon,RECURRING_SUBSCRIPTION,7,4,3,0,3,847.0,121.0
2026-02,416 Kent Avenue,Williamsburg Polygon,TRIAL,0,0,0,0,1,,
2026-02,416 Kent Avenue,Williamsburg Polygon,WARM_LEAD,2,1,1,0,1,163.0,40.0
2026-02,420 Kent Avenue,Williamsburg Polygon,CHURN,2,2,0,0,19,210.0,116.0
2026-02,420 Kent Avenue,Williamsburg Polygon,ON_DEMAND_SUBSCRIPTION,5,3,2,0,2,324.0,74.0
2026-02,420 Kent Avenue,Williamsburg Polygon,RECURRING_SUBSCRIPTION,21,14,7,0,3,1789.0,86.0
2026-02,420 Kent Avenue,Williamsburg Polygon,TRIAL,1,1,0,0,5,28.0,90.0
2026-02,420 Kent Avenue,Williamsburg Polygon,WARM_LEAD,4,1,3,0,0,262.0,51.0
2026-02,535 W 43rd Street,Hell's Kitchen Polygon,CHURN,1,0,1,0,1,118.0,109.0
2026-02,535 W 43rd Street,Hell's Kitchen Polygon,RECURRING_SUBSCRIPTION,3,3,0,0,1,410.0,74.0
2026-02,535 W 43rd Street,Hell's Kitchen Polygon,TRIAL,1,1,0,0,2,118.0,89.0
2026-02,655 Union,Boerum Hill Polygon,CHURN,4,4,0,0,1,321.0,73.0
2026-02,655 Union,Boerum Hill Polygon,ON_DEMAND_SUBSCRIPTION,0,0,0,0,1,,
2026-02,655 Union,Boerum Hill Polygon,RECURRING_SUBSCRIPTION,8,8,0,0,1,901.0,101.0
2026-02,66 Rockwell Place,Brooklyn Heights Polygon,CHURN,2,2,0,0,5,162.0,99.0
2026-02,66 Rockwell Place,Brooklyn Heights Polygon,ON_DEMAND_SUBSCRIPTION,1,0,1,0,0,113.0,65.0
2026-02,66 Rockwell Place,Brooklyn Heights Polygon,RECURRING_SUBSCRIPTION,9,7,2,0,8,679.0,58.0
2026-02,66 Rockwell Place,Brooklyn Heights Polygon,TRIAL,1,1,0,0,1,59.0,65.0
2026-02,Agnes,Floating Jersey,CHURN,0,0,0,0,1,,
2026-02,Agnes,Floating Jersey,ON_DEMAND_SUBSCRIPTION,3,0,3,0,0,148.0,97.0
2026-02,Agnes,Floating Jersey,RECURRING_SUBSCRIPTION,17,13,4,0,9,846.0,54.0
2026-02,Alta,Floating NY 1,CHURN,3,2,1,0,2,246.0,102.0
2026-02,Alta,Floating NY 1,ON_DEMAND_SUBSCRIPTION,5,1,4,0,1,163.0,39.0
2026-02,Alta,Floating NY 1,RECURRING_SUBSCRIPTION,19,15,4,0,8,1773.0,87.0
2026-02,Alta,Floating NY 1,TRIAL,1,0,1,0,3,34.0,38.0
2026-02,Alta,Floating NY 1,WARM_LEAD,1,0,1,0,2,34.0,69.0
2026-02,Azrieli TLV,Unknown,CHURN,32,27,5,0,5,2443.56,90.0
2026-02,Azrieli TLV,Unknown,FROZEN,2,2,0,0,1,107.67,171.0
2026-02,Azrieli TLV,Unknown,ON_DEMAND_SUBSCRIPTION,4,4,0,0,2,151.23,73.0
2026-02,Azrieli TLV,Unknown,RECURRING_SUBSCRIPTION,50,45,5,0,5,4183.84,97.0
2026-02,Azrieli TLV,Unknown,TRIAL,6,6,0,0,3,476.16,116.0
2026-02,Bay Parc Apartments,Edgeater Polygon,CHURN,4,1,3,0,1,548.0,200.0
2026-02,Bay Parc Apartments,Edgeater Polygon,ON_DEMAND_SUBSCRIPTION,5,3,2,0,12,338.0,98.0
2026-02,Bay Parc Apartments,Edgeater Polygon,RECURRING_SUBSCRIPTION,22,10,12,0,16,1901.5,109.0
2026-02,Bay Parc Apartments,Edgeater Polygon,TRIAL,3,1,2,0,2,279.0,88.0
2026-02,Bay Parc Apartments,Edgeater Polygon,WARM_LEAD,4,1,3,0,5,153.0,62.0
2026-02,Biscayne SFR,The Ocean Club Polygon,CHURN,1,0,1,0,0,55.0,
2026-02,Biscayne SFR,Unknown,CHURN,3,0,3,0,0,63.0,18.0
2026-02,Brooklyn Crossing,Boerum Hill Polygon,CHURN,8,3,5,0,14,1094.0,102.0
2026-02,Brooklyn Crossing,Boerum Hill Polygon,ON_DEMAND_SUBSCRIPTION,12,0,12,0,1,696.0,61.0
2026-02,Brooklyn Crossing,Boerum Hill Polygon,RECURRING_SUBSCRIPTION,32,9,23,0,13,3272.0,77.0
2026-02,Brooklyn Crossing,Boerum Hill Polygon,TRIAL,0,0,0,0,3,,
2026-02,Brooklyn Crossing,Boerum Hill Polygon,WARM_LEAD,0,0,0,0,2,,
2026-02,Cape Florida Club Condo Phase,The Ocean Club Polygon,WARM_LEAD,1,0,1,0,0,115.0,
2026-02,Cite On The Bay,Edgeater Polygon,CHURN,2,0,2,0,2,429.0,222.0
2026-02,Cite On The Bay,Edgeater Polygon,TRIAL,2,2,0,0,0,179.0,161.0
2026-02,Club Tower I,The Ocean Club Polygon,WARM_LEAD,0,0,0,0,4,,
2026-02,Dey and Bergen,Harrison Polygon,CHURN,2,0,2,0,0,143.0,62.0
2026-02,Dey and Bergen,Harrison Polygon,ON_DEMAND_SUBSCRIPTION,2,0,2,0,0,109.0,30.0
2026-02,Dey and Bergen,Harrison Polygon,WARM_LEAD,5,2,3,0,0,497.0,81.0
2026-02,Flamingo Point Center Tower,Miami Beach Polygon,CHURN,6,5,1,0,11,1159.0,65.0
2026-02,Flamingo Point Center Tower,Miami Beach Polygon,ON_DEMAND_SUBSCRIPTION,9,4,5,0,19,496.0,56.0
2026-02,Flamingo Point Center Tower,Miami Beach Polygon,RECURRING_SUBSCRIPTION,44,19,25,0,45,5294.0,82.0
2026-02,Flamingo Point Center Tower,Miami Beach Polygon,TRIAL,3,1,2,0,10,333.0,108.0
2026-02,Flamingo Point Center Tower,Miami Beach Polygon,WARM_LEAD,4,0,4,0,6,450.0,81.0
2026-02,Flamingo Point North Tower,Miami Beach Polygon,CHURN,2,2,0,0,16,0.0,33.0
2026-02,Flamingo Point North Tower,Miami Beach Polygon,FROZEN,0,0,0,0,2,,
2026-02,Flamingo Point North Tower,Miami Beach Polygon,ON_DEMAND_SUBSCRIPTION,5,4,1,0,8,170.0,36.0
2026-02,Flamingo Point North Tower,Miami Beach Polygon,RECURRING_SUBSCRIPTION,35,18,17,0,19,4355.0,94.0
2026-02,Flamingo Point North Tower,Miami Beach Polygon,TRIAL,3,2,1,0,1,111.0,48.0
2026-02,Flamingo Point North Tower,Miami Beach Polygon,WARM_LEAD,0,0,0,0,3,,
2026-02,Flamingo South Beach,Miami Beach Polygon,CHURN,6,3,3,0,11,435.0,78.0
2026-02,Flamingo South Beach,Miami Beach Polygon,FROZEN,0,0,0,0,3,,
2026-02,Flamingo South Beach,Miami Beach Polygon,ON_DEMAND_SUBSCRIPTION,5,0,5,0,6,134.0,55.0
2026-02,Flamingo South Beach,Miami Beach Polygon,RECURRING_SUBSCRIPTION,13,4,9,0,10,1304.0,95.0
2026-02,Flamingo South Beach,Miami Beach Polygon,TRIAL,2,1,1,0,2,161.0,90.0
2026-02,Flamingo South Beach,Miami Beach Polygon,WARM_LEAD,3,2,1,0,0,286.0,86.0
2026-02,Gindi 1,Unknown,CHURN,47,41,6,0,5,2346.85,70.0
2026-02,Gindi 1,Unknown,FROZEN,3,3,0,0,3,113.97,82.0
2026-02,Gindi 1,Unknown,ON_DEMAND_SUBSCRIPTION,9,6,3,0,13,529.59,97.0
2026-02,Gindi 1,Unknown,RECURRING_SUBSCRIPTION,24,18,6,0,3,2466.85,143.0
2026-02,Gindi 1,Unknown,TRIAL,2,1,1,0,0,180.82,141.0
2026-02,Gindi 2,Unknown,CHURN,36,29,7,0,3,3022.05,109.0
2026-02,Gindi 2,Unknown,ON_DEMAND_SUBSCRIPTION,7,6,1,0,9,362.74,80.0
2026-02,Gindi 2,Unknown,RECURRING_SUBSCRIPTION,13,11,2,0,1,1455.89,121.0
2026-02,Gindi 2,Unknown,TRIAL,0,0,0,0,2,,
2026-02,Gindi 3,Unknown,CHURN,31,30,1,0,8,2861.45,98.0
2026-02,Gindi 3,Unknown,FROZEN,10,10,0,0,0,1047.12,104.0
2026-02,Gindi 3,Unknown,ON_DEMAND_SUBSCRIPTION,6,6,0,0,3,321.1,79.0
2026-02,Gindi 3,Unknown,RECURRING_SUBSCRIPTION,31,26,5,0,7,3466.3,101.0
2026-02,Gindi 3,Unknown,TRIAL,3,2,1,0,3,349.86,142.0
2026-02,Gindi 4,Unknown,CHURN,34,30,4,0,2,1449.59,76.0
2026-02,Gindi 4,Unknown,FROZEN,6,5,1,0,1,369.32,123.0
2026-02,Gindi 4,Unknown,ON_DEMAND_SUBSCRIPTION,1,1,0,0,0,102.47,163.0
2026-02,Gindi 4,Unknown,RECURRING_SUBSCRIPTION,10,8,2,0,3,642.74,83.0
2026-02,Gindi 4,Unknown,TRIAL,2,1,1,0,1,78.36,77.0
2026-02,Grove Central Residences,Floating Miami,CHURN,6,5,1,0,6,998.0,52.0
2026-02,Grove Central Residences,Floating Miami,ON_DEMAND_SUBSCRIPTION,2,0,2,0,0,226.0,60.0
2026-02,Grove Central Residences,Floating Miami,RECURRING_SUBSCRIPTION,3,2,1,0,2,599.0,
2026-02,Grove Central Residences,Floating Miami,TRIAL,0,0,0,0,1,,
2026-02,HaHehad,Unknown,CHURN,10,10,0,0,8,752.88,109.0
2026-02,HaHehad,Unknown,ON_DEMAND_SUBSCRIPTION,2,1,1,0,0,121.64,92.0
2026-02,HaHehad,Unknown,RECURRING_SUBSCRIPTION,7,4,3,0,0,488.49,64.0
2026-02,HaHehad,Unknown,TRIAL,4,4,0,0,2,177.53,74.0
2026-02,John Street 116,Financial District Polygon,CHURN,2,0,2,0,5,334.0,93.0
2026-02,John Street 116,Financial District Polygon,ON_DEMAND_SUBSCRIPTION,3,3,0,0,2,268.0,131.0
2026-02,John Street 116,Financial District Polygon,RECURRING_SUBSCRIPTION,10,8,2,0,1,978.0,104.0
2026-02,Lake Tower,The Ocean Club Polygon,TRIAL,0,0,0,0,1,,
2026-02,Livana East Hanover,Chatham / West Orange Polygon,CHURN,1,0,1,0,0,186.0,15.0
2026-02,Livana East Hanover,Chatham / West Orange Polygon,FROZEN,0,0,0,0,1,,
2026-02,Livana East Hanover,Chatham / West Orange Polygon,RECURRING_SUBSCRIPTION,7,0,7,0,2,719.0,71.0
2026-02,Livana East Hanover,Chatham / West Orange Polygon,TRIAL,2,1,1,0,2,234.0,88.0
2026-02,Livana East Hanover,Chatham / West Orange Polygon,WARM_LEAD,3,0,3,0,4,154.0,40.0
2026-02,Midtown 5,Floating Miami,CHURN,3,2,1,0,4,448.0,176.0
2026-02,Midtown 5,Floating Miami,ON_DEMAND_SUBSCRIPTION,4,1,3,0,6,109.0,47.0
2026-02,Midtown 5,Floating Miami,RECURRING_SUBSCRIPTION,14,7,7,0,0,1685.0,77.0
2026-02,Midtown 5,Floating Miami,TRIAL,3,2,1,0,8,288.0,115.0
2026-02,Midtown 5,Floating Miami,WARM_LEAD,3,2,1,0,4,235.0,80.0
2026-02,Nine 52,Hell's Kitchen Polygon,RECURRING_SUBSCRIPTION,7,7,0,0,2,983.0,93.0
2026-02,Nine 52,Hell's Kitchen Polygon,TRIAL,0,0,0,0,1,,
2026-02,Oliver on the Hudson,Floating Jersey,CHURN,2,2,0,0,7,187.0,65.0
2026-02,Oliver on the Hudson,Floating Jersey,ON_DEMAND_SUBSCRIPTION,0,0,0,0,2,,
2026-02,Oliver on the Hudson,Floating Jersey,RECURRING_SUBSCRIPTION,6,4,2,0,4,687.0,65.0
2026-02,Oliver on the Hudson,Floating Jersey,TRIAL,0,0,0,0,1,,
2026-02,Oliver on the Hudson,Floating Jersey,WARM_LEAD,0,0,0,0,1,,
2026-02,One Harrison,Harrison Polygon,CHURN,3,2,1,0,1,159.0,62.0
2026-02,One Harrison,Harrison Polygon,LEAD,1,0,1,0,0,121.0,127.0
2026-02,One Harrison,Harrison Polygon,ON_DEMAND_SUBSCRIPTION,0,0,0,0,1,,
2026-02,One Harrison,Harrison Polygon,RECURRING_SUBSCRIPTION,9,3,6,0,3,1052.0,96.0
2026-02,One Harrison,Harrison Polygon,TRIAL,2,0,2,0,2,248.0,102.0
2026-02,One Harrison,Harrison Polygon,WARM_LEAD,2,0,2,0,0,118.0,65.0
2026-02,One Ten,Hoboken Polygon,CHURN,4,1,3,0,2,338.0,82.0
2026-02,One Ten,Hoboken Polygon,ON_DEMAND_SUBSCRIPTION,2,0,2,0,0,70.0,42.0
2026-02,One Ten,Hoboken Polygon,RECURRING_SUBSCRIPTION,11,10,1,0,3,872.0,58.0
2026-02,One Ten,Hoboken Polygon,WARM_LEAD,1,0,1,0,0,87.0,63.0
2026-02,Opera Tower,Edgeater Polygon,RECURRING_SUBSCRIPTION,1,0,1,0,0,202.0,
2026-02,Plank Road,Boerum Hill Polygon,CHURN,5,4,1,0,0,623.0,64.0
2026-02,Plank Road,Boerum Hill Polygon,RECURRING_SUBSCRIPTION,5,4,1,0,1,679.0,120.0
2026-02,Plank Road,Boerum Hill Polygon,TRIAL,2,1,1,0,3,210.0,113.0
2026-02,Quantum on the Bay Condominium,Edgeater Polygon,TRIAL,0,0,0,0,1,,
2026-02,River Place,Hell's Kitchen Polygon,CHURN,9,8,1,0,7,672.0,75.0
2026-02,River Place,Hell's Kitchen Polygon,FREEMIUM,1,1,0,0,1,34.0,34.0
2026-02,River Place,Hell's Kitchen Polygon,ON_DEMAND_SUBSCRIPTION,28,16,12,0,5,1433.0,51.0
2026-02,River Place,Hell's Kitchen Polygon,RECURRING_SUBSCRIPTION,55,35,20,0,52,3469.0,61.0
2026-02,River Place,Hell's Kitchen Polygon,TRIAL,1,1,0,0,4,112.0,111.0
2026-02,River Place,Hell's Kitchen Polygon,WARM_LEAD,0,0,0,0,1,,
2026-02,Rothschild 80,Unknown,CHURN,16,16,0,0,4,2282.4,60.0
2026-02,Rothschild 80,Unknown,FROZEN,4,4,0,0,1,689.32,90.0
2026-02,Rothschild 80,Unknown,WARM_LEAD,0,0,0,0,2,,
2026-02,Silver Towers,Hell's Kitchen Polygon,CHURN,9,7,2,0,20,460.0,51.0
2026-02,Silver Towers,Hell's Kitchen Polygon,FREEMIUM,2,2,0,0,1,274.0,155.0
2026-02,Silver Towers,Hell's Kitchen Polygon,FROZEN,0,0,0,0,1,,
2026-02,Silver Towers,Hell's Kitchen Polygon,LEAD,1,1,0,0,0,170.0,140.0
2026-02,Silver Towers,Hell's Kitchen Polygon,ON_DEMAND_SUBSCRIPTION,32,12,20,0,5,1218.0,38.0
2026-02,Silver Towers,Hell's Kitchen Polygon,RECURRING_SUBSCRIPTION,104,77,27,0,31,9779.5,84.0
2026-02,Silver Towers,Hell's Kitchen Polygon,TRIAL,2,1,1,0,3,274.0,116.0
2026-02,Silver Towers,Hell's Kitchen Polygon,WARM_LEAD,3,2,1,0,10,200.0,84.0
2026-02,Southgate Towers,Miami Beach Polygon,CHURN,3,1,2,0,0,276.0,77.0
2026-02,Southgate Towers,Miami Beach Polygon,LEAD,1,1,0,0,0,84.0,90.0
2026-02,Southgate Towers,Miami Beach Polygon,ON_DEMAND_SUBSCRIPTION,2,0,2,0,0,276.0,
2026-02,Southgate Towers,Miami Beach Polygon,RECURRING_SUBSCRIPTION,5,1,4,0,4,311.0,57.0
2026-02,Southgate Towers,Miami Beach Polygon,TRIAL,3,3,0,0,0,302.0,45.0
2026-02,Southgate Towers,Miami Beach Polygon,WARM_LEAD,3,1,2,0,8,122.0,50.0
2026-02,Stonehill,Chatham / West Orange Polygon,CHURN,3,3,0,0,1,268.0,23.0
2026-02,Stonehill,Chatham / West Orange Polygon,ON_DEMAND_SUBSCRIPTION,2,1,1,0,0,191.0,90.0
2026-02,Stonehill,Chatham / West Orange Polygon,RECURRING_SUBSCRIPTION,6,1,5,0,5,526.0,57.0
2026-02,The Addison,Brooklyn Heights Polygon,CHURN,2,0,2,0,1,232.5,177.0
2026-02,The Addison,Brooklyn Heights Polygon,RECURRING_SUBSCRIPTION,2,2,0,0,1,62.0,40.0
2026-02,The Addison,Brooklyn Heights Polygon,TRIAL,0,0,0,0,1,,
2026-02,The Addison,Brooklyn Heights Polygon,WARM_LEAD,1,0,1,0,4,179.0,255.0
2026-02,The Bergen,Boerum Hill Polygon,CHURN,1,1,0,0,1,118.0,80.0
2026-02,The Bergen,Boerum Hill Polygon,RECURRING_SUBSCRIPTION,1,1,0,0,0,118.0,105.0
2026-02,The Boulevard,Floating Miami,CHURN,4,2,2,0,0,460.0,101.0
2026-02,The Boulevard,Floating Miami,ON_DEMAND_SUBSCRIPTION,5,1,4,0,1,341.0,55.0
2026-02,The Boulevard,Floating Miami,RECURRING_SUBSCRIPTION,14,6,8,0,6,1187.0,78.0
2026-02,The Boulevard,Floating Miami,TRIAL,2,0,2,0,3,237.0,103.0
2026-02,The Boulevard,Floating Miami,WARM_LEAD,1,0,1,0,0,34.0,34.0
2026-02,The Buchanan,Floating NY 1,CHURN,1,1,0,0,2,113.0,105.0
2026-02,The Buchanan,Floating NY 1,ON_DEMAND_SUBSCRIPTION,2,1,1,0,0,117.0,74.0
2026-02,The Buchanan,Floating NY 1,RECURRING_SUBSCRIPTION,19,15,4,0,3,1856.0,82.0
2026-02,The Buchanan,Floating NY 1,WARM_LEAD,2,1,1,0,0,255.0,209.0
2026-02,The Devan,Hoboken Polygon,CHURN,7,5,2,0,6,448.0,59.0
2026-02,The Devan,Hoboken Polygon,FROZEN,0,0,0,0,1,,
2026-02,The Devan,Hoboken Polygon,ON_DEMAND_SUBSCRIPTION,3,0,3,0,2,262.0,4.0
2026-02,The Devan,Hoboken Polygon,RECURRING_SUBSCRIPTION,23,15,8,0,7,2589.0,90.0
2026-02,The Devan,Hoboken Polygon,TRIAL,1,1,0,0,1,47.0,54.0
2026-02,The Dime,Williamsburg Polygon,CHURN,2,2,0,0,3,227.0,119.0
2026-02,The Dime,Williamsburg Polygon,ON_DEMAND_SUBSCRIPTION,2,0,2,0,1,151.0,106.0
2026-02,The Dime,Williamsburg Polygon,RECURRING_SUBSCRIPTION,4,2,2,0,5,460.0,119.0
2026-02,The Dime,Williamsburg Polygon,TRIAL,0,0,0,0,1,,
2026-02,The Dime,Williamsburg Polygon,WARM_LEAD,0,0,0,0,2,,
2026-02,The Eddy,Harrison Polygon,CHURN,2,0,2,0,1,62.0,46.0
2026-02,The Eddy,Harrison Polygon,RECURRING_SUBSCRIPTION,7,3,4,0,3,895.0,97.0
2026-02,The Eddy,Harrison Polygon,TRIAL,0,0,0,0,1,,
2026-02,The Enclave,Hoboken Polygon,CHURN,1,1,0,0,2,109.0,115.0
2026-02,The Enclave,Hoboken Polygon,RECURRING_SUBSCRIPTION,8,5,3,0,4,616.0,70.0
2026-02,The Enclave,Hoboken Polygon,WARM_LEAD,1,0,1,0,1,100.0,136.0
2026-02,The Ivy,Chatham / West Orange Polygon,CHURN,6,5,1,0,5,806.0,79.0
2026-02,The Ivy,Chatham / West Orange Polygon,ON_DEMAND_SUBSCRIPTION,1,1,0,0,3,109.0,
2026-02,The Ivy,Chatham / West Orange Polygon,RECURRING_SUBSCRIPTION,18,11,7,0,2,2425.87,69.0
2026-02,The Kestrel,Floating NY 2,CHURN,6,1,5,0,3,533.0,30.0
2026-02,The Kestrel,Floating NY 2,ON_DEMAND_SUBSCRIPTION,2,0,2,0,2,94.0,29.0
2026-02,The Kestrel,Floating NY 2,RECURRING_SUBSCRIPTION,3,0,3,0,2,226.0,72.0
2026-02,The Kestrel,Floating NY 2,TRIAL,0,0,0,0,1,,
2026-02,The Kestrel,Floating NY 2,WARM_LEAD,1,0,1,0,0,121.0,52.0
2026-02,The Landing,Brooklyn Heights Polygon,ON_DEMAND_SUBSCRIPTION,2,0,2,0,0,346.0,182.0
2026-02,The Landing,Brooklyn Heights Polygon,RECURRING_SUBSCRIPTION,1,0,1,0,1,176.0,199.0
2026-02,The Landing,Brooklyn Heights Polygon,WARM_LEAD,0,0,0,0,1,,
2026-02,The Landon,Hell's Kitchen Polygon,CHURN,1,0,1,0,1,118.0,94.0
2026-02,The Landon,Hell's Kitchen Polygon,LEAD,2,0,2,0,0,85.0,42.0
2026-02,The Landon,Hell's Kitchen Polygon,RECURRING_SUBSCRIPTION,4,1,3,0,2,374.0,59.0
2026-02,The Vitagraph,Floating NY 2,CHURN,2,0,2,0,2,352.0,170.0
2026-02,The Vitagraph,Floating NY 2,TRIAL,1,0,1,0,1,141.0,24.0
2026-02,Union Channel ,Boerum Hill Polygon,CHURN,0,0,0,0,1,,
2026-02,Union Channel ,Boerum Hill Polygon,LEAD,1,1,0,0,0,121.0,107.0
2026-02,Union Channel ,Boerum Hill Polygon,RECURRING_SUBSCRIPTION,2,0,2,0,2,350.0,96.0
2026-02,Union Channel ,Boerum Hill Polygon,TRIAL,0,0,0,0,1,,
2026-02,Watermarc at Biscayne Bay,Edgeater Polygon,TRIAL,1,0,1,0,0,34.0,82.0
2026-02,Watermarc at Biscayne Bay,Edgeater Polygon,WARM_LEAD,3,1,2,0,0,305.0,57.0
2026-02,Waters Edge,Harrison Polygon,CHURN,1,1,0,0,1,110.0,114.0
2026-02,Waters Edge,Harrison Polygon,ON_DEMAND_SUBSCRIPTION,1,1,0,0,0,29.0,32.0
2026-02,Waters Edge,Harrison Polygon,TRIAL,1,1,0,0,0,179.0,174.0
2026-02,Waters Edge,Harrison Polygon,WARM_LEAD,4,1,3,0,0,419.0,101.0
2026-02,Woodside Central,Floating NY 1,CHURN,0,0,0,0,1,,
2026-02,Woodside Central,Floating NY 1,FREEMIUM,2,1,1,0,0,66.0,79.0
2026-02,Woodside Central,Floating NY 1,FROZEN,1,0,1,0,7,31.0,47.0
2026-02,Woodside Central,Floating NY 1,ON_DEMAND_SUBSCRIPTION,0,0,0,0,3,,
2026-02,Woodside Central,Floating NY 1,RECURRING_SUBSCRIPTION,7,1,6,0,0,456.0,93.0
2026-02,Woodside Central,Floating NY 1,TRIAL,0,0,0,0,2,,
2026-02,Woodside Central,Floating NY 1,WARM_LEAD,0,0,0,0,2,,
2026-03,100 House,Hoboken Polygon,CHURN,4,2,2,0,1,559.0,78.0
2026-03,100 House,Hoboken Polygon,ON_DEMAND_SUBSCRIPTION,2,1,1,0,1,209.0,70.0
2026-03,100 House,Hoboken Polygon,RECURRING_SUBSCRIPTION,14,5,9,0,2,1863.0,86.0
2026-03,100 House,Hoboken Polygon,WARM_LEAD,2,0,2,0,1,107.0,65.0
2026-03,1800 North Bayshore Drive,Edgeater Polygon,WARM_LEAD,1,0,1,0,0,84.0,123.0
2026-03,1 Boerum PL,Floating NY 2,CHURN,4,4,0,0,6,296.0,77.0
2026-03,1 Boerum PL,Floating NY 2,ON_DEMAND_SUBSCRIPTION,1,0,1,0,1,117.0,79.0
2026-03,1 Boerum PL,Floating NY 2,RECURRING_SUBSCRIPTION,11,11,0,0,0,1161.0,99.0
2026-03,2000 Biscayne,Edgeater Polygon,CHURN,0,0,0,0,7,,
2026-03,2000 Biscayne,Edgeater Polygon,ON_DEMAND_SUBSCRIPTION,3,1,2,0,6,182.0,65.0
2026-03,2000 Biscayne,Edgeater Polygon,RECURRING_SUBSCRIPTION,16,9,7,0,18,1785.0,76.0
2026-03,2000 Biscayne,Edgeater Polygon,TRIAL,4,2,2,0,17,332.0,50.0
2026-03,2000 Biscayne,Edgeater Polygon,WARM_LEAD,6,3,3,0,4,353.0,62.0
2026-03,2001 Biscayne Boulevard,Edgeater Polygon,ON_DEMAND_SUBSCRIPTION,2,2,0,0,0,132.0,59.0
2026-03,20 Broad Street,Financial District Polygon,CHURN,10,8,2,0,20,981.0,94.0
2026-03,20 Broad Street,Financial District Polygon,ON_DEMAND_SUBSCRIPTION,19,15,4,0,5,795.0,54.0
2026-03,20 Broad Street,Financial District Polygon,RECURRING_SUBSCRIPTION,28,18,10,0,33,2277.0,77.0
2026-03,20 Broad Street,Financial District Polygon,TRIAL,2,0,2,0,5,187.0,139.0
2026-03,20 Broad Street,Financial District Polygon,WARM_LEAD,3,2,1,0,3,436.0,356.0
2026-03,220 East 72nd Street,Floating NY 2,WARM_LEAD,0,0,0,0,2,,
2026-03,250 E Houston,Floating NY 2,CHURN,1,0,1,0,0,113.0,155.0
2026-03,250 E Houston,Floating NY 2,RECURRING_SUBSCRIPTION,7,4,3,0,3,860.0,78.0
2026-03,250 E Houston,Floating NY 2,TRIAL,0,0,0,0,1,,
2026-03,300 Somerset,Harrison Polygon,CHURN,1,1,0,0,2,28.0,30.0
2026-03,300 Somerset,Harrison Polygon,FREEMIUM,1,0,1,0,0,34.0,29.0
2026-03,300 Somerset,Harrison Polygon,ON_DEMAND_SUBSCRIPTION,5,3,2,0,2,119.0,33.0
2026-03,300 Somerset,Harrison Polygon,RECURRING_SUBSCRIPTION,6,2,4,0,4,458.0,65.0
2026-03,300 Somerset,Harrison Polygon,TRIAL,2,0,2,0,1,168.0,105.0
2026-03,300 Somerset,Harrison Polygon,WARM_LEAD,2,0,2,0,0,88.0,59.0
2026-03,330 Angelo Cifelli,Harrison Polygon,CHURN,4,0,4,0,4,500.0,98.0
2026-03,330 Angelo Cifelli,Harrison Polygon,RECURRING_SUBSCRIPTION,22,13,9,0,13,952.0,52.0
2026-03,330 Angelo Cifelli,Harrison Polygon,WARM_LEAD,1,0,1,0,0,34.0,31.0
2026-03,330W-56th,Hell's Kitchen Polygon,CHURN,4,3,1,0,2,112.0,32.0
2026-03,330W-56th,Hell's Kitchen Polygon,FREEMIUM,2,1,1,0,0,220.0,194.0
2026-03,330W-56th,Hell's Kitchen Polygon,RECURRING_SUBSCRIPTION,15,10,5,0,2,836.0,84.0
2026-03,330W-56th,Hell's Kitchen Polygon,WARM_LEAD,1,1,0,0,2,93.0,93.0
2026-03,345 Baldwin Avenue,Floating Jersey,CHURN,2,1,1,0,1,226.0,59.0
2026-03,345 Baldwin Avenue,Floating Jersey,ON_DEMAND_SUBSCRIPTION,1,1,0,0,2,21.0,48.0
2026-03,345 Baldwin Avenue,Floating Jersey,RECURRING_SUBSCRIPTION,5,2,3,0,1,371.0,54.0
2026-03,345 Baldwin Avenue,Floating Jersey,WARM_LEAD,4,0,4,0,0,276.0,51.0
2026-03,416 Kent Avenue,Williamsburg Polygon,CHURN,0,0,0,0,3,,
2026-03,416 Kent Avenue,Williamsburg Polygon,ON_DEMAND_SUBSCRIPTION,4,2,2,0,2,135.0,40.0
2026-03,416 Kent Avenue,Williamsburg Polygon,RECURRING_SUBSCRIPTION,7,4,3,0,2,857.0,132.0
2026-03,416 Kent Avenue,Williamsburg Polygon,WARM_LEAD,2,2,0,0,1,217.0,86.0
2026-03,420 Kent Avenue,Williamsburg Polygon,CHURN,0,0,0,0,15,,
2026-03,420 Kent Avenue,Williamsburg Polygon,ON_DEMAND_SUBSCRIPTION,7,4,3,0,5,396.0,59.0
2026-03,420 Kent Avenue,Williamsburg Polygon,RECURRING_SUBSCRIPTION,27,17,10,0,10,2098.0,91.0
2026-03,420 Kent Avenue,Williamsburg Polygon,TRIAL,2,1,1,0,2,56.0,78.0
2026-03,420 Kent Avenue,Williamsburg Polygon,WARM_LEAD,1,1,0,0,0,61.0,74.0
2026-03,535 W 43rd Street,Hell's Kitchen Polygon,CHURN,1,1,0,0,0,118.0,144.0
2026-03,535 W 43rd Street,Hell's Kitchen Polygon,RECURRING_SUBSCRIPTION,4,3,1,0,1,505.0,94.0
2026-03,535 W 43rd Street,Hell's Kitchen Polygon,TRIAL,1,0,1,0,4,121.0,142.0
2026-03,655 Union,Boerum Hill Polygon,CHURN,1,1,0,0,5,48.0,79.0
2026-03,655 Union,Boerum Hill Polygon,ON_DEMAND_SUBSCRIPTION,1,1,0,0,1,92.0,107.0
2026-03,655 Union,Boerum Hill Polygon,RECURRING_SUBSCRIPTION,22,21,1,0,0,2972.0,95.0
2026-03,655 Union,Boerum Hill Polygon,WARM_LEAD,3,1,2,0,0,363.0,118.0
2026-03,655 Union,Williamsburg Polygon,CHURN,3,2,1,0,0,330.0,114.0
2026-03,66 Rockwell Place,Brooklyn Heights Polygon,CHURN,1,1,0,0,5,63.0,55.0
2026-03,66 Rockwell Place,Brooklyn Heights Polygon,ON_DEMAND_SUBSCRIPTION,0,0,0,0,1,,
2026-03,66 Rockwell Place,Brooklyn Heights Polygon,RECURRING_SUBSCRIPTION,17,9,8,0,3,991.0,54.0
2026-03,66 Rockwell Place,Brooklyn Heights Polygon,TRIAL,1,0,1,0,3,113.0,30.0
2026-03,Agnes,Floating Jersey,CHURN,3,2,1,0,0,272.0,81.0
2026-03,Agnes,Floating Jersey,ON_DEMAND_SUBSCRIPTION,2,1,1,0,0,163.0,93.0
2026-03,Agnes,Floating Jersey,RECURRING_SUBSCRIPTION,8,1,7,0,20,693.0,96.0
2026-03,Agnes,Floating Jersey,WARM_LEAD,0,0,0,0,4,,
2026-03,Alta,Floating NY 1,CHURN,2,2,0,0,4,191.0,95.0
2026-03,Alta,Floating NY 1,ON_DEMAND_SUBSCRIPTION,3,1,2,0,1,180.0,92.0
2026-03,Alta,Floating NY 1,RECURRING_SUBSCRIPTION,23,18,5,0,9,2065.0,79.0
2026-03,Alta,Floating NY 1,TRIAL,1,0,1,0,1,61.0,104.0
2026-03,Alta,Floating NY 1,WARM_LEAD,2,0,2,0,0,148.0,117.0
2026-03,Azrieli TLV,Unknown,CHURN,30,27,3,0,17,2121.92,100.0
2026-03,Azrieli TLV,Unknown,FROZEN,0,0,0,0,3,,
2026-03,Azrieli TLV,Unknown,ON_DEMAND_SUBSCRIPTION,4,3,1,0,2,246.03,89.0
2026-03,Azrieli TLV,Unknown,RECURRING_SUBSCRIPTION,44,40,4,0,27,3682.74,100.0
2026-03,Azrieli TLV,Unknown,TRIAL,3,3,0,0,7,169.59,129.0
2026-03,Bay Parc Apartments,Edgeater Polygon,CHURN,3,3,0,0,5,494.0,136.0
2026-03,Bay Parc Apartments,Edgeater Polygon,ON_DEMAND_SUBSCRIPTION,5,1,4,0,11,160.0,53.0
2026-03,Bay Parc Apartments,Edgeater Polygon,RECURRING_SUBSCRIPTION,31,16,15,0,26,2942.0,88.0
2026-03,Bay Parc Apartments,Edgeater Polygon,TRIAL,4,1,3,0,6,453.0,70.0
2026-03,Bay Parc Apartments,Edgeater Polygon,WARM_LEAD,12,1,11,0,7,574.0,57.0
2026-03,Biscayne SFR,The Ocean Club Polygon,CHURN,3,0,3,0,1,165.0,23.0
2026-03,Biscayne SFR,Unknown,CHURN,3,0,3,0,1,63.0,39.0
2026-03,Brooklyn Crossing,Boerum Hill Polygon,CHURN,6,1,5,0,13,773.0,94.0
2026-03,Brooklyn Crossing,Boerum Hill Polygon,ON_DEMAND_SUBSCRIPTION,12,1,11,0,17,434.5,45.0
2026-03,Brooklyn Crossing,Boerum Hill Polygon,RECURRING_SUBSCRIPTION,41,19,22,0,16,3948.0,82.0
2026-03,Brooklyn Crossing,Boerum Hill Polygon,TRIAL,0,0,0,0,1,,
2026-03,Brooklyn Crossing,Boerum Hill Polygon,WARM_LEAD,3,0,3,0,1,146.0,55.0
2026-03,Cite On The Bay,Edgeater Polygon,CHURN,2,0,2,0,7,426.0,60.0
2026-03,Cite On The Bay,Edgeater Polygon,RECURRING_SUBSCRIPTION,1,0,1,0,0,179.0,60.0
2026-03,Cite On The Bay,Edgeater Polygon,TRIAL,0,0,0,0,2,,
2026-03,Cite On The Bay,Edgeater Polygon,WARM_LEAD,0,0,0,0,1,,
2026-03,Club Tower I,The Ocean Club Polygon,WARM_LEAD,0,0,0,0,5,,
2026-03,Dey and Bergen,Harrison Polygon,CHURN,1,0,1,0,0,92.0,83.0
2026-03,Dey and Bergen,Harrison Polygon,ON_DEMAND_SUBSCRIPTION,2,1,1,0,2,60.0,35.0
2026-03,Dey and Bergen,Harrison Polygon,WARM_LEAD,4,1,3,0,1,400.0,122.0
2026-03,Flamingo Point Center Tower,Miami Beach Polygon,CHURN,8,8,0,0,8,1181.0,26.0
2026-03,Flamingo Point Center Tower,Miami Beach Polygon,FROZEN,4,3,1,0,0,247.0,97.0
2026-03,Flamingo Point Center Tower,Miami Beach Polygon,ON_DEMAND_SUBSCRIPTION,8,4,4,0,27,818.0,81.0
2026-03,Flamingo Point Center Tower,Miami Beach Polygon,RECURRING_SUBSCRIPTION,52,27,25,0,50,5589.0,76.0
2026-03,Flamingo Point Center Tower,Miami Beach Polygon,TRIAL,3,0,3,0,9,230.0,88.0
2026-03,Flamingo Point Center Tower,Miami Beach Polygon,WARM_LEAD,6,0,6,0,5,772.0,120.0
2026-03,Flamingo Point North Tower,Miami Beach Polygon,CHURN,0,0,0,0,8,,
2026-03,Flamingo Point North Tower,Miami Beach Polygon,ON_DEMAND_SUBSCRIPTION,4,3,1,0,10,181.0,49.0
2026-03,Flamingo Point North Tower,Miami Beach Polygon,RECURRING_SUBSCRIPTION,39,18,21,0,35,4299.0,67.0
2026-03,Flamingo Point North Tower,Miami Beach Polygon,TRIAL,0,0,0,0,2,,
2026-03,Flamingo Point North Tower,Miami Beach Polygon,WARM_LEAD,1,1,0,0,3,121.0,132.0
2026-03,Flamingo South Beach,Miami Beach Polygon,CHURN,10,4,6,0,9,692.0,70.0
2026-03,Flamingo South Beach,Miami Beach Polygon,ON_DEMAND_SUBSCRIPTION,1,0,1,0,8,31.0,27.0
2026-03,Flamingo South Beach,Miami Beach Polygon,RECURRING_SUBSCRIPTION,14,3,11,0,16,1626.0,87.0
2026-03,Flamingo South Beach,Miami Beach Polygon,TRIAL,2,0,2,0,1,128.0,100.0
2026-03,Flamingo South Beach,Miami Beach Polygon,WARM_LEAD,5,2,3,0,4,488.0,110.0
2026-03,Gindi 1,Unknown,CHURN,33,30,3,0,25,1735.34,84.0
2026-03,Gindi 1,Unknown,FROZEN,0,0,0,0,6,,
2026-03,Gindi 1,Unknown,ON_DEMAND_SUBSCRIPTION,7,1,6,0,2,229.32,45.0
2026-03,Gindi 1,Unknown,RECURRING_SUBSCRIPTION,22,20,2,0,16,2110.14,130.0
2026-03,Gindi 1,Unknown,TRIAL,2,2,0,0,6,140.27,106.0
2026-03,Gindi 2,Unknown,CHURN,27,24,3,0,31,2150.41,116.0
2026-03,Gindi 2,Unknown,ON_DEMAND_SUBSCRIPTION,1,0,1,0,7,34.79,
2026-03,Gindi 2,Unknown,RECURRING_SUBSCRIPTION,14,11,3,0,5,1519.18,143.0
2026-03,Gindi 2,Unknown,TRIAL,1,1,0,0,4,76.99,142.0
2026-03,Gindi 3,Unknown,CHURN,21,21,0,0,26,2109.67,93.0
2026-03,Gindi 3,Unknown,FROZEN,7,7,0,0,7,518.36,110.0
2026-03,Gindi 3,Unknown,ON_DEMAND_SUBSCRIPTION,9,9,0,0,0,494.25,83.0
2026-03,Gindi 3,Unknown,RECURRING_SUBSCRIPTION,34,29,5,0,17,3760.0,114.0
2026-03,Gindi 3,Unknown,TRIAL,3,3,0,0,2,349.86,169.0
2026-03,Gindi 4,Unknown,CHURN,20,17,3,0,28,1471.78,94.0
2026-03,Gindi 4,Unknown,FROZEN,0,0,0,0,7,,
2026-03,Gindi 4,Unknown,RECURRING_SUBSCRIPTION,9,8,1,0,4,669.86,83.0
2026-03,Gindi 4,Unknown,TRIAL,1,1,0,0,2,97.81,
2026-03,Grove Central Residences,Floating Miami,CHURN,7,6,1,0,7,1194.0,20.0
2026-03,Grove Central Residences,Floating Miami,ON_DEMAND_SUBSCRIPTION,1,1,0,0,2,118.0,
2026-03,Grove Central Residences,Floating Miami,RECURRING_SUBSCRIPTION,5,2,3,0,3,806.0,45.0
2026-03,Grove Central Residences,Floating Miami,TRIAL,1,1,0,0,1,147.0,
2026-03,Grove Central Residences,Floating Miami,WARM_LEAD,1,0,1,0,0,19.0,25.0
2026-03,HaHehad,Unknown,CHURN,6,6,0,0,14,431.23,110.0
2026-03,HaHehad,Unknown,ON_DEMAND_SUBSCRIPTION,2,2,0,0,0,130.41,84.0
2026-03,HaHehad,Unknown,RECURRING_SUBSCRIPTION,7,5,2,0,4,441.1,94.0
2026-03,HaHehad,Unknown,TRIAL,5,5,0,0,3,251.78,81.0
2026-03,John Street 116,Financial District Polygon,CHURN,3,1,2,0,4,385.0,75.0
2026-03,John Street 116,Financial District Polygon,ON_DEMAND_SUBSCRIPTION,5,5,0,0,3,303.5,50.0
2026-03,John Street 116,Financial District Polygon,RECURRING_SUBSCRIPTION,11,8,3,0,1,1025.0,101.0
2026-03,John Street 116,Financial District Polygon,TRIAL,1,0,1,0,2,104.0,137.0
2026-03,Key Colony 3 Emeraldbay,The Ocean Club Polygon,WARM_LEAD,1,1,0,0,0,54.0,
2026-03,Lake Tower,The Ocean Club Polygon,TRIAL,0,0,0,0,3,,
2026-03,Livana East Hanover,Chatham / West Orange Polygon,CHURN,1,0,1,0,2,186.0,166.0
2026-03,Livana East Hanover,Chatham / West Orange Polygon,FROZEN,0,0,0,0,1,,
2026-03,Livana East Hanover,Chatham / West Orange Polygon,RECURRING_SUBSCRIPTION,8,2,6,0,2,1211.0,132.0
2026-03,Livana East Hanover,Chatham / West Orange Polygon,TRIAL,0,0,0,0,5,,
2026-03,Livana East Hanover,Chatham / West Orange Polygon,WARM_LEAD,5,2,3,0,4,232.0,54.0
2026-03,Midtown 5,Floating Miami,CHURN,4,3,1,0,1,543.0,115.0
2026-03,Midtown 5,Floating Miami,ON_DEMAND_SUBSCRIPTION,6,2,4,0,8,208.0,37.0
2026-03,Midtown 5,Floating Miami,RECURRING_SUBSCRIPTION,22,16,6,0,5,1729.0,66.0
2026-03,Midtown 5,Floating Miami,TRIAL,0,0,0,0,8,,
2026-03,Midtown 5,Floating Miami,WARM_LEAD,0,0,0,0,3,,
2026-03,Nine 52,Hell's Kitchen Polygon,RECURRING_SUBSCRIPTION,12,8,4,0,1,1605.0,112.0
2026-03,Nine 52,Hell's Kitchen Polygon,TRIAL,0,0,0,0,1,,
2026-03,Oliver on the Hudson,Floating Jersey,CHURN,0,0,0,0,6,,
2026-03,Oliver on the Hudson,Floating Jersey,ON_DEMAND_SUBSCRIPTION,7,1,6,0,5,916.0,86.0
2026-03,Oliver on the Hudson,Floating Jersey,RECURRING_SUBSCRIPTION,9,6,3,0,8,1029.0,83.0
2026-03,Oliver on the Hudson,Floating Jersey,TRIAL,1,0,1,0,1,118.0,110.0
2026-03,Oliver on the Hudson,Floating Jersey,WARM_LEAD,4,2,2,0,2,355.0,62.0
2026-03,One Harrison,Harrison Polygon,CHURN,4,1,3,0,1,249.0,71.0
2026-03,One Harrison,Harrison Polygon,ON_DEMAND_SUBSCRIPTION,0,0,0,0,1,,
2026-03,One Harrison,Harrison Polygon,RECURRING_SUBSCRIPTION,7,2,5,0,16,727.0,109.0
2026-03,One Harrison,Harrison Polygon,TRIAL,1,0,1,0,3,29.0,45.0
2026-03,One Harrison,Harrison Polygon,WARM_LEAD,8,3,5,0,2,620.0,74.0
2026-03,One Ten,Hoboken Polygon,CHURN,5,1,4,0,3,199.0,56.0
2026-03,One Ten,Hoboken Polygon,ON_DEMAND_SUBSCRIPTION,2,2,0,0,0,125.0,63.0
2026-03,One Ten,Hoboken Polygon,RECURRING_SUBSCRIPTION,26,20,6,0,12,1199.0,52.0
2026-03,One Ten,Hoboken Polygon,TRIAL,1,0,1,0,0,60.0,58.0
2026-03,One Ten,Hoboken Polygon,WARM_LEAD,2,0,2,0,0,68.0,32.0
2026-03,Opera Tower,Edgeater Polygon,RECURRING_SUBSCRIPTION,0,0,0,0,1,,
2026-03,Plank Road,Boerum Hill Polygon,CHURN,5,5,0,0,0,623.0,73.0
2026-03,Plank Road,Boerum Hill Polygon,RECURRING_SUBSCRIPTION,6,4,2,0,0,830.0,110.0
2026-03,Plank Road,Boerum Hill Polygon,TRIAL,2,0,2,0,3,170.0,54.0
2026-03,Quantum on the Bay Condominium,Edgeater Polygon,WARM_LEAD,2,1,1,0,2,121.0,48.0
2026-03,River Place,Hell's Kitchen Polygon,CHURN,4,4,0,0,9,320.0,69.0
2026-03,River Place,Hell's Kitchen Polygon,FREEMIUM,1,1,0,0,0,31.0,12.0
2026-03,River Place,Hell's Kitchen Polygon,ON_DEMAND_SUBSCRIPTION,26,10,16,0,5,1009.0,44.0
2026-03,River Place,Hell's Kitchen Polygon,RECURRING_SUBSCRIPTION,71,50,21,0,82,4707.0,70.0
2026-03,River Place,Hell's Kitchen Polygon,TRIAL,5,3,2,0,5,440.0,88.0
2026-03,River Place,Hell's Kitchen Polygon,WARM_LEAD,1,0,1,0,10,34.0,32.0
2026-03,Rothschild 80,Unknown,CHURN,19,17,2,0,10,2501.37,71.0
2026-03,Rothschild 80,Unknown,FROZEN,4,4,0,0,2,689.32,90.0
2026-03,Silver Towers,Hell's Kitchen Polygon,CHURN,5,3,2,0,21,266.0,60.0
2026-03,Silver Towers,Hell's Kitchen Polygon,FREEMIUM,5,2,3,0,0,579.0,90.0
2026-03,Silver Towers,Hell's Kitchen Polygon,FROZEN,1,1,0,0,0,57.0,67.0
2026-03,Silver Towers,Hell's Kitchen Polygon,ON_DEMAND_SUBSCRIPTION,34,6,28,0,17,1286.0,38.0
2026-03,Silver Towers,Hell's Kitchen Polygon,RECURRING_SUBSCRIPTION,124,96,28,0,56,10802.0,84.0
2026-03,Silver Towers,Hell's Kitchen Polygon,TRIAL,3,1,2,0,5,314.0,143.0
2026-03,Silver Towers,Hell's Kitchen Polygon,WARM_LEAD,6,4,2,0,5,283.0,51.0
2026-03,Southgate Towers,Miami Beach Polygon,CHURN,7,3,4,0,6,674.0,67.0
2026-03,Southgate Towers,Miami Beach Polygon,ON_DEMAND_SUBSCRIPTION,2,0,2,0,1,154.0,9.0
2026-03,Southgate Towers,Miami Beach Polygon,RECURRING_SUBSCRIPTION,7,6,1,0,5,659.0,52.0
2026-03,Southgate Towers,Miami Beach Polygon,TRIAL,2,0,2,0,4,259.0,60.0
2026-03,Southgate Towers,Miami Beach Polygon,WARM_LEAD,9,3,6,0,11,691.0,73.0
2026-03,Stonehill,Chatham / West Orange Polygon,CHURN,2,2,0,0,3,219.0,55.0
2026-03,Stonehill,Chatham / West Orange Polygon,ON_DEMAND_SUBSCRIPTION,2,2,0,0,2,108.0,55.0
2026-03,Stonehill,Chatham / West Orange Polygon,RECURRING_SUBSCRIPTION,12,4,8,0,3,1213.0,79.0
2026-03,Stonehill,Chatham / West Orange Polygon,WARM_LEAD,0,0,0,0,1,,
2026-03,The Addison,Brooklyn Heights Polygon,CHURN,1,0,1,0,3,176.0,192.0
2026-03,The Addison,Brooklyn Heights Polygon,RECURRING_SUBSCRIPTION,2,1,1,0,1,62.0,34.0
2026-03,The Addison,Brooklyn Heights Polygon,TRIAL,1,1,0,0,1,0.0,326.0
2026-03,The Addison,Brooklyn Heights Polygon,WARM_LEAD,1,0,1,0,3,50.0,83.0
2026-03,The Bergen,Boerum Hill Polygon,CHURN,0,0,0,0,2,,
2026-03,The Bergen,Boerum Hill Polygon,RECURRING_SUBSCRIPTION,0,0,0,0,1,,
2026-03,The Boulevard,Floating Miami,CHURN,3,2,1,0,4,469.0,103.0
2026-03,The Boulevard,Floating Miami,ON_DEMAND_SUBSCRIPTION,3,1,2,0,3,255.0,63.0
2026-03,The Boulevard,Floating Miami,RECURRING_SUBSCRIPTION,12,9,3,0,5,1469.0,92.0
2026-03,The Boulevard,Floating Miami,TRIAL,1,0,1,0,3,34.0,44.0
2026-03,The Boulevard,Floating Miami,WARM_LEAD,3,1,2,0,0,333.0,97.0
2026-03,The Buchanan,Floating NY 1,CHURN,1,1,0,0,2,113.0,143.0
2026-03,The Buchanan,Floating NY 1,RECURRING_SUBSCRIPTION,21,15,6,0,6,1931.0,86.0
2026-03,The Buchanan,Floating NY 1,TRIAL,1,0,1,0,0,34.0,48.0
2026-03,The Buchanan,Floating NY 1,WARM_LEAD,1,0,1,0,0,90.0,51.0
2026-03,The Devan,Hoboken Polygon,CHURN,1,1,0,0,8,48.0,64.0
2026-03,The Devan,Hoboken Polygon,ON_DEMAND_SUBSCRIPTION,3,2,1,0,2,460.0,17.0
2026-03,The Devan,Hoboken Polygon,RECURRING_SUBSCRIPTION,28,16,12,0,3,3271.0,99.0
2026-03,The Devan,Hoboken Polygon,TRIAL,1,1,0,0,2,61.0,113.0
2026-03,The Devan,Hoboken Polygon,WARM_LEAD,1,0,1,0,5,57.0,16.0
2026-03,The Dime,Williamsburg Polygon,CHURN,1,1,0,0,3,54.0,50.0
2026-03,The Dime,Williamsburg Polygon,ON_DEMAND_SUBSCRIPTION,0,0,0,0,2,,
2026-03,The Dime,Williamsburg Polygon,RECURRING_SUBSCRIPTION,8,3,5,0,2,1081.0,124.0
2026-03,The Dime,Williamsburg Polygon,TRIAL,1,1,0,0,0,66.0,67.0
2026-03,The Eddy,Harrison Polygon,CHURN,1,0,1,0,2,18.0,24.0
2026-03,The Eddy,Harrison Polygon,ON_DEMAND_SUBSCRIPTION,1,1,0,0,0,48.0,101.0
2026-03,The Eddy,Harrison Polygon,RECURRING_SUBSCRIPTION,11,3,8,0,0,1178.0,74.0
2026-03,The Eddy,Harrison Polygon,TRIAL,1,0,1,0,3,107.0,136.0
2026-03,The Eddy,Harrison Polygon,WARM_LEAD,3,1,2,0,0,208.0,87.0
2026-03,The Enclave,Hoboken Polygon,CHURN,0,0,0,0,3,,
2026-03,The Enclave,Hoboken Polygon,FREEMIUM,2,0,2,0,0,52.0,33.0
2026-03,The Enclave,Hoboken Polygon,RECURRING_SUBSCRIPTION,8,5,3,0,4,788.0,93.0
2026-03,The Enclave,Hoboken Polygon,WARM_LEAD,0,0,0,0,1,,
2026-03,The Ivy,Chatham / West Orange Polygon,CHURN,6,4,2,0,4,819.0,104.0
2026-03,The Ivy,Chatham / West Orange Polygon,ON_DEMAND_SUBSCRIPTION,2,1,1,0,1,291.0,104.0
2026-03,The Ivy,Chatham / West Orange Polygon,RECURRING_SUBSCRIPTION,20,15,5,0,2,2819.0,70.0
2026-03,The Ivy,Chatham / West Orange Polygon,WARM_LEAD,1,1,0,0,0,170.0,136.0
2026-03,The Kestrel,Floating NY 2,CHURN,3,0,3,0,3,220.0,80.0
2026-03,The Kestrel,Floating NY 2,ON_DEMAND_SUBSCRIPTION,2,0,2,0,1,143.0,
2026-03,The Kestrel,Floating NY 2,RECURRING_SUBSCRIPTION,1,0,1,0,2,113.0,45.0
2026-03,The Kestrel,Floating NY 2,TRIAL,0,0,0,0,1,,
2026-03,The Landing,Brooklyn Heights Polygon,ON_DEMAND_SUBSCRIPTION,2,1,1,0,0,346.0,163.0
2026-03,The Landing,Brooklyn Heights Polygon,RECURRING_SUBSCRIPTION,1,0,1,0,0,176.0,190.0
2026-03,The Landing,Brooklyn Heights Polygon,WARM_LEAD,2,0,2,0,1,161.0,92.0
2026-03,The Landon,Hell's Kitchen Polygon,CHURN,2,0,2,0,0,236.0,130.0
2026-03,The Landon,Hell's Kitchen Polygon,RECURRING_SUBSCRIPTION,5,3,2,0,0,484.0,79.0
2026-03,The Vitagraph,Floating NY 2,CHURN,2,0,2,0,2,352.0,90.0
2026-03,The Vitagraph,Floating NY 2,TRIAL,0,0,0,0,1,,
2026-03,Union Channel ,Boerum Hill Polygon,RECURRING_SUBSCRIPTION,2,0,2,0,2,352.0,114.0
2026-03,Union Channel ,Boerum Hill Polygon,TRIAL,2,0,2,0,3,88.0,41.0
2026-03,Watermarc at Biscayne Bay,Edgeater Polygon,CHURN,1,0,1,0,0,118.0,256.0
2026-03,Watermarc at Biscayne Bay,Edgeater Polygon,RECURRING_SUBSCRIPTION,1,0,1,0,0,89.0,
2026-03,Watermarc at Biscayne Bay,Edgeater Polygon,TRIAL,2,0,2,0,0,100.0,107.0
2026-03,Watermarc at Biscayne Bay,Edgeater Polygon,WARM_LEAD,4,2,2,0,7,351.0,158.0
2026-03,Waters Edge,Harrison Polygon,CHURN,2,2,0,0,0,127.0,65.0
2026-03,Woodside Central,Floating NY 1,CHURN,0,0,0,0,1,,
2026-03,Woodside Central,Floating NY 1,FROZEN,0,0,0,0,4,,
2026-03,Woodside Central,Floating NY 1,ON_DEMAND_SUBSCRIPTION,4,2,2,0,3,467.0,137.0
2026-03,Woodside Central,Floating NY 1,RECURRING_SUBSCRIPTION,6,3,3,0,2,428.0,82.0
2026-03,Woodside Central,Floating NY 1,TRIAL,2,2,0,0,1,113.0,138.0
2026-03,Woodside Central,Floating NY 1,WARM_LEAD,1,1,0,0,2,34.0,47.0
2026-04,100 House,Hoboken Polygon,CHURN,0,0,0,0,5,,
2026-04,100 House,Hoboken Polygon,ON_DEMAND_SUBSCRIPTION,1,1,0,0,1,105.0,107.0
2026-04,100 House,Hoboken Polygon,RECURRING_SUBSCRIPTION,15,12,3,0,4,1727.0,68.0
2026-04,100 House,Hoboken Polygon,WARM_LEAD,5,1,4,0,0,454.0,98.0
2026-04,1800 Club,Edgeater Polygon,TRIAL,2,2,0,0,0,183.0,75.0
2026-04,1800 North Bayshore Drive,Edgeater Polygon,RECURRING_SUBSCRIPTION,1,1,0,0,0,0.0,46.0
2026-04,1800 North Bayshore Drive,Edgeater Polygon,TRIAL,3,2,1,0,0,143.0,44.0
2026-04,1800 North Bayshore Drive,Edgeater Polygon,WARM_LEAD,1,0,1,0,1,0.0,52.0
2026-04,1 Boerum PL,Floating NY 2,CHURN,2,2,0,0,6,121.0,75.0
2026-04,1 Boerum PL,Floating NY 2,ON_DEMAND_SUBSCRIPTION,2,0,2,0,0,234.0,124.0
2026-04,1 Boerum PL,Floating NY 2,RECURRING_SUBSCRIPTION,11,11,0,0,1,955.0,94.0
2026-04,1 Boerum PL,Floating NY 2,TRIAL,1,1,0,0,0,202.0,
2026-04,1 River Place,Hell's Kitchen Polygon,RECURRING_SUBSCRIPTION,2,1,1,0,0,276.0,156.0
2026-04,2000 Biscayne,Edgeater Polygon,CHURN,0,0,0,0,4,,
2026-04,2000 Biscayne,Edgeater Polygon,ON_DEMAND_SUBSCRIPTION,3,1,2,0,8,200.0,35.0
2026-04,2000 Biscayne,Edgeater Polygon,RECURRING_SUBSCRIPTION,17,8,9,0,34,1853.0,99.0
2026-04,2000 Biscayne,Edgeater Polygon,TRIAL,3,1,2,0,8,358.0,66.0
2026-04,2000 Biscayne,Edgeater Polygon,WARM_LEAD,4,3,1,0,0,314.0,60.0
2026-04,2001 Biscayne Boulevard,Edgeater Polygon,ON_DEMAND_SUBSCRIPTION,0,0,0,0,3,,
2026-04,20 Broad Street,Financial District Polygon,CHURN,2,2,0,0,13,119.0,140.0
2026-04,20 Broad Street,Financial District Polygon,ON_DEMAND_SUBSCRIPTION,16,13,3,0,10,829.0,61.0
2026-04,20 Broad Street,Financial District Polygon,RECURRING_SUBSCRIPTION,23,15,8,0,35,1945.0,90.0
2026-04,20 Broad Street,Financial District Polygon,TRIAL,8,3,5,0,7,303.0,40.0
2026-04,20 Broad Street,Financial District Polygon,WARM_LEAD,4,1,3,0,5,210.0,118.0
2026-04,22 Skyview Apartments,Edgeater Polygon,WARM_LEAD,1,0,1,0,0,0.0,34.0
2026-04,250 E Houston,Floating NY 2,CHURN,0,0,0,0,1,,
2026-04,250 E Houston,Floating NY 2,RECURRING_SUBSCRIPTION,7,4,3,0,6,1028.0,128.0
2026-04,250 E Houston,Floating NY 2,TRIAL,1,0,1,0,4,121.0,131.0
2026-04,300 Somerset,Harrison Polygon,CHURN,1,1,0,0,1,28.0,42.0
2026-04,300 Somerset,Harrison Polygon,FREEMIUM,1,0,1,0,0,44.0,51.0
2026-04,300 Somerset,Harrison Polygon,ON_DEMAND_SUBSCRIPTION,5,4,1,0,0,173.0,45.0
2026-04,300 Somerset,Harrison Polygon,RECURRING_SUBSCRIPTION,8,6,2,0,5,566.0,53.0
2026-04,300 Somerset,Harrison Polygon,TRIAL,0,0,0,0,2,,
2026-04,300 Somerset,Harrison Polygon,WARM_LEAD,5,2,3,0,0,345.0,79.0
2026-04,330 Angelo Cifelli,Harrison Polygon,CHURN,2,0,2,0,7,250.0,99.0
2026-04,330 Angelo Cifelli,Harrison Polygon,ON_DEMAND_SUBSCRIPTION,2,1,1,0,1,31.0,63.0
2026-04,330 Angelo Cifelli,Harrison Polygon,RECURRING_SUBSCRIPTION,23,17,6,0,1,1019.0,50.0
2026-04,330 Angelo Cifelli,Harrison Polygon,WARM_LEAD,2,2,0,0,0,68.0,44.0
2026-04,330W-56th,Hell's Kitchen Polygon,RECURRING_SUBSCRIPTION,11,10,1,0,5,726.0,72.0
2026-04,345 Baldwin Avenue,Floating Jersey,CHURN,0,0,0,0,4,,
2026-04,345 Baldwin Avenue,Floating Jersey,RECURRING_SUBSCRIPTION,4,2,2,0,3,283.0,58.0
2026-04,345 Baldwin Avenue,Floating Jersey,TRIAL,1,0,1,0,1,89.0,127.0
2026-04,345 Baldwin Avenue,Floating Jersey,WARM_LEAD,2,1,1,0,0,120.0,66.0
2026-04,416 Kent Avenue,Williamsburg Polygon,CHURN,0,0,0,0,2,,
2026-04,416 Kent Avenue,Williamsburg Polygon,ON_DEMAND_SUBSCRIPTION,1,0,1,0,2,58.0,62.0
2026-04,416 Kent Avenue,Williamsburg Polygon,RECURRING_SUBSCRIPTION,9,5,4,0,3,1129.0,127.0
2026-04,416 Kent Avenue,Williamsburg Polygon,WARM_LEAD,1,1,0,0,0,97.0,74.0
2026-04,420 Kent Avenue,Williamsburg Polygon,CHURN,0,0,0,0,8,,
2026-04,420 Kent Avenue,Williamsburg Polygon,ON_DEMAND_SUBSCRIPTION,6,4,2,0,2,564.0,92.0
2026-04,420 Kent Avenue,Williamsburg Polygon,RECURRING_SUBSCRIPTION,29,16,13,0,8,2030.0,90.0
2026-04,420 Kent Avenue,Williamsburg Polygon,TRIAL,2,2,0,0,2,146.0,98.0
2026-04,420 Kent Avenue,Williamsburg Polygon,WARM_LEAD,3,1,2,0,0,355.0,105.0
2026-04,535 W 43rd Street,Hell's Kitchen Polygon,CHURN,0,0,0,0,1,,
2026-04,535 W 43rd Street,Hell's Kitchen Polygon,RECURRING_SUBSCRIPTION,7,3,4,0,3,989.0,64.0
2026-04,535 W 43rd Street,Hell's Kitchen Polygon,TRIAL,1,0,1,0,1,40.0,35.0
2026-04,655 Union,Boerum Hill Polygon,CHURN,0,0,0,0,5,,
2026-04,655 Union,Boerum Hill Polygon,ON_DEMAND_SUBSCRIPTION,0,0,0,0,1,,
2026-04,655 Union,Boerum Hill Polygon,RECURRING_SUBSCRIPTION,27,26,1,0,1,3312.0,90.0
2026-04,655 Union,Boerum Hill Polygon,WARM_LEAD,1,1,0,0,0,121.0,165.0
2026-04,655 Union,Williamsburg Polygon,CHURN,3,2,1,0,0,262.0,139.0
2026-04,66 Rockwell Place,Brooklyn Heights Polygon,CHURN,1,1,0,0,2,73.0,
2026-04,66 Rockwell Place,Brooklyn Heights Polygon,ON_DEMAND_SUBSCRIPTION,1,0,1,0,0,113.0,39.0
2026-04,66 Rockwell Place,Brooklyn Heights Polygon,RECURRING_SUBSCRIPTION,19,14,5,0,3,1350.0,85.0
2026-04,66 Rockwell Place,Brooklyn Heights Polygon,TRIAL,0,0,0,0,3,,
2026-04,66 Rockwell Place,Brooklyn Heights Polygon,WARM_LEAD,1,0,1,0,0,121.0,191.0
2026-04,Agnes,Floating Jersey,CHURN,0,0,0,0,1,,
2026-04,Agnes,Floating Jersey,ON_DEMAND_SUBSCRIPTION,4,1,3,0,1,224.0,94.0
2026-04,Agnes,Floating Jersey,RECURRING_SUBSCRIPTION,5,4,1,0,12,496.0,121.0
2026-04,Agnes,Floating Jersey,TRIAL,1,1,0,0,0,53.0,15.0
2026-04,Agnes,Floating Jersey,WARM_LEAD,1,0,1,0,3,121.0,110.0
2026-04,Alta,Floating NY 1,CHURN,0,0,0,0,4,,
2026-04,Alta,Floating NY 1,ON_DEMAND_SUBSCRIPTION,1,0,1,0,1,31.0,
2026-04,Alta,Floating NY 1,RECURRING_SUBSCRIPTION,23,16,7,0,3,2139.0,72.0
2026-04,Alta,Floating NY 1,TRIAL,1,0,1,0,0,113.0,
2026-04,Alta,Floating NY 1,WARM_LEAD,2,0,2,0,2,109.0,51.0
2026-04,Aria on the Bay Condominium Association  INC,Edgeater Polygon,WARM_LEAD,0,0,0,0,2,,
2026-04,Azrieli TLV,Unknown,CHURN,20,20,0,0,17,1668.49,90.0
2026-04,Azrieli TLV,Unknown,FROZEN,0,0,0,0,3,,
2026-04,Azrieli TLV,Unknown,ON_DEMAND_SUBSCRIPTION,3,3,0,0,2,174.79,69.0
2026-04,Azrieli TLV,Unknown,RECURRING_SUBSCRIPTION,43,39,4,0,21,4335.07,102.0
2026-04,Azrieli TLV,Unknown,TRIAL,3,3,0,0,8,196.99,104.0
2026-04,Azrieli TLV,Unknown,WARM_LEAD,1,0,1,0,1,99.45,
2026-04,Bay Parc Apartments,Edgeater Polygon,CHURN,1,1,0,0,8,159.0,
2026-04,Bay Parc Apartments,Edgeater Polygon,ON_DEMAND_SUBSCRIPTION,4,3,1,0,5,196.0,40.0
2026-04,Bay Parc Apartments,Edgeater Polygon,RECURRING_SUBSCRIPTION,27,14,13,0,49,2702.0,69.0
2026-04,Bay Parc Apartments,Edgeater Polygon,TRIAL,6,5,1,0,1,233.0,65.0
2026-04,Bay Parc Apartments,Edgeater Polygon,WARM_LEAD,8,3,5,0,2,331.0,69.0
2026-04,Biscayne SFR,The Ocean Club Polygon,CHURN,0,0,0,0,5,,
2026-04,Biscayne SFR,Unknown,CHURN,0,0,0,0,5,,
2026-04,Brooklyn Crossing,Boerum Hill Polygon,CHURN,1,1,0,0,12,113.0,30.0
2026-04,Brooklyn Crossing,Boerum Hill Polygon,ON_DEMAND_SUBSCRIPTION,14,2,12,0,11,504.0,52.0
2026-04,Brooklyn Crossing,Boerum Hill Polygon,RECURRING_SUBSCRIPTION,34,15,19,0,23,3118.0,78.0
2026-04,Brooklyn Crossing,Boerum Hill Polygon,TRIAL,1,0,1,0,0,121.0,151.0
2026-04,Brooklyn Crossing,Boerum Hill Polygon,WARM_LEAD,1,0,1,0,1,95.0,77.0
2026-04,Cite On The Bay,Edgeater Polygon,CHURN,0,0,0,0,10,,
2026-04,Cite On The Bay,Edgeater Polygon,RECURRING_SUBSCRIPTION,1,0,1,0,1,179.0,
2026-04,Cite On The Bay,Edgeater Polygon,TRIAL,1,1,0,0,2,29.0,82.0
2026-04,Cite On The Bay,Edgeater Polygon,WARM_LEAD,1,1,0,0,1,54.0,103.0
2026-04,Dey and Bergen,Harrison Polygon,CHURN,0,0,0,0,1,,
2026-04,Dey and Bergen,Harrison Polygon,ON_DEMAND_SUBSCRIPTION,0,0,0,0,1,,
2026-04,Dey and Bergen,Harrison Polygon,WARM_LEAD,1,0,1,0,0,54.0,54.0
2026-04,Flamingo Point Center Tower,Miami Beach Polygon,CHURN,4,4,0,0,4,757.0,17.0
2026-04,Flamingo Point Center Tower,Miami Beach Polygon,FROZEN,5,3,2,0,0,40.0,30.0
2026-04,Flamingo Point Center Tower,Miami Beach Polygon,ON_DEMAND_SUBSCRIPTION,6,4,2,0,31,266.0,57.0
2026-04,Flamingo Point Center Tower,Miami Beach Polygon,RECURRING_SUBSCRIPTION,59,31,28,0,57,4996.0,63.0
2026-04,Flamingo Point Center Tower,Miami Beach Polygon,TRIAL,6,2,4,0,31,521.0,53.0
2026-04,Flamingo Point Center Tower,Miami Beach Polygon,WARM_LEAD,8,2,6,0,1,788.0,68.0
2026-04,Flamingo Point North Tower,Miami Beach Polygon,CHURN,0,0,0,0,1,,
2026-04,Flamingo Point North Tower,Miami Beach Polygon,ON_DEMAND_SUBSCRIPTION,3,2,1,0,4,337.0,56.0
2026-04,Flamingo Point North Tower,Miami Beach Polygon,RECURRING_SUBSCRIPTION,44,31,13,0,29,5503.0,85.0
2026-04,Flamingo Point North Tower,Miami Beach Polygon,TRIAL,1,0,1,0,2,95.0,95.0
2026-04,Flamingo Point North Tower,Miami Beach Polygon,WARM_LEAD,4,0,4,0,1,377.0,67.0
2026-04,Flamingo South Beach,Miami Beach Polygon,CHURN,19,6,13,0,12,621.0,31.0
2026-04,Flamingo South Beach,Miami Beach Polygon,ON_DEMAND_SUBSCRIPTION,0,0,0,0,2,,
2026-04,Flamingo South Beach,Miami Beach Polygon,RECURRING_SUBSCRIPTION,21,5,16,0,31,1629.0,56.0
2026-04,Flamingo South Beach,Miami Beach Polygon,TRIAL,1,0,1,0,2,0.0,52.0
2026-04,Flamingo South Beach,Miami Beach Polygon,WARM_LEAD,7,5,2,0,2,620.0,94.0
2026-04,Flow Brickell,Flow Brickell Polygon,ON_DEMAND_SUBSCRIPTION,1,0,1,0,0,54.0,91.0
2026-04,Flow Brickell,Flow Brickell Polygon,RECURRING_SUBSCRIPTION,12,3,9,0,9,1082.0,72.0
2026-04,Flow Brickell,Flow Brickell Polygon,TRIAL,8,4,4,0,2,405.0,57.0
2026-04,Flow Brickell,Flow Brickell Polygon,WARM_LEAD,8,1,7,0,1,388.0,53.0
2026-04,Gindi 1,Unknown,CHURN,16,14,2,0,38,1313.97,61.0
2026-04,Gindi 1,Unknown,FROZEN,0,0,0,0,4,,
2026-04,Gindi 1,Unknown,ON_DEMAND_SUBSCRIPTION,5,4,1,0,8,373.7,120.0
2026-04,Gindi 1,Unknown,RECURRING_SUBSCRIPTION,22,22,0,0,13,2477.26,142.0
2026-04,Gindi 1,Unknown,TRIAL,0,0,0,0,5,,
2026-04,Gindi 2,Unknown,CHURN,13,12,1,0,34,1436.99,129.0
2026-04,Gindi 2,Unknown,ON_DEMAND_SUBSCRIPTION,3,3,0,0,3,66.58,63.0
2026-04,Gindi 2,Unknown,RECURRING_SUBSCRIPTION,15,12,3,0,5,1705.21,103.0
2026-04,Gindi 2,Unknown,TRIAL,3,3,0,0,3,184.11,176.0
2026-04,Gindi 3,Unknown,CHURN,10,10,0,0,29,1128.49,107.0
2026-04,Gindi 3,Unknown,FROZEN,0,0,0,0,11,,
2026-04,Gindi 3,Unknown,ON_DEMAND_SUBSCRIPTION,11,11,0,0,1,418.36,62.0
2026-04,Gindi 3,Unknown,RECURRING_SUBSCRIPTION,26,26,0,0,14,3461.37,125.0
2026-04,Gindi 3,Unknown,TRIAL,3,3,0,0,7,324.66,132.0
2026-04,Gindi 3,Unknown,WARM_LEAD,2,2,0,0,0,183.29,24.0
2026-04,Gindi 4,Unknown,CHURN,12,9,3,0,38,1011.23,74.0
2026-04,Gindi 4,Unknown,FROZEN,0,0,0,0,7,,
2026-04,Gindi 4,Unknown,RECURRING_SUBSCRIPTION,11,10,1,0,6,1073.97,98.0
2026-04,Grove Central Residences,Floating Miami,CHURN,5,5,0,0,10,678.0,83.0
2026-04,Grove Central Residences,Floating Miami,ON_DEMAND_SUBSCRIPTION,0,0,0,0,2,,
2026-04,Grove Central Residences,Floating Miami,RECURRING_SUBSCRIPTION,7,5,2,0,9,1124.0,80.0
2026-04,Grove Central Residences,Floating Miami,TRIAL,0,0,0,0,3,,
2026-04,HaHehad,Unknown,CHURN,1,1,0,0,9,74.25,109.0
2026-04,HaHehad,Unknown,ON_DEMAND_SUBSCRIPTION,1,1,0,0,0,78.08,125.0
2026-04,HaHehad,Unknown,RECURRING_SUBSCRIPTION,9,8,1,0,5,696.16,104.0
2026-04,HaHehad,Unknown,TRIAL,1,1,0,0,4,35.62,30.0
2026-04,John Street 116,Financial District Polygon,CHURN,2,2,0,0,1,334.0,84.0
2026-04,John Street 116,Financial District Polygon,ON_DEMAND_SUBSCRIPTION,7,7,0,0,2,571.0,89.0
2026-04,John Street 116,Financial District Polygon,RECURRING_SUBSCRIPTION,11,10,1,0,2,1000.0,112.0
2026-04,John Street 116,Financial District Polygon,TRIAL,0,0,0,0,2,,
2026-04,Lake Tower,The Ocean Club Polygon,TRIAL,0,0,0,0,2,,
2026-04,Livana East Hanover,Chatham / West Orange Polygon,CHURN,0,0,0,0,2,,
2026-04,Livana East Hanover,Chatham / West Orange Polygon,RECURRING_SUBSCRIPTION,8,5,3,0,3,858.0,74.0
2026-04,Livana East Hanover,Chatham / West Orange Polygon,TRIAL,4,0,4,0,1,154.0,53.0
2026-04,Livana East Hanover,Chatham / West Orange Polygon,WARM_LEAD,4,1,3,0,2,303.0,98.0
2026-04,Midtown 5,Floating Miami,CHURN,1,1,0,0,5,113.0,55.0
2026-04,Midtown 5,Floating Miami,ON_DEMAND_SUBSCRIPTION,0,0,0,0,5,,
2026-04,Midtown 5,Floating Miami,RECURRING_SUBSCRIPTION,18,12,6,0,19,1468.0,63.0
2026-04,Midtown 5,Floating Miami,TRIAL,3,1,2,0,4,281.0,77.0
2026-04,Midtown 5,Floating Miami,WARM_LEAD,1,1,0,0,2,121.0,77.0
2026-04,Nine 52,Hell's Kitchen Polygon,RECURRING_SUBSCRIPTION,11,8,3,0,3,1482.0,108.0
2026-04,Oliver on the Hudson,Floating Jersey,CHURN,0,0,0,0,3,,
2026-04,Oliver on the Hudson,Floating Jersey,ON_DEMAND_SUBSCRIPTION,3,0,3,0,7,242.0,101.0
2026-04,Oliver on the Hudson,Floating Jersey,RECURRING_SUBSCRIPTION,14,9,5,0,6,1842.0,92.0
2026-04,Oliver on the Hudson,Floating Jersey,TRIAL,2,2,0,0,3,193.0,71.0
2026-04,Oliver on the Hudson,Floating Jersey,WARM_LEAD,3,2,1,0,3,276.0,62.0
2026-04,One Harrison,Harrison Polygon,CHURN,4,3,1,0,2,175.0,51.0
2026-04,One Harrison,Harrison Polygon,RECURRING_SUBSCRIPTION,10,4,6,0,6,858.0,101.0
2026-04,One Harrison,Harrison Polygon,TRIAL,1,1,0,0,3,64.0,69.0
2026-04,One Harrison,Harrison Polygon,WARM_LEAD,2,0,2,0,1,196.0,100.0
2026-04,One Ten,Hoboken Polygon,CHURN,1,0,1,0,7,14.0,24.0
2026-04,One Ten,Hoboken Polygon,FREEMIUM,1,0,1,0,0,60.0,64.0
2026-04,One Ten,Hoboken Polygon,ON_DEMAND_SUBSCRIPTION,1,1,0,0,0,74.0,78.0
2026-04,One Ten,Hoboken Polygon,RECURRING_SUBSCRIPTION,30,26,4,0,15,1075.0,50.0
2026-04,One Ten,Hoboken Polygon,WARM_LEAD,3,2,1,0,0,242.0,83.0
2026-04,Opera Tower,Edgeater Polygon,RECURRING_SUBSCRIPTION,1,1,0,0,1,202.0,
2026-04,Plank Road,Boerum Hill Polygon,CHURN,4,4,0,0,2,452.0,34.0
2026-04,Plank Road,Boerum Hill Polygon,RECURRING_SUBSCRIPTION,6,4,2,0,0,830.0,83.0
2026-04,Plank Road,Boerum Hill Polygon,TRIAL,2,1,1,0,3,186.0,104.0
2026-04,Quantum on the Bay Condominium,Edgeater Polygon,WARM_LEAD,0,0,0,0,1,,
2026-04,River Place,Hell's Kitchen Polygon,CHURN,4,4,0,0,8,363.0,84.0
2026-04,River Place,Hell's Kitchen Polygon,FREEMIUM,3,2,1,0,1,187.0,93.0
2026-04,River Place,Hell's Kitchen Polygon,ON_DEMAND_SUBSCRIPTION,19,16,3,0,2,768.0,45.0
2026-04,River Place,Hell's Kitchen Polygon,RECURRING_SUBSCRIPTION,87,65,22,0,105,5008.0,68.0
2026-04,River Place,Hell's Kitchen Polygon,TRIAL,4,2,2,0,2,334.0,91.0
2026-04,River Place,Hell's Kitchen Polygon,WARM_LEAD,2,0,2,0,26,138.0,108.0
2026-04,Rothschild 80,Unknown,CHURN,0,0,0,0,21,,
2026-04,Rothschild 80,Unknown,FROZEN,1,1,0,0,4,173.42,
2026-04,Silver Towers,Hell's Kitchen Polygon,CHURN,2,2,0,0,14,204.0,110.0
2026-04,Silver Towers,Hell's Kitchen Polygon,FREEMIUM,8,4,4,0,2,837.0,120.0
2026-04,Silver Towers,Hell's Kitchen Polygon,ON_DEMAND_SUBSCRIPTION,23,14,9,0,12,988.0,48.0
2026-04,Silver Towers,Hell's Kitchen Polygon,RECURRING_SUBSCRIPTION,147,116,31,0,60,11656.0,78.0
2026-04,Silver Towers,Hell's Kitchen Polygon,TRIAL,2,1,1,0,10,85.0,56.0
2026-04,Silver Towers,Hell's Kitchen Polygon,WARM_LEAD,12,11,1,0,0,573.0,40.0
2026-04,Southgate Towers,Miami Beach Polygon,CHURN,16,7,9,0,16,1181.0,38.0
2026-04,Southgate Towers,Miami Beach Polygon,ON_DEMAND_SUBSCRIPTION,3,2,1,0,2,177.0,50.0
2026-04,Southgate Towers,Miami Beach Polygon,RECURRING_SUBSCRIPTION,10,7,3,0,10,904.0,59.0
2026-04,Southgate Towers,Miami Beach Polygon,TRIAL,0,0,0,0,4,,
2026-04,Southgate Towers,Miami Beach Polygon,WARM_LEAD,7,5,2,0,7,599.0,69.0
2026-04,Stonehill,Chatham / West Orange Polygon,CHURN,1,1,0,0,3,48.0,7.0
2026-04,Stonehill,Chatham / West Orange Polygon,ON_DEMAND_SUBSCRIPTION,4,4,0,0,2,286.0,58.0
2026-04,Stonehill,Chatham / West Orange Polygon,RECURRING_SUBSCRIPTION,13,6,7,0,2,1331.0,64.0
2026-04,Stonehill,Chatham / West Orange Polygon,WARM_LEAD,0,0,0,0,1,,
2026-04,The Addison,Brooklyn Heights Polygon,CHURN,1,1,0,0,3,176.0,213.0
2026-04,The Addison,Brooklyn Heights Polygon,RECURRING_SUBSCRIPTION,2,2,0,0,1,62.0,44.0
2026-04,The Addison,Brooklyn Heights Polygon,WARM_LEAD,2,2,0,0,2,90.0,58.0
2026-04,The Bergen,Boerum Hill Polygon,CHURN,0,0,0,0,2,,
2026-04,The Bergen,Boerum Hill Polygon,RECURRING_SUBSCRIPTION,1,1,0,0,1,118.0,152.0
2026-04,The Boulevard,Floating Miami,CHURN,2,0,2,0,8,347.0,94.0
2026-04,The Boulevard,Floating Miami,ON_DEMAND_SUBSCRIPTION,2,1,1,0,5,62.0,44.0
2026-04,The Boulevard,Floating Miami,RECURRING_SUBSCRIPTION,12,9,3,0,2,1280.0,71.0
2026-04,The Boulevard,Floating Miami,TRIAL,2,1,1,0,0,189.0,71.0
2026-04,The Boulevard,Floating Miami,WARM_LEAD,2,1,1,0,0,251.0,94.0
2026-04,The Buchanan,Floating NY 1,CHURN,0,0,0,0,2,,
2026-04,The Buchanan,Floating NY 1,ON_DEMAND_SUBSCRIPTION,1,1,0,0,0,93.0,91.0
2026-04,The Buchanan,Floating NY 1,RECURRING_SUBSCRIPTION,23,15,8,0,12,1961.0,93.0
2026-04,The Buchanan,Floating NY 1,WARM_LEAD,1,1,0,0,0,34.0,78.0
2026-04,The Devan,Hoboken Polygon,CHURN,0,0,0,0,5,,
2026-04,The Devan,Hoboken Polygon,ON_DEMAND_SUBSCRIPTION,1,1,0,0,3,68.0,89.0
2026-04,The Devan,Hoboken Polygon,RECURRING_SUBSCRIPTION,31,23,8,0,14,3499.0,85.0
2026-04,The Devan,Hoboken Polygon,TRIAL,3,1,2,0,2,377.0,147.0
2026-04,The Devan,Hoboken Polygon,WARM_LEAD,1,0,1,0,7,104.0,125.0
2026-04,The Dime,Williamsburg Polygon,CHURN,1,1,0,0,3,123.0,
2026-04,The Dime,Williamsburg Polygon,FREEMIUM,1,0,1,0,0,34.0,107.0
2026-04,The Dime,Williamsburg Polygon,ON_DEMAND_SUBSCRIPTION,2,1,1,0,1,137.0,82.0
2026-04,The Dime,Williamsburg Polygon,RECURRING_SUBSCRIPTION,8,5,3,0,3,1081.0,123.0
2026-04,The Dime,Williamsburg Polygon,TRIAL,0,0,0,0,1,,
2026-04,The Dime,Williamsburg Polygon,WARM_LEAD,1,0,1,0,0,174.0,180.0
2026-04,The Eddy,Harrison Polygon,CHURN,0,0,0,0,1,,
2026-04,The Eddy,Harrison Polygon,RECURRING_SUBSCRIPTION,9,4,5,0,3,971.0,84.0
2026-04,The Eddy,Harrison Polygon,TRIAL,0,0,0,0,7,,
2026-04,The Eddy,Harrison Polygon,WARM_LEAD,7,5,2,0,2,327.0,54.0
2026-04,The Enclave,Hoboken Polygon,CHURN,0,0,0,0,2,,
2026-04,The Enclave,Hoboken Polygon,FREEMIUM,2,2,0,0,0,72.0,25.0
2026-04,The Enclave,Hoboken Polygon,RECURRING_SUBSCRIPTION,11,9,2,0,4,920.0,89.0
2026-04,The Enclave,Hoboken Polygon,WARM_LEAD,3,0,3,0,0,288.0,78.0
2026-04,The Ivy,Chatham / West Orange Polygon,CHURN,8,4,4,0,3,1053.0,83.0
2026-04,The Ivy,Chatham / West Orange Polygon,ON_DEMAND_SUBSCRIPTION,0,0,0,0,1,,
2026-04,The Ivy,Chatham / West Orange Polygon,RECURRING_SUBSCRIPTION,17,14,3,0,3,2371.0,72.0
2026-04,The Kestrel,Floating NY 2,CHURN,0,0,0,0,4,,
2026-04,The Kestrel,Floating NY 2,ON_DEMAND_SUBSCRIPTION,1,1,0,0,0,92.0,123.0
2026-04,The Kestrel,Floating NY 2,RECURRING_SUBSCRIPTION,1,0,1,0,1,113.0,158.0
2026-04,The Landing,Brooklyn Heights Polygon,ON_DEMAND_SUBSCRIPTION,2,1,1,0,0,346.0,186.0
2026-04,The Landing,Brooklyn Heights Polygon,RECURRING_SUBSCRIPTION,1,1,0,0,0,176.0,197.0
2026-04,The Landing,Brooklyn Heights Polygon,WARM_LEAD,1,0,1,0,0,48.0,65.0
2026-04,The Landon,Hell's Kitchen Polygon,CHURN,0,0,0,0,3,,
2026-04,The Landon,Hell's Kitchen Polygon,RECURRING_SUBSCRIPTION,6,5,1,0,1,577.0,70.0
2026-04,The Landon,Hell's Kitchen Polygon,WARM_LEAD,0,0,0,0,6,,
2026-04,The Vitagraph,Floating NY 2,CHURN,2,0,2,0,2,352.0,
2026-04,The Vitagraph,Floating NY 2,TRIAL,1,0,1,0,1,104.0,36.0
2026-04,Union Channel ,Boerum Hill Polygon,RECURRING_SUBSCRIPTION,6,5,1,0,1,651.0,106.0
2026-04,Union Channel ,Boerum Hill Polygon,TRIAL,0,0,0,0,1,,
2026-04,Union Channel ,Boerum Hill Polygon,WARM_LEAD,1,0,1,0,0,121.0,119.0
2026-04,Watermarc at Biscayne Bay,Edgeater Polygon,CHURN,2,0,2,0,1,236.0,17.0
2026-04,Watermarc at Biscayne Bay,Edgeater Polygon,RECURRING_SUBSCRIPTION,7,3,4,0,11,703.0,55.0
2026-04,Watermarc at Biscayne Bay,Edgeater Polygon,WARM_LEAD,4,3,1,0,7,376.0,115.0
2026-04,Waters Edge,Harrison Polygon,CHURN,0,0,0,0,1,,
2026-04,Waters Edge,Harrison Polygon,WARM_LEAD,4,2,2,0,0,523.0,139.0
2026-04,Woodside Central,Floating NY 1,CHURN,0,0,0,0,1,,
2026-04,Woodside Central,Floating NY 1,FREEMIUM,2,0,2,0,0,68.0,62.0
2026-04,Woodside Central,Floating NY 1,FROZEN,1,0,1,0,2,118.0,123.0
2026-04,Woodside Central,Floating NY 1,ON_DEMAND_SUBSCRIPTION,0,0,0,0,6,,
2026-04,Woodside Central,Floating NY 1,RECURRING_SUBSCRIPTION,7,4,3,0,0,440.0,83.0
2026-04,Woodside Central,Floating NY 1,TRIAL,1,1,0,0,2,121.0,120.0
2026-04,Woodside Central,Floating NY 1,WARM_LEAD,0,0,0,0,1,,
2026-05,100 House,Hoboken Polygon,CHURN,0,0,0,0,4,,
2026-05,100 House,Hoboken Polygon,ON_DEMAND_SUBSCRIPTION,1,1,0,0,1,116.0,
2026-05,100 House,Hoboken Polygon,RECURRING_SUBSCRIPTION,8,7,1,3,6,1033.0,45.0
2026-05,100 House,Hoboken Polygon,WARM_LEAD,0,0,0,0,1,,
2026-05,1800 North Bayshore Drive,Edgeater Polygon,RECURRING_SUBSCRIPTION,1,1,0,0,2,176.0,30.0
2026-05,1800 North Bayshore Drive,Edgeater Polygon,TRIAL,3,2,1,0,1,194.0,46.0
2026-05,1 Boerum PL,Floating NY 2,CHURN,0,0,0,0,3,,
2026-05,1 Boerum PL,Floating NY 2,FREEMIUM,0,0,0,0,1,,
2026-05,1 Boerum PL,Floating NY 2,RECURRING_SUBSCRIPTION,8,8,0,5,0,921.0,107.0
2026-05,1 Boerum PL,Floating NY 2,WARM_LEAD,1,0,1,0,0,119.0,205.0
2026-05,1 River Place,Hell's Kitchen Polygon,RECURRING_SUBSCRIPTION,3,2,1,7,23,385.0,159.0
2026-05,1 River Place,Hell's Kitchen Polygon,TRIAL,1,1,0,0,0,104.0,156.0
2026-05,2000 Biscayne,Edgeater Polygon,CHURN,0,0,0,0,1,,
2026-05,2000 Biscayne,Edgeater Polygon,ON_DEMAND_SUBSCRIPTION,4,3,1,0,3,171.0,47.0
2026-05,2000 Biscayne,Edgeater Polygon,RECURRING_SUBSCRIPTION,10,5,5,9,43,1191.0,95.0
2026-05,2000 Biscayne,Edgeater Polygon,TRIAL,3,2,1,1,3,111.0,64.0
2026-05,2000 Biscayne,Edgeater Polygon,WARM_LEAD,1,1,0,0,2,96.0,75.0
2026-05,2001 Biscayne Boulevard,Edgeater Polygon,ON_DEMAND_SUBSCRIPTION,0,0,0,0,3,,
2026-05,2001 Biscayne Boulevard,Edgeater Polygon,TRIAL,0,0,0,0,1,,
2026-05,20 Broad Street,Financial District Polygon,CHURN,1,1,0,0,5,24.0,15.0
2026-05,20 Broad Street,Financial District Polygon,ON_DEMAND_SUBSCRIPTION,5,5,0,3,11,270.0,75.0
2026-05,20 Broad Street,Financial District Polygon,RECURRING_SUBSCRIPTION,24,19,5,12,18,1844.0,109.0
2026-05,20 Broad Street,Financial District Polygon,TRIAL,6,3,3,0,4,190.0,42.0
2026-05,20 Broad Street,Financial District Polygon,WARM_LEAD,3,2,1,1,4,347.0,156.0
2026-05,20 Broad Street,Hell's Kitchen Polygon,FREEMIUM,1,0,1,0,0,34.0,43.0
2026-05,250 E Houston,Floating NY 2,CHURN,0,0,0,0,1,,
2026-05,250 E Houston,Floating NY 2,RECURRING_SUBSCRIPTION,3,3,0,3,7,438.0,130.0
2026-05,250 E Houston,Floating NY 2,TRIAL,1,0,1,0,1,121.0,159.0
2026-05,300 Somerset,Harrison Polygon,CHURN,1,1,0,0,1,28.0,50.0
2026-05,300 Somerset,Harrison Polygon,FREEMIUM,1,0,1,0,0,176.0,55.0
2026-05,300 Somerset,Harrison Polygon,ON_DEMAND_SUBSCRIPTION,5,5,0,0,1,171.0,45.0
2026-05,300 Somerset,Harrison Polygon,RECURRING_SUBSCRIPTION,7,4,3,3,3,574.0,75.0
2026-05,300 Somerset,Harrison Polygon,TRIAL,0,0,0,0,1,,
2026-05,300 Somerset,Harrison Polygon,WARM_LEAD,1,0,1,0,0,34.0,29.0
2026-05,330 Angelo Cifelli,Harrison Polygon,CHURN,0,0,0,0,4,,
2026-05,330 Angelo Cifelli,Harrison Polygon,ON_DEMAND_SUBSCRIPTION,1,1,0,0,0,115.0,140.0
2026-05,330 Angelo Cifelli,Harrison Polygon,RECURRING_SUBSCRIPTION,15,12,3,8,5,869.0,70.0
2026-05,330 Angelo Cifelli,Harrison Polygon,WARM_LEAD,2,0,2,0,1,68.0,64.0
2026-05,330W-56th,Hell's Kitchen Polygon,CHURN,0,0,0,0,2,,
2026-05,330W-56th,Hell's Kitchen Polygon,RECURRING_SUBSCRIPTION,5,3,2,3,7,266.0,49.0
2026-05,345 Baldwin Avenue,Floating Jersey,CHURN,0,0,0,0,2,,
2026-05,345 Baldwin Avenue,Floating Jersey,ON_DEMAND_SUBSCRIPTION,1,0,1,0,0,118.0,138.0
2026-05,345 Baldwin Avenue,Floating Jersey,RECURRING_SUBSCRIPTION,3,3,0,2,4,152.0,58.0
2026-05,345 Baldwin Avenue,Floating Jersey,TRIAL,2,0,2,0,0,126.0,52.0
2026-05,345 Baldwin Avenue,Floating Jersey,WARM_LEAD,2,0,2,0,2,52.0,29.0
2026-05,416 Kent Avenue,Williamsburg Polygon,ON_DEMAND_SUBSCRIPTION,1,1,0,0,2,31.0,57.0
2026-05,416 Kent Avenue,Williamsburg Polygon,RECURRING_SUBSCRIPTION,6,4,2,2,6,714.0,135.0
2026-05,416 Kent Avenue,Williamsburg Polygon,WARM_LEAD,2,2,0,0,0,209.0,144.0
2026-05,420 Kent Avenue,Williamsburg Polygon,CHURN,0,0,0,0,3,,
2026-05,420 Kent Avenue,Williamsburg Polygon,ON_DEMAND_SUBSCRIPTION,4,3,1,2,0,302.0,87.0
2026-05,420 Kent Avenue,Williamsburg Polygon,RECURRING_SUBSCRIPTION,17,14,3,10,6,1222.0,98.0
2026-05,420 Kent Avenue,Williamsburg Polygon,TRIAL,1,1,0,0,3,34.0,35.0
2026-05,420 Kent Avenue,Williamsburg Polygon,WARM_LEAD,2,1,1,0,1,50.0,19.0
2026-05,535 W 43rd Street,Hell's Kitchen Polygon,CHURN,0,0,0,0,1,,
2026-05,535 W 43rd Street,Hell's Kitchen Polygon,ON_DEMAND_SUBSCRIPTION,1,0,1,0,0,153.0,197.0
2026-05,535 W 43rd Street,Hell's Kitchen Polygon,RECURRING_SUBSCRIPTION,2,2,0,3,4,207.0,75.0
2026-05,535 W 43rd Street,Hell's Kitchen Polygon,WARM_LEAD,1,1,0,0,1,70.0,90.0
2026-05,561 10th Avenue,Hell's Kitchen Polygon,RECURRING_SUBSCRIPTION,2,1,1,1,0,122.0,73.0
2026-05,655 Union,Boerum Hill Polygon,CHURN,0,0,0,0,3,,
2026-05,655 Union,Boerum Hill Polygon,ON_DEMAND_SUBSCRIPTION,1,1,0,1,0,92.0,113.0
2026-05,655 Union,Boerum Hill Polygon,RECURRING_SUBSCRIPTION,10,9,1,8,4,1319.0,107.0
2026-05,655 Union,Boerum Hill Polygon,WARM_LEAD,1,1,0,0,0,216.0,180.0
2026-05,655 Union,Williamsburg Polygon,CHURN,2,2,0,0,2,144.0,84.0
2026-05,66 Rockwell Place,Brooklyn Heights Polygon,CHURN,0,0,0,0,1,,
2026-05,66 Rockwell Place,Brooklyn Heights Polygon,ON_DEMAND_SUBSCRIPTION,1,0,1,0,2,94.0,137.0
2026-05,66 Rockwell Place,Brooklyn Heights Polygon,RECURRING_SUBSCRIPTION,15,12,3,5,3,950.0,68.0
2026-05,66 Rockwell Place,Brooklyn Heights Polygon,TRIAL,0,0,0,0,2,,
2026-05,66 Rockwell Place,Brooklyn Heights Polygon,WARM_LEAD,0,0,0,1,0,,
2026-05,Agnes,Floating Jersey,CHURN,0,0,0,0,1,,
2026-05,Agnes,Floating Jersey,RECURRING_SUBSCRIPTION,8,5,3,4,5,618.0,79.0
2026-05,Agnes,Floating Jersey,WARM_LEAD,0,0,0,0,1,,
2026-05,Alta,Floating NY 1,CHURN,0,0,0,0,2,,
2026-05,Alta,Floating NY 1,ON_DEMAND_SUBSCRIPTION,3,0,3,0,1,207.0,93.0
2026-05,Alta,Floating NY 1,RECURRING_SUBSCRIPTION,11,8,3,3,7,1034.0,82.0
2026-05,Alta,Floating NY 1,TRIAL,1,0,1,0,0,62.0,104.0
2026-05,Alta,Floating NY 1,WARM_LEAD,2,1,1,0,0,68.0,41.0
2026-05,Aria on the Bay Condominium Association  INC,Edgeater Polygon,TRIAL,1,0,1,0,0,62.0,92.0
2026-05,Azrieli TLV,Unknown,CHURN,9,9,0,0,22,818.08,71.0
2026-05,Azrieli TLV,Unknown,FROZEN,0,0,0,0,2,,
2026-05,Azrieli TLV,Unknown,ON_DEMAND_SUBSCRIPTION,6,6,0,0,3,298.63,49.0
2026-05,Azrieli TLV,Unknown,RECURRING_SUBSCRIPTION,29,25,4,12,12,3276.44,111.0
2026-05,Azrieli TLV,Unknown,TRIAL,2,2,0,1,7,156.99,84.0
2026-05,Bay Parc Apartments,Edgeater Polygon,CHURN,0,0,0,0,7,,
2026-05,Bay Parc Apartments,Edgeater Polygon,ON_DEMAND_SUBSCRIPTION,1,1,0,1,4,16.0,30.0
2026-05,Bay Parc Apartments,Edgeater Polygon,RECURRING_SUBSCRIPTION,20,13,7,13,53,1831.0,87.0
2026-05,Bay Parc Apartments,Edgeater Polygon,TRIAL,4,1,3,1,0,240.0,64.0
2026-05,Bay Parc Apartments,Edgeater Polygon,WARM_LEAD,1,1,0,1,1,123.0,
2026-05,Biscayne SFR,The Ocean Club Polygon,CHURN,0,0,0,0,3,,
2026-05,Biscayne SFR,Unknown,CHURN,0,0,0,0,3,,
2026-05,Brooklyn Crossing,Boerum Hill Polygon,CHURN,0,0,0,0,7,,
2026-05,Brooklyn Crossing,Boerum Hill Polygon,ON_DEMAND_SUBSCRIPTION,6,4,2,2,1,171.0,39.0
2026-05,Brooklyn Crossing,Boerum Hill Polygon,RECURRING_SUBSCRIPTION,24,14,10,12,17,2643.0,91.0
2026-05,Brooklyn Crossing,Boerum Hill Polygon,WARM_LEAD,3,1,2,0,1,470.0,156.0
2026-05,Cite On The Bay,Edgeater Polygon,CHURN,0,0,0,0,3,,
2026-05,Cite On The Bay,Edgeater Polygon,RECURRING_SUBSCRIPTION,1,1,0,1,0,179.0,
2026-05,Cite On The Bay,Edgeater Polygon,TRIAL,0,0,0,0,3,,
2026-05,Dey and Bergen,Harrison Polygon,CHURN,1,1,0,0,1,92.0,99.0
2026-05,Dey and Bergen,Harrison Polygon,TRIAL,1,1,0,0,0,95.0,148.0
2026-05,Flamingo Point Center Tower,Miami Beach Polygon,CHURN,1,1,0,0,5,189.0,
2026-05,Flamingo Point Center Tower,Miami Beach Polygon,FROZEN,10,8,2,0,21,85.0,28.0
2026-05,Flamingo Point Center Tower,Miami Beach Polygon,ON_DEMAND_SUBSCRIPTION,5,1,4,0,46,421.0,41.0
2026-05,Flamingo Point Center Tower,Miami Beach Polygon,RECURRING_SUBSCRIPTION,51,35,16,20,55,4271.0,60.0
2026-05,Flamingo Point Center Tower,Miami Beach Polygon,TRIAL,1,0,1,0,22,117.0,106.0
2026-05,Flamingo Point Center Tower,Miami Beach Polygon,WARM_LEAD,5,4,1,3,4,461.0,58.0
2026-05,Flamingo Point North Tower,Miami Beach Polygon,ON_DEMAND_SUBSCRIPTION,3,3,0,1,6,233.0,71.0
2026-05,Flamingo Point North Tower,Miami Beach Polygon,RECURRING_SUBSCRIPTION,27,22,5,14,20,3357.0,74.0
2026-05,Flamingo Point North Tower,Miami Beach Polygon,TRIAL,1,0,1,0,1,12.0,27.0
2026-05,Flamingo Point North Tower,Miami Beach Polygon,WARM_LEAD,1,1,0,0,0,14.0,22.0
2026-05,Flamingo South Beach,Miami Beach Polygon,CHURN,4,3,1,0,25,249.0,40.0
2026-05,Flamingo South Beach,Miami Beach Polygon,ON_DEMAND_SUBSCRIPTION,2,2,0,0,1,196.0,106.0
2026-05,Flamingo South Beach,Miami Beach Polygon,RECURRING_SUBSCRIPTION,34,14,20,21,23,1126.0,45.0
2026-05,Flamingo South Beach,Miami Beach Polygon,TRIAL,2,2,0,1,3,195.0,49.0
2026-05,Flamingo South Beach,Miami Beach Polygon,WARM_LEAD,2,1,1,3,0,139.0,101.0
2026-05,Flow Brickell,Flow Brickell Polygon,ON_DEMAND_SUBSCRIPTION,0,0,0,0,1,,
2026-05,Flow Brickell,Flow Brickell Polygon,RECURRING_SUBSCRIPTION,12,9,3,7,27,1376.0,76.0
2026-05,Flow Brickell,Flow Brickell Polygon,TRIAL,11,9,2,2,5,699.0,50.0
2026-05,Flow Brickell,Flow Brickell Polygon,WARM_LEAD,7,2,5,3,7,223.0,82.0
2026-05,Gindi 1,Unknown,CHURN,6,5,1,0,47,392.33,67.0
2026-05,Gindi 1,Unknown,FROZEN,0,0,0,0,4,,
2026-05,Gindi 1,Unknown,ON_DEMAND_SUBSCRIPTION,4,3,1,0,5,207.12,70.0
2026-05,Gindi 1,Unknown,RECURRING_SUBSCRIPTION,17,17,0,7,21,1680.27,112.0
2026-05,Gindi 1,Unknown,TRIAL,0,0,0,0,2,,
2026-05,Gindi 2,Unknown,CHURN,5,4,1,0,31,552.6,100.0
2026-05,Gindi 2,Unknown,ON_DEMAND_SUBSCRIPTION,0,0,0,0,1,,
2026-05,Gindi 2,Unknown,RECURRING_SUBSCRIPTION,11,9,2,2,7,1069.04,103.0
2026-05,Gindi 2,Unknown,TRIAL,3,3,0,0,1,248.77,101.0
2026-05,Gindi 3,Unknown,CHURN,3,3,0,0,29,401.37,23.0
2026-05,Gindi 3,Unknown,FROZEN,0,0,0,0,10,,
2026-05,Gindi 3,Unknown,RECURRING_SUBSCRIPTION,24,24,0,13,6,2943.84,101.0
2026-05,Gindi 3,Unknown,TRIAL,0,0,0,0,4,,
2026-05,Gindi 4,Unknown,CHURN,3,3,0,0,38,84.66,68.0
2026-05,Gindi 4,Unknown,FROZEN,0,0,0,0,6,,
2026-05,Gindi 4,Unknown,ON_DEMAND_SUBSCRIPTION,0,0,0,0,3,,
2026-05,Gindi 4,Unknown,RECURRING_SUBSCRIPTION,6,6,0,7,5,564.11,64.0
2026-05,Gindi 4,Unknown,TRIAL,2,2,0,0,0,268.49,192.0
2026-05,Grove Central Residences,Floating Miami,CHURN,0,0,0,0,10,,
2026-05,Grove Central Residences,Floating Miami,ON_DEMAND_SUBSCRIPTION,0,0,0,0,1,,
2026-05,Grove Central Residences,Floating Miami,RECURRING_SUBSCRIPTION,4,3,1,3,6,711.0,58.0
2026-05,Grove Central Residences,Floating Miami,TRIAL,0,0,0,0,2,,
2026-05,Grove Central Residences,Floating Miami,WARM_LEAD,1,1,0,0,0,193.0,166.0
2026-05,HaHehad,Unknown,CHURN,0,0,0,0,6,,
2026-05,HaHehad,Unknown,ON_DEMAND_SUBSCRIPTION,1,1,0,0,1,91.78,127.0
2026-05,HaHehad,Unknown,RECURRING_SUBSCRIPTION,8,8,0,3,2,629.04,95.0
2026-05,HaHehad,Unknown,TRIAL,0,0,0,0,5,,
2026-05,John Street 116,Financial District Polygon,CHURN,2,2,0,0,1,196.0,26.0
2026-05,John Street 116,Financial District Polygon,ON_DEMAND_SUBSCRIPTION,3,3,0,1,0,291.5,109.0
2026-05,John Street 116,Financial District Polygon,RECURRING_SUBSCRIPTION,5,5,0,5,2,451.0,137.0
2026-05,John Street 116,Financial District Polygon,TRIAL,0,0,0,0,1,,
2026-05,Lake Tower,The Ocean Club Polygon,TRIAL,0,0,0,0,1,,
2026-05,Livana East Hanover,Chatham / West Orange Polygon,CHURN,0,0,0,0,2,,
2026-05,Livana East Hanover,Chatham / West Orange Polygon,RECURRING_SUBSCRIPTION,6,4,2,4,8,660.0,41.0
2026-05,Livana East Hanover,Chatham / West Orange Polygon,TRIAL,1,1,0,0,3,72.0,70.0
2026-05,Livana East Hanover,Chatham / West Orange Polygon,WARM_LEAD,4,3,1,0,0,279.0,60.0
2026-05,Midtown 5,Floating Miami,CHURN,1,1,0,0,7,78.0,60.0
2026-05,Midtown 5,Floating Miami,ON_DEMAND_SUBSCRIPTION,0,0,0,0,2,,
2026-05,Midtown 5,Floating Miami,RECURRING_SUBSCRIPTION,12,7,5,10,26,987.0,48.0
2026-05,Midtown 5,Floating Miami,TRIAL,3,3,0,1,1,355.0,69.0
2026-05,Midtown 5,Floating Miami,WARM_LEAD,0,0,0,0,1,,
2026-05,Nine 52,Hell's Kitchen Polygon,RECURRING_SUBSCRIPTION,9,7,2,2,1,1074.0,91.0
2026-05,Oliver on the Hudson,Floating Jersey,ON_DEMAND_SUBSCRIPTION,4,2,2,0,10,170.0,68.0
2026-05,Oliver on the Hudson,Floating Jersey,RECURRING_SUBSCRIPTION,10,3,7,7,5,1011.0,100.0
2026-05,Oliver on the Hudson,Floating Jersey,TRIAL,2,1,1,1,1,358.0,188.0
2026-05,Oliver on the Hudson,Floating Jersey,WARM_LEAD,10,2,8,3,7,597.0,63.0
2026-05,One Harrison,Harrison Polygon,CHURN,0,0,0,0,6,,
2026-05,One Harrison,Harrison Polygon,RECURRING_SUBSCRIPTION,3,2,1,4,6,293.0,124.0
2026-05,One Harrison,Harrison Polygon,TRIAL,1,1,0,0,2,34.0,16.0
2026-05,One Harrison,Harrison Polygon,WARM_LEAD,0,0,0,2,1,,
2026-05,One Ten,Hoboken Polygon,CHURN,0,0,0,0,6,,
2026-05,One Ten,Hoboken Polygon,FREEMIUM,1,0,1,1,0,54.0,70.0
2026-05,One Ten,Hoboken Polygon,ON_DEMAND_SUBSCRIPTION,1,1,0,0,0,74.0,61.0
2026-05,One Ten,Hoboken Polygon,RECURRING_SUBSCRIPTION,18,16,2,10,11,544.0,48.0
2026-05,Opera Tower,Edgeater Polygon,RECURRING_SUBSCRIPTION,1,1,0,0,1,202.0,
2026-05,Opera Tower,Edgeater Polygon,WARM_LEAD,0,0,0,0,1,,
2026-05,Plank Road,Boerum Hill Polygon,CHURN,0,0,0,0,7,,
2026-05,Plank Road,Boerum Hill Polygon,RECURRING_SUBSCRIPTION,4,4,0,2,1,581.0,128.0
2026-05,Quantum on the Bay,Edgeater Polygon,WARM_LEAD,0,0,0,0,1,,
2026-05,Quantum on the Bay Condominium,Edgeater Polygon,TRIAL,2,1,1,0,1,-18.0,25.0
2026-05,River Place,Hell's Kitchen Polygon,CHURN,0,0,0,0,5,,
2026-05,River Place,Hell's Kitchen Polygon,FREEMIUM,1,1,0,1,0,104.0,106.0
2026-05,River Place,Hell's Kitchen Polygon,ON_DEMAND_SUBSCRIPTION,16,9,7,1,7,858.0,52.0
2026-05,River Place,Hell's Kitchen Polygon,RECURRING_SUBSCRIPTION,53,47,6,30,74,3154.0,74.0
2026-05,River Place,Hell's Kitchen Polygon,TRIAL,9,4,5,1,17,542.0,51.0
2026-05,River Place,Hell's Kitchen Polygon,WARM_LEAD,7,3,4,0,42,407.0,60.0
2026-05,Rothschild 80,Unknown,CHURN,0,0,0,0,19,,
2026-05,Rothschild 80,Unknown,FROZEN,0,0,0,0,5,,
2026-05,Silver Towers,Hell's Kitchen Polygon,CHURN,1,1,0,0,4,109.0,118.0
2026-05,Silver Towers,Hell's Kitchen Polygon,FREEMIUM,3,2,1,0,3,168.0,60.0
2026-05,Silver Towers,Hell's Kitchen Polygon,FROZEN,0,0,0,1,0,,
2026-05,Silver Towers,Hell's Kitchen Polygon,ON_DEMAND_SUBSCRIPTION,15,12,3,1,10,819.0,57.0
2026-05,Silver Towers,Hell's Kitchen Polygon,RECURRING_SUBSCRIPTION,140,119,21,71,80,7025.0,55.0
2026-05,Silver Towers,Hell's Kitchen Polygon,TRIAL,2,2,0,0,4,68.0,51.0
2026-05,Silver Towers,Hell's Kitchen Polygon,WARM_LEAD,4,4,0,2,24,185.0,66.0
2026-05,Southgate Towers,Miami Beach Polygon,CHURN,3,2,1,1,23,99.0,33.0
2026-05,Southgate Towers,Miami Beach Polygon,ON_DEMAND_SUBSCRIPTION,1,1,0,0,3,110.0,93.0
2026-05,Southgate Towers,Miami Beach Polygon,RECURRING_SUBSCRIPTION,8,7,1,7,10,717.0,57.0
2026-05,Southgate Towers,Miami Beach Polygon,TRIAL,1,0,1,1,3,121.0,11.0
2026-05,Southgate Towers,Miami Beach Polygon,WARM_LEAD,1,1,0,1,0,73.0,117.0
2026-05,Stonehill,Chatham / West Orange Polygon,CHURN,0,0,0,0,2,,
2026-05,Stonehill,Chatham / West Orange Polygon,ON_DEMAND_SUBSCRIPTION,1,0,1,0,0,105.5,115.0
2026-05,Stonehill,Chatham / West Orange Polygon,RECURRING_SUBSCRIPTION,8,5,3,6,3,725.0,63.0
2026-05,Stonehill,Chatham / West Orange Polygon,WARM_LEAD,1,0,1,0,2,121.0,59.0
2026-05,The Addison,Brooklyn Heights Polygon,CHURN,0,0,0,0,4,,
2026-05,The Addison,Brooklyn Heights Polygon,RECURRING_SUBSCRIPTION,2,2,0,0,1,78.0,60.0
2026-05,The Addison,Brooklyn Heights Polygon,WARM_LEAD,0,0,0,0,1,,
2026-05,The Bergen,Boerum Hill Polygon,CHURN,0,0,0,0,1,,
2026-05,The Bergen,Boerum Hill Polygon,RECURRING_SUBSCRIPTION,0,0,0,1,1,,
2026-05,The Bergen,Boerum Hill Polygon,WARM_LEAD,1,0,1,0,0,121.0,111.0
2026-05,The Boulevard,Floating Miami,CHURN,0,0,0,0,6,,
2026-05,The Boulevard,Floating Miami,ON_DEMAND_SUBSCRIPTION,1,1,0,0,3,31.0,28.0
2026-05,The Boulevard,Floating Miami,RECURRING_SUBSCRIPTION,7,6,1,5,5,803.0,91.0
2026-05,The Boulevard,Floating Miami,TRIAL,0,0,0,1,1,,
2026-05,The Buchanan,Floating NY 1,CHURN,0,0,0,0,1,,
2026-05,The Buchanan,Floating NY 1,ON_DEMAND_SUBSCRIPTION,2,2,0,0,1,269.0,124.0
2026-05,The Buchanan,Floating NY 1,RECURRING_SUBSCRIPTION,11,8,3,5,12,1051.0,108.0
2026-05,The Buchanan,Floating NY 1,WARM_LEAD,1,1,0,2,0,266.0,219.0
2026-05,The Devan,Hoboken Polygon,CHURN,0,0,0,0,1,,
2026-05,The Devan,Hoboken Polygon,ON_DEMAND_SUBSCRIPTION,0,0,0,1,2,,
2026-05,The Devan,Hoboken Polygon,RECURRING_SUBSCRIPTION,19,15,4,15,18,2125.0,102.0
2026-05,The Devan,Hoboken Polygon,TRIAL,3,2,1,0,3,295.0,98.0
2026-05,The Devan,Hoboken Polygon,WARM_LEAD,3,2,1,0,1,242.0,70.0
2026-05,The Dime,Williamsburg Polygon,CHURN,0,0,0,0,2,,
2026-05,The Dime,Williamsburg Polygon,ON_DEMAND_SUBSCRIPTION,1,1,0,0,0,43.0,70.0
2026-05,The Dime,Williamsburg Polygon,RECURRING_SUBSCRIPTION,6,4,2,1,4,867.0,129.0
2026-05,The Dime,Williamsburg Polygon,TRIAL,0,0,0,0,1,,
2026-05,The Eddy,Harrison Polygon,CHURN,1,1,0,0,1,18.0,16.0
2026-05,The Eddy,Harrison Polygon,RECURRING_SUBSCRIPTION,9,8,1,1,2,858.0,92.0
2026-05,The Eddy,Harrison Polygon,TRIAL,0,0,0,0,6,,
2026-05,The Eddy,Harrison Polygon,WARM_LEAD,1,1,0,0,2,28.0,35.0
2026-05,The Enclave,Hoboken Polygon,CHURN,0,0,0,0,1,,
2026-05,The Enclave,Hoboken Polygon,FREEMIUM,1,1,0,1,0,18.0,9.0
2026-05,The Enclave,Hoboken Polygon,RECURRING_SUBSCRIPTION,10,8,2,4,2,830.0,70.0
2026-05,The Enclave,Hoboken Polygon,WARM_LEAD,0,0,0,1,0,,
2026-05,The Ivy,Chatham / West Orange Polygon,CHURN,2,2,0,0,3,218.0,89.0
2026-05,The Ivy,Chatham / West Orange Polygon,FREEMIUM,0,0,0,1,0,,
2026-05,The Ivy,Chatham / West Orange Polygon,ON_DEMAND_SUBSCRIPTION,1,0,1,1,1,167.0,129.0
2026-05,The Ivy,Chatham / West Orange Polygon,RECURRING_SUBSCRIPTION,12,10,2,6,7,1891.0,68.0
2026-05,The Kestrel,Floating NY 2,CHURN,0,0,0,0,5,,
2026-05,The Kestrel,Floating NY 2,RECURRING_SUBSCRIPTION,1,1,0,2,0,118.0,142.0
2026-05,The Kestrel,Floating NY 2,WARM_LEAD,2,1,1,0,0,259.0,238.0
2026-05,The Landing,Brooklyn Heights Polygon,ON_DEMAND_SUBSCRIPTION,1,1,0,0,3,63.0,95.0
2026-05,The Landing,Brooklyn Heights Polygon,RECURRING_SUBSCRIPTION,2,1,1,0,0,286.0,165.0
2026-05,The Landon,Hell's Kitchen Polygon,CHURN,0,0,0,0,1,,
2026-05,The Landon,Hell's Kitchen Polygon,RECURRING_SUBSCRIPTION,5,3,2,3,2,627.0,89.0
2026-05,The Landon,Hell's Kitchen Polygon,TRIAL,1,1,0,0,0,109.0,111.0
2026-05,The Landon,Hell's Kitchen Polygon,WARM_LEAD,4,1,3,0,24,114.0,34.0
2026-05,The Vitagraph,Floating NY 2,CHURN,1,0,1,0,3,179.0,311.0
2026-05,Union Channel ,Boerum Hill Polygon,RECURRING_SUBSCRIPTION,5,4,1,1,0,626.0,99.0
2026-05,Watermarc at Biscayne Bay,Edgeater Polygon,CHURN,1,1,0,0,5,118.0,15.0
2026-05,Watermarc at Biscayne Bay,Edgeater Polygon,RECURRING_SUBSCRIPTION,6,2,4,3,7,761.0,72.0
2026-05,Watermarc at Biscayne Bay,Edgeater Polygon,TRIAL,3,1,2,0,0,175.0,82.0
2026-05,Watermarc at Biscayne Bay,Edgeater Polygon,WARM_LEAD,1,0,1,1,8,0.0,21.0
2026-05,Waters Edge,Harrison Polygon,CHURN,0,0,0,0,1,,
2026-05,Waters Edge,Harrison Polygon,ON_DEMAND_SUBSCRIPTION,1,1,0,0,0,118.0,135.0
2026-05,Woodside Central,Floating NY 1,ON_DEMAND_SUBSCRIPTION,0,0,0,0,4,,
2026-05,Woodside Central,Floating NY 1,RECURRING_SUBSCRIPTION,6,1,5,5,2,465.0,71.0
2026-06,100 House,Hoboken Polygon,CHURN,0,0,0,0,2,,
2026-06,100 House,Hoboken Polygon,ON_DEMAND_SUBSCRIPTION,0,0,0,0,1,,
2026-06,100 House,Hoboken Polygon,RECURRING_SUBSCRIPTION,0,0,0,12,1,,
2026-06,1800 North Bayshore Drive,Edgeater Polygon,RECURRING_SUBSCRIPTION,0,0,0,1,2,,
2026-06,1 Boerum PL,Floating NY 2,CHURN,0,0,0,0,4,,
2026-06,1 Boerum PL,Floating NY 2,RECURRING_SUBSCRIPTION,0,0,0,15,0,,
2026-06,1 River Place,Hell's Kitchen Polygon,RECURRING_SUBSCRIPTION,0,0,0,37,18,,
2026-06,2000 Biscayne,Edgeater Polygon,RECURRING_SUBSCRIPTION,0,0,0,21,13,,
2026-06,2000 Biscayne,Edgeater Polygon,TRIAL,0,0,0,1,0,,
2026-06,2001 Biscayne Boulevard,Edgeater Polygon,ON_DEMAND_SUBSCRIPTION,0,0,0,0,1,,
2026-06,20 Broad Street,Financial District Polygon,CHURN,0,0,0,0,2,,
2026-06,20 Broad Street,Financial District Polygon,ON_DEMAND_SUBSCRIPTION,0,0,0,0,4,,
2026-06,20 Broad Street,Financial District Polygon,RECURRING_SUBSCRIPTION,0,0,0,35,9,,
2026-06,250 E Houston,Floating NY 2,CHURN,0,0,0,0,1,,
2026-06,250 E Houston,Floating NY 2,RECURRING_SUBSCRIPTION,0,0,0,8,0,,
2026-06,250 E Houston,Floating NY 2,TRIAL,0,0,0,0,1,,
2026-06,300 Somerset,Harrison Polygon,CHURN,0,0,0,0,1,,
2026-06,300 Somerset,Harrison Polygon,RECURRING_SUBSCRIPTION,0,0,0,9,0,,
2026-06,330 Angelo Cifelli,Harrison Polygon,CHURN,0,0,0,0,4,,
2026-06,330 Angelo Cifelli,Harrison Polygon,RECURRING_SUBSCRIPTION,0,0,0,25,0,,
2026-06,330W-56th,Hell's Kitchen Polygon,CHURN,0,0,0,0,2,,
2026-06,330W-56th,Hell's Kitchen Polygon,RECURRING_SUBSCRIPTION,0,0,0,14,2,,
2026-06,345 Baldwin Avenue,Floating Jersey,RECURRING_SUBSCRIPTION,0,0,0,9,0,,
2026-06,416 Kent Avenue,Williamsburg Polygon,RECURRING_SUBSCRIPTION,0,0,0,14,2,,
2026-06,420 Kent Avenue,Williamsburg Polygon,CHURN,0,0,0,0,2,,
2026-06,420 Kent Avenue,Williamsburg Polygon,RECURRING_SUBSCRIPTION,0,0,0,29,2,,
2026-06,420 Kent Avenue,Williamsburg Polygon,TRIAL,0,0,0,0,2,,
2026-06,535 W 43rd Street,Hell's Kitchen Polygon,ON_DEMAND_SUBSCRIPTION,0,0,0,1,0,,
2026-06,535 W 43rd Street,Hell's Kitchen Polygon,RECURRING_SUBSCRIPTION,0,0,0,7,1,,
2026-06,561 10th Avenue,Hell's Kitchen Polygon,RECURRING_SUBSCRIPTION,0,0,0,2,0,,
2026-06,655 Union,Boerum Hill Polygon,RECURRING_SUBSCRIPTION,0,0,0,20,4,,
2026-06,655 Union,Williamsburg Polygon,CHURN,0,0,0,0,2,,
2026-06,66 Rockwell Place,Brooklyn Heights Polygon,RECURRING_SUBSCRIPTION,0,0,0,20,1,,
2026-06,66 Rockwell Place,Brooklyn Heights Polygon,TRIAL,0,0,0,0,2,,
2026-06,Agnes,Floating Jersey,CHURN,0,0,0,0,1,,
2026-06,Agnes,Floating Jersey,RECURRING_SUBSCRIPTION,0,0,0,13,1,,
2026-06,Alta,Floating NY 1,RECURRING_SUBSCRIPTION,0,0,0,26,3,,
2026-06,Azrieli TLV,Unknown,CHURN,0,0,0,0,26,,
2026-06,Azrieli TLV,Unknown,FROZEN,0,0,0,0,1,,
2026-06,Azrieli TLV,Unknown,ON_DEMAND_SUBSCRIPTION,0,0,0,1,2,,
2026-06,Azrieli TLV,Unknown,RECURRING_SUBSCRIPTION,0,0,0,43,6,,
2026-06,Azrieli TLV,Unknown,TRIAL,0,0,0,0,2,,
2026-06,Bay Parc Apartments,Edgeater Polygon,CHURN,0,0,0,0,2,,
2026-06,Bay Parc Apartments,Edgeater Polygon,ON_DEMAND_SUBSCRIPTION,0,0,0,0,2,,
2026-06,Bay Parc Apartments,Edgeater Polygon,RECURRING_SUBSCRIPTION,0,0,0,41,14,,
2026-06,Brooklyn Crossing,Boerum Hill Polygon,CHURN,0,0,0,0,1,,
2026-06,Brooklyn Crossing,Boerum Hill Polygon,RECURRING_SUBSCRIPTION,0,0,0,37,3,,
2026-06,Brooklyn Crossing,Boerum Hill Polygon,WARM_LEAD,0,0,0,0,1,,
2026-06,Cite On The Bay,Edgeater Polygon,RECURRING_SUBSCRIPTION,0,0,0,2,0,,
2026-06,Dey and Bergen,Harrison Polygon,CHURN,0,0,0,0,1,,
2026-06,Flamingo Point Center Tower,Miami Beach Polygon,CHURN,0,0,0,0,3,,
2026-06,Flamingo Point Center Tower,Miami Beach Polygon,FROZEN,0,0,0,0,22,,
2026-06,Flamingo Point Center Tower,Miami Beach Polygon,ON_DEMAND_SUBSCRIPTION,0,0,0,0,33,,
2026-06,Flamingo Point Center Tower,Miami Beach Polygon,RECURRING_SUBSCRIPTION,0,0,0,82,28,,
2026-06,Flamingo Point Center Tower,Miami Beach Polygon,TRIAL,0,0,0,1,10,,
2026-06,Flamingo Point North Tower,Miami Beach Polygon,RECURRING_SUBSCRIPTION,0,0,0,38,8,,
2026-06,Flamingo South Beach,Miami Beach Polygon,CHURN,0,0,0,0,17,,
2026-06,Flamingo South Beach,Miami Beach Polygon,RECURRING_SUBSCRIPTION,0,0,0,59,11,,
2026-06,Flamingo South Beach,Miami Beach Polygon,TRIAL,0,0,0,0,1,,
2026-06,Flow Brickell,Flow Brickell Polygon,ON_DEMAND_SUBSCRIPTION,0,0,0,0,3,,
2026-06,Flow Brickell,Flow Brickell Polygon,RECURRING_SUBSCRIPTION,0,0,0,28,14,,
2026-06,Flow Brickell,Flow Brickell Polygon,TRIAL,0,0,0,0,2,,
2026-06,Flow Brickell,Flow Brickell Polygon,WARM_LEAD,0,0,0,0,5,,
2026-06,Gindi 1,Unknown,CHURN,0,0,0,0,24,,
2026-06,Gindi 1,Unknown,ON_DEMAND_SUBSCRIPTION,0,0,0,0,4,,
2026-06,Gindi 1,Unknown,RECURRING_SUBSCRIPTION,0,0,0,20,16,,
2026-06,Gindi 2,Unknown,CHURN,0,0,0,0,22,,
2026-06,Gindi 2,Unknown,ON_DEMAND_SUBSCRIPTION,0,0,0,0,1,,
2026-06,Gindi 2,Unknown,RECURRING_SUBSCRIPTION,0,0,0,13,5,,
2026-06,Gindi 3,Unknown,CHURN,0,0,0,0,11,,
2026-06,Gindi 3,Unknown,RECURRING_SUBSCRIPTION,0,0,0,31,4,,
2026-06,Gindi 3,Unknown,TRIAL,0,0,0,0,3,,
2026-06,Gindi 4,Unknown,CHURN,0,0,0,0,21,,
2026-06,Gindi 4,Unknown,FROZEN,0,0,0,0,1,,
2026-06,Gindi 4,Unknown,RECURRING_SUBSCRIPTION,0,0,0,11,3,,
2026-06,Grove Central Residences,Floating Miami,CHURN,0,0,0,0,7,,
2026-06,Grove Central Residences,Floating Miami,RECURRING_SUBSCRIPTION,0,0,0,7,2,,
2026-06,Grove Central Residences,Floating Miami,TRIAL,0,0,0,0,1,,
2026-06,HaHehad,Unknown,CHURN,0,0,0,0,2,,
2026-06,HaHehad,Unknown,RECURRING_SUBSCRIPTION,0,0,0,14,1,,
2026-06,HaHehad,Unknown,TRIAL,0,0,0,0,2,,
2026-06,John Street 116,Financial District Polygon,CHURN,0,0,0,0,3,,
2026-06,John Street 116,Financial District Polygon,RECURRING_SUBSCRIPTION,0,0,0,10,0,,
2026-06,Livana East Hanover,Chatham / West Orange Polygon,RECURRING_SUBSCRIPTION,0,0,0,13,3,,
2026-06,Midtown 5,Floating Miami,CHURN,0,0,0,0,1,,
2026-06,Midtown 5,Floating Miami,RECURRING_SUBSCRIPTION,0,0,0,28,3,,
2026-06,Nine 52,Hell's Kitchen Polygon,RECURRING_SUBSCRIPTION,0,0,0,15,0,,
2026-06,Oliver on the Hudson,Floating Jersey,ON_DEMAND_SUBSCRIPTION,0,0,0,0,6,,
2026-06,Oliver on the Hudson,Floating Jersey,RECURRING_SUBSCRIPTION,0,0,0,15,2,,
2026-06,Oliver on the Hudson,Floating Jersey,TRIAL,0,0,0,0,1,,
2026-06,Oliver on the Hudson,Floating Jersey,WARM_LEAD,0,0,0,0,2,,
2026-06,One Harrison,Harrison Polygon,CHURN,0,0,0,0,2,,
2026-06,One Harrison,Harrison Polygon,RECURRING_SUBSCRIPTION,0,0,0,12,3,,
2026-06,One Ten,Hoboken Polygon,CHURN,0,0,0,0,1,,
2026-06,One Ten,Hoboken Polygon,RECURRING_SUBSCRIPTION,0,0,0,36,2,,
2026-06,Opera Tower,Edgeater Polygon,RECURRING_SUBSCRIPTION,0,0,0,1,0,,
2026-06,Plank Road,Boerum Hill Polygon,CHURN,0,0,0,0,4,,
2026-06,Plank Road,Boerum Hill Polygon,RECURRING_SUBSCRIPTION,0,0,0,6,0,,
2026-06,River Place,Hell's Kitchen Polygon,CHURN,0,0,0,0,4,,
2026-06,River Place,Hell's Kitchen Polygon,ON_DEMAND_SUBSCRIPTION,0,0,0,1,3,,
2026-06,River Place,Hell's Kitchen Polygon,RECURRING_SUBSCRIPTION,0,0,0,104,8,,
2026-06,River Place,Hell's Kitchen Polygon,TRIAL,0,0,0,0,22,,
2026-06,River Place,Hell's Kitchen Polygon,WARM_LEAD,0,0,0,0,25,,
2026-06,Rothschild 80,Unknown,FROZEN,0,0,0,0,2,,
2026-06,Silver Towers,Hell's Kitchen Polygon,CHURN,0,0,0,0,5,,
2026-06,Silver Towers,Hell's Kitchen Polygon,ON_DEMAND_SUBSCRIPTION,0,0,0,0,5,,
2026-06,Silver Towers,Hell's Kitchen Polygon,RECURRING_SUBSCRIPTION,0,0,0,279,14,,
2026-06,Silver Towers,Hell's Kitchen Polygon,TRIAL,0,0,0,0,1,,
2026-06,Southgate Towers,Miami Beach Polygon,CHURN,0,0,0,0,19,,
2026-06,Southgate Towers,Miami Beach Polygon,ON_DEMAND_SUBSCRIPTION,0,0,0,0,1,,
2026-06,Southgate Towers,Miami Beach Polygon,RECURRING_SUBSCRIPTION,0,0,0,10,6,,
2026-06,Southgate Towers,Miami Beach Polygon,TRIAL,0,0,0,0,2,,
2026-06,Stonehill,Chatham / West Orange Polygon,CHURN,0,0,0,0,1,,
2026-06,Stonehill,Chatham / West Orange Polygon,RECURRING_SUBSCRIPTION,0,0,0,15,0,,
2026-06,The Addison,Brooklyn Heights Polygon,CHURN,0,0,0,0,1,,
2026-06,The Addison,Brooklyn Heights Polygon,RECURRING_SUBSCRIPTION,0,0,0,5,0,,
2026-06,The Addison,Brooklyn Heights Polygon,WARM_LEAD,0,0,0,0,1,,
2026-06,The Bergen,Boerum Hill Polygon,RECURRING_SUBSCRIPTION,0,0,0,1,0,,
2026-06,The Boulevard,Floating Miami,CHURN,0,0,0,0,3,,
2026-06,The Boulevard,Floating Miami,ON_DEMAND_SUBSCRIPTION,0,0,0,0,1,,
2026-06,The Boulevard,Floating Miami,RECURRING_SUBSCRIPTION,0,0,0,17,0,,
2026-06,The Boulevard,Floating Miami,TRIAL,0,0,0,0,1,,
2026-06,The Buchanan,Floating NY 1,CHURN,0,0,0,0,1,,
2026-06,The Buchanan,Floating NY 1,RECURRING_SUBSCRIPTION,0,0,0,24,6,,
2026-06,The Devan,Hoboken Polygon,RECURRING_SUBSCRIPTION,0,0,0,55,3,,
2026-06,The Dime,Williamsburg Polygon,CHURN,0,0,0,0,2,,
2026-06,The Dime,Williamsburg Polygon,RECURRING_SUBSCRIPTION,0,0,0,10,2,,
2026-06,The Eddy,Harrison Polygon,RECURRING_SUBSCRIPTION,0,0,0,12,0,,
2026-06,The Eddy,Harrison Polygon,TRIAL,0,0,0,0,2,,
2026-06,The Enclave,Hoboken Polygon,CHURN,0,0,0,0,1,,
2026-06,The Enclave,Hoboken Polygon,RECURRING_SUBSCRIPTION,0,0,0,15,0,,
2026-06,The Ivy,Chatham / West Orange Polygon,CHURN,0,0,0,1,7,,
2026-06,The Ivy,Chatham / West Orange Polygon,ON_DEMAND_SUBSCRIPTION,0,0,0,1,0,,
2026-06,The Ivy,Chatham / West Orange Polygon,RECURRING_SUBSCRIPTION,0,0,0,20,3,,
2026-06,The Kestrel,Floating NY 2,CHURN,0,0,0,0,3,,
2026-06,The Kestrel,Floating NY 2,RECURRING_SUBSCRIPTION,0,0,0,3,1,,
2026-06,The Landing,Brooklyn Heights Polygon,ON_DEMAND_SUBSCRIPTION,0,0,0,0,2,,
2026-06,The Landing,Brooklyn Heights Polygon,RECURRING_SUBSCRIPTION,0,0,0,2,0,,
2026-06,The Landon,Hell's Kitchen Polygon,RECURRING_SUBSCRIPTION,0,0,0,9,0,,
2026-06,The Landon,Hell's Kitchen Polygon,WARM_LEAD,0,0,0,0,20,,
2026-06,The Vitagraph,Floating NY 2,CHURN,0,0,0,0,2,,
2026-06,Union Channel ,Boerum Hill Polygon,RECURRING_SUBSCRIPTION,0,0,0,7,0,,
2026-06,Watermarc at Biscayne Bay,Edgeater Polygon,CHURN,0,0,0,0,2,,
2026-06,Watermarc at Biscayne Bay,Edgeater Polygon,RECURRING_SUBSCRIPTION,0,0,0,10,3,,
2026-06,Watermarc at Biscayne Bay,Edgeater Polygon,WARM_LEAD,0,0,0,0,1,,
2026-06,Woodside Central,Floating NY 1,RECURRING_SUBSCRIPTION,0,0,0,9,1,,
2026-07,100 House,Hoboken Polygon,RECURRING_SUBSCRIPTION,0,0,0,10,0,,
2026-07,1800 North Bayshore Drive,Edgeater Polygon,RECURRING_SUBSCRIPTION,0,0,0,1,0,,
2026-07,1 Boerum PL,Floating NY 2,CHURN,0,0,0,0,1,,
2026-07,1 Boerum PL,Floating NY 2,RECURRING_SUBSCRIPTION,0,0,0,10,0,,
2026-07,1 River Place,Hell's Kitchen Polygon,RECURRING_SUBSCRIPTION,0,0,0,30,0,,
2026-07,2000 Biscayne,Edgeater Polygon,RECURRING_SUBSCRIPTION,0,0,0,14,0,,
2026-07,20 Broad Street,Financial District Polygon,RECURRING_SUBSCRIPTION,0,0,0,21,1,,
2026-07,250 E Houston,Floating NY 2,RECURRING_SUBSCRIPTION,0,0,0,3,0,,
2026-07,300 Somerset,Harrison Polygon,RECURRING_SUBSCRIPTION,0,0,0,6,0,,
2026-07,330 Angelo Cifelli,Harrison Polygon,RECURRING_SUBSCRIPTION,0,0,0,15,1,,
2026-07,330W-56th,Hell's Kitchen Polygon,RECURRING_SUBSCRIPTION,0,0,0,5,0,,
2026-07,345 Baldwin Avenue,Floating Jersey,RECURRING_SUBSCRIPTION,0,0,0,3,0,,
2026-07,416 Kent Avenue,Williamsburg Polygon,RECURRING_SUBSCRIPTION,0,0,0,6,0,,
2026-07,420 Kent Avenue,Williamsburg Polygon,RECURRING_SUBSCRIPTION,0,0,0,19,0,,
2026-07,535 W 43rd Street,Hell's Kitchen Polygon,RECURRING_SUBSCRIPTION,0,0,0,5,0,,
2026-07,561 10th Avenue,Hell's Kitchen Polygon,RECURRING_SUBSCRIPTION,0,0,0,1,0,,
2026-07,655 Union,Boerum Hill Polygon,RECURRING_SUBSCRIPTION,0,0,0,12,0,,
2026-07,655 Union,Williamsburg Polygon,CHURN,0,0,0,0,1,,
2026-07,66 Rockwell Place,Brooklyn Heights Polygon,RECURRING_SUBSCRIPTION,0,0,0,11,0,,
2026-07,66 Rockwell Place,Brooklyn Heights Polygon,TRIAL,0,0,0,0,1,,
2026-07,Agnes,Floating Jersey,RECURRING_SUBSCRIPTION,0,0,0,7,0,,
2026-07,Alta,Floating NY 1,RECURRING_SUBSCRIPTION,0,0,0,11,1,,
2026-07,Azrieli TLV,Unknown,CHURN,0,0,0,0,9,,
2026-07,Azrieli TLV,Unknown,RECURRING_SUBSCRIPTION,0,0,0,25,2,,
2026-07,Bay Parc Apartments,Edgeater Polygon,ON_DEMAND_SUBSCRIPTION,0,0,0,0,1,,
2026-07,Bay Parc Apartments,Edgeater Polygon,RECURRING_SUBSCRIPTION,0,0,0,25,0,,
2026-07,Brooklyn Crossing,Boerum Hill Polygon,RECURRING_SUBSCRIPTION,0,0,0,24,0,,
2026-07,Cite On The Bay,Edgeater Polygon,RECURRING_SUBSCRIPTION,0,0,0,1,0,,
2026-07,Dey and Bergen,Harrison Polygon,CHURN,0,0,0,0,1,,
2026-07,Flamingo Point Center Tower,Miami Beach Polygon,CHURN,0,0,0,0,2,,
2026-07,Flamingo Point Center Tower,Miami Beach Polygon,FROZEN,0,0,0,0,13,,
2026-07,Flamingo Point Center Tower,Miami Beach Polygon,ON_DEMAND_SUBSCRIPTION,0,0,0,0,1,,
2026-07,Flamingo Point Center Tower,Miami Beach Polygon,RECURRING_SUBSCRIPTION,0,0,0,52,7,,
2026-07,Flamingo Point Center Tower,Miami Beach Polygon,TRIAL,0,0,0,0,1,,
2026-07,Flamingo Point North Tower,Miami Beach Polygon,RECURRING_SUBSCRIPTION,0,0,0,23,1,,
2026-07,Flamingo South Beach,Miami Beach Polygon,CHURN,0,0,0,0,3,,
2026-07,Flamingo South Beach,Miami Beach Polygon,RECURRING_SUBSCRIPTION,0,0,0,36,0,,
2026-07,Flamingo South Beach,Miami Beach Polygon,TRIAL,0,0,0,0,1,,
2026-07,Flow Brickell,Flow Brickell Polygon,RECURRING_SUBSCRIPTION,0,0,0,14,0,,
2026-07,Flow Brickell,Flow Brickell Polygon,TRIAL,0,0,0,0,1,,
2026-07,Flow Brickell,Flow Brickell Polygon,WARM_LEAD,0,0,0,0,1,,
2026-07,Gindi 1,Unknown,CHURN,0,0,0,0,7,,
2026-07,Gindi 1,Unknown,ON_DEMAND_SUBSCRIPTION,0,0,0,0,1,,
2026-07,Gindi 1,Unknown,RECURRING_SUBSCRIPTION,0,0,0,12,6,,
2026-07,Gindi 2,Unknown,CHURN,0,0,0,0,6,,
2026-07,Gindi 2,Unknown,RECURRING_SUBSCRIPTION,0,0,0,6,1,,
2026-07,Gindi 3,Unknown,CHURN,0,0,0,0,1,,
2026-07,Gindi 3,Unknown,RECURRING_SUBSCRIPTION,0,0,0,16,3,,
2026-07,Gindi 4,Unknown,CHURN,0,0,0,0,3,,
2026-07,Gindi 4,Unknown,RECURRING_SUBSCRIPTION,0,0,0,7,0,,
2026-07,Grove Central Residences,Floating Miami,RECURRING_SUBSCRIPTION,0,0,0,5,0,,
2026-07,HaHehad,Unknown,RECURRING_SUBSCRIPTION,0,0,0,6,0,,
2026-07,John Street 116,Financial District Polygon,RECURRING_SUBSCRIPTION,0,0,0,8,0,,
2026-07,Livana East Hanover,Chatham / West Orange Polygon,RECURRING_SUBSCRIPTION,0,0,0,10,0,,
2026-07,Midtown 5,Floating Miami,CHURN,0,0,0,0,1,,
2026-07,Midtown 5,Floating Miami,RECURRING_SUBSCRIPTION,0,0,0,18,0,,
2026-07,Nine 52,Hell's Kitchen Polygon,RECURRING_SUBSCRIPTION,0,0,0,7,0,,
2026-07,Oliver on the Hudson,Floating Jersey,ON_DEMAND_SUBSCRIPTION,0,0,0,0,1,,
2026-07,Oliver on the Hudson,Floating Jersey,RECURRING_SUBSCRIPTION,0,0,0,12,1,,
2026-07,One Harrison,Harrison Polygon,RECURRING_SUBSCRIPTION,0,0,0,7,0,,
2026-07,One Ten,Hoboken Polygon,RECURRING_SUBSCRIPTION,0,0,0,22,0,,
2026-07,Opera Tower,Edgeater Polygon,RECURRING_SUBSCRIPTION,0,0,0,1,0,,
2026-07,Plank Road,Boerum Hill Polygon,RECURRING_SUBSCRIPTION,0,0,0,5,0,,
2026-07,River Place,Hell's Kitchen Polygon,CHURN,0,0,0,0,1,,
2026-07,River Place,Hell's Kitchen Polygon,ON_DEMAND_SUBSCRIPTION,0,0,0,0,1,,
2026-07,River Place,Hell's Kitchen Polygon,RECURRING_SUBSCRIPTION,0,0,0,59,2,,
2026-07,River Place,Hell's Kitchen Polygon,TRIAL,0,0,0,0,3,,
2026-07,Silver Towers,Hell's Kitchen Polygon,RECURRING_SUBSCRIPTION,0,0,0,170,1,,
2026-07,Southgate Towers,Miami Beach Polygon,CHURN,0,0,0,0,6,,
2026-07,Southgate Towers,Miami Beach Polygon,RECURRING_SUBSCRIPTION,0,0,0,8,0,,
2026-07,Stonehill,Chatham / West Orange Polygon,RECURRING_SUBSCRIPTION,0,0,0,10,0,,
2026-07,The Addison,Brooklyn Heights Polygon,RECURRING_SUBSCRIPTION,0,0,0,1,0,,
2026-07,The Boulevard,Floating Miami,CHURN,0,0,0,0,1,,
2026-07,The Boulevard,Floating Miami,RECURRING_SUBSCRIPTION,0,0,0,9,0,,
2026-07,The Buchanan,Floating NY 1,RECURRING_SUBSCRIPTION,0,0,0,13,0,,
2026-07,The Devan,Hoboken Polygon,RECURRING_SUBSCRIPTION,0,0,0,30,0,,
2026-07,The Dime,Williamsburg Polygon,CHURN,0,0,0,0,1,,
2026-07,The Dime,Williamsburg Polygon,RECURRING_SUBSCRIPTION,0,0,0,6,1,,
2026-07,The Eddy,Harrison Polygon,RECURRING_SUBSCRIPTION,0,0,0,8,0,,
2026-07,The Enclave,Hoboken Polygon,RECURRING_SUBSCRIPTION,0,0,0,5,0,,
2026-07,The Ivy,Chatham / West Orange Polygon,CHURN,0,0,0,0,1,,
2026-07,The Ivy,Chatham / West Orange Polygon,ON_DEMAND_SUBSCRIPTION,0,0,0,1,0,,
2026-07,The Ivy,Chatham / West Orange Polygon,RECURRING_SUBSCRIPTION,0,0,0,14,0,,
2026-07,The Kestrel,Floating NY 2,RECURRING_SUBSCRIPTION,0,0,0,3,0,,
2026-07,The Landing,Brooklyn Heights Polygon,ON_DEMAND_SUBSCRIPTION,0,0,0,0,1,,
2026-07,The Landing,Brooklyn Heights Polygon,RECURRING_SUBSCRIPTION,0,0,0,2,0,,
2026-07,The Landon,Hell's Kitchen Polygon,RECURRING_SUBSCRIPTION,0,0,0,7,0,,
2026-07,Union Channel ,Boerum Hill Polygon,RECURRING_SUBSCRIPTION,0,0,0,4,0,,
2026-07,Watermarc at Biscayne Bay,Edgeater Polygon,CHURN,0,0,0,0,1,,
2026-07,Watermarc at Biscayne Bay,Edgeater Polygon,RECURRING_SUBSCRIPTION,0,0,0,4,0,,
2026-07,Woodside Central,Floating NY 1,RECURRING_SUBSCRIPTION,0,0,0,6,0,,
